frame,time_s,distance,speed,throttle,brake,gear,rpm,soc_pct,mode,power_kw
0,0.0,0.0,279.195,100.0,0.0,0,0,100.0,DEPLOY,750.0
1,0.0333,0.589,279.42,100.0,0.0,0,0,99.93,DEPLOY,750.0
2,0.0666,3.189,280.505,100.0,0.0,0,0,99.64,DEPLOY,750.0
3,0.1,5.799,281.692,100.0,0.0,0,0,99.35,DEPLOY,750.0
4,0.1333,8.42,282.87,100.0,0.0,0,0,99.06,DEPLOY,750.0
5,0.1666,11.053,284.038,100.0,0.0,0,0,98.76,DEPLOY,750.0
6,0.1999,13.695,285.198,100.0,0.0,0,0,98.47,DEPLOY,750.0
7,0.2333,16.349,286.349,100.0,0.0,0,0,98.18,DEPLOY,750.0
8,0.2666,19.013,287.491,100.0,0.0,0,0,97.89,DEPLOY,750.0
9,0.2999,21.687,288.625,100.0,0.0,0,0,97.59,DEPLOY,750.0
10,0.3332,24.372,289.751,100.0,0.0,0,0,97.3,DEPLOY,750.0
11,0.3666,27.067,290.867,100.0,0.0,0,0,97.01,DEPLOY,750.0
12,0.3999,29.772,291.976,100.0,0.0,0,0,96.72,DEPLOY,750.0
13,0.4332,32.487,293.076,100.0,0.0,0,0,96.42,DEPLOY,750.0
14,0.4665,35.213,294.168,100.0,0.0,0,0,96.13,DEPLOY,750.0
15,0.4999,37.948,295.253,100.0,0.0,0,0,95.84,DEPLOY,750.0
16,0.5332,40.693,296.329,100.0,0.0,0,0,95.55,DEPLOY,750.0
17,0.5665,43.449,297.397,100.0,0.0,0,0,95.25,DEPLOY,750.0
18,0.5998,46.213,298.458,100.0,0.0,0,0,94.96,DEPLOY,750.0
19,0.6332,48.988,299.511,100.0,0.0,0,0,94.67,DEPLOY,750.0
20,0.6665,51.772,300.557,100.0,0.0,0,0,94.38,DEPLOY,750.0
21,0.6998,54.566,301.595,100.0,0.0,0,0,94.09,DEPLOY,750.0
22,0.7331,57.37,302.625,100.0,0.0,0,0,93.79,DEPLOY,750.0
23,0.7665,60.182,303.649,100.0,0.0,0,0,93.5,DEPLOY,750.0
24,0.7998,63.005,304.664,100.0,0.0,0,0,93.21,DEPLOY,750.0
25,0.8331,65.836,305.674,100.0,0.0,0,0,92.92,DEPLOY,750.0
26,0.8664,68.677,306.675,100.0,0.0,0,0,92.62,DEPLOY,750.0
27,0.8998,71.527,307.67,100.0,0.0,0,0,92.33,DEPLOY,750.0
28,0.9331,74.386,308.657,100.0,0.0,0,0,92.04,DEPLOY,750.0
29,0.9664,77.254,309.638,100.0,0.0,0,0,91.75,DEPLOY,750.0
30,0.9997,80.131,310.612,100.0,0.0,0,0,91.45,DEPLOY,750.0
31,1.0331,83.017,311.579,100.0,0.0,0,0,91.16,DEPLOY,750.0
32,1.0664,85.912,312.54,100.0,0.0,0,0,90.87,DEPLOY,750.0
33,1.0997,88.816,313.493,100.0,0.0,0,0,90.58,DEPLOY,750.0
34,1.133,91.728,314.441,100.0,0.0,0,0,90.29,DEPLOY,750.0
35,1.1664,94.649,315.381,100.0,0.0,0,0,89.99,DEPLOY,750.0
36,1.1997,97.579,316.316,100.0,0.0,0,0,89.7,DEPLOY,750.0
37,1.233,100.517,317.244,100.0,0.0,0,0,89.41,DEPLOY,750.0
38,1.2663,103.464,318.165,100.0,0.0,0,0,89.12,DEPLOY,750.0
39,1.2997,106.419,319.081,100.0,0.0,0,0,88.83,DEPLOY,750.0
40,1.333,109.382,319.99,100.0,0.0,0,0,88.53,DEPLOY,750.0
41,1.3663,112.354,320.893,100.0,0.0,0,0,88.24,DEPLOY,750.0
42,1.3996,115.334,321.79,100.0,0.0,0,0,87.95,DEPLOY,750.0
43,1.433,118.323,322.681,100.0,0.0,0,0,87.66,DEPLOY,750.0
44,1.4663,121.319,323.566,100.0,0.0,0,0,87.36,DEPLOY,750.0
45,1.4996,124.324,324.445,100.0,0.0,0,0,87.07,DEPLOY,750.0
46,1.5329,127.337,325.318,100.0,0.0,0,0,86.78,DEPLOY,750.0
47,1.5663,130.357,326.185,100.0,0.0,0,0,86.49,DEPLOY,750.0
48,1.5996,133.386,327.047,100.0,0.0,0,0,86.2,DEPLOY,750.0
49,1.6329,136.423,327.902,100.0,0.0,0,0,85.9,DEPLOY,750.0
50,1.6662,139.467,328.753,100.0,0.0,0,0,85.61,DEPLOY,750.0
51,1.6996,142.52,329.597,100.0,0.0,0,0,85.32,DEPLOY,750.0
52,1.7329,145.58,330.436,100.0,0.0,0,0,85.03,DEPLOY,750.0
53,1.7662,148.647,331.27,100.0,0.0,0,0,84.74,DEPLOY,750.0
54,1.7995,151.722,332.098,100.0,0.0,0,0,84.44,DEPLOY,750.0
55,1.8329,154.806,332.92,100.0,0.0,0,0,84.15,DEPLOY,750.0
56,1.8662,157.896,333.737,100.0,0.0,0,0,83.86,DEPLOY,750.0
57,1.8995,160.994,334.549,100.0,0.0,0,0,83.57,DEPLOY,750.0
58,1.9328,164.099,335.356,100.0,0.0,0,0,83.28,DEPLOY,750.0
59,1.9662,167.212,336.157,100.0,0.0,0,0,82.98,DEPLOY,750.0
60,1.9995,170.332,336.953,100.0,0.0,0,0,82.69,DEPLOY,750.0
61,2.0328,173.46,337.744,100.0,0.0,0,0,82.4,DEPLOY,750.0
62,2.0661,176.595,338.53,100.0,0.0,0,0,82.11,DEPLOY,750.0
63,2.0995,179.736,339.311,100.0,0.0,0,0,81.82,DEPLOY,750.0
64,2.1328,182.886,340.086,100.0,0.0,0,0,81.52,DEPLOY,750.0
65,2.1661,186.042,340.857,100.0,0.0,0,0,81.23,DEPLOY,750.0
66,2.1994,189.205,341.623,100.0,0.0,0,0,80.94,DEPLOY,750.0
67,2.2328,192.375,342.384,100.0,0.0,0,0,80.65,DEPLOY,750.0
68,2.2661,195.553,343.14,100.0,0.0,0,0,80.36,DEPLOY,750.0
69,2.2994,198.737,343.891,100.0,0.0,0,0,80.06,DEPLOY,750.0
70,2.3327,201.928,344.638,100.0,0.0,0,0,79.77,DEPLOY,750.0
71,2.3661,205.126,345.379,100.0,0.0,0,0,79.48,DEPLOY,750.0
72,2.3994,208.331,346.116,100.0,0.0,0,0,79.19,DEPLOY,750.0
73,2.4327,211.543,346.848,100.0,0.0,0,0,78.9,DEPLOY,750.0
74,2.466,214.761,347.576,100.0,0.0,0,0,78.6,DEPLOY,750.0
75,2.4994,217.986,348.299,100.0,0.0,0,0,78.31,DEPLOY,750.0
76,2.5327,221.218,349.017,100.0,0.0,0,0,78.02,DEPLOY,750.0
77,2.566,224.456,349.731,100.0,0.0,0,0,77.73,DEPLOY,750.0
78,2.5993,227.7,350.441,100.0,0.0,0,0,77.44,DEPLOY,750.0
79,2.6327,230.952,351.145,100.0,0.0,0,0,77.14,DEPLOY,750.0
80,2.666,234.209,351.846,100.0,0.0,0,0,76.85,DEPLOY,750.0
81,2.6993,237.474,352.542,100.0,0.0,0,0,76.56,DEPLOY,750.0
82,2.7326,240.744,353.234,100.0,0.0,0,0,76.27,DEPLOY,750.0
83,2.766,244.021,353.921,100.0,0.0,0,0,75.98,DEPLOY,750.0
84,2.7993,247.304,354.604,100.0,0.0,0,0,75.68,DEPLOY,750.0
85,2.8326,250.594,355.283,100.0,0.0,0,0,75.39,DEPLOY,750.0
86,2.8659,253.889,355.957,100.0,0.0,0,0,75.1,DEPLOY,750.0
87,2.8993,257.191,356.628,100.0,0.0,0,0,74.81,DEPLOY,750.0
88,2.9326,260.499,357.294,100.0,0.0,0,0,74.52,DEPLOY,750.0
89,2.9659,263.814,357.956,100.0,0.0,0,0,74.22,DEPLOY,750.0
90,2.9992,267.134,358.614,100.0,0.0,0,0,73.93,DEPLOY,750.0
91,3.0326,270.46,359.268,100.0,0.0,0,0,73.64,DEPLOY,750.0
92,3.0659,273.792,359.917,100.0,0.0,0,0,73.35,DEPLOY,750.0
93,3.0992,277.131,360.563,100.0,0.0,0,0,73.06,DEPLOY,750.0
94,3.1325,280.475,361.205,100.0,0.0,0,0,72.76,DEPLOY,750.0
95,3.1659,283.825,361.843,100.0,0.0,0,0,72.47,DEPLOY,750.0
96,3.1992,287.181,362.476,100.0,0.0,0,0,72.18,DEPLOY,750.0
97,3.2325,290.543,363.106,100.0,0.0,0,0,71.89,DEPLOY,750.0
98,3.2658,293.91,363.733,100.0,0.0,0,0,71.6,DEPLOY,750.0
99,3.2992,297.284,364.355,100.0,0.0,0,0,71.31,DEPLOY,750.0
100,3.3325,300.663,364.973,100.0,0.0,0,0,71.01,DEPLOY,750.0
101,3.3658,304.047,365.588,100.0,0.0,0,0,70.72,DEPLOY,750.0
102,3.3991,307.438,366.198,100.0,0.0,0,0,70.43,DEPLOY,750.0
103,3.4325,310.834,366.805,100.0,0.0,0,0,70.14,DEPLOY,750.0
104,3.4658,314.235,367.409,100.0,0.0,0,0,69.85,DEPLOY,750.0
105,3.4991,317.643,368.009,100.0,0.0,0,0,69.55,DEPLOY,750.0
106,3.5324,321.055,368.604,100.0,0.0,0,0,69.26,DEPLOY,750.0
107,3.5658,324.473,369.197,100.0,0.0,0,0,68.97,DEPLOY,750.0
108,3.5991,327.897,369.786,100.0,0.0,0,0,68.68,DEPLOY,750.0
109,3.6324,331.326,370.371,100.0,0.0,0,0,68.39,DEPLOY,750.0
110,3.6657,334.76,370.952,100.0,0.0,0,0,68.09,DEPLOY,750.0
111,3.6991,338.2,371.53,100.0,0.0,0,0,67.8,DEPLOY,750.0
112,3.7324,341.645,372.105,100.0,0.0,0,0,67.51,DEPLOY,750.0
113,3.7657,345.095,372.676,100.0,0.0,0,0,67.22,DEPLOY,750.0
114,3.799,348.55,373.243,100.0,0.0,0,0,66.93,DEPLOY,750.0
115,3.8324,352.011,373.808,100.0,0.0,0,0,66.64,DEPLOY,750.0
116,3.8657,355.477,374.368,100.0,0.0,0,0,66.34,DEPLOY,750.0
117,3.899,358.948,374.925,100.0,0.0,0,0,66.05,DEPLOY,750.0
118,3.9323,362.424,375.479,100.0,0.0,0,0,65.76,DEPLOY,750.0
119,3.9657,365.905,376.03,100.0,0.0,0,0,65.47,DEPLOY,750.0
120,3.999,369.392,376.577,100.0,0.0,0,0,65.18,DEPLOY,750.0
121,4.0323,372.883,377.121,100.0,0.0,0,0,64.88,DEPLOY,750.0
122,4.0656,376.379,377.662,100.0,0.0,0,0,64.59,DEPLOY,750.0
123,4.099,379.881,378.199,100.0,0.0,0,0,64.3,DEPLOY,750.0
124,4.1323,383.387,378.733,100.0,0.0,0,0,64.01,DEPLOY,750.0
125,4.1656,386.898,379.264,100.0,0.0,0,0,63.72,DEPLOY,750.0
126,4.1989,390.414,379.792,100.0,0.0,0,0,63.43,DEPLOY,750.0
127,4.2323,393.935,380.317,100.0,0.0,0,0,63.13,DEPLOY,750.0
128,4.2656,397.461,380.838,100.0,0.0,0,0,62.84,DEPLOY,750.0
129,4.2989,400.991,381.356,100.0,0.0,0,0,62.55,DEPLOY,750.0
130,4.3322,404.527,381.872,100.0,0.0,0,0,62.26,DEPLOY,750.0
131,4.3656,408.066,382.384,100.0,0.0,0,0,61.97,DEPLOY,750.0
132,4.3989,411.611,382.893,100.0,0.0,0,0,61.67,DEPLOY,750.0
133,4.4322,415.161,383.399,100.0,0.0,0,0,61.38,DEPLOY,750.0
134,4.4655,418.715,383.901,100.0,0.0,0,0,61.09,DEPLOY,750.0
135,4.4989,422.273,384.401,100.0,0.0,0,0,60.8,DEPLOY,750.0
136,4.5322,425.836,384.898,100.0,0.0,0,0,60.51,DEPLOY,750.0
137,4.5655,429.404,385.392,100.0,0.0,0,0,60.22,DEPLOY,750.0
138,4.5988,432.977,385.883,100.0,0.0,0,0,59.92,DEPLOY,750.0
139,4.6322,436.554,386.371,100.0,0.0,0,0,59.63,DEPLOY,750.0
140,4.6655,440.135,386.857,100.0,0.0,0,0,59.34,DEPLOY,750.0
141,4.6988,443.721,387.339,100.0,0.0,0,0,59.05,DEPLOY,750.0
142,4.7321,447.311,387.818,100.0,0.0,0,0,58.76,DEPLOY,750.0
143,4.7655,450.906,388.295,100.0,0.0,0,0,58.46,DEPLOY,750.0
144,4.7988,454.505,388.768,100.0,0.0,0,0,58.17,DEPLOY,750.0
145,4.8321,458.108,389.239,100.0,0.0,0,0,57.88,DEPLOY,750.0
146,4.8654,461.716,389.707,100.0,0.0,0,0,57.59,DEPLOY,750.0
147,4.8988,465.328,390.173,100.0,0.0,0,0,57.3,DEPLOY,750.0
148,4.9321,468.944,390.635,100.0,0.0,0,0,57.01,DEPLOY,750.0
149,4.9654,472.565,391.095,100.0,0.0,0,0,56.71,DEPLOY,750.0
150,4.9987,476.189,391.552,100.0,0.0,0,0,56.42,DEPLOY,750.0
151,5.0321,479.818,392.006,100.0,0.0,0,0,56.13,DEPLOY,660.49
152,5.0654,483.45,392.323,100.0,0.0,0,0,55.92,NORMAL,650.0
153,5.0987,487.085,392.629,100.0,0.0,0,0,55.71,NORMAL,650.0
154,5.132,490.722,392.934,100.0,0.0,0,0,55.5,NORMAL,650.0
155,5.1654,494.363,393.237,100.0,0.0,0,0,55.29,NORMAL,650.0
156,5.1987,498.006,393.539,100.0,0.0,0,0,55.08,NORMAL,650.0
157,5.232,501.651,393.838,100.0,0.0,0,0,54.88,NORMAL,650.0
158,5.2653,505.3,394.136,100.0,0.0,0,0,54.67,NORMAL,650.0
159,5.2987,508.952,394.433,100.0,0.0,0,0,54.46,NORMAL,650.0
160,5.332,512.606,394.728,100.0,0.0,0,0,54.25,NORMAL,650.0
161,5.3653,516.262,395.021,100.0,0.0,0,0,54.04,NORMAL,650.0
162,5.3986,519.922,395.312,100.0,0.0,0,0,53.83,NORMAL,650.0
163,5.432,523.584,395.602,100.0,0.0,0,0,53.62,NORMAL,650.0
164,5.4653,527.249,395.89,100.0,0.0,0,0,53.42,NORMAL,650.0
165,5.4986,530.41,373.911,0.0,100.0,0,0,53.29,REGEN,-160.4
166,5.5319,533.0,279.409,100.0,0.0,0,0,53.37,NORMAL,650.0
167,5.5653,535.597,280.402,100.0,0.0,0,0,53.16,NORMAL,650.0
168,5.5986,538.204,281.389,100.0,0.0,0,0,52.95,NORMAL,650.0
169,5.6319,540.821,282.368,100.0,0.0,0,0,52.74,NORMAL,650.0
170,5.6652,543.446,283.34,100.0,0.0,0,0,52.53,NORMAL,650.0
171,5.6986,546.08,284.306,100.0,0.0,0,0,52.32,NORMAL,650.0
172,5.7319,548.723,285.265,100.0,0.0,0,0,52.11,NORMAL,650.0
173,5.7652,551.375,286.218,100.0,0.0,0,0,51.91,NORMAL,650.0
174,5.7985,554.035,287.164,100.0,0.0,0,0,51.7,NORMAL,650.0
175,5.8319,556.704,288.103,100.0,0.0,0,0,51.49,NORMAL,650.0
176,5.8652,559.382,289.036,100.0,0.0,0,0,51.28,NORMAL,650.0
177,5.8985,562.068,289.963,100.0,0.0,0,0,51.07,NORMAL,650.0
178,5.9318,564.763,290.884,100.0,0.0,0,0,50.86,NORMAL,650.0
179,5.9652,567.466,291.798,100.0,0.0,0,0,50.65,NORMAL,650.0
180,5.9985,570.177,292.707,100.0,0.0,0,0,50.44,NORMAL,650.0
181,6.0318,572.898,293.608,100.0,0.0,0,0,50.24,NORMAL,650.0
182,6.0651,575.626,294.505,100.0,0.0,0,0,50.03,NORMAL,650.0
183,6.0985,578.362,295.395,100.0,0.0,0,0,49.82,NORMAL,650.0
184,6.1318,581.107,296.279,100.0,0.0,0,0,49.61,NORMAL,650.0
185,6.1651,583.859,297.158,100.0,0.0,0,0,49.4,NORMAL,650.0
186,6.1984,586.62,298.03,100.0,0.0,0,0,49.19,NORMAL,650.0
187,6.2318,589.388,298.897,100.0,0.0,0,0,48.98,NORMAL,650.0
188,6.2651,592.165,299.758,100.0,0.0,0,0,48.77,NORMAL,650.0
189,6.2984,594.949,300.614,100.0,0.0,0,0,48.57,NORMAL,650.0
190,6.3317,597.741,301.464,100.0,0.0,0,0,48.36,NORMAL,650.0
191,6.3651,600.427,297.63,0.0,100.0,0,0,48.23,REGEN,-154.21
192,6.3984,603.016,279.414,100.0,0.0,0,0,48.32,NORMAL,650.0
193,6.4317,605.614,280.407,100.0,0.0,0,0,48.11,NORMAL,650.0
194,6.465,608.221,281.393,100.0,0.0,0,0,47.91,NORMAL,650.0
195,6.4984,610.838,282.372,100.0,0.0,0,0,47.7,NORMAL,650.0
196,6.5317,613.463,283.345,100.0,0.0,0,0,47.49,NORMAL,650.0
197,6.565,616.074,284.189,0.0,100.0,0,0,47.29,REGEN,-330.91
198,6.5983,618.661,279.277,100.0,0.0,0,0,47.46,NORMAL,337.71
199,6.6317,621.242,279.342,0.0,100.0,0,0,47.48,REGEN,-350.0
200,6.665,623.808,277.638,0.0,100.0,0,0,47.77,REGEN,-350.0
201,6.6983,626.355,275.694,0.0,100.0,0,0,48.06,REGEN,-350.0
202,6.7316,628.885,273.851,0.0,100.0,0,0,48.35,REGEN,-350.0
203,6.765,631.398,272.056,0.0,100.0,0,0,48.64,REGEN,-350.0
204,6.7983,633.895,270.207,0.0,100.0,0,0,48.93,REGEN,-350.0
205,6.8316,636.372,268.268,0.0,100.0,0,0,49.22,REGEN,-350.0
206,6.8649,638.833,266.42,0.0,100.0,0,0,49.51,REGEN,-350.0
207,6.8983,641.281,264.815,0.0,100.0,0,0,49.8,REGEN,-350.0
208,6.9316,643.712,263.544,0.0,100.0,0,0,50.09,REGEN,-350.0
209,6.9649,646.115,260.543,0.0,100.0,0,0,50.38,REGEN,-350.0
210,6.9982,648.486,257.401,0.0,100.0,0,0,50.67,REGEN,-350.0
211,7.0316,650.83,254.338,0.0,100.0,0,0,50.96,REGEN,-350.0
212,7.0649,653.146,251.323,0.0,100.0,0,0,51.25,REGEN,-350.0
213,7.0982,655.434,248.295,0.0,100.0,0,0,51.54,REGEN,-350.0
214,7.1315,657.693,245.22,0.0,100.0,0,0,51.82,REGEN,-350.0
215,7.1649,659.924,242.1,0.0,100.0,0,0,52.11,REGEN,-350.0
216,7.1982,662.13,238.993,0.0,100.0,0,0,52.4,REGEN,-350.0
217,7.2315,664.319,237.312,0.0,100.0,0,0,52.69,REGEN,-350.0
218,7.2648,666.491,235.497,0.0,100.0,0,0,52.98,REGEN,-350.0
219,7.2981,668.645,233.562,0.0,100.0,0,0,53.27,REGEN,-350.0
220,7.3315,670.779,231.521,0.0,100.0,0,0,53.56,REGEN,-350.0
221,7.3648,672.893,229.383,0.0,100.0,0,0,53.85,REGEN,-350.0
222,7.3981,674.986,227.165,0.0,100.0,0,0,54.14,REGEN,-350.0
223,7.4314,677.058,224.887,0.0,100.0,0,0,54.43,REGEN,-350.0
224,7.4648,679.107,222.563,0.0,100.0,0,0,54.71,REGEN,-350.0
225,7.4981,681.135,220.219,0.0,100.0,0,0,55.0,REGEN,-350.0
226,7.5314,683.141,217.877,0.0,100.0,0,0,55.29,REGEN,-350.0
227,7.5647,685.125,215.548,0.0,100.0,0,0,55.58,REGEN,-350.0
228,7.5981,687.088,213.248,0.0,100.0,0,0,55.87,REGEN,-350.0
229,7.6314,689.031,210.986,0.0,100.0,0,0,56.16,REGEN,-350.0
230,7.6647,690.952,208.778,0.0,100.0,0,0,56.44,REGEN,-350.0
231,7.698,692.855,206.653,0.0,100.0,0,0,56.73,REGEN,-350.0
232,7.7314,694.738,204.616,0.0,100.0,0,0,57.02,REGEN,-350.0
233,7.7647,696.603,202.6,0.0,100.0,0,0,57.31,REGEN,-350.0
234,7.798,698.447,200.49,0.0,100.0,0,0,57.6,REGEN,-350.0
235,7.8313,700.27,198.273,0.0,100.0,0,0,57.89,REGEN,-350.0
236,7.8647,702.072,195.984,0.0,100.0,0,0,58.17,REGEN,-350.0
237,7.898,703.85,193.653,0.0,100.0,0,0,58.46,REGEN,-350.0
238,7.9313,705.605,191.296,0.0,100.0,0,0,58.75,REGEN,-350.0
239,7.9646,707.338,188.908,0.0,100.0,0,0,59.04,REGEN,-350.0
240,7.998,709.049,186.489,0.0,100.0,0,0,59.32,REGEN,-350.0
241,8.0313,710.737,184.049,0.0,100.0,0,0,59.61,REGEN,-350.0
242,8.0646,712.403,181.601,0.0,100.0,0,0,59.9,REGEN,-350.0
243,8.0979,714.048,179.161,0.0,100.0,0,0,60.18,REGEN,-350.0
244,8.1313,715.665,176.738,0.0,100.0,0,0,60.47,REGEN,-350.0
245,8.1646,717.259,174.312,0.0,100.0,0,0,60.76,REGEN,-350.0
246,8.1979,718.833,171.881,0.0,100.0,0,0,61.04,REGEN,-350.0
247,8.2312,720.386,169.46,0.0,100.0,0,0,61.33,REGEN,-350.0
248,8.2646,721.916,167.081,0.0,100.0,0,0,61.62,REGEN,-350.0
249,8.2979,723.421,164.767,0.0,100.0,0,0,61.9,REGEN,-350.0
250,8.3312,724.906,162.489,0.0,100.0,0,0,62.19,REGEN,-350.0
251,8.3645,726.374,160.245,0.0,100.0,0,0,62.47,REGEN,-350.0
252,8.3979,727.82,158.043,0.0,100.0,0,0,62.76,REGEN,-350.0
253,8.4312,729.24,155.914,0.0,100.0,0,0,63.05,REGEN,-350.0
254,8.4645,730.641,153.64,0.0,100.0,0,0,63.33,REGEN,-350.0
255,8.4978,732.024,151.156,0.0,100.0,0,0,63.62,REGEN,-350.0
256,8.5312,733.375,148.778,0.0,100.0,0,0,63.9,REGEN,-350.0
257,8.5645,734.709,146.45,0.0,100.0,0,0,64.19,REGEN,-350.0
258,8.5978,736.028,144.17,0.0,100.0,0,0,64.47,REGEN,-350.0
259,8.6311,737.315,141.979,0.0,100.0,0,0,64.76,REGEN,-350.0
260,8.6645,738.589,139.828,0.0,100.0,0,0,65.04,REGEN,-350.0
261,8.6978,739.846,137.727,0.0,100.0,0,0,65.32,REGEN,-350.0
262,8.7311,741.077,135.697,0.0,100.0,0,0,65.61,REGEN,-350.0
263,8.7644,742.297,133.698,0.0,100.0,0,0,65.89,REGEN,-350.0
264,8.7978,743.494,131.763,0.0,100.0,0,0,66.18,REGEN,-350.0
265,8.8311,744.675,129.867,0.0,100.0,0,0,66.46,REGEN,-350.0
266,8.8644,745.842,128.006,0.0,100.0,0,0,66.75,REGEN,-350.0
267,8.8977,746.985,126.201,0.0,100.0,0,0,67.03,REGEN,-350.0
268,8.9311,748.122,124.412,0.0,100.0,0,0,67.32,REGEN,-350.0
269,8.9644,749.231,122.679,0.0,100.0,0,0,67.6,REGEN,-350.0
270,8.9977,750.333,120.961,0.0,100.0,0,0,67.88,REGEN,-350.0
271,9.031,751.414,119.282,0.0,100.0,0,0,68.17,REGEN,-350.0
272,9.0644,752.482,117.622,0.0,100.0,0,0,68.45,REGEN,-350.0
273,9.0977,753.534,115.989,0.0,100.0,0,0,68.74,REGEN,-350.0
274,9.131,754.571,114.376,0.0,100.0,0,0,69.02,REGEN,-350.0
275,9.1643,755.594,112.782,0.0,100.0,0,0,69.3,REGEN,-350.0
276,9.1977,756.6,111.202,0.0,100.0,0,0,69.59,REGEN,-350.0
277,9.231,757.594,109.633,0.0,100.0,0,0,69.87,REGEN,-350.0
278,9.2643,758.571,108.073,0.0,100.0,0,0,70.15,REGEN,-350.0
279,9.2976,759.534,106.522,0.0,100.0,0,0,70.44,REGEN,-350.0
280,9.331,760.482,104.98,0.0,100.0,0,0,70.72,REGEN,-350.0
281,9.3643,761.415,103.451,0.0,100.0,0,0,71.0,REGEN,-350.0
282,9.3976,762.338,101.936,0.0,100.0,0,0,71.28,REGEN,-350.0
283,9.4309,763.24,100.451,0.0,100.0,0,0,71.56,REGEN,-350.0
284,9.4643,764.14,98.969,0.0,100.0,0,0,71.85,REGEN,-350.0
285,9.4976,765.011,97.524,0.0,100.0,0,0,72.13,REGEN,-350.0
286,9.5309,765.882,96.078,0.0,100.0,0,0,72.41,REGEN,-350.0
287,9.5642,766.726,94.629,0.0,100.0,0,0,72.69,REGEN,-350.0
288,9.5976,767.563,93.18,0.0,100.0,0,0,72.97,REGEN,-350.0
289,9.6309,768.385,91.709,0.0,100.0,0,0,73.25,REGEN,-350.0
290,9.6642,769.186,90.21,0.0,100.0,0,0,73.53,REGEN,-350.0
291,9.6975,769.986,88.71,0.0,100.0,0,0,73.81,REGEN,-350.0
292,9.7309,770.753,87.17,0.0,100.0,0,0,74.09,REGEN,-350.0
293,9.7642,771.516,85.626,0.0,100.0,0,0,74.36,REGEN,-350.0
294,9.7975,772.27,84.117,0.0,100.0,0,0,74.64,REGEN,-350.0
295,9.8308,773.003,82.695,0.0,100.0,0,0,74.92,REGEN,-350.0
296,9.8642,773.735,81.272,0.0,100.0,0,0,75.2,REGEN,-350.0
297,9.8975,774.453,80.034,0.0,100.0,0,0,75.48,REGEN,-350.0
298,9.9308,775.16,78.945,0.0,100.0,0,0,75.76,REGEN,-350.0
299,9.9641,775.866,77.856,0.0,100.0,0,0,76.04,REGEN,-350.0
300,9.9975,776.545,76.843,0.0,100.0,0,0,76.32,REGEN,-350.0
301,10.0308,777.211,75.861,0.0,100.0,0,0,76.6,REGEN,-350.0
302,10.0641,777.878,74.878,0.0,100.0,0,0,76.87,REGEN,-350.0
303,10.0974,778.502,73.416,0.0,100.0,0,0,77.14,REGEN,-350.0
304,10.1308,779.11,71.771,0.0,100.0,0,0,77.41,REGEN,-350.0
305,10.1641,779.717,70.125,0.0,100.0,0,0,77.67,REGEN,-350.0
306,10.1974,780.296,68.414,0.0,100.0,0,0,77.94,REGEN,-350.0
307,10.2307,780.84,66.618,0.0,100.0,0,0,78.2,REGEN,-350.0
308,10.2641,781.383,64.823,0.0,100.0,0,0,78.46,REGEN,-350.0
309,10.2974,781.927,63.027,0.0,100.0,0,0,78.72,REGEN,-350.0
310,10.3307,782.438,61.301,0.0,100.0,0,0,78.98,REGEN,-350.0
311,10.364,782.939,59.596,0.0,100.0,0,0,79.25,REGEN,-350.0
312,10.3974,783.439,57.892,0.0,100.0,0,0,79.52,REGEN,-350.0
313,10.4307,783.94,56.188,0.0,100.0,0,0,79.78,REGEN,-350.0
314,10.464,784.43,55.051,0.0,100.0,0,0,80.06,REGEN,-350.0
315,10.4973,784.916,54.128,0.0,100.0,0,0,80.35,REGEN,-350.0
316,10.5307,785.402,53.205,0.0,100.0,0,0,80.63,REGEN,-350.0
317,10.564,785.888,52.282,0.0,100.0,0,0,80.92,REGEN,-350.0
318,10.5973,786.368,51.9,0.0,100.0,0,0,81.2,REGEN,-192.37
319,10.6306,786.844,51.882,100.0,100.0,0,0,81.49,REGEN,71.43
320,10.664,787.319,51.865,100.0,100.0,0,0,81.78,REGEN,335.22
321,10.6973,787.795,51.847,100.0,100.0,0,0,82.07,REGEN,599.01
322,10.7306,788.284,51.829,100.0,0.0,0,0,82.1,DEPLOY,750.0
323,10.7639,788.791,51.81,100.0,0.0,0,0,81.79,DEPLOY,750.0
324,10.7973,789.298,51.791,100.0,0.0,0,0,81.49,DEPLOY,750.0
325,10.8306,789.805,51.772,100.0,0.0,0,0,81.18,DEPLOY,750.0
326,10.8639,790.346,52.726,100.0,0.0,0,0,80.86,DEPLOY,750.0
327,10.8972,790.925,54.72,100.0,0.0,0,0,80.53,DEPLOY,750.0
328,10.9306,791.504,56.714,100.0,0.0,0,0,80.2,DEPLOY,750.0
329,10.9639,792.082,58.707,100.0,0.0,0,0,79.87,DEPLOY,750.0
330,10.9972,792.689,60.774,100.0,0.0,0,0,79.56,DEPLOY,417.56
331,11.0305,793.295,62.841,100.0,0.0,0,0,79.25,DEPLOY,84.76
332,11.0639,793.901,64.908,0.0,0.0,0,0,78.95,DEPLOY,-248.03
333,11.0972,794.498,65.409,0.0,100.0,0,0,79.05,REGEN,-350.0
334,11.1305,795.089,65.218,0.0,100.0,0,0,79.34,REGEN,-350.0
335,11.1638,795.681,65.027,0.0,100.0,0,0,79.62,REGEN,-350.0
336,11.1972,796.272,64.771,0.0,100.0,0,0,79.91,REGEN,-350.0
337,11.2305,796.859,64.376,0.0,100.0,0,0,80.2,REGEN,-350.0
338,11.2638,797.446,63.981,0.0,100.0,0,0,80.48,REGEN,-350.0
339,11.2971,798.034,63.586,0.0,100.0,0,0,80.77,REGEN,-350.0
340,11.3305,798.618,63.526,0.0,100.0,0,0,81.06,REGEN,-350.0
341,11.3638,799.202,63.5,0.0,100.0,0,0,81.35,REGEN,-350.0
342,11.3971,799.785,63.473,0.0,100.0,0,0,81.64,REGEN,-350.0
343,11.4304,800.351,63.29,0.0,100.0,0,0,81.92,REGEN,-350.0
344,11.4638,800.896,62.932,0.0,100.0,0,0,82.2,REGEN,-350.0
345,11.4971,801.441,62.574,0.0,100.0,0,0,82.47,REGEN,-350.0
346,11.5304,801.986,62.216,0.0,100.0,0,0,82.74,REGEN,-350.0
347,11.5637,802.48,60.925,0.0,100.0,0,0,83.0,REGEN,-350.0
348,11.5971,802.962,59.413,0.0,100.0,0,0,83.26,REGEN,-350.0
349,11.6304,803.443,57.9,0.0,100.0,0,0,83.52,REGEN,-350.0
350,11.6637,803.925,56.388,0.0,100.0,0,0,83.78,REGEN,-350.0
351,11.697,804.389,54.847,0.0,100.0,0,0,84.04,REGEN,-350.0
352,11.7304,804.844,53.29,0.0,100.0,0,0,84.32,REGEN,-350.0
353,11.7637,805.299,51.734,0.0,100.0,0,0,84.59,REGEN,-350.0
354,11.797,805.754,50.178,0.0,100.0,0,0,84.86,REGEN,-350.0
355,11.8303,806.21,48.961,0.0,100.0,0,0,85.14,REGEN,-294.87
356,11.8637,806.667,48.945,0.0,100.0,0,0,85.44,REGEN,-44.35
357,11.897,807.124,48.928,100.0,100.0,0,0,85.73,REGEN,206.17
358,11.9303,807.581,48.912,100.0,100.0,0,0,86.02,REGEN,456.69
359,11.9636,808.038,48.896,100.0,100.0,0,0,86.32,REGEN,707.21
360,11.997,808.503,48.88,100.0,0.0,0,0,86.12,DEPLOY,750.0
361,12.0303,808.969,48.864,100.0,0.0,0,0,85.82,DEPLOY,750.0
362,12.0636,809.435,48.847,100.0,0.0,0,0,85.52,DEPLOY,750.0
363,12.0969,809.901,48.831,100.0,0.0,0,0,85.22,DEPLOY,750.0
364,12.1303,810.399,49.438,100.0,0.0,0,0,84.9,DEPLOY,750.0
365,12.1636,810.922,50.522,100.0,0.0,0,0,84.58,DEPLOY,750.0
366,12.1969,811.446,51.605,100.0,0.0,0,0,84.26,DEPLOY,750.0
367,12.2302,811.969,52.688,100.0,0.0,0,0,83.93,DEPLOY,750.0
368,12.2636,812.538,54.503,100.0,0.0,0,0,83.61,DEPLOY,750.0
369,12.2969,813.123,56.591,100.0,0.0,0,0,83.28,DEPLOY,750.0
370,12.3302,813.709,58.679,100.0,0.0,0,0,82.96,DEPLOY,750.0
371,12.3635,814.301,60.635,100.0,0.0,0,0,82.64,DEPLOY,650.65
372,12.3969,814.907,62.281,100.0,0.0,0,0,82.33,DEPLOY,316.79
373,12.4302,815.513,63.926,0.0,0.0,0,0,82.03,DEPLOY,-17.07
374,12.4635,816.119,65.567,0.0,100.0,0,0,81.73,REGEN,-349.07
375,12.4968,816.722,65.539,0.0,100.0,0,0,82.02,REGEN,-17.05
376,12.5302,817.325,65.51,100.0,100.0,0,0,82.31,REGEN,314.98
377,12.5635,817.928,65.482,100.0,100.0,0,0,82.6,REGEN,647.0
378,12.5968,818.54,65.453,100.0,0.0,0,0,82.48,DEPLOY,750.0
379,12.6301,819.156,65.424,100.0,0.0,0,0,82.19,DEPLOY,750.0
380,12.6635,819.772,65.395,100.0,0.0,0,0,81.89,DEPLOY,750.0
381,12.6968,820.398,65.711,100.0,0.0,0,0,81.59,DEPLOY,750.0
382,12.7301,821.038,66.477,100.0,0.0,0,0,81.29,DEPLOY,750.0
383,12.7634,821.677,67.244,100.0,0.0,0,0,80.99,DEPLOY,750.0
384,12.7968,822.322,68.012,100.0,0.0,0,0,80.68,DEPLOY,750.0
385,12.8301,822.983,68.783,100.0,0.0,0,0,80.38,DEPLOY,750.0
386,12.8634,823.645,69.554,100.0,0.0,0,0,80.08,DEPLOY,750.0
387,12.8967,824.312,70.347,100.0,0.0,0,0,79.78,DEPLOY,750.0
388,12.9301,824.997,71.202,100.0,0.0,0,0,79.47,DEPLOY,750.0
389,12.9634,825.682,72.057,100.0,0.0,0,0,79.17,DEPLOY,750.0
390,12.9967,826.376,72.942,100.0,0.0,0,0,78.87,DEPLOY,750.0
391,13.03,827.088,73.888,100.0,0.0,0,0,78.57,DEPLOY,750.0
392,13.0634,827.799,74.834,100.0,0.0,0,0,78.26,DEPLOY,750.0
393,13.0967,828.527,75.9,100.0,0.0,0,0,77.96,DEPLOY,750.0
394,13.13,829.271,77.077,100.0,0.0,0,0,77.65,DEPLOY,750.0
395,13.1633,830.014,78.254,100.0,0.0,0,0,77.35,DEPLOY,750.0
396,13.1967,830.788,79.66,100.0,0.0,0,0,77.04,DEPLOY,750.0
397,13.23,831.568,81.114,100.0,0.0,0,0,76.74,DEPLOY,750.0
398,13.2633,832.358,82.625,100.0,0.0,0,0,76.43,DEPLOY,750.0
399,13.2966,833.177,84.299,100.0,0.0,0,0,76.13,DEPLOY,750.0
400,13.33,833.995,85.973,100.0,0.0,0,0,75.82,DEPLOY,750.0
401,13.3633,834.845,87.746,100.0,0.0,0,0,75.51,DEPLOY,750.0
402,13.3966,835.702,89.541,100.0,0.0,0,0,75.21,DEPLOY,750.0
403,13.4299,836.578,91.381,100.0,0.0,0,0,74.9,DEPLOY,750.0
404,13.4633,837.474,93.27,100.0,0.0,0,0,74.6,DEPLOY,750.0
405,13.4966,838.38,95.183,100.0,0.0,0,0,74.29,DEPLOY,750.0
406,13.5299,839.316,97.168,100.0,0.0,0,0,73.99,DEPLOY,750.0
407,13.5632,840.255,99.16,100.0,0.0,0,0,73.69,DEPLOY,750.0
408,13.5966,841.229,101.207,100.0,0.0,0,0,73.38,DEPLOY,750.0
409,13.6299,842.205,103.258,100.0,0.0,0,0,73.08,DEPLOY,750.0
410,13.6632,843.218,105.364,100.0,0.0,0,0,72.78,DEPLOY,750.0
411,13.6965,844.233,107.474,100.0,0.0,0,0,72.47,DEPLOY,750.0
412,13.7299,845.282,109.639,100.0,0.0,0,0,72.17,DEPLOY,750.0
413,13.7632,846.337,111.783,100.0,0.0,0,0,71.87,DEPLOY,750.0
414,13.7965,847.421,113.828,100.0,0.0,0,0,71.57,DEPLOY,750.0
415,13.8298,848.516,115.888,100.0,0.0,0,0,71.27,DEPLOY,750.0
416,13.8632,849.634,117.98,100.0,0.0,0,0,70.96,DEPLOY,750.0
417,13.8965,850.77,120.084,100.0,0.0,0,0,70.66,DEPLOY,750.0
418,13.9298,851.922,122.199,100.0,0.0,0,0,70.36,DEPLOY,750.0
419,13.9631,853.1,124.322,100.0,0.0,0,0,70.06,DEPLOY,750.0
420,13.9965,854.288,126.449,100.0,0.0,0,0,69.76,DEPLOY,750.0
421,14.0298,855.505,128.584,100.0,0.0,0,0,69.46,DEPLOY,750.0
422,14.0631,856.736,130.724,100.0,0.0,0,0,69.17,DEPLOY,750.0
423,14.0964,857.984,132.868,100.0,0.0,0,0,68.87,DEPLOY,750.0
424,14.1298,859.259,135.021,100.0,0.0,0,0,68.57,DEPLOY,750.0
425,14.1631,860.548,137.178,100.0,0.0,0,0,68.27,DEPLOY,750.0
426,14.1964,861.857,139.342,100.0,0.0,0,0,67.97,DEPLOY,750.0
427,14.2297,863.189,141.515,100.0,0.0,0,0,67.67,DEPLOY,750.0
428,14.2631,864.537,143.693,100.0,0.0,0,0,67.37,DEPLOY,750.0
429,14.2964,865.906,145.878,100.0,0.0,0,0,67.08,DEPLOY,750.0
430,14.3297,867.298,148.07,100.0,0.0,0,0,66.78,DEPLOY,750.0
431,14.363,868.706,150.267,100.0,0.0,0,0,66.48,DEPLOY,750.0
432,14.3963,870.132,152.469,100.0,0.0,0,0,66.18,DEPLOY,750.0
433,14.4297,871.585,154.678,100.0,0.0,0,0,65.89,DEPLOY,750.0
434,14.463,873.056,156.89,100.0,0.0,0,0,65.59,DEPLOY,750.0
435,14.4963,874.544,159.105,100.0,0.0,0,0,65.29,DEPLOY,750.0
436,14.5296,876.052,161.322,100.0,0.0,0,0,64.99,DEPLOY,750.0
437,14.563,877.585,163.542,100.0,0.0,0,0,64.7,DEPLOY,750.0
438,14.5963,879.136,165.766,100.0,0.0,0,0,64.4,DEPLOY,750.0
439,14.6296,880.706,167.996,100.0,0.0,0,0,64.1,DEPLOY,750.0
440,14.6629,882.295,170.232,100.0,0.0,0,0,63.81,DEPLOY,750.0
441,14.6963,883.908,172.477,100.0,0.0,0,0,63.51,DEPLOY,750.0
442,14.7296,885.542,174.729,100.0,0.0,0,0,63.22,DEPLOY,750.0
443,14.7629,887.195,176.989,100.0,0.0,0,0,62.92,DEPLOY,750.0
444,14.7962,888.868,179.256,100.0,0.0,0,0,62.62,DEPLOY,750.0
445,14.8296,890.561,181.515,100.0,0.0,0,0,62.33,DEPLOY,750.0
446,14.8629,892.274,183.741,100.0,0.0,0,0,62.03,DEPLOY,750.0
447,14.8962,894.008,185.931,100.0,0.0,0,0,61.74,DEPLOY,750.0
448,14.9295,895.763,188.087,100.0,0.0,0,0,61.44,DEPLOY,750.0
449,14.9629,897.537,190.213,100.0,0.0,0,0,61.15,DEPLOY,750.0
450,14.9962,899.329,192.309,100.0,0.0,0,0,60.85,DEPLOY,750.0
451,15.0295,901.139,194.378,100.0,0.0,0,0,60.56,DEPLOY,750.0
452,15.0628,902.968,196.418,100.0,0.0,0,0,60.26,DEPLOY,750.0
453,15.0962,904.816,198.432,100.0,0.0,0,0,59.97,DEPLOY,750.0
454,15.1295,906.681,200.42,100.0,0.0,0,0,59.67,DEPLOY,750.0
455,15.1628,908.564,202.382,100.0,0.0,0,0,59.38,DEPLOY,750.0
456,15.1961,910.465,204.32,100.0,0.0,0,0,59.08,DEPLOY,750.0
457,15.2295,912.383,206.234,100.0,0.0,0,0,58.79,DEPLOY,750.0
458,15.2628,914.318,208.125,100.0,0.0,0,0,58.49,DEPLOY,750.0
459,15.2961,916.271,209.993,100.0,0.0,0,0,58.2,DEPLOY,750.0
460,15.3294,918.24,211.838,100.0,0.0,0,0,57.91,DEPLOY,750.0
461,15.3628,920.227,213.663,100.0,0.0,0,0,57.61,DEPLOY,750.0
462,15.3961,922.229,215.466,100.0,0.0,0,0,57.32,DEPLOY,750.0
463,15.4294,924.248,217.249,100.0,0.0,0,0,57.02,DEPLOY,750.0
464,15.4627,926.284,219.013,100.0,0.0,0,0,56.73,DEPLOY,750.0
465,15.4961,928.335,220.757,100.0,0.0,0,0,56.44,DEPLOY,750.0
466,15.5294,930.402,222.481,100.0,0.0,0,0,56.14,DEPLOY,750.0
467,15.5627,932.484,224.188,100.0,0.0,0,0,55.85,DEPLOY,750.0
468,15.596,934.583,225.877,100.0,0.0,0,0,55.55,DEPLOY,750.0
469,15.6294,936.696,227.547,100.0,0.0,0,0,55.26,DEPLOY,750.0
470,15.6627,938.824,229.201,100.0,0.0,0,0,54.97,DEPLOY,750.0
471,15.696,940.968,230.838,100.0,0.0,0,0,54.67,DEPLOY,750.0
472,15.7293,943.126,232.459,100.0,0.0,0,0,54.38,DEPLOY,750.0
473,15.7627,945.299,234.063,100.0,0.0,0,0,54.09,DEPLOY,750.0
474,15.796,947.486,235.652,100.0,0.0,0,0,53.79,DEPLOY,750.0
475,15.8293,949.688,237.225,100.0,0.0,0,0,53.5,DEPLOY,750.0
476,15.8626,951.903,238.783,100.0,0.0,0,0,53.21,DEPLOY,750.0
477,15.896,954.133,240.327,100.0,0.0,0,0,52.91,DEPLOY,750.0
478,15.9293,956.378,241.855,100.0,0.0,0,0,52.62,DEPLOY,750.0
479,15.9626,958.636,243.368,100.0,0.0,0,0,52.33,DEPLOY,750.0
480,15.9959,960.908,244.867,100.0,0.0,0,0,52.03,DEPLOY,750.0
481,16.0293,963.194,246.353,100.0,0.0,0,0,51.74,DEPLOY,750.0
482,16.0626,965.493,247.826,100.0,0.0,0,0,51.45,DEPLOY,750.0
483,16.0959,967.805,249.285,100.0,0.0,0,0,51.15,DEPLOY,750.0
484,16.1292,970.13,250.731,100.0,0.0,0,0,50.86,DEPLOY,750.0
485,16.1626,972.47,252.164,100.0,0.0,0,0,50.57,DEPLOY,750.0
486,16.1959,974.822,253.584,100.0,0.0,0,0,50.28,DEPLOY,750.0
487,16.2292,977.187,254.991,100.0,0.0,0,0,49.98,DEPLOY,750.0
488,16.2625,979.564,256.387,100.0,0.0,0,0,49.69,DEPLOY,750.0
489,16.2959,981.954,257.771,100.0,0.0,0,0,49.4,DEPLOY,750.0
490,16.3292,984.357,259.142,100.0,0.0,0,0,49.1,DEPLOY,750.0
491,16.3625,986.773,260.501,100.0,0.0,0,0,48.81,DEPLOY,750.0
492,16.3958,989.201,261.849,100.0,0.0,0,0,48.52,DEPLOY,750.0
493,16.4292,991.641,263.187,100.0,0.0,0,0,48.23,DEPLOY,750.0
494,16.4625,994.093,264.513,100.0,0.0,0,0,47.93,DEPLOY,750.0
495,16.4958,996.558,265.827,100.0,0.0,0,0,47.64,DEPLOY,750.0
496,16.5291,999.035,267.13,100.0,0.0,0,0,47.35,DEPLOY,750.0
497,16.5625,1001.523,268.424,100.0,0.0,0,0,47.05,DEPLOY,750.0
498,16.5958,1004.023,269.707,100.0,0.0,0,0,46.76,DEPLOY,750.0
499,16.6291,1006.535,270.979,100.0,0.0,0,0,46.47,DEPLOY,750.0
500,16.6624,1009.059,272.24,100.0,0.0,0,0,46.18,DEPLOY,750.0
501,16.6958,1011.594,273.492,100.0,0.0,0,0,45.88,DEPLOY,750.0
502,16.7291,1014.139,274.734,100.0,0.0,0,0,45.59,DEPLOY,750.0
503,16.7624,1016.698,275.966,100.0,0.0,0,0,45.3,DEPLOY,750.0
504,16.7957,1019.267,277.188,100.0,0.0,0,0,45.01,DEPLOY,750.0
505,16.8291,1021.847,278.401,100.0,0.0,0,0,44.71,DEPLOY,750.0
506,16.8624,1024.438,279.604,100.0,0.0,0,0,44.42,DEPLOY,750.0
507,16.8957,1027.041,280.798,100.0,0.0,0,0,44.13,DEPLOY,750.0
508,16.929,1029.654,281.982,100.0,0.0,0,0,43.84,DEPLOY,750.0
509,16.9624,1032.277,283.158,100.0,0.0,0,0,43.54,DEPLOY,750.0
510,16.9957,1034.912,284.324,100.0,0.0,0,0,43.25,DEPLOY,750.0
511,17.029,1037.558,285.482,100.0,0.0,0,0,42.96,DEPLOY,750.0
512,17.0623,1040.213,286.631,100.0,0.0,0,0,42.67,DEPLOY,750.0
513,17.0957,1042.88,287.771,100.0,0.0,0,0,42.37,DEPLOY,750.0
514,17.129,1045.557,288.903,100.0,0.0,0,0,42.08,DEPLOY,750.0
515,17.1623,1048.244,290.026,100.0,0.0,0,0,41.79,DEPLOY,750.0
516,17.1956,1050.942,291.14,100.0,0.0,0,0,41.5,DEPLOY,750.0
517,17.229,1053.65,292.247,100.0,0.0,0,0,41.2,DEPLOY,750.0
518,17.2623,1056.367,293.346,100.0,0.0,0,0,40.91,DEPLOY,750.0
519,17.2956,1059.095,294.436,100.0,0.0,0,0,40.62,DEPLOY,750.0
520,17.3289,1061.833,295.518,100.0,0.0,0,0,40.33,DEPLOY,750.0
521,17.3623,1064.581,296.592,100.0,0.0,0,0,40.03,DEPLOY,750.0
522,17.3956,1067.339,297.659,100.0,0.0,0,0,39.74,DEPLOY,750.0
523,17.4289,1070.105,298.718,100.0,0.0,0,0,39.45,DEPLOY,750.0
524,17.4622,1072.883,299.769,100.0,0.0,0,0,39.16,DEPLOY,750.0
525,17.4956,1075.67,300.813,100.0,0.0,0,0,38.86,DEPLOY,750.0
526,17.5289,1078.466,301.849,100.0,0.0,0,0,38.57,DEPLOY,750.0
527,17.5622,1081.272,302.877,100.0,0.0,0,0,38.28,DEPLOY,750.0
528,17.5955,1084.086,303.899,100.0,0.0,0,0,37.99,DEPLOY,750.0
529,17.6289,1086.911,304.913,100.0,0.0,0,0,37.7,DEPLOY,750.0
530,17.6622,1089.745,305.92,100.0,0.0,0,0,37.4,DEPLOY,750.0
531,17.6955,1092.588,306.92,100.0,0.0,0,0,37.11,DEPLOY,750.0
532,17.7288,1095.44,307.913,100.0,0.0,0,0,36.82,DEPLOY,750.0
533,17.7622,1098.301,308.899,100.0,0.0,0,0,36.53,DEPLOY,750.0
534,17.7955,1101.172,309.878,100.0,0.0,0,0,36.23,DEPLOY,750.0
535,17.8288,1104.051,310.851,100.0,0.0,0,0,35.94,DEPLOY,750.0
536,17.8621,1106.939,311.816,100.0,0.0,0,0,35.65,DEPLOY,750.0
537,17.8955,1109.836,312.775,100.0,0.0,0,0,35.36,DEPLOY,750.0
538,17.9288,1112.742,313.727,100.0,0.0,0,0,35.07,DEPLOY,750.0
539,17.9621,1115.656,314.673,100.0,0.0,0,0,34.77,DEPLOY,750.0
540,17.9954,1118.579,315.612,100.0,0.0,0,0,34.48,DEPLOY,750.0
541,18.0288,1121.511,316.544,100.0,0.0,0,0,34.19,DEPLOY,750.0
542,18.0621,1124.451,317.471,100.0,0.0,0,0,33.9,DEPLOY,750.0
543,18.0954,1127.4,318.391,100.0,0.0,0,0,33.6,DEPLOY,750.0
544,18.1287,1130.357,319.305,100.0,0.0,0,0,33.31,DEPLOY,750.0
545,18.1621,1133.323,320.212,100.0,0.0,0,0,33.02,DEPLOY,750.0
546,18.1954,1136.297,321.114,100.0,0.0,0,0,32.73,DEPLOY,750.0
547,18.2287,1139.279,322.009,100.0,0.0,0,0,32.44,DEPLOY,750.0
548,18.262,1142.27,322.899,100.0,0.0,0,0,32.14,DEPLOY,750.0
549,18.2954,1145.268,323.782,100.0,0.0,0,0,31.85,DEPLOY,750.0
550,18.3287,1148.275,324.66,100.0,0.0,0,0,31.56,DEPLOY,750.0
551,18.362,1151.29,325.531,100.0,0.0,0,0,31.27,DEPLOY,750.0
552,18.3953,1154.312,326.398,100.0,0.0,0,0,30.98,DEPLOY,750.0
553,18.4287,1157.343,327.257,100.0,0.0,0,0,30.68,DEPLOY,750.0
554,18.462,1160.382,328.112,100.0,0.0,0,0,30.39,DEPLOY,750.0
555,18.4953,1163.428,328.961,100.0,0.0,0,0,30.1,DEPLOY,750.0
556,18.5286,1166.479,329.699,100.0,0.0,0,0,29.86,SUPERCLIP,150.0
557,18.562,1169.53,329.513,100.0,0.0,0,0,30.07,SUPERCLIP,558.81
558,18.5953,1172.585,329.999,100.0,0.0,0,0,29.95,SUPERCLIP,275.04
559,18.6286,1175.642,330.306,100.0,0.0,0,0,29.91,DEPLOY,307.8
560,18.6619,1178.702,330.443,100.0,0.0,0,0,29.96,NORMAL,516.6
561,18.6953,1181.764,330.662,100.0,0.0,0,0,29.97,SUPERCLIP,548.86
562,18.7286,1184.828,331.028,100.0,0.0,0,0,29.91,SUPERCLIP,314.87
563,18.7619,1187.894,331.316,100.0,0.0,0,0,29.88,NORMAL,218.6
564,18.7952,1190.963,331.421,100.0,0.0,0,0,29.95,NORMAL,451.5
565,18.8286,1194.034,331.563,100.0,0.0,0,0,29.99,SUPERCLIP,616.1
566,18.8619,1197.107,331.922,100.0,0.0,0,0,29.93,SUPERCLIP,384.28
567,18.8952,1200.181,332.28,100.0,0.0,0,0,29.87,SUPERCLIP,152.95
568,18.9285,1203.259,332.386,100.0,0.0,0,0,29.93,NORMAL,377.8
569,18.9619,1206.338,332.487,100.0,0.0,0,0,29.99,NORMAL,608.07
570,18.9952,1209.419,332.795,100.0,0.0,0,0,29.95,SUPERCLIP,462.22
571,19.0285,1212.502,333.147,100.0,0.0,0,0,29.89,SUPERCLIP,233.0
572,19.0618,1215.588,333.337,100.0,0.0,0,0,29.9,NORMAL,295.67
573,19.0952,1218.675,333.436,100.0,0.0,0,0,29.97,NORMAL,523.84
574,19.1285,1221.765,333.646,100.0,0.0,0,0,29.97,SUPERCLIP,548.51
575,19.1618,1224.857,333.992,100.0,0.0,0,0,29.91,SUPERCLIP,321.38
576,19.1951,1227.95,334.276,100.0,0.0,0,0,29.88,NORMAL,205.26
577,19.2285,1231.046,334.373,100.0,0.0,0,0,29.94,NORMAL,431.36
578,19.2618,1234.142,334.477,100.0,0.0,0,0,30.0,SUPERCLIP,150.0
579,19.2951,1237.24,334.565,100.0,0.0,0,0,30.06,NORMAL,650.0
580,19.3284,1240.342,335.157,100.0,0.0,0,0,29.88,SUPERCLIP,150.0
581,19.3618,1243.443,334.952,100.0,0.0,0,0,30.09,SUPERCLIP,467.69
582,19.3951,1246.331,330.769,0.0,100.0,0,0,30.02,REGEN,-270.62
583,19.4284,1248.92,279.324,100.0,0.0,0,0,30.14,NORMAL,650.0
584,19.4617,1251.515,280.317,100.0,0.0,0,0,29.94,NORMAL,314.37
585,19.4951,1254.115,280.553,100.0,0.0,0,0,30.04,SUPERCLIP,635.51
586,19.5284,1256.719,281.305,100.0,0.0,0,0,29.93,SUPERCLIP,286.63
587,19.5617,1259.328,281.726,100.0,0.0,0,0,29.95,NORMAL,361.19
588,19.595,1261.941,282.027,100.0,0.0,0,0,30.02,SUPERCLIP,592.03
589,19.6284,1264.559,282.765,100.0,0.0,0,0,29.91,SUPERCLIP,246.41
590,19.6617,1267.181,283.121,100.0,0.0,0,0,29.96,NORMAL,398.11
591,19.695,1269.807,283.47,100.0,0.0,0,0,30.01,SUPERCLIP,558.39
592,19.7283,1272.438,284.196,100.0,0.0,0,0,29.91,SUPERCLIP,216.0
593,19.7617,1275.073,284.503,100.0,0.0,0,0,29.97,NORMAL,425.28
594,19.795,1277.712,284.884,100.0,0.0,0,0,30.01,SUPERCLIP,534.46
595,19.8283,1280.353,285.598,100.0,0.0,0,0,29.9,SUPERCLIP,105.33
596,19.8616,1282.958,283.012,100.0,100.0,0,0,30.13,REGEN,41.86
597,19.895,1285.547,279.564,100.0,0.0,0,0,30.16,NORMAL,650.0
598,19.9283,1288.129,279.933,0.0,0.0,0,0,29.95,NORMAL,-327.05
599,19.9616,1290.679,276.618,0.0,100.0,0,0,30.23,REGEN,-350.0
600,19.9949,1293.199,273.276,0.0,100.0,0,0,30.52,REGEN,-350.0
601,20.0283,1295.689,269.97,0.0,100.0,0,0,30.8,REGEN,-350.0
602,20.0616,1298.15,266.698,0.0,100.0,0,0,31.09,REGEN,-350.0
603,20.0949,1300.578,263.465,0.0,100.0,0,0,31.38,REGEN,-350.0
604,20.1282,1302.976,260.265,0.0,100.0,0,0,31.67,REGEN,-350.0
605,20.1616,1305.346,257.099,0.0,100.0,0,0,31.96,REGEN,-350.0
606,20.1949,1307.687,253.964,0.0,100.0,0,0,32.25,REGEN,-350.0
607,20.2282,1310.0,250.861,0.0,100.0,0,0,32.54,REGEN,-350.0
608,20.2615,1312.283,247.79,0.0,100.0,0,0,32.82,REGEN,-350.0
609,20.2949,1314.537,244.75,0.0,100.0,0,0,33.11,REGEN,-350.0
610,20.3282,1316.763,241.741,0.0,100.0,0,0,33.4,REGEN,-350.0
611,20.3615,1318.961,238.76,0.0,100.0,0,0,33.69,REGEN,-350.0
612,20.3948,1321.132,235.807,0.0,100.0,0,0,33.98,REGEN,-350.0
613,20.4282,1323.276,232.882,0.0,100.0,0,0,34.27,REGEN,-350.0
614,20.4615,1325.393,229.984,0.0,100.0,0,0,34.55,REGEN,-350.0
615,20.4948,1327.484,227.113,0.0,100.0,0,0,34.84,REGEN,-350.0
616,20.5281,1329.547,224.267,0.0,100.0,0,0,35.13,REGEN,-350.0
617,20.5615,1331.585,221.447,0.0,100.0,0,0,35.42,REGEN,-350.0
618,20.5948,1333.596,218.652,0.0,100.0,0,0,35.71,REGEN,-350.0
619,20.6281,1335.581,215.882,0.0,100.0,0,0,35.99,REGEN,-350.0
620,20.6614,1337.541,213.137,0.0,100.0,0,0,36.28,REGEN,-350.0
621,20.6948,1339.475,210.415,0.0,100.0,0,0,36.57,REGEN,-350.0
622,20.7281,1341.383,207.715,0.0,100.0,0,0,36.86,REGEN,-350.0
623,20.7614,1343.267,205.036,0.0,100.0,0,0,37.15,REGEN,-350.0
624,20.7947,1345.126,202.378,0.0,100.0,0,0,37.43,REGEN,-350.0
625,20.8281,1346.961,199.742,0.0,100.0,0,0,37.72,REGEN,-350.0
626,20.8614,1348.771,197.128,0.0,100.0,0,0,38.01,REGEN,-350.0
627,20.8947,1350.558,194.535,0.0,100.0,0,0,38.29,REGEN,-350.0
628,20.928,1352.321,191.963,0.0,100.0,0,0,38.58,REGEN,-350.0
629,20.9614,1354.059,189.414,0.0,100.0,0,0,38.87,REGEN,-350.0
630,20.9947,1355.772,186.892,0.0,100.0,0,0,39.16,REGEN,-350.0
631,21.028,1357.462,184.401,0.0,100.0,0,0,39.44,REGEN,-350.0
632,21.0613,1359.13,181.941,0.0,100.0,0,0,39.73,REGEN,-350.0
633,21.0947,1360.776,179.51,0.0,100.0,0,0,40.02,REGEN,-350.0
634,21.128,1362.401,177.107,0.0,100.0,0,0,40.3,REGEN,-350.0
635,21.1613,1364.002,174.731,0.0,100.0,0,0,40.59,REGEN,-350.0
636,21.1946,1365.579,172.384,0.0,100.0,0,0,40.88,REGEN,-350.0
637,21.228,1367.136,170.071,0.0,100.0,0,0,41.16,REGEN,-350.0
638,21.2613,1368.673,167.794,0.0,100.0,0,0,41.45,REGEN,-350.0
639,21.2946,1370.192,165.555,0.0,100.0,0,0,41.74,REGEN,-350.0
640,21.3279,1371.681,163.389,0.0,100.0,0,0,42.02,REGEN,-350.0
641,21.3613,1373.149,160.954,0.0,100.0,0,0,42.31,REGEN,-350.0
642,21.3946,1374.597,158.422,0.0,100.0,0,0,42.59,REGEN,-350.0
643,21.4279,1376.022,155.987,0.0,100.0,0,0,42.88,REGEN,-350.0
644,21.4612,1377.418,153.461,0.0,100.0,0,0,43.16,REGEN,-350.0
645,21.4946,1378.796,151.036,0.0,100.0,0,0,43.45,REGEN,-350.0
646,21.5279,1380.158,148.749,0.0,100.0,0,0,43.73,REGEN,-350.0
647,21.5612,1381.49,146.641,0.0,100.0,0,0,44.02,REGEN,-350.0
648,21.5945,1382.806,144.481,0.0,100.0,0,0,44.3,REGEN,-350.0
649,21.6278,1384.104,142.263,0.0,100.0,0,0,44.59,REGEN,-350.0
650,21.6612,1385.387,139.949,0.0,100.0,0,0,44.87,REGEN,-350.0
651,21.6945,1386.668,138.463,0.0,100.0,0,0,45.16,REGEN,-82.38
652,21.7278,1387.948,138.336,100.0,100.0,0,0,45.46,REGEN,621.46
653,21.7611,1389.228,138.209,100.0,0.0,0,0,45.27,DEPLOY,750.0
654,21.7945,1390.51,138.211,100.0,0.0,0,0,44.98,DEPLOY,750.0
655,21.8278,1391.797,138.592,100.0,0.0,0,0,44.68,DEPLOY,750.0
656,21.8611,1393.075,138.973,100.0,0.0,0,0,44.39,DEPLOY,259.11
657,21.8944,1394.345,139.033,0.0,100.0,0,0,44.18,REGEN,-350.0
658,21.9278,1395.59,136.945,0.0,100.0,0,0,44.47,REGEN,-350.0
659,21.9611,1396.821,134.992,0.0,100.0,0,0,44.75,REGEN,-350.0
660,21.9944,1398.039,133.163,0.0,100.0,0,0,45.04,REGEN,-350.0
661,22.0277,1399.236,131.539,0.0,100.0,0,0,45.32,REGEN,-350.0
662,22.0611,1400.425,129.957,0.0,100.0,0,0,45.61,REGEN,-350.0
663,22.0944,1401.594,128.433,0.0,100.0,0,0,45.89,REGEN,-350.0
664,22.1277,1402.752,126.933,0.0,100.0,0,0,46.18,REGEN,-350.0
665,22.161,1403.899,125.457,0.0,100.0,0,0,46.47,REGEN,-350.0
666,22.1944,1405.029,124.045,0.0,100.0,0,0,46.75,REGEN,-350.0
667,22.2277,1406.153,122.653,0.0,100.0,0,0,47.04,REGEN,-350.0
668,22.261,1407.258,121.392,0.0,100.0,0,0,47.32,REGEN,-350.0
669,22.2943,1408.36,120.16,0.0,100.0,0,0,47.61,REGEN,-350.0
670,22.3277,1409.447,119.059,0.0,100.0,0,0,47.9,REGEN,-350.0
671,22.361,1410.53,118.01,0.0,100.0,0,0,48.18,REGEN,-350.0
672,22.3943,1411.602,117.071,0.0,100.0,0,0,48.47,REGEN,-350.0
673,22.4276,1412.672,116.229,0.0,100.0,0,0,48.76,REGEN,-350.0
674,22.461,1413.737,115.504,0.0,100.0,0,0,49.05,REGEN,-350.0
675,22.4943,1414.802,115.146,0.0,100.0,0,0,49.34,REGEN,-12.77
676,22.5276,1415.866,115.058,100.0,100.0,0,0,49.63,REGEN,572.2
677,22.5609,1416.931,114.97,100.0,0.0,0,0,49.52,DEPLOY,750.0
678,22.5943,1417.997,114.882,100.0,0.0,0,0,49.23,DEPLOY,750.0
679,22.6276,1419.068,115.085,100.0,0.0,0,0,48.93,DEPLOY,750.0
680,22.6609,1420.14,115.353,100.0,0.0,0,0,48.64,DEPLOY,750.0
681,22.6942,1421.221,115.828,100.0,0.0,0,0,48.34,DEPLOY,750.0
682,22.7276,1422.304,116.328,100.0,0.0,0,0,48.05,DEPLOY,750.0
683,22.7609,1423.398,116.959,100.0,0.0,0,0,47.76,DEPLOY,750.0
684,22.7942,1424.496,117.642,100.0,0.0,0,0,47.46,DEPLOY,750.0
685,22.8275,1425.604,118.464,100.0,0.0,0,0,47.16,DEPLOY,750.0
686,22.8609,1426.72,119.355,100.0,0.0,0,0,46.87,DEPLOY,750.0
687,22.8942,1427.845,120.326,100.0,0.0,0,0,46.57,DEPLOY,750.0
688,22.9275,1428.98,121.306,100.0,0.0,0,0,46.28,DEPLOY,750.0
689,22.9608,1430.12,122.29,100.0,0.0,0,0,45.98,DEPLOY,750.0
690,22.9942,1431.272,123.147,100.0,0.0,0,0,45.69,DEPLOY,750.0
691,23.0275,1432.429,123.995,100.0,0.0,0,0,45.39,DEPLOY,750.0
692,23.0608,1433.6,124.847,100.0,0.0,0,0,45.1,DEPLOY,750.0
693,23.0941,1434.786,126.053,100.0,0.0,0,0,44.8,DEPLOY,750.0
694,23.1275,1435.985,127.627,100.0,0.0,0,0,44.5,DEPLOY,750.0
695,23.1608,1437.212,129.632,100.0,0.0,0,0,44.2,DEPLOY,750.0
696,23.1941,1438.449,131.751,100.0,0.0,0,0,43.9,DEPLOY,750.0
697,23.2274,1439.711,133.965,100.0,0.0,0,0,43.6,DEPLOY,750.0
698,23.2608,1440.986,135.964,100.0,0.0,0,0,43.3,DEPLOY,750.0
699,23.2941,1442.27,137.787,100.0,0.0,0,0,43.01,DEPLOY,750.0
700,23.3274,1443.568,138.909,100.0,0.0,0,0,42.71,DEPLOY,750.0
701,23.3607,1444.876,140.017,100.0,0.0,0,0,42.42,DEPLOY,750.0
702,23.3941,1446.192,141.113,100.0,0.0,0,0,42.12,DEPLOY,750.0
703,23.4274,1447.533,142.6,100.0,0.0,0,0,41.83,DEPLOY,750.0
704,23.4607,1448.885,144.339,100.0,0.0,0,0,41.53,DEPLOY,750.0
705,23.494,1450.25,146.309,100.0,0.0,0,0,41.23,DEPLOY,721.86
706,23.5274,1451.611,147.892,0.0,0.0,0,0,40.94,DEPLOY,-26.54
707,23.5607,1452.953,147.392,0.0,100.0,0,0,40.98,REGEN,-350.0
708,23.594,1454.28,145.286,0.0,100.0,0,0,41.26,REGEN,-350.0
709,23.6273,1455.575,142.863,0.0,100.0,0,0,41.55,REGEN,-350.0
710,23.6607,1456.852,140.484,0.0,100.0,0,0,41.83,REGEN,-350.0
711,23.694,1458.112,138.145,0.0,100.0,0,0,42.11,REGEN,-350.0
712,23.7273,1459.342,135.908,0.0,100.0,0,0,42.4,REGEN,-350.0
713,23.7606,1460.559,133.713,0.0,100.0,0,0,42.68,REGEN,-350.0
714,23.794,1461.754,131.6,0.0,100.0,0,0,42.97,REGEN,-350.0
715,23.8273,1462.93,129.56,0.0,100.0,0,0,43.25,REGEN,-350.0
716,23.8606,1464.093,127.563,0.0,100.0,0,0,43.53,REGEN,-350.0
717,23.8939,1465.23,125.673,0.0,100.0,0,0,43.82,REGEN,-350.0
718,23.9273,1466.359,123.81,0.0,100.0,0,0,44.1,REGEN,-350.0
719,23.9606,1467.464,122.048,0.0,100.0,0,0,44.39,REGEN,-350.0
720,23.9939,1468.56,120.331,0.0,100.0,0,0,44.67,REGEN,-350.0
721,24.0272,1469.638,118.705,0.0,100.0,0,0,44.95,REGEN,-350.0
722,24.0606,1470.704,117.156,0.0,100.0,0,0,45.24,REGEN,-350.0
723,24.0939,1471.758,115.692,0.0,100.0,0,0,45.52,REGEN,-350.0
724,24.1272,1472.798,114.321,0.0,100.0,0,0,45.81,REGEN,-350.0
725,24.1605,1473.828,113.017,0.0,100.0,0,0,46.09,REGEN,-350.0
726,24.1939,1474.842,111.725,0.0,100.0,0,0,46.38,REGEN,-350.0
727,24.2272,1475.848,110.441,0.0,100.0,0,0,46.66,REGEN,-350.0
728,24.2605,1476.837,109.128,0.0,100.0,0,0,46.95,REGEN,-350.0
729,24.2938,1477.818,107.799,0.0,100.0,0,0,47.23,REGEN,-350.0
730,24.3272,1478.785,106.502,0.0,100.0,0,0,47.52,REGEN,-350.0
731,24.3605,1479.745,105.223,0.0,100.0,0,0,47.8,REGEN,-350.0
732,24.3938,1480.699,104.131,0.0,100.0,0,0,48.09,REGEN,-350.0
733,24.4271,1481.649,103.21,0.0,100.0,0,0,48.38,REGEN,-350.0
734,24.4605,1482.599,102.64,0.0,100.0,0,0,48.67,REGEN,-134.36
735,24.4938,1483.547,102.571,100.0,100.0,0,0,48.96,REGEN,387.21
736,24.5271,1484.499,102.501,100.0,0.0,0,0,49.07,DEPLOY,750.0
737,24.5604,1485.457,102.43,100.0,0.0,0,0,48.78,DEPLOY,750.0
738,24.5938,1486.422,102.635,100.0,0.0,0,0,48.48,DEPLOY,750.0
739,24.6271,1487.408,103.83,100.0,0.0,0,0,48.18,DEPLOY,750.0
740,24.6604,1488.399,105.123,100.0,0.0,0,0,47.88,DEPLOY,750.0
741,24.6937,1489.417,106.839,100.0,0.0,0,0,47.58,DEPLOY,750.0
742,24.7271,1490.441,108.574,100.0,0.0,0,0,47.28,DEPLOY,750.0
743,24.7604,1491.489,110.372,100.0,0.0,0,0,46.98,DEPLOY,750.0
744,24.7937,1492.547,112.157,100.0,0.0,0,0,46.68,DEPLOY,750.0
745,24.827,1493.625,113.913,100.0,0.0,0,0,46.38,DEPLOY,750.0
746,24.8604,1494.716,115.666,100.0,0.0,0,0,46.08,DEPLOY,750.0
747,24.8937,1495.823,117.416,100.0,0.0,0,0,45.78,DEPLOY,750.0
748,24.927,1496.949,119.186,100.0,0.0,0,0,45.48,DEPLOY,750.0
749,24.9603,1498.085,120.967,100.0,0.0,0,0,45.18,DEPLOY,750.0
750,24.9937,1499.245,122.765,100.0,0.0,0,0,44.88,DEPLOY,750.0
751,25.027,1500.414,124.553,100.0,0.0,0,0,44.58,DEPLOY,750.0
752,25.0603,1501.603,126.28,100.0,0.0,0,0,44.29,DEPLOY,750.0
753,25.0936,1502.804,127.95,100.0,0.0,0,0,43.99,DEPLOY,750.0
754,25.127,1504.016,129.557,100.0,0.0,0,0,43.69,DEPLOY,750.0
755,25.1603,1505.247,131.048,100.0,0.0,0,0,43.39,DEPLOY,750.0
756,25.1936,1506.484,132.484,100.0,0.0,0,0,43.1,DEPLOY,750.0
757,25.2269,1507.736,133.803,100.0,0.0,0,0,42.8,DEPLOY,750.0
758,25.2603,1508.997,135.014,100.0,0.0,0,0,42.51,DEPLOY,750.0
759,25.2936,1510.264,136.152,100.0,0.0,0,0,42.21,DEPLOY,750.0
760,25.3269,1511.545,137.141,100.0,0.0,0,0,41.92,DEPLOY,750.0
761,25.3602,1512.832,138.096,100.0,0.0,0,0,41.62,DEPLOY,750.0
762,25.3936,1514.126,139.012,100.0,0.0,0,0,41.33,DEPLOY,750.0
763,25.4269,1515.432,139.881,100.0,0.0,0,0,41.03,DEPLOY,750.0
764,25.4602,1516.746,140.833,100.0,0.0,0,0,40.74,DEPLOY,750.0
765,25.4935,1518.071,141.914,100.0,0.0,0,0,40.44,DEPLOY,750.0
766,25.5269,1519.414,143.302,100.0,0.0,0,0,40.15,DEPLOY,750.0
767,25.5602,1520.77,144.829,100.0,0.0,0,0,39.85,DEPLOY,750.0
768,25.5935,1522.139,146.507,100.0,0.0,0,0,39.55,DEPLOY,750.0
769,25.6268,1523.531,148.298,100.0,0.0,0,0,39.26,DEPLOY,750.0
770,25.6602,1524.937,150.134,100.0,0.0,0,0,38.96,DEPLOY,750.0
771,25.6935,1526.357,152.02,100.0,0.0,0,0,38.66,DEPLOY,750.0
772,25.7268,1527.802,154.017,100.0,0.0,0,0,38.37,DEPLOY,750.0
773,25.7601,1529.266,156.177,100.0,0.0,0,0,38.07,DEPLOY,750.0
774,25.7935,1530.747,158.335,100.0,0.0,0,0,37.77,DEPLOY,750.0
775,25.8268,1532.245,160.371,100.0,0.0,0,0,37.48,DEPLOY,750.0
776,25.8601,1533.767,162.497,100.0,0.0,0,0,37.18,DEPLOY,750.0
777,25.8934,1535.308,164.62,100.0,0.0,0,0,36.88,DEPLOY,750.0
778,25.9268,1536.866,166.74,100.0,0.0,0,0,36.59,DEPLOY,750.0
779,25.9601,1538.442,168.858,100.0,0.0,0,0,36.29,DEPLOY,750.0
780,25.9934,1540.04,171.003,100.0,0.0,0,0,35.99,DEPLOY,750.0
781,26.0267,1541.66,173.193,100.0,0.0,0,0,35.7,DEPLOY,750.0
782,26.0601,1543.299,175.416,100.0,0.0,0,0,35.4,DEPLOY,750.0
783,26.0934,1544.958,177.656,100.0,0.0,0,0,35.11,DEPLOY,750.0
784,26.1267,1546.636,179.904,100.0,0.0,0,0,34.81,DEPLOY,750.0
785,26.16,1548.335,182.15,100.0,0.0,0,0,34.51,DEPLOY,750.0
786,26.1934,1550.055,184.363,100.0,0.0,0,0,34.22,DEPLOY,750.0
787,26.2267,1551.795,186.542,100.0,0.0,0,0,33.92,DEPLOY,750.0
788,26.26,1553.555,188.69,100.0,0.0,0,0,33.63,DEPLOY,750.0
789,26.2933,1555.334,190.808,100.0,0.0,0,0,33.33,DEPLOY,750.0
790,26.3267,1557.131,192.897,100.0,0.0,0,0,33.04,DEPLOY,750.0
791,26.36,1558.946,194.958,100.0,0.0,0,0,32.74,DEPLOY,750.0
792,26.3933,1560.78,196.991,100.0,0.0,0,0,32.45,DEPLOY,750.0
793,26.4266,1562.633,198.998,100.0,0.0,0,0,32.15,DEPLOY,750.0
794,26.46,1564.503,200.979,100.0,0.0,0,0,31.86,DEPLOY,750.0
795,26.4933,1566.391,202.934,100.0,0.0,0,0,31.56,DEPLOY,750.0
796,26.5266,1568.296,204.865,100.0,0.0,0,0,31.27,DEPLOY,750.0
797,26.5599,1570.219,206.773,100.0,0.0,0,0,30.97,DEPLOY,750.0
798,26.5933,1572.16,208.656,100.0,0.0,0,0,30.68,DEPLOY,750.0
799,26.6266,1574.118,210.517,100.0,0.0,0,0,30.39,DEPLOY,750.0
800,26.6599,1576.092,212.357,100.0,0.0,0,0,30.09,DEPLOY,750.0
801,26.6932,1578.076,214.169,100.0,0.0,0,0,29.8,DEPLOY,192.94
802,26.7266,1580.063,214.492,100.0,0.0,0,0,29.97,SUPERCLIP,150.0
803,26.7599,1582.058,214.699,100.0,0.0,0,0,30.18,SUPERCLIP,701.48
804,26.7932,1584.062,216.356,100.0,0.0,0,0,29.93,DEPLOY,197.27
805,26.8265,1586.076,216.681,100.0,0.0,0,0,30.1,SUPERCLIP,706.68
806,26.8599,1588.098,218.333,100.0,0.0,0,0,29.84,DEPLOY,186.66
807,26.8932,1590.129,218.621,100.0,0.0,0,0,30.02,SUPERCLIP,722.66
808,26.9265,1592.169,220.294,100.0,0.0,0,0,29.75,DEPLOY,165.34
809,26.9598,1594.211,220.519,100.0,0.0,0,0,29.95,SUPERCLIP,150.0
810,26.9932,1596.262,220.735,100.0,0.0,0,0,30.14,DEPLOY,737.52
811,27.0265,1598.322,222.38,100.0,0.0,0,0,29.88,SUPERCLIP,180.35
812,27.0598,1600.39,222.684,100.0,0.0,0,0,30.04,DEPLOY,699.18
813,27.0931,1602.467,224.204,100.0,0.0,0,0,29.81,SUPERCLIP,150.0
814,27.1265,1604.545,224.377,100.0,0.0,0,0,30.02,SUPERCLIP,247.26
815,27.1598,1606.633,224.845,100.0,0.0,0,0,30.13,DEPLOY,626.58
816,27.1931,1608.729,226.16,100.0,0.0,0,0,29.96,SUPERCLIP,302.14
817,27.2264,1610.833,226.76,100.0,0.0,0,0,30.02,DEPLOY,566.62
818,27.2598,1612.945,227.909,100.0,0.0,0,0,29.9,SUPERCLIP,367.12
819,27.2931,1615.066,228.659,100.0,0.0,0,0,29.91,DEPLOY,496.64
820,27.3264,1617.193,229.623,100.0,0.0,0,0,29.85,SUPERCLIP,150.0
821,27.3597,1619.323,229.776,100.0,0.0,0,0,30.05,SUPERCLIP,480.43
822,27.3931,1621.463,230.783,100.0,0.0,0,0,29.97,DEPLOY,377.89
823,27.4264,1623.61,231.455,100.0,0.0,0,0,30.0,SUPERCLIP,566.23
824,27.4597,1625.765,232.648,100.0,0.0,0,0,29.85,DEPLOY,287.24
825,27.493,1627.923,233.101,100.0,0.0,0,0,29.96,SUPERCLIP,150.0
826,27.5264,1630.088,233.243,100.0,0.0,0,0,30.17,SUPERCLIP,709.67
827,27.5597,1632.261,234.72,100.0,0.0,0,0,29.91,SUPERCLIP,161.53
828,27.593,1634.443,235.001,100.0,0.0,0,0,30.07,DEPLOY,684.11
829,27.6263,1636.632,236.309,100.0,0.0,0,0,29.87,SUPERCLIP,272.59
830,27.6597,1638.829,236.833,100.0,0.0,0,0,29.94,DEPLOY,568.38
831,27.693,1641.031,237.868,100.0,0.0,0,0,29.84,SUPERCLIP,150.0
832,27.7263,1643.237,237.993,100.0,0.0,0,0,30.04,SUPERCLIP,454.15
833,27.7596,1645.451,238.905,100.0,0.0,0,0,29.97,DEPLOY,381.72
834,27.793,1647.673,239.522,100.0,0.0,0,0,30.01,SUPERCLIP,584.69
835,27.8263,1649.902,240.705,100.0,0.0,0,0,29.84,DEPLOY,246.65
836,27.8596,1652.133,241.024,100.0,0.0,0,0,29.98,SUPERCLIP,150.0
837,27.8929,1654.372,241.231,100.0,0.0,0,0,30.15,DEPLOY,705.71
838,27.9263,1656.618,242.502,100.0,0.0,0,0,29.95,SUPERCLIP,268.13
839,27.9596,1658.872,243.011,100.0,0.0,0,0,30.01,DEPLOY,555.83
840,27.9929,1661.132,243.954,100.0,0.0,0,0,29.92,SUPERCLIP,422.4
841,28.0262,1663.401,244.777,100.0,0.0,0,0,29.87,DEPLOY,397.19
842,28.0596,1665.672,245.381,100.0,0.0,0,0,29.9,SUPERCLIP,150.0
843,28.0929,1667.949,245.481,100.0,0.0,0,0,30.11,SUPERCLIP,667.35
844,28.1262,1670.233,246.786,100.0,0.0,0,0,29.88,SUPERCLIP,152.54
845,28.1595,1672.525,247.06,100.0,0.0,0,0,30.02,DEPLOY,659.91
846,28.1929,1674.823,248.167,100.0,0.0,0,0,29.86,SUPERCLIP,150.0
847,28.2262,1677.124,248.257,100.0,0.0,0,0,30.07,SUPERCLIP,419.45
848,28.2595,1679.431,249.058,100.0,0.0,0,0,30.01,DEPLOY,388.33
849,28.2928,1681.746,249.613,100.0,0.0,0,0,30.05,SUPERCLIP,605.97
850,28.3262,1684.067,250.773,100.0,0.0,0,0,29.86,DEPLOY,197.67
851,28.3595,1686.396,251.045,100.0,0.0,0,0,30.0,DEPLOY,699.12
852,28.3928,1688.73,252.181,100.0,0.0,0,0,29.82,SUPERCLIP,150.0
853,28.4261,1691.068,252.258,100.0,0.0,0,0,30.02,SUPERCLIP,402.4
854,28.4595,1693.412,253.011,100.0,0.0,0,0,29.98,DEPLOY,394.44
855,28.4928,1695.762,253.55,100.0,0.0,0,0,30.01,SUPERCLIP,610.74
856,28.5261,1698.12,254.693,100.0,0.0,0,0,29.82,DEPLOY,182.09
857,28.5594,1700.479,254.821,100.0,0.0,0,0,30.01,SUPERCLIP,225.76
858,28.5928,1702.846,255.235,100.0,0.0,0,0,30.08,DEPLOY,564.41
859,28.6261,1705.218,256.074,100.0,0.0,0,0,30.0,SUPERCLIP,447.39
860,28.6594,1707.598,256.897,100.0,0.0,0,0,29.92,DEPLOY,338.86
861,28.6927,1709.983,257.306,100.0,0.0,0,0,30.0,SUPERCLIP,676.83
862,28.7261,1712.376,258.464,100.0,0.0,0,0,29.79,SUPERCLIP,150.0
863,28.7594,1714.77,258.519,100.0,0.0,0,0,30.0,SUPERCLIP,312.73
864,28.7927,1717.171,259.087,100.0,0.0,0,0,30.01,DEPLOY,467.07
865,28.826,1719.578,259.715,100.0,0.0,0,0,30.0,SUPERCLIP,555.02
866,28.8593,1721.991,260.717,100.0,0.0,0,0,29.84,DEPLOY,221.01
867,28.8927,1724.407,260.892,100.0,0.0,0,0,30.0,SUPERCLIP,203.62
868,28.926,1726.829,261.26,100.0,0.0,0,0,30.08,DEPLOY,569.88
869,28.9593,1729.257,262.053,100.0,0.0,0,0,30.0,SUPERCLIP,458.48
870,28.9926,1731.691,262.871,100.0,0.0,0,0,29.91,DEPLOY,311.32
871,29.026,1734.131,263.196,100.0,0.0,0,0,30.01,SUPERCLIP,720.72
872,29.0593,1736.578,264.285,100.0,0.0,0,0,29.81,SUPERCLIP,150.0
873,29.0926,1739.026,264.32,100.0,0.0,0,0,30.02,SUPERCLIP,389.09
874,29.1259,1741.481,265.007,100.0,0.0,0,0,29.97,DEPLOY,374.61
875,29.1593,1743.941,265.43,100.0,0.0,0,0,30.03,SUPERCLIP,663.49
876,29.1926,1746.407,266.494,100.0,0.0,0,0,29.83,SUPERCLIP,150.0
877,29.2259,1748.876,266.522,100.0,0.0,0,0,30.04,SUPERCLIP,343.88
878,29.2592,1751.35,267.124,100.0,0.0,0,0,30.02,DEPLOY,413.84
879,29.2926,1753.831,267.6,100.0,0.0,0,0,30.05,SUPERCLIP,630.19
880,29.3259,1756.317,268.641,100.0,0.0,0,0,29.86,SUPERCLIP,176.02
881,29.3592,1758.81,268.954,100.0,0.0,0,0,29.95,DEPLOY,576.19
882,29.3925,1761.306,269.69,100.0,0.0,0,0,29.87,SUPERCLIP,150.0
883,29.4259,1763.806,269.707,100.0,0.0,0,0,30.08,SUPERCLIP,622.57
884,29.4592,1766.311,270.725,100.0,0.0,0,0,29.89,SUPERCLIP,174.17
885,29.4925,1768.823,271.033,100.0,0.0,0,0,29.98,DEPLOY,572.3
886,29.5258,1771.339,271.744,100.0,0.0,0,0,29.91,SUPERCLIP,150.0
887,29.5592,1773.857,271.755,100.0,0.0,0,0,30.12,SUPERCLIP,637.85
888,29.5925,1776.382,272.75,100.0,0.0,0,0,29.93,SUPERCLIP,195.14
889,29.6258,1778.912,273.091,100.0,0.0,0,0,30.0,DEPLOY,545.71
890,29.6591,1781.449,273.741,100.0,0.0,0,0,29.95,SUPERCLIP,515.09
891,29.6925,1783.99,274.599,100.0,0.0,0,0,29.81,DEPLOY,222.46
892,29.7258,1786.534,274.717,100.0,0.0,0,0,29.98,SUPERCLIP,240.56
893,29.7591,1789.083,275.128,100.0,0.0,0,0,30.02,DEPLOY,494.79
894,29.7924,1791.637,275.681,100.0,0.0,0,0,30.0,SUPERCLIP,571.48
895,29.8258,1794.197,276.619,100.0,0.0,0,0,29.82,DEPLOY,160.64
896,29.8591,1796.758,276.63,100.0,0.0,0,0,30.03,SUPERCLIP,307.81
897,29.8924,1799.325,277.144,100.0,0.0,0,0,30.02,DEPLOY,422.16
898,29.9257,1801.898,277.568,100.0,0.0,0,0,30.05,SUPERCLIP,649.46
899,29.9591,1804.476,278.503,100.0,0.0,0,0,29.87,SUPERCLIP,222.78
900,29.9924,1807.059,278.879,100.0,0.0,0,0,29.92,DEPLOY,502.17
901,30.0257,1809.646,279.416,100.0,0.0,0,0,29.9,SUPERCLIP,150.0
902,30.059,1812.235,279.402,100.0,0.0,0,0,30.11,DEPLOY,749.41
903,30.0924,1814.831,280.317,100.0,0.0,0,0,29.93,SUPERCLIP,329.28
904,30.1257,1817.432,280.854,100.0,0.0,0,0,29.91,DEPLOY,390.49
905,30.159,1820.035,281.205,100.0,0.0,0,0,29.97,SUPERCLIP,150.0
906,30.1923,1822.643,281.372,100.0,0.0,0,0,30.1,DEPLOY,627.45
907,30.2257,1825.255,282.082,100.0,0.0,0,0,30.0,SUPERCLIP,456.34
908,30.259,1827.873,282.808,100.0,0.0,0,0,29.9,DEPLOY,258.37
909,30.2923,1830.496,283.065,100.0,0.0,0,0,29.99,DEPLOY,671.47
910,30.3256,1833.124,283.828,100.0,0.0,0,0,29.86,SUPERCLIP,150.0
911,30.359,1835.753,283.798,100.0,0.0,0,0,30.07,SUPERCLIP,605.44
912,30.3923,1838.388,284.672,100.0,0.0,0,0,29.9,SUPERCLIP,195.76
913,30.4256,1841.028,284.995,100.0,0.0,0,0,29.96,DEPLOY,512.23
914,30.4589,1843.671,285.503,100.0,0.0,0,0,29.94,SUPERCLIP,150.0
915,30.4923,1846.317,285.504,100.0,0.0,0,0,30.13,DEPLOY,725.74
916,30.5256,1848.968,286.324,100.0,0.0,0,0,29.98,SUPERCLIP,369.67
917,30.5589,1851.624,286.903,100.0,0.0,0,0,29.92,DEPLOY,333.49
918,30.5922,1854.285,287.155,100.0,0.0,0,0,30.01,DEPLOY,735.21
919,30.6256,1856.951,287.975,100.0,0.0,0,0,29.85,SUPERCLIP,150.0
920,30.6589,1859.618,287.931,100.0,0.0,0,0,30.06,SUPERCLIP,564.6
921,30.6922,1862.291,288.765,100.0,0.0,0,0,29.89,SUPERCLIP,163.49
922,30.7255,1864.967,288.985,100.0,0.0,0,0,29.99,NORMAL,467.36
923,30.7589,1867.648,289.399,100.0,0.0,0,0,30.0,SUPERCLIP,502.75
924,30.7922,1870.332,290.075,100.0,0.0,0,0,29.9,SUPERCLIP,173.83
925,30.8255,1873.021,290.307,100.0,0.0,0,0,29.98,NORMAL,453.98
926,30.8588,1875.714,290.693,100.0,0.0,0,0,30.0,SUPERCLIP,519.13
927,30.8922,1878.411,291.358,100.0,0.0,0,0,29.9,SUPERCLIP,193.23
928,30.9255,1881.111,291.616,100.0,0.0,0,0,29.98,NORMAL,431.61
929,30.9588,1883.816,291.962,100.0,0.0,0,0,30.01,SUPERCLIP,544.47
930,30.9921,1886.524,292.616,100.0,0.0,0,0,29.91,SUPERCLIP,221.53
931,31.0255,1889.237,292.911,100.0,0.0,0,0,29.97,NORMAL,400.38
932,31.0588,1891.953,293.205,100.0,0.0,0,0,30.02,SUPERCLIP,578.61
933,31.0921,1894.673,293.849,100.0,0.0,0,0,29.92,SUPERCLIP,258.61
934,31.1254,1897.397,294.193,100.0,0.0,0,0,29.95,NORMAL,360.42
935,31.1588,1900.125,294.424,100.0,0.0,0,0,30.03,SUPERCLIP,621.44
936,31.1921,1902.856,295.058,100.0,0.0,0,0,29.94,SUPERCLIP,304.33
937,31.2254,1905.592,295.462,100.0,0.0,0,0,29.94,NORMAL,311.87
938,31.2587,1908.331,295.65,100.0,0.0,0,0,30.04,NORMAL,627.17
939,31.2921,1911.074,296.242,100.0,0.0,0,0,29.95,SUPERCLIP,358.56
940,31.3254,1913.82,296.717,100.0,0.0,0,0,29.92,NORMAL,254.85
941,31.3587,1916.571,296.903,100.0,0.0,0,0,30.02,NORMAL,567.32
942,31.392,1919.325,297.403,100.0,0.0,0,0,29.97,SUPERCLIP,421.17
943,31.4254,1922.082,297.96,100.0,0.0,0,0,29.9,NORMAL,189.5
944,31.4587,1924.844,298.143,100.0,0.0,0,0,30.0,NORMAL,499.17
945,31.492,1927.609,298.542,100.0,0.0,0,0,29.99,SUPERCLIP,492.03
946,31.5253,1930.377,299.143,100.0,0.0,0,0,29.9,SUPERCLIP,184.1
947,31.5587,1933.149,299.37,100.0,0.0,0,0,29.97,NORMAL,422.85
948,31.592,1935.925,299.658,100.0,0.0,0,0,30.02,SUPERCLIP,571.02
949,31.6253,1938.704,300.25,100.0,0.0,0,0,29.93,SUPERCLIP,265.82
950,31.6586,1941.487,300.585,100.0,0.0,0,0,29.95,NORMAL,338.49
951,31.692,1944.274,300.763,100.0,0.0,0,0,30.04,NORMAL,641.98
952,31.7253,1947.064,301.336,100.0,0.0,0,0,29.95,SUPERCLIP,355.51
953,31.7586,1949.857,301.787,100.0,0.0,0,0,29.92,NORMAL,246.2
954,31.7919,1952.654,301.962,100.0,0.0,0,0,30.01,NORMAL,547.01
955,31.8253,1955.454,302.4,100.0,0.0,0,0,29.98,SUPERCLIP,453.05
956,31.8586,1958.258,302.971,100.0,0.0,0,0,29.89,SUPERCLIP,153.91
957,31.8919,1961.065,303.149,100.0,0.0,0,0,29.98,NORMAL,444.28
958,31.9252,1963.876,303.443,100.0,0.0,0,0,30.01,SUPERCLIP,558.32
959,31.9586,1966.69,304.006,100.0,0.0,0,0,29.93,SUPERCLIP,261.79
960,31.9919,1969.507,304.323,100.0,0.0,0,0,29.95,NORMAL,333.89
961,32.0252,1972.324,304.493,100.0,0.0,0,0,30.03,NORMAL,609.38
962,32.0585,1974.994,295.289,100.0,100.0,0,0,29.97,REGEN,25.3
963,32.0919,1977.582,279.551,100.0,0.0,0,0,30.0,NORMAL,315.29
964,32.1252,1980.175,279.793,100.0,0.0,0,0,30.1,SUPERCLIP,632.84
965,32.1585,1982.773,280.551,100.0,0.0,0,0,29.99,SUPERCLIP,282.2
966,32.1918,1985.374,280.968,100.0,0.0,0,0,30.02,NORMAL,367.36
967,32.2252,1987.981,281.282,100.0,0.0,0,0,30.09,SUPERCLIP,584.14
968,32.2585,1990.589,282.028,100.0,0.0,0,0,29.98,SUPERCLIP,63.78
969,32.2918,1993.178,280.623,0.0,100.0,0,0,30.21,REGEN,-350.0
970,32.3251,1995.742,277.786,0.0,100.0,0,0,30.5,REGEN,-350.0
971,32.3585,1998.277,274.652,0.0,100.0,0,0,30.79,REGEN,-350.0
972,32.3918,2000.777,271.314,0.0,100.0,0,0,31.08,REGEN,-350.0
973,32.4251,2003.248,268.016,0.0,100.0,0,0,31.37,REGEN,-350.0
974,32.4584,2005.69,264.764,0.0,100.0,0,0,31.66,REGEN,-350.0
975,32.4918,2008.103,261.57,0.0,100.0,0,0,31.95,REGEN,-350.0
976,32.5251,2010.486,258.462,0.0,100.0,0,0,32.23,REGEN,-350.0
977,32.5584,2012.841,255.507,0.0,100.0,0,0,32.52,REGEN,-350.0
978,32.5917,2015.172,252.763,0.0,100.0,0,0,32.81,REGEN,-350.0
979,32.6251,2017.48,250.231,0.0,100.0,0,0,33.1,REGEN,-350.0
980,32.6584,2019.768,247.894,0.0,100.0,0,0,33.39,REGEN,-350.0
981,32.6917,2022.037,245.784,0.0,100.0,0,0,33.68,REGEN,-350.0
982,32.725,2024.284,243.954,0.0,100.0,0,0,33.97,REGEN,-350.0
983,32.7584,2026.501,240.815,0.0,100.0,0,0,34.26,REGEN,-350.0
984,32.7917,2028.692,237.87,0.0,100.0,0,0,34.55,REGEN,-350.0
985,32.825,2030.857,235.099,0.0,100.0,0,0,34.83,REGEN,-350.0
986,32.8583,2032.999,232.497,0.0,100.0,0,0,35.12,REGEN,-350.0
987,32.8917,2035.119,230.05,0.0,100.0,0,0,35.41,REGEN,-350.0
988,32.925,2037.218,227.753,0.0,100.0,0,0,35.7,REGEN,-350.0
989,32.9583,2039.298,225.596,0.0,100.0,0,0,35.99,REGEN,-350.0
990,32.9916,2041.359,223.566,0.0,100.0,0,0,36.28,REGEN,-350.0
991,33.025,2043.402,221.659,0.0,100.0,0,0,36.57,REGEN,-350.0
992,33.0583,2045.43,219.861,0.0,100.0,0,0,36.86,REGEN,-350.0
993,33.0916,2047.441,218.159,0.0,100.0,0,0,37.15,REGEN,-350.0
994,33.1249,2049.435,216.396,0.0,100.0,0,0,37.44,REGEN,-350.0
995,33.1583,2051.408,214.386,0.0,100.0,0,0,37.72,REGEN,-350.0
996,33.1916,2053.36,212.116,0.0,100.0,0,0,38.01,REGEN,-350.0
997,33.2249,2055.287,209.645,0.0,100.0,0,0,38.3,REGEN,-350.0
998,33.2582,2057.189,207.02,0.0,100.0,0,0,38.59,REGEN,-350.0
999,33.2916,2059.066,204.288,0.0,100.0,0,0,38.88,REGEN,-350.0
1000,33.3249,2060.916,201.52,0.0,100.0,0,0,39.16,REGEN,-350.0
1001,33.3582,2062.742,198.782,0.0,100.0,0,0,39.45,REGEN,-350.0
1002,33.3915,2064.543,196.084,0.0,100.0,0,0,39.74,REGEN,-350.0
1003,33.4249,2066.319,193.425,0.0,100.0,0,0,40.02,REGEN,-350.0
1004,33.4582,2068.069,190.809,0.0,100.0,0,0,40.31,REGEN,-350.0
1005,33.4915,2069.794,188.231,0.0,100.0,0,0,40.6,REGEN,-350.0
1006,33.5248,2071.496,185.692,0.0,100.0,0,0,40.89,REGEN,-350.0
1007,33.5582,2073.176,183.193,0.0,100.0,0,0,41.17,REGEN,-350.0
1008,33.5915,2074.833,180.733,0.0,100.0,0,0,41.46,REGEN,-350.0
1009,33.6248,2076.47,178.311,0.0,100.0,0,0,41.75,REGEN,-350.0
1010,33.6581,2078.082,175.937,0.0,100.0,0,0,42.03,REGEN,-350.0
1011,33.6915,2079.671,173.612,0.0,100.0,0,0,42.32,REGEN,-350.0
1012,33.7248,2081.24,171.328,0.0,100.0,0,0,42.61,REGEN,-350.0
1013,33.7581,2082.79,169.086,0.0,100.0,0,0,42.89,REGEN,-350.0
1014,33.7914,2084.321,166.885,0.0,100.0,0,0,43.18,REGEN,-350.0
1015,33.8248,2085.827,164.74,0.0,100.0,0,0,43.47,REGEN,-350.0
1016,33.8581,2087.315,162.639,0.0,100.0,0,0,43.75,REGEN,-350.0
1017,33.8914,2088.786,160.579,0.0,100.0,0,0,44.04,REGEN,-350.0
1018,33.9247,2090.241,158.559,0.0,100.0,0,0,44.33,REGEN,-350.0
1019,33.9581,2091.671,156.601,0.0,100.0,0,0,44.61,REGEN,-350.0
1020,33.9914,2093.086,154.683,0.0,100.0,0,0,44.9,REGEN,-350.0
1021,34.0247,2094.487,152.803,0.0,100.0,0,0,45.19,REGEN,-350.0
1022,34.058,2095.868,150.978,0.0,100.0,0,0,45.47,REGEN,-350.0
1023,34.0914,2097.232,149.203,0.0,100.0,0,0,45.76,REGEN,-350.0
1024,34.1247,2098.584,147.464,0.0,100.0,0,0,46.05,REGEN,-350.0
1025,34.158,2099.918,145.78,0.0,100.0,0,0,46.33,REGEN,-350.0
1026,34.1913,2101.235,144.152,0.0,100.0,0,0,46.62,REGEN,-350.0
1027,34.2247,2102.542,142.559,0.0,100.0,0,0,46.91,REGEN,-350.0
1028,34.258,2103.833,141.029,0.0,100.0,0,0,47.19,REGEN,-350.0
1029,34.2913,2105.109,139.559,0.0,100.0,0,0,47.48,REGEN,-350.0
1030,34.3246,2106.377,138.127,0.0,100.0,0,0,47.77,REGEN,-350.0
1031,34.358,2107.627,136.775,0.0,100.0,0,0,48.05,REGEN,-350.0
1032,34.3913,2108.868,135.467,0.0,100.0,0,0,48.34,REGEN,-350.0
1033,34.4246,2110.1,134.202,0.0,100.0,0,0,48.63,REGEN,-350.0
1034,34.4579,2111.317,133.016,0.0,100.0,0,0,48.91,REGEN,-350.0
1035,34.4913,2112.528,131.862,0.0,100.0,0,0,49.2,REGEN,-350.0
1036,34.5246,2113.726,130.775,0.0,100.0,0,0,49.49,REGEN,-350.0
1037,34.5579,2114.916,129.733,0.0,100.0,0,0,49.78,REGEN,-350.0
1038,34.5912,2116.099,128.727,0.0,100.0,0,0,50.07,REGEN,-350.0
1039,34.6246,2117.27,127.797,0.0,100.0,0,0,50.35,REGEN,-350.0
1040,34.6579,2118.437,126.891,0.0,100.0,0,0,50.64,REGEN,-350.0
1041,34.6912,2119.593,126.048,0.0,100.0,0,0,50.93,REGEN,-350.0
1042,34.7245,2120.744,125.237,0.0,100.0,0,0,51.22,REGEN,-350.0
1043,34.7579,2121.888,124.471,0.0,100.0,0,0,51.51,REGEN,-350.0
1044,34.7912,2123.025,123.759,0.0,100.0,0,0,51.8,REGEN,-350.0
1045,34.8245,2124.159,123.073,0.0,100.0,0,0,52.09,REGEN,-350.0
1046,34.8578,2125.283,122.433,0.0,100.0,0,0,52.37,REGEN,-350.0
1047,34.8912,2126.406,121.808,0.0,100.0,0,0,52.66,REGEN,-350.0
1048,34.9245,2127.52,121.243,0.0,100.0,0,0,52.95,REGEN,-350.0
1049,34.9578,2128.633,120.702,0.0,100.0,0,0,53.24,REGEN,-350.0
1050,34.9911,2129.743,120.208,0.0,100.0,0,0,53.53,REGEN,-350.0
1051,35.0245,2130.853,119.926,0.0,100.0,0,0,53.82,REGEN,-350.0
1052,35.0578,2131.962,119.83,0.0,100.0,0,0,54.11,REGEN,-350.0
1053,35.0911,2133.07,119.799,100.0,100.0,0,0,54.41,REGEN,93.02
1054,35.1244,2134.178,119.791,100.0,100.0,0,0,54.7,REGEN,702.27
1055,35.1578,2135.29,119.702,100.0,0.0,0,0,54.45,DEPLOY,750.0
1056,35.1911,2136.404,119.694,100.0,0.0,0,0,54.16,DEPLOY,750.0
1057,35.2244,2137.528,120.314,100.0,0.0,0,0,53.86,DEPLOY,750.0
1058,35.2577,2138.658,121.016,100.0,0.0,0,0,53.57,DEPLOY,750.0
1059,35.2911,2139.798,121.872,100.0,0.0,0,0,53.27,DEPLOY,750.0
1060,35.3244,2140.948,122.828,100.0,0.0,0,0,52.98,DEPLOY,750.0
1061,35.3577,2142.105,123.854,100.0,0.0,0,0,52.68,DEPLOY,750.0
1062,35.391,2143.278,125.002,100.0,0.0,0,0,52.38,DEPLOY,750.0
1063,35.4244,2144.458,126.192,100.0,0.0,0,0,52.09,DEPLOY,750.0
1064,35.4577,2145.655,127.492,100.0,0.0,0,0,51.79,DEPLOY,750.0
1065,35.491,2146.864,128.865,100.0,0.0,0,0,51.49,DEPLOY,750.0
1066,35.5243,2148.084,130.313,100.0,0.0,0,0,51.2,DEPLOY,750.0
1067,35.5577,2149.325,131.879,100.0,0.0,0,0,50.9,DEPLOY,750.0
1068,35.591,2150.575,133.49,100.0,0.0,0,0,50.6,DEPLOY,750.0
1069,35.6243,2151.844,135.174,100.0,0.0,0,0,50.3,DEPLOY,750.0
1070,35.6576,2153.13,136.89,100.0,0.0,0,0,50.01,DEPLOY,750.0
1071,35.691,2154.427,138.633,100.0,0.0,0,0,49.71,DEPLOY,750.0
1072,35.7243,2155.748,140.448,100.0,0.0,0,0,49.41,DEPLOY,750.0
1073,35.7576,2157.086,142.425,100.0,0.0,0,0,49.11,DEPLOY,750.0
1074,35.7909,2158.438,144.497,100.0,0.0,0,0,48.82,DEPLOY,750.0
1075,35.8243,2159.814,146.508,100.0,0.0,0,0,48.52,DEPLOY,750.0
1076,35.8576,2161.21,148.58,100.0,0.0,0,0,48.22,DEPLOY,750.0
1077,35.8909,2162.619,150.73,100.0,0.0,0,0,47.92,DEPLOY,750.0
1078,35.9242,2164.042,153.021,100.0,0.0,0,0,47.63,DEPLOY,750.0
1079,35.9575,2165.454,153.756,100.0,0.0,0,0,47.34,DEPLOY,99.19
1080,35.9909,2166.852,153.052,0.0,100.0,0,0,47.29,REGEN,-350.0
1081,36.0242,2168.231,150.779,0.0,100.0,0,0,47.58,REGEN,-350.0
1082,36.0575,2169.581,148.522,0.0,100.0,0,0,47.86,REGEN,-350.0
1083,36.0908,2170.914,146.288,0.0,100.0,0,0,48.15,REGEN,-350.0
1084,36.1242,2172.232,144.077,0.0,100.0,0,0,48.43,REGEN,-350.0
1085,36.1575,2173.518,141.891,0.0,100.0,0,0,48.72,REGEN,-350.0
1086,36.1908,2174.791,139.725,0.0,100.0,0,0,49.0,REGEN,-350.0
1087,36.2241,2176.046,137.584,0.0,100.0,0,0,49.29,REGEN,-350.0
1088,36.2575,2177.272,135.511,0.0,100.0,0,0,49.57,REGEN,-350.0
1089,36.2908,2178.487,133.409,0.0,100.0,0,0,49.85,REGEN,-350.0
1090,36.3241,2179.672,131.108,0.0,100.0,0,0,50.14,REGEN,-350.0
1091,36.3574,2180.84,128.863,0.0,100.0,0,0,50.42,REGEN,-350.0
1092,36.3908,2181.991,126.673,0.0,100.0,0,0,50.7,REGEN,-350.0
1093,36.4241,2183.115,124.571,0.0,100.0,0,0,50.98,REGEN,-350.0
1094,36.4574,2184.232,122.497,0.0,100.0,0,0,51.27,REGEN,-350.0
1095,36.4907,2185.317,120.538,0.0,100.0,0,0,51.55,REGEN,-350.0
1096,36.5241,2186.397,118.598,0.0,100.0,0,0,51.83,REGEN,-350.0
1097,36.5574,2187.449,116.777,0.0,100.0,0,0,52.12,REGEN,-350.0
1098,36.5907,2188.496,114.986,0.0,100.0,0,0,52.4,REGEN,-350.0
1099,36.624,2189.519,113.307,0.0,100.0,0,0,52.68,REGEN,-350.0
1100,36.6574,2190.535,111.666,0.0,100.0,0,0,52.97,REGEN,-350.0
1101,36.6907,2191.53,110.135,0.0,100.0,0,0,53.25,REGEN,-350.0
1102,36.724,2192.52,108.646,0.0,100.0,0,0,53.54,REGEN,-350.0
1103,36.7573,2193.492,107.283,0.0,100.0,0,0,53.82,REGEN,-350.0
1104,36.7907,2194.459,105.957,0.0,100.0,0,0,54.1,REGEN,-350.0
1105,36.824,2195.409,104.789,0.0,100.0,0,0,54.39,REGEN,-350.0
1106,36.8573,2196.358,103.637,0.0,100.0,0,0,54.67,REGEN,-350.0
1107,36.8906,2197.291,102.655,0.0,100.0,0,0,54.96,REGEN,-350.0
1108,36.924,2198.223,101.674,0.0,100.0,0,0,55.25,REGEN,-350.0
1109,36.9573,2199.143,100.862,0.0,100.0,0,0,55.53,REGEN,-350.0
1110,36.9906,2200.062,100.06,0.0,100.0,0,0,55.82,REGEN,-350.0
1111,37.0239,2200.974,99.469,0.0,100.0,0,0,56.11,REGEN,-350.0
1112,37.0573,2201.883,98.942,0.0,100.0,0,0,56.4,REGEN,-350.0
1113,37.0906,2202.79,98.473,0.0,100.0,0,0,56.69,REGEN,-350.0
1114,37.1239,2203.694,98.049,0.0,100.0,0,0,56.98,REGEN,-350.0
1115,37.1572,2204.598,97.751,0.0,100.0,0,0,57.27,REGEN,-350.0
1116,37.1906,2205.502,97.688,0.0,100.0,0,0,57.56,REGEN,-350.0
1117,37.2239,2206.406,97.631,0.0,100.0,0,0,57.85,REGEN,-282.16
1118,37.2572,2207.309,97.617,100.0,100.0,0,0,58.14,REGEN,214.11
1119,37.2905,2208.211,97.603,100.0,100.0,0,0,58.43,REGEN,710.38
1120,37.3239,2209.118,97.544,100.0,0.0,0,0,58.19,DEPLOY,750.0
1121,37.3572,2210.024,97.48,100.0,0.0,0,0,57.89,DEPLOY,750.0
1122,37.3905,2210.937,97.763,100.0,0.0,0,0,57.6,DEPLOY,750.0
1123,37.4238,2211.853,98.185,100.0,0.0,0,0,57.31,DEPLOY,750.0
1124,37.4572,2212.774,98.642,100.0,0.0,0,0,57.01,DEPLOY,750.0
1125,37.4905,2213.7,99.129,100.0,0.0,0,0,56.72,DEPLOY,750.0
1126,37.5238,2214.631,99.647,100.0,0.0,0,0,56.42,DEPLOY,750.0
1127,37.5571,2215.569,100.219,100.0,0.0,0,0,56.13,DEPLOY,750.0
1128,37.5905,2216.51,100.807,100.0,0.0,0,0,55.83,DEPLOY,750.0
1129,37.6238,2217.461,101.443,100.0,0.0,0,0,55.53,DEPLOY,750.0
1130,37.6571,2218.414,102.091,100.0,0.0,0,0,55.24,DEPLOY,750.0
1131,37.6904,2219.379,102.809,100.0,0.0,0,0,54.94,DEPLOY,750.0
1132,37.7238,2220.346,103.532,100.0,0.0,0,0,54.65,DEPLOY,750.0
1133,37.7571,2221.327,104.34,100.0,0.0,0,0,54.35,DEPLOY,750.0
1134,37.7904,2222.309,105.149,100.0,0.0,0,0,54.05,DEPLOY,750.0
1135,37.8237,2223.308,106.034,100.0,0.0,0,0,53.76,DEPLOY,750.0
1136,37.8571,2224.306,106.92,100.0,0.0,0,0,53.46,DEPLOY,750.0
1137,37.8904,2225.323,107.887,100.0,0.0,0,0,53.16,DEPLOY,750.0
1138,37.9237,2226.34,108.858,100.0,0.0,0,0,52.87,DEPLOY,750.0
1139,37.957,2227.376,109.898,100.0,0.0,0,0,52.57,DEPLOY,750.0
1140,37.9904,2228.413,110.943,100.0,0.0,0,0,52.27,DEPLOY,750.0
1141,38.0237,2229.468,112.029,100.0,0.0,0,0,51.98,DEPLOY,750.0
1142,38.057,2230.527,113.123,100.0,0.0,0,0,51.68,DEPLOY,750.0
1143,38.0903,2231.601,114.245,100.0,0.0,0,0,51.38,DEPLOY,750.0
1144,38.1237,2232.682,115.379,100.0,0.0,0,0,51.09,DEPLOY,750.0
1145,38.157,2233.776,116.536,100.0,0.0,0,0,50.79,DEPLOY,750.0
1146,38.1903,2234.88,117.713,100.0,0.0,0,0,50.49,DEPLOY,750.0
1147,38.2236,2235.994,118.906,100.0,0.0,0,0,50.19,DEPLOY,750.0
1148,38.257,2237.122,120.127,100.0,0.0,0,0,49.9,DEPLOY,750.0
1149,38.2903,2238.256,121.359,100.0,0.0,0,0,49.6,DEPLOY,750.0
1150,38.3236,2239.41,122.623,100.0,0.0,0,0,49.3,DEPLOY,750.0
1151,38.3569,2240.569,123.897,100.0,0.0,0,0,49.01,DEPLOY,750.0
1152,38.3903,2241.744,125.196,100.0,0.0,0,0,48.71,DEPLOY,750.0
1153,38.4236,2242.93,126.518,100.0,0.0,0,0,48.41,DEPLOY,750.0
1154,38.4569,2244.126,127.859,100.0,0.0,0,0,48.12,DEPLOY,750.0
1155,38.4902,2245.341,129.26,100.0,0.0,0,0,47.82,DEPLOY,750.0
1156,38.5236,2246.56,130.683,100.0,0.0,0,0,47.52,DEPLOY,606.38
1157,38.5569,2247.782,132.15,0.0,0.0,0,0,47.23,DEPLOY,-65.55
1158,38.5902,2248.992,132.251,0.0,100.0,0,0,47.27,REGEN,-350.0
1159,38.6235,2250.193,131.35,0.0,100.0,0,0,47.56,REGEN,-350.0
1160,38.6569,2251.367,129.65,0.0,100.0,0,0,47.84,REGEN,-350.0
1161,38.6902,2252.532,127.843,0.0,100.0,0,0,48.13,REGEN,-350.0
1162,38.7235,2253.67,125.923,0.0,100.0,0,0,48.41,REGEN,-350.0
1163,38.7568,2254.792,123.913,0.0,100.0,0,0,48.69,REGEN,-350.0
1164,38.7902,2255.892,121.791,0.0,100.0,0,0,48.98,REGEN,-350.0
1165,38.8235,2256.968,119.607,0.0,100.0,0,0,49.26,REGEN,-350.0
1166,38.8568,2258.03,117.386,0.0,100.0,0,0,49.54,REGEN,-350.0
1167,38.8901,2259.067,115.255,0.0,100.0,0,0,49.82,REGEN,-350.0
1168,38.9235,2260.096,113.153,0.0,100.0,0,0,50.1,REGEN,-350.0
1169,38.9568,2261.114,111.449,0.0,100.0,0,0,50.39,REGEN,-350.0
1170,38.9901,2262.128,109.844,0.0,100.0,0,0,50.68,REGEN,-350.0
1171,39.0234,2263.141,109.5,100.0,100.0,0,0,50.97,REGEN,110.67
1172,39.0568,2264.153,109.421,100.0,100.0,0,0,51.26,REGEN,667.61
1173,39.0901,2265.177,109.341,100.0,0.0,0,0,51.05,DEPLOY,750.0
1174,39.1234,2266.203,109.26,100.0,0.0,0,0,50.75,DEPLOY,750.0
1175,39.1567,2267.258,110.801,100.0,0.0,0,0,50.45,DEPLOY,750.0
1176,39.1901,2268.318,112.522,100.0,0.0,0,0,50.15,DEPLOY,750.0
1177,39.2234,2269.411,114.626,100.0,0.0,0,0,49.85,DEPLOY,750.0
1178,39.2567,2270.509,116.692,100.0,0.0,0,0,49.55,DEPLOY,750.0
1179,39.29,2271.634,118.586,100.0,0.0,0,0,49.25,DEPLOY,750.0
1180,39.3234,2272.772,120.539,100.0,0.0,0,0,48.95,DEPLOY,750.0
1181,39.3567,2273.93,122.58,100.0,0.0,0,0,48.65,DEPLOY,750.0
1182,39.39,2275.109,124.735,100.0,0.0,0,0,48.35,DEPLOY,750.0
1183,39.4233,2276.297,126.945,100.0,0.0,0,0,48.05,DEPLOY,750.0
1184,39.4567,2277.513,128.667,100.0,0.0,0,0,47.75,DEPLOY,750.0
1185,39.49,2278.74,130.488,100.0,0.0,0,0,47.46,DEPLOY,750.0
1186,39.5233,2279.987,132.495,100.0,0.0,0,0,47.16,DEPLOY,750.0
1187,39.5566,2281.258,134.693,100.0,0.0,0,0,46.86,DEPLOY,750.0
1188,39.59,2282.542,136.918,100.0,0.0,0,0,46.56,DEPLOY,750.0
1189,39.6233,2283.851,138.967,100.0,0.0,0,0,46.26,DEPLOY,750.0
1190,39.6566,2285.18,141.174,100.0,0.0,0,0,45.96,DEPLOY,750.0
1191,39.6899,2286.525,143.458,100.0,0.0,0,0,45.66,DEPLOY,750.0
1192,39.7233,2287.895,145.704,100.0,0.0,0,0,45.37,DEPLOY,750.0
1193,39.7566,2289.286,147.999,100.0,0.0,0,0,45.07,DEPLOY,750.0
1194,39.7899,2290.692,150.252,100.0,0.0,0,0,44.77,DEPLOY,750.0
1195,39.8232,2292.119,152.336,100.0,0.0,0,0,44.47,DEPLOY,750.0
1196,39.8566,2293.569,154.478,100.0,0.0,0,0,44.18,DEPLOY,750.0
1197,39.8899,2295.036,156.634,100.0,0.0,0,0,43.88,DEPLOY,750.0
1198,39.9232,2296.52,158.796,100.0,0.0,0,0,43.58,DEPLOY,750.0
1199,39.9565,2298.027,160.961,100.0,0.0,0,0,43.28,DEPLOY,750.0
1200,39.9899,2299.555,163.137,100.0,0.0,0,0,42.99,DEPLOY,750.0
1201,40.0232,2301.101,165.327,100.0,0.0,0,0,42.69,DEPLOY,750.0
1202,40.0565,2302.666,167.534,100.0,0.0,0,0,42.39,DEPLOY,750.0
1203,40.0898,2304.251,169.759,100.0,0.0,0,0,42.1,DEPLOY,750.0
1204,40.1232,2305.861,172.003,100.0,0.0,0,0,41.8,DEPLOY,750.0
1205,40.1565,2307.491,174.261,100.0,0.0,0,0,41.51,DEPLOY,750.0
1206,40.1898,2309.139,176.532,100.0,0.0,0,0,41.21,DEPLOY,750.0
1207,40.2231,2310.808,178.81,100.0,0.0,0,0,40.91,DEPLOY,750.0
1208,40.2565,2312.497,181.077,100.0,0.0,0,0,40.62,DEPLOY,750.0
1209,40.2898,2314.207,183.308,100.0,0.0,0,0,40.32,DEPLOY,750.0
1210,40.3231,2315.938,185.502,100.0,0.0,0,0,40.03,DEPLOY,750.0
1211,40.3564,2317.689,187.665,100.0,0.0,0,0,39.73,DEPLOY,750.0
1212,40.3898,2319.458,189.797,100.0,0.0,0,0,39.44,DEPLOY,750.0
1213,40.4231,2321.246,191.9,100.0,0.0,0,0,39.14,DEPLOY,750.0
1214,40.4564,2323.053,193.975,100.0,0.0,0,0,38.85,DEPLOY,750.0
1215,40.4897,2324.878,196.021,100.0,0.0,0,0,38.55,DEPLOY,750.0
1216,40.5231,2326.722,198.04,100.0,0.0,0,0,38.26,DEPLOY,750.0
1217,40.5564,2328.583,200.034,100.0,0.0,0,0,37.96,DEPLOY,750.0
1218,40.5897,2330.463,202.001,100.0,0.0,0,0,37.67,DEPLOY,750.0
1219,40.623,2332.36,203.944,100.0,0.0,0,0,37.37,DEPLOY,750.0
1220,40.6564,2334.275,205.862,100.0,0.0,0,0,37.08,DEPLOY,750.0
1221,40.6897,2336.207,207.756,100.0,0.0,0,0,36.78,DEPLOY,750.0
1222,40.723,2338.157,209.628,100.0,0.0,0,0,36.49,DEPLOY,750.0
1223,40.7563,2340.123,211.478,100.0,0.0,0,0,36.19,DEPLOY,750.0
1224,40.7897,2342.106,213.306,100.0,0.0,0,0,35.9,DEPLOY,750.0
1225,40.823,2344.106,215.114,100.0,0.0,0,0,35.61,DEPLOY,750.0
1226,40.8563,2346.122,216.901,100.0,0.0,0,0,35.31,DEPLOY,750.0
1227,40.8896,2348.154,218.668,100.0,0.0,0,0,35.02,DEPLOY,750.0
1228,40.923,2350.201,220.416,100.0,0.0,0,0,34.72,DEPLOY,750.0
1229,40.9563,2352.265,222.146,100.0,0.0,0,0,34.43,DEPLOY,750.0
1230,40.9896,2354.344,223.856,100.0,0.0,0,0,34.14,DEPLOY,750.0
1231,41.0229,2356.439,225.548,100.0,0.0,0,0,33.84,DEPLOY,750.0
1232,41.0563,2358.55,227.222,100.0,0.0,0,0,33.55,DEPLOY,750.0
1233,41.0896,2360.676,228.879,100.0,0.0,0,0,33.26,DEPLOY,750.0
1234,41.1229,2362.816,230.519,100.0,0.0,0,0,32.96,DEPLOY,750.0
1235,41.1562,2364.972,232.142,100.0,0.0,0,0,32.67,DEPLOY,750.0
1236,41.1896,2367.142,233.75,100.0,0.0,0,0,32.38,DEPLOY,750.0
1237,41.2229,2369.326,235.341,100.0,0.0,0,0,32.08,DEPLOY,750.0
1238,41.2562,2371.525,236.914,100.0,0.0,0,0,31.79,DEPLOY,750.0
1239,41.2895,2373.737,238.415,100.0,0.0,0,0,31.5,DEPLOY,750.0
1240,41.3229,2375.961,239.803,100.0,0.0,0,0,31.2,DEPLOY,750.0
1241,41.3562,2378.196,241.066,100.0,0.0,0,0,30.91,DEPLOY,750.0
1242,41.3895,2380.443,242.202,100.0,0.0,0,0,30.62,DEPLOY,750.0
1243,41.4228,2382.703,243.558,100.0,0.0,0,0,30.32,DEPLOY,750.0
1244,41.4562,2384.973,244.9,100.0,0.0,0,0,30.03,DEPLOY,551.45
1245,41.4895,2387.25,245.66,100.0,0.0,0,0,29.95,SUPERCLIP,431.33
1246,41.5228,2389.531,246.337,100.0,0.0,0,0,29.89,DEPLOY,384.18
1247,41.5561,2391.815,246.746,100.0,0.0,0,0,29.92,SUPERCLIP,150.0
1248,41.5895,2394.103,246.684,100.0,0.0,0,0,30.13,SUPERCLIP,687.16
1249,41.6228,2396.396,247.816,100.0,0.0,0,0,29.9,SUPERCLIP,175.14
1250,41.6561,2398.696,247.975,100.0,0.0,0,0,30.03,DEPLOY,635.07
1251,41.6894,2401.001,248.864,100.0,0.0,0,0,29.89,SUPERCLIP,356.38
1252,41.7228,2403.312,249.378,100.0,0.0,0,0,29.88,DEPLOY,450.52
1253,41.7561,2405.625,249.891,100.0,0.0,0,0,29.87,SUPERCLIP,150.0
1254,41.7894,2407.941,249.814,100.0,0.0,0,0,30.08,SUPERCLIP,638.05
1255,41.8227,2410.262,250.872,100.0,0.0,0,0,29.87,DEPLOY,165.57
1256,41.8561,2412.59,250.98,100.0,0.0,0,0,30.01,DEPLOY,667.41
1257,41.8894,2414.921,251.894,100.0,0.0,0,0,29.84,SUPERCLIP,150.0
1258,41.9227,2417.255,251.873,100.0,0.0,0,0,30.05,SUPERCLIP,432.02
1259,41.956,2419.594,252.548,100.0,0.0,0,0,29.99,DEPLOY,366.27
1260,41.9894,2421.938,252.961,100.0,0.0,0,0,30.04,SUPERCLIP,636.74
1261,42.0227,2424.279,253.554,0.0,0.0,0,0,29.83,DEPLOY,-330.18
1262,42.056,2426.605,252.04,0.0,100.0,0,0,30.11,REGEN,-350.0
1263,42.0893,2428.909,250.019,0.0,100.0,0,0,30.4,REGEN,-350.0
1264,42.1227,2431.187,247.133,0.0,100.0,0,0,30.69,REGEN,-350.0
1265,42.156,2433.443,244.657,0.0,100.0,0,0,30.98,REGEN,-350.0
1266,42.1893,2435.672,242.05,0.0,100.0,0,0,31.27,REGEN,-350.0
1267,42.2226,2437.875,239.109,0.0,100.0,0,0,31.56,REGEN,-350.0
1268,42.256,2440.051,236.149,0.0,100.0,0,0,31.84,REGEN,-350.0
1269,42.2893,2442.202,233.416,0.0,100.0,0,0,32.13,REGEN,-350.0
1270,42.3226,2444.33,230.913,0.0,100.0,0,0,32.42,REGEN,-350.0
1271,42.3559,2446.435,228.478,0.0,100.0,0,0,32.71,REGEN,-350.0
1272,42.3893,2448.517,226.073,0.0,100.0,0,0,33.0,REGEN,-350.0
1273,42.4226,2450.578,223.735,0.0,100.0,0,0,33.29,REGEN,-350.0
1274,42.4559,2452.618,221.495,0.0,100.0,0,0,33.58,REGEN,-350.0
1275,42.4892,2454.64,219.355,0.0,100.0,0,0,33.87,REGEN,-350.0
1276,42.5226,2456.642,217.317,0.0,100.0,0,0,34.15,REGEN,-350.0
1277,42.5559,2458.627,215.38,0.0,100.0,0,0,34.44,REGEN,-350.0
1278,42.5892,2460.595,213.529,0.0,100.0,0,0,34.73,REGEN,-350.0
1279,42.6225,2462.547,211.735,0.0,100.0,0,0,35.02,REGEN,-350.0
1280,42.6559,2464.484,210.009,0.0,100.0,0,0,35.31,REGEN,-350.0
1281,42.6892,2466.408,208.475,0.0,100.0,0,0,35.6,REGEN,-350.0
1282,42.7225,2468.326,207.341,0.0,100.0,0,0,35.89,REGEN,-346.49
1283,42.7558,2470.241,207.056,100.0,100.0,0,0,36.18,REGEN,706.79
1284,42.7892,2472.154,206.772,0.0,0.0,0,0,35.91,DEPLOY,-258.8
1285,42.8225,2474.057,206.571,0.0,100.0,0,0,36.15,REGEN,-350.0
1286,42.8558,2475.941,204.701,0.0,100.0,0,0,36.44,REGEN,-350.0
1287,42.8891,2477.81,202.8,0.0,100.0,0,0,36.73,REGEN,-350.0
1288,42.9225,2479.668,201.317,0.0,100.0,0,0,37.02,REGEN,-350.0
1289,42.9558,2481.519,200.277,0.0,100.0,0,0,37.31,REGEN,-350.0
1290,42.9891,2483.368,199.749,0.0,100.0,0,0,37.6,REGEN,-350.0
1291,43.0224,2485.215,199.612,100.0,100.0,0,0,37.89,REGEN,141.14
1292,43.0558,2487.063,199.506,100.0,0.0,0,0,37.95,DEPLOY,750.0
1293,43.0891,2488.918,199.688,100.0,0.0,0,0,37.66,DEPLOY,750.0
1294,43.1224,2490.788,200.981,100.0,0.0,0,0,37.37,DEPLOY,750.0
1295,43.1557,2492.674,202.764,100.0,0.0,0,0,37.07,DEPLOY,750.0
1296,43.189,2494.577,204.592,100.0,0.0,0,0,36.78,DEPLOY,750.0
1297,43.2224,2496.497,206.424,100.0,0.0,0,0,36.48,DEPLOY,750.0
1298,43.2557,2498.434,208.312,100.0,0.0,0,0,36.19,DEPLOY,750.0
1299,43.289,2500.388,210.178,100.0,0.0,0,0,35.89,DEPLOY,750.0
1300,43.3223,2502.359,212.021,100.0,0.0,0,0,35.6,DEPLOY,750.0
1301,43.3557,2504.347,213.844,100.0,0.0,0,0,35.31,DEPLOY,750.0
1302,43.389,2506.352,215.645,100.0,0.0,0,0,35.01,DEPLOY,750.0
1303,43.4223,2508.372,217.426,100.0,0.0,0,0,34.72,DEPLOY,750.0
1304,43.4556,2510.409,219.187,100.0,0.0,0,0,34.42,DEPLOY,750.0
1305,43.489,2512.462,220.929,100.0,0.0,0,0,34.13,DEPLOY,750.0
1306,43.5223,2514.53,222.652,100.0,0.0,0,0,33.84,DEPLOY,750.0
1307,43.5556,2516.615,224.357,100.0,0.0,0,0,33.54,DEPLOY,750.0
1308,43.5889,2518.714,226.044,100.0,0.0,0,0,33.25,DEPLOY,750.0
1309,43.6223,2520.829,227.713,100.0,0.0,0,0,32.96,DEPLOY,750.0
1310,43.6556,2522.959,229.365,100.0,0.0,0,0,32.66,DEPLOY,750.0
1311,43.6889,2525.104,231.0,100.0,0.0,0,0,32.37,DEPLOY,750.0
1312,43.7222,2527.264,232.619,100.0,0.0,0,0,32.07,DEPLOY,750.0
1313,43.7556,2529.438,234.222,100.0,0.0,0,0,31.78,DEPLOY,750.0
1314,43.7889,2531.627,235.809,100.0,0.0,0,0,31.49,DEPLOY,750.0
1315,43.8222,2533.83,237.381,100.0,0.0,0,0,31.19,DEPLOY,750.0
1316,43.8555,2536.047,238.938,100.0,0.0,0,0,30.9,DEPLOY,750.0
1317,43.8889,2538.278,240.48,100.0,0.0,0,0,30.61,DEPLOY,750.0
1318,43.9222,2540.524,242.006,100.0,0.0,0,0,30.32,DEPLOY,750.0
1319,43.9555,2542.783,243.517,100.0,0.0,0,0,30.02,DEPLOY,612.89
1320,43.9888,2545.049,244.571,100.0,0.0,0,0,29.89,SUPERCLIP,366.92
1321,44.0222,2547.322,245.278,100.0,0.0,0,0,29.88,DEPLOY,451.12
1322,44.0555,2549.6,245.988,100.0,0.0,0,0,29.87,SUPERCLIP,150.0
1323,44.0888,2551.882,246.085,100.0,0.0,0,0,30.07,SUPERCLIP,616.66
1324,44.1221,2554.171,247.29,100.0,0.0,0,0,29.88,DEPLOY,196.62
1325,44.1555,2556.468,247.56,100.0,0.0,0,0,30.02,DEPLOY,707.67
1326,44.1888,2558.771,248.755,100.0,0.0,0,0,29.83,SUPERCLIP,150.0
1327,44.2221,2561.076,248.843,100.0,0.0,0,0,30.04,SUPERCLIP,374.84
1328,44.2554,2563.389,249.554,100.0,0.0,0,0,30.02,DEPLOY,431.44
1329,44.2888,2565.708,250.19,100.0,0.0,0,0,30.02,SUPERCLIP,564.35
1330,44.3221,2568.035,251.264,100.0,0.0,0,0,29.86,DEPLOY,237.8
1331,44.3554,2570.368,251.537,100.0,0.0,0,0,30.0,DEPLOY,737.88
1332,44.3887,2572.708,252.742,100.0,0.0,0,0,29.79,SUPERCLIP,150.0
1333,44.4221,2575.046,252.816,0.0,0.0,0,0,30.0,SUPERCLIP,-29.66
1334,44.4554,2577.373,252.185,0.0,100.0,0,0,30.24,REGEN,-350.0
1335,44.4887,2579.674,249.739,0.0,100.0,0,0,30.53,REGEN,-350.0
1336,44.522,2581.947,246.639,0.0,100.0,0,0,30.82,REGEN,-350.0
1337,44.5554,2584.191,243.566,0.0,100.0,0,0,31.11,REGEN,-350.0
1338,44.5887,2586.407,240.527,0.0,100.0,0,0,31.4,REGEN,-350.0
1339,44.622,2588.593,237.524,0.0,100.0,0,0,31.68,REGEN,-350.0
1340,44.6553,2590.752,234.56,0.0,100.0,0,0,31.97,REGEN,-350.0
1341,44.6887,2592.884,231.633,0.0,100.0,0,0,32.26,REGEN,-350.0
1342,44.722,2594.989,228.746,0.0,100.0,0,0,32.55,REGEN,-350.0
1343,44.7553,2597.068,225.899,0.0,100.0,0,0,32.84,REGEN,-350.0
1344,44.7886,2599.121,223.089,0.0,100.0,0,0,33.12,REGEN,-350.0
1345,44.822,2601.147,220.312,0.0,100.0,0,0,33.41,REGEN,-350.0
1346,44.8553,2603.148,217.562,0.0,100.0,0,0,33.7,REGEN,-350.0
1347,44.8886,2605.124,214.841,0.0,100.0,0,0,33.99,REGEN,-350.0
1348,44.9219,2607.075,212.153,0.0,100.0,0,0,34.28,REGEN,-350.0
1349,44.9553,2609.001,209.502,0.0,100.0,0,0,34.56,REGEN,-350.0
1350,44.9886,2610.903,206.887,0.0,100.0,0,0,34.85,REGEN,-350.0
1351,45.0219,2612.781,204.311,0.0,100.0,0,0,35.14,REGEN,-350.0
1352,45.0552,2614.636,201.774,0.0,100.0,0,0,35.43,REGEN,-350.0
1353,45.0886,2616.468,199.278,0.0,100.0,0,0,35.71,REGEN,-350.0
1354,45.1219,2618.277,196.828,0.0,100.0,0,0,36.0,REGEN,-350.0
1355,45.1552,2620.062,194.427,0.0,100.0,0,0,36.29,REGEN,-350.0
1356,45.1885,2621.825,192.073,0.0,100.0,0,0,36.58,REGEN,-350.0
1357,45.2219,2623.567,189.766,0.0,100.0,0,0,36.86,REGEN,-350.0
1358,45.2552,2625.289,187.506,0.0,100.0,0,0,37.15,REGEN,-350.0
1359,45.2885,2626.991,185.291,0.0,100.0,0,0,37.44,REGEN,-350.0
1360,45.3218,2628.673,183.121,0.0,100.0,0,0,37.73,REGEN,-350.0
1361,45.3552,2630.337,180.996,0.0,100.0,0,0,38.02,REGEN,-350.0
1362,45.3885,2631.977,178.917,0.0,100.0,0,0,38.3,REGEN,-350.0
1363,45.4218,2633.598,176.832,0.0,100.0,0,0,38.59,REGEN,-350.0
1364,45.4551,2635.201,174.731,0.0,100.0,0,0,38.88,REGEN,-350.0
1365,45.4885,2636.784,172.613,0.0,100.0,0,0,39.16,REGEN,-350.0
1366,45.5218,2638.35,170.483,0.0,100.0,0,0,39.45,REGEN,-350.0
1367,45.5551,2639.889,168.359,0.0,100.0,0,0,39.74,REGEN,-350.0
1368,45.5884,2641.411,166.242,0.0,100.0,0,0,40.02,REGEN,-350.0
1369,45.6218,2642.913,164.139,0.0,100.0,0,0,40.31,REGEN,-350.0
1370,45.6551,2644.397,162.034,0.0,100.0,0,0,40.6,REGEN,-350.0
1371,45.6884,2645.849,159.478,0.0,100.0,0,0,40.88,REGEN,-350.0
1372,45.7217,2647.279,156.963,0.0,100.0,0,0,41.17,REGEN,-350.0
1373,45.7551,2648.69,154.466,0.0,100.0,0,0,41.45,REGEN,-350.0
1374,45.7884,2650.078,151.962,0.0,100.0,0,0,41.74,REGEN,-350.0
1375,45.8217,2651.442,149.784,0.0,100.0,0,0,42.02,REGEN,-350.0
1376,45.855,2652.79,147.673,0.0,100.0,0,0,42.31,REGEN,-350.0
1377,45.8884,2654.117,145.55,0.0,100.0,0,0,42.59,REGEN,-350.0
1378,45.9217,2655.417,143.205,0.0,100.0,0,0,42.88,REGEN,-350.0
1379,45.955,2656.703,140.887,0.0,100.0,0,0,43.16,REGEN,-350.0
1380,45.9883,2657.967,138.742,0.0,100.0,0,0,43.45,REGEN,-350.0
1381,46.0217,2659.21,136.757,0.0,100.0,0,0,43.73,REGEN,-350.0
1382,46.055,2660.443,134.84,0.0,100.0,0,0,44.02,REGEN,-350.0
1383,46.0883,2661.648,132.934,0.0,100.0,0,0,44.3,REGEN,-350.0
1384,46.1216,2662.84,131.018,0.0,100.0,0,0,44.59,REGEN,-350.0
1385,46.155,2664.015,129.09,0.0,100.0,0,0,44.87,REGEN,-350.0
1386,46.1883,2665.168,127.195,0.0,100.0,0,0,45.15,REGEN,-350.0
1387,46.2216,2666.313,125.313,0.0,100.0,0,0,45.44,REGEN,-350.0
1388,46.2549,2667.431,123.567,0.0,100.0,0,0,45.72,REGEN,-350.0
1389,46.2883,2668.544,121.854,0.0,100.0,0,0,46.01,REGEN,-350.0
1390,46.3216,2669.635,120.264,0.0,100.0,0,0,46.29,REGEN,-350.0
1391,46.3549,2670.718,118.736,0.0,100.0,0,0,46.58,REGEN,-350.0
1392,46.3882,2671.787,117.32,0.0,100.0,0,0,46.86,REGEN,-350.0
1393,46.4216,2672.846,116.007,0.0,100.0,0,0,47.15,REGEN,-350.0
1394,46.4549,2673.896,114.803,0.0,100.0,0,0,47.43,REGEN,-350.0
1395,46.4882,2674.937,113.754,0.0,100.0,0,0,47.72,REGEN,-350.0
1396,46.5215,2675.971,112.817,0.0,100.0,0,0,48.01,REGEN,-350.0
1397,46.5549,2676.996,111.975,0.0,100.0,0,0,48.3,REGEN,-350.0
1398,46.5882,2678.016,111.185,0.0,100.0,0,0,48.58,REGEN,-350.0
1399,46.6215,2679.027,110.441,0.0,100.0,0,0,48.87,REGEN,-350.0
1400,46.6548,2680.035,109.718,0.0,100.0,0,0,49.16,REGEN,-350.0
1401,46.6882,2681.035,109.053,0.0,100.0,0,0,49.45,REGEN,-350.0
1402,46.7215,2682.031,108.413,0.0,100.0,0,0,49.74,REGEN,-350.0
1403,46.7548,2683.023,107.823,0.0,100.0,0,0,50.03,REGEN,-350.0
1404,46.7881,2684.014,107.257,0.0,100.0,0,0,50.32,REGEN,-350.0
1405,46.8215,2685.004,107.017,100.0,100.0,0,0,50.61,REGEN,12.85
1406,46.8548,2685.993,106.942,100.0,100.0,0,0,50.9,REGEN,556.69
1407,46.8881,2686.986,106.865,100.0,0.0,0,0,50.81,DEPLOY,750.0
1408,46.9214,2687.98,106.789,100.0,0.0,0,0,50.52,DEPLOY,750.0
1409,46.9548,2688.987,107.176,100.0,0.0,0,0,50.22,DEPLOY,750.0
1410,46.9881,2690.0,107.83,100.0,0.0,0,0,49.93,DEPLOY,750.0
1411,47.0214,2691.017,109.046,100.0,0.0,0,0,49.63,DEPLOY,380.8
1412,47.0547,2692.035,110.55,0.0,0.0,0,0,49.34,DEPLOY,-178.82
1413,47.0881,2693.037,110.319,0.0,100.0,0,0,49.45,REGEN,-350.0
1414,47.1214,2694.033,109.322,0.0,100.0,0,0,49.73,REGEN,-350.0
1415,47.1547,2695.019,108.011,0.0,100.0,0,0,50.02,REGEN,-350.0
1416,47.188,2696.0,106.556,0.0,100.0,0,0,50.31,REGEN,-350.0
1417,47.2214,2696.98,105.992,0.0,100.0,0,0,50.6,REGEN,-2.38
1418,47.2547,2697.96,105.918,100.0,100.0,0,0,50.89,REGEN,536.26
1419,47.288,2698.943,105.843,100.0,0.0,0,0,50.83,DEPLOY,750.0
1420,47.3213,2699.929,105.768,100.0,0.0,0,0,50.53,DEPLOY,750.0
1421,47.3547,2700.927,106.231,100.0,0.0,0,0,50.24,DEPLOY,750.0
1422,47.388,2701.934,107.091,100.0,0.0,0,0,49.94,DEPLOY,750.0
1423,47.4213,2702.958,108.242,100.0,0.0,0,0,49.64,DEPLOY,750.0
1424,47.4546,2703.992,109.597,100.0,0.0,0,0,49.34,DEPLOY,750.0
1425,47.488,2705.048,111.225,100.0,0.0,0,0,49.04,DEPLOY,750.0
1426,47.5213,2706.115,112.997,100.0,0.0,0,0,48.74,DEPLOY,750.0
1427,47.5546,2707.209,115.019,100.0,0.0,0,0,48.44,DEPLOY,750.0
1428,47.5879,2708.311,117.111,100.0,0.0,0,0,48.14,DEPLOY,750.0
1429,47.6213,2709.442,119.156,100.0,0.0,0,0,47.84,DEPLOY,558.96
1430,47.6546,2710.581,121.16,100.0,0.0,0,0,47.6,CLIPPING,400.0
1431,47.6879,2711.743,123.009,100.0,0.0,0,0,47.6,CLIPPING,400.0
1432,47.7212,2712.917,124.831,100.0,0.0,0,0,47.6,CLIPPING,400.0
1433,47.7546,2714.106,126.624,100.0,0.0,0,0,47.6,CLIPPING,400.0
1434,47.7879,2715.309,128.368,100.0,0.0,0,0,47.6,CLIPPING,400.0
1435,47.8212,2716.513,129.935,100.0,0.0,0,0,47.6,CLIPPING,339.25
1436,47.8545,2717.707,130.461,0.0,0.0,0,0,47.6,CLIPPING,-108.35
1437,47.8879,2718.884,129.791,0.0,100.0,0,0,47.73,REGEN,-350.0
1438,47.9212,2720.043,127.717,0.0,100.0,0,0,48.01,REGEN,-350.0
1439,47.9545,2721.174,125.504,0.0,100.0,0,0,48.29,REGEN,-350.0
1440,47.9878,2722.295,123.24,0.0,100.0,0,0,48.57,REGEN,-350.0
1441,48.0212,2723.381,121.068,0.0,100.0,0,0,48.86,REGEN,-350.0
1442,48.0545,2724.462,118.91,0.0,100.0,0,0,49.14,REGEN,-350.0
1443,48.0878,2725.509,116.818,0.0,100.0,0,0,49.42,REGEN,-350.0
1444,48.1211,2726.549,114.74,0.0,100.0,0,0,49.7,REGEN,-350.0
1445,48.1545,2727.559,112.719,0.0,100.0,0,0,49.98,REGEN,-350.0
1446,48.1878,2728.561,110.713,0.0,100.0,0,0,50.26,REGEN,-350.0
1447,48.2211,2729.534,108.764,0.0,100.0,0,0,50.55,REGEN,-350.0
1448,48.2544,2730.501,106.827,0.0,100.0,0,0,50.83,REGEN,-350.0
1449,48.2878,2731.437,104.95,0.0,100.0,0,0,51.11,REGEN,-350.0
1450,48.3211,2732.372,103.073,0.0,100.0,0,0,51.39,REGEN,-350.0
1451,48.3544,2733.269,101.248,0.0,100.0,0,0,51.67,REGEN,-350.0
1452,48.3877,2734.167,99.422,0.0,100.0,0,0,51.95,REGEN,-350.0
1453,48.4211,2735.031,97.595,0.0,100.0,0,0,52.22,REGEN,-350.0
1454,48.4544,2735.887,95.767,0.0,100.0,0,0,52.5,REGEN,-350.0
1455,48.4877,2736.724,93.934,0.0,100.0,0,0,52.78,REGEN,-350.0
1456,48.521,2737.538,92.093,0.0,100.0,0,0,53.06,REGEN,-350.0
1457,48.5544,2738.351,90.253,0.0,100.0,0,0,53.33,REGEN,-350.0
1458,48.5877,2739.125,88.481,0.0,100.0,0,0,53.61,REGEN,-350.0
1459,48.621,2739.898,86.71,0.0,100.0,0,0,53.89,REGEN,-350.0
1460,48.6543,2740.656,85.033,0.0,100.0,0,0,54.17,REGEN,-350.0
1461,48.6877,2741.39,83.492,0.0,100.0,0,0,54.44,REGEN,-350.0
1462,48.721,2742.124,81.951,0.0,100.0,0,0,54.72,REGEN,-350.0
1463,48.7543,2742.826,80.402,0.0,100.0,0,0,54.99,REGEN,-350.0
1464,48.7876,2743.511,78.848,0.0,100.0,0,0,55.27,REGEN,-350.0
1465,48.821,2744.197,77.295,0.0,100.0,0,0,55.54,REGEN,-350.0
1466,48.8543,2744.838,75.541,0.0,100.0,0,0,55.81,REGEN,-350.0
1467,48.8876,2745.466,73.726,0.0,100.0,0,0,56.07,REGEN,-350.0
1468,48.9209,2746.093,71.911,0.0,100.0,0,0,56.34,REGEN,-350.0
1469,48.9543,2746.686,70.096,0.0,100.0,0,0,56.61,REGEN,-350.0
1470,48.9876,2747.254,68.281,0.0,100.0,0,0,56.87,REGEN,-350.0
1471,49.0209,2747.822,66.466,0.0,100.0,0,0,57.13,REGEN,-350.0
1472,49.0542,2748.389,64.655,0.0,100.0,0,0,57.4,REGEN,-350.0
1473,49.0876,2748.932,62.909,0.0,100.0,0,0,57.67,REGEN,-350.0
1474,49.1209,2749.475,61.164,0.0,100.0,0,0,57.95,REGEN,-350.0
1475,49.1542,2750.018,59.418,0.0,100.0,0,0,58.23,REGEN,-350.0
1476,49.1875,2750.559,58.291,0.0,100.0,0,0,58.51,REGEN,-277.2
1477,49.2209,2751.098,58.269,0.0,100.0,0,0,58.8,REGEN,-74.42
1478,49.2542,2751.638,58.246,100.0,100.0,0,0,59.1,REGEN,128.35
1479,49.2875,2752.177,58.224,100.0,100.0,0,0,59.39,REGEN,331.12
1480,49.3208,2752.73,58.201,100.0,0.0,0,0,59.49,CLIPPING,400.0
1481,49.3542,2753.29,58.177,100.0,0.0,0,0,59.49,CLIPPING,400.0
1482,49.3875,2753.85,58.154,100.0,0.0,0,0,59.49,CLIPPING,400.0
1483,49.4208,2754.416,58.314,100.0,0.0,0,0,59.49,CLIPPING,400.0
1484,49.4541,2755.036,60.068,100.0,0.0,0,0,59.49,CLIPPING,400.0
1485,49.4875,2755.656,61.822,100.0,0.0,0,0,59.49,CLIPPING,400.0
1486,49.5208,2756.276,63.576,100.0,0.0,0,0,59.49,CLIPPING,400.0
1487,49.5541,2756.946,65.638,100.0,0.0,0,0,59.49,CLIPPING,400.0
1488,49.5874,2757.623,67.749,100.0,0.0,0,0,59.49,CLIPPING,400.0
1489,49.6208,2758.301,69.86,100.0,0.0,0,0,59.49,CLIPPING,400.0
1490,49.6541,2759.025,71.971,100.0,0.0,0,0,59.49,CLIPPING,400.0
1491,49.6874,2759.754,74.081,100.0,0.0,0,0,59.49,CLIPPING,400.0
1492,49.7207,2760.49,76.196,100.0,0.0,0,0,59.49,CLIPPING,400.0
1493,49.7541,2761.263,78.336,100.0,0.0,0,0,59.49,CLIPPING,400.0
1494,49.7874,2762.036,80.476,100.0,0.0,0,0,59.49,CLIPPING,400.0
1495,49.8207,2762.831,82.413,100.0,0.0,0,0,59.49,CLIPPING,400.0
1496,49.854,2763.642,84.199,100.0,0.0,0,0,59.49,CLIPPING,400.0
1497,49.8874,2764.458,85.975,100.0,0.0,0,0,59.49,CLIPPING,400.0
1498,49.9207,2765.308,87.671,100.0,0.0,0,0,59.49,CLIPPING,400.0
1499,49.954,2766.157,89.367,100.0,0.0,0,0,59.49,CLIPPING,400.0
1500,49.9873,2767.036,91.151,100.0,0.0,0,0,59.49,CLIPPING,400.0
1501,50.0207,2767.924,92.965,100.0,0.0,0,0,59.49,CLIPPING,400.0
1502,50.054,2768.831,94.811,100.0,0.0,0,0,59.49,CLIPPING,400.0
1503,50.0873,2769.755,96.691,100.0,0.0,0,0,59.49,CLIPPING,400.0
1504,50.1206,2770.691,98.545,100.0,0.0,0,0,59.49,CLIPPING,400.0
1505,50.154,2771.648,100.349,100.0,0.0,0,0,59.49,CLIPPING,400.0
1506,50.1873,2772.613,102.121,100.0,0.0,0,0,59.49,CLIPPING,400.0
1507,50.2206,2773.601,103.798,100.0,0.0,0,0,59.49,CLIPPING,400.0
1508,50.2539,2774.595,105.46,100.0,0.0,0,0,59.49,CLIPPING,400.0
1509,50.2873,2775.612,107.07,100.0,0.0,0,0,59.49,CLIPPING,400.0
1510,50.3206,2776.636,108.703,100.0,0.0,0,0,59.49,CLIPPING,400.0
1511,50.3539,2777.684,110.4,100.0,0.0,0,0,59.49,CLIPPING,400.0
1512,50.3872,2778.743,112.133,100.0,0.0,0,0,59.49,CLIPPING,400.0
1513,50.4205,2779.822,113.933,100.0,0.0,0,0,59.49,CLIPPING,400.0
1514,50.4539,2780.916,115.771,100.0,0.0,0,0,59.49,CLIPPING,400.0
1515,50.4872,2782.025,117.647,100.0,0.0,0,0,59.49,CLIPPING,400.0
1516,50.5205,2783.155,119.51,100.0,0.0,0,0,59.49,CLIPPING,400.0
1517,50.5538,2784.294,121.368,100.0,0.0,0,0,59.49,CLIPPING,400.0
1518,50.5872,2785.459,123.168,100.0,0.0,0,0,59.49,CLIPPING,400.0
1519,50.6205,2786.631,124.952,100.0,0.0,0,0,59.49,CLIPPING,400.0
1520,50.6538,2787.824,126.693,100.0,0.0,0,0,59.49,CLIPPING,400.0
1521,50.6871,2789.031,128.407,100.0,0.0,0,0,59.49,CLIPPING,400.0
1522,50.7205,2790.249,130.099,100.0,0.0,0,0,59.49,CLIPPING,400.0
1523,50.7538,2791.489,131.749,100.0,0.0,0,0,59.49,CLIPPING,400.0
1524,50.7871,2792.738,133.383,100.0,0.0,0,0,59.49,CLIPPING,400.0
1525,50.8204,2794.003,134.987,100.0,0.0,0,0,59.49,CLIPPING,400.0
1526,50.8538,2795.284,136.564,100.0,0.0,0,0,59.49,CLIPPING,400.0
1527,50.8871,2796.575,138.132,100.0,0.0,0,0,59.49,CLIPPING,400.0
1528,50.9204,2797.884,139.713,100.0,0.0,0,0,59.49,CLIPPING,400.0
1529,50.9537,2799.207,141.273,100.0,0.0,0,0,59.49,CLIPPING,400.0
1530,50.9871,2800.541,142.817,100.0,0.0,0,0,59.49,CLIPPING,400.0
1531,51.0204,2801.892,144.335,100.0,0.0,0,0,59.49,CLIPPING,400.0
1532,51.0537,2803.256,145.834,100.0,0.0,0,0,59.49,CLIPPING,400.0
1533,51.087,2804.63,147.318,100.0,0.0,0,0,59.49,CLIPPING,400.0
1534,51.1204,2806.02,148.78,100.0,0.0,0,0,59.49,CLIPPING,400.0
1535,51.1537,2807.424,150.223,100.0,0.0,0,0,59.49,CLIPPING,400.0
1536,51.187,2808.839,151.652,100.0,0.0,0,0,59.49,CLIPPING,400.0
1537,51.2203,2810.266,153.065,100.0,0.0,0,0,59.49,CLIPPING,400.0
1538,51.2537,2811.709,154.457,100.0,0.0,0,0,59.49,CLIPPING,400.0
1539,51.287,2813.162,155.836,100.0,0.0,0,0,59.49,CLIPPING,400.0
1540,51.3203,2814.627,157.201,100.0,0.0,0,0,59.49,CLIPPING,400.0
1541,51.3536,2816.105,158.549,100.0,0.0,0,0,59.49,CLIPPING,400.0
1542,51.387,2817.596,159.881,100.0,0.0,0,0,59.49,CLIPPING,400.0
1543,51.4203,2819.098,161.201,100.0,0.0,0,0,59.49,CLIPPING,400.0
1544,51.4536,2820.611,162.508,100.0,0.0,0,0,59.49,CLIPPING,400.0
1545,51.4869,2822.137,163.8,100.0,0.0,0,0,59.49,CLIPPING,400.0
1546,51.5203,2823.676,165.078,100.0,0.0,0,0,59.49,CLIPPING,400.0
1547,51.5536,2825.225,166.344,100.0,0.0,0,0,59.49,CLIPPING,400.0
1548,51.5869,2826.784,167.598,100.0,0.0,0,0,59.49,CLIPPING,400.0
1549,51.6202,2828.354,168.841,100.0,0.0,0,0,59.49,CLIPPING,400.0
1550,51.6536,2829.939,170.068,100.0,0.0,0,0,59.49,CLIPPING,400.0
1551,51.6869,2831.533,171.285,100.0,0.0,0,0,59.49,CLIPPING,400.0
1552,51.7202,2833.138,172.491,100.0,0.0,0,0,59.49,CLIPPING,400.0
1553,51.7535,2834.753,173.686,100.0,0.0,0,0,59.49,CLIPPING,400.0
1554,51.7869,2836.379,174.871,100.0,0.0,0,0,59.49,CLIPPING,400.0
1555,51.8202,2838.017,176.043,100.0,0.0,0,0,59.49,CLIPPING,400.0
1556,51.8535,2839.666,177.204,100.0,0.0,0,0,59.49,CLIPPING,400.0
1557,51.8868,2841.324,178.356,100.0,0.0,0,0,59.49,CLIPPING,400.0
1558,51.9202,2842.993,179.498,100.0,0.0,0,0,59.49,CLIPPING,400.0
1559,51.9535,2844.671,180.63,100.0,0.0,0,0,59.49,CLIPPING,400.0
1560,51.9868,2846.36,181.753,100.0,0.0,0,0,59.49,CLIPPING,400.0
1561,52.0201,2848.06,182.864,100.0,0.0,0,0,59.49,CLIPPING,400.0
1562,52.0535,2849.771,183.966,100.0,0.0,0,0,59.49,CLIPPING,400.0
1563,52.0868,2851.49,185.059,100.0,0.0,0,0,59.49,CLIPPING,400.0
1564,52.1201,2853.22,186.144,100.0,0.0,0,0,59.49,CLIPPING,400.0
1565,52.1534,2854.959,187.22,100.0,0.0,0,0,59.49,CLIPPING,400.0
1566,52.1868,2856.708,188.287,100.0,0.0,0,0,59.49,CLIPPING,400.0
1567,52.2201,2858.466,189.345,100.0,0.0,0,0,59.49,CLIPPING,400.0
1568,52.2534,2860.235,190.394,100.0,0.0,0,0,59.49,CLIPPING,400.0
1569,52.2867,2862.013,191.435,100.0,0.0,0,0,59.49,CLIPPING,400.0
1570,52.3201,2863.801,192.468,100.0,0.0,0,0,59.49,CLIPPING,400.0
1571,52.3534,2865.598,193.492,100.0,0.0,0,0,59.49,CLIPPING,400.0
1572,52.3867,2867.405,194.509,100.0,0.0,0,0,59.49,CLIPPING,400.0
1573,52.42,2869.22,195.518,100.0,0.0,0,0,59.49,CLIPPING,400.0
1574,52.4534,2871.044,196.519,100.0,0.0,0,0,59.49,CLIPPING,400.0
1575,52.4867,2872.878,197.513,100.0,0.0,0,0,59.49,CLIPPING,400.0
1576,52.52,2874.72,198.499,100.0,0.0,0,0,59.49,CLIPPING,400.0
1577,52.5533,2876.572,199.478,100.0,0.0,0,0,59.49,CLIPPING,400.0
1578,52.5867,2878.432,200.45,100.0,0.0,0,0,59.49,CLIPPING,400.0
1579,52.62,2880.302,201.414,100.0,0.0,0,0,59.49,CLIPPING,400.0
1580,52.6533,2882.18,202.371,100.0,0.0,0,0,59.49,CLIPPING,400.0
1581,52.6866,2884.068,203.321,100.0,0.0,0,0,59.49,CLIPPING,400.0
1582,52.72,2885.963,204.264,100.0,0.0,0,0,59.49,CLIPPING,400.0
1583,52.7533,2887.868,205.2,100.0,0.0,0,0,59.49,CLIPPING,400.0
1584,52.7866,2889.781,206.13,100.0,0.0,0,0,59.49,CLIPPING,400.0
1585,52.8199,2891.702,207.053,100.0,0.0,0,0,59.49,CLIPPING,400.0
1586,52.8533,2893.632,207.969,100.0,0.0,0,0,59.49,CLIPPING,400.0
1587,52.8866,2895.57,208.88,100.0,0.0,0,0,59.49,CLIPPING,400.0
1588,52.9199,2897.516,209.783,100.0,0.0,0,0,59.49,CLIPPING,400.0
1589,52.9532,2899.47,210.681,100.0,0.0,0,0,59.49,CLIPPING,400.0
1590,52.9866,2901.433,211.572,100.0,0.0,0,0,59.49,CLIPPING,400.0
1591,53.0199,2903.404,212.457,100.0,0.0,0,0,59.49,CLIPPING,400.0
1592,53.0532,2905.383,213.337,100.0,0.0,0,0,59.49,CLIPPING,400.0
1593,53.0865,2907.37,214.21,100.0,0.0,0,0,59.49,CLIPPING,400.0
1594,53.1199,2909.365,215.077,100.0,0.0,0,0,59.49,CLIPPING,400.0
1595,53.1532,2911.368,215.939,100.0,0.0,0,0,59.49,CLIPPING,400.0
1596,53.1865,2913.378,216.794,100.0,0.0,0,0,59.49,CLIPPING,400.0
1597,53.2198,2915.397,217.644,100.0,0.0,0,0,59.49,CLIPPING,400.0
1598,53.2532,2917.423,218.489,100.0,0.0,0,0,59.49,CLIPPING,400.0
1599,53.2865,2919.457,219.327,100.0,0.0,0,0,59.49,CLIPPING,400.0
1600,53.3198,2921.499,220.161,100.0,0.0,0,0,59.49,CLIPPING,400.0
1601,53.3531,2923.548,220.989,100.0,0.0,0,0,59.49,CLIPPING,400.0
1602,53.3865,2925.605,221.811,100.0,0.0,0,0,59.49,CLIPPING,400.0
1603,53.4198,2927.669,222.628,100.0,0.0,0,0,59.49,CLIPPING,400.0
1604,53.4531,2929.741,223.44,100.0,0.0,0,0,59.49,CLIPPING,400.0
1605,53.4864,2931.82,224.247,100.0,0.0,0,0,59.49,CLIPPING,400.0
1606,53.5198,2933.907,225.048,100.0,0.0,0,0,59.49,CLIPPING,400.0
1607,53.5531,2936.001,225.845,100.0,0.0,0,0,59.49,CLIPPING,400.0
1608,53.5864,2938.102,226.636,100.0,0.0,0,0,59.49,CLIPPING,400.0
1609,53.6197,2940.21,227.423,100.0,0.0,0,0,59.49,CLIPPING,400.0
1610,53.6531,2942.326,228.205,100.0,0.0,0,0,59.49,CLIPPING,400.0
1611,53.6864,2944.448,228.981,100.0,0.0,0,0,59.49,CLIPPING,400.0
1612,53.7197,2946.579,229.753,100.0,0.0,0,0,59.49,CLIPPING,400.0
1613,53.753,2948.716,230.52,100.0,0.0,0,0,59.49,CLIPPING,400.0
1614,53.7864,2950.86,231.282,100.0,0.0,0,0,59.49,CLIPPING,400.0
1615,53.8197,2953.011,232.039,100.0,0.0,0,0,59.49,CLIPPING,400.0
1616,53.853,2955.169,232.792,100.0,0.0,0,0,59.49,CLIPPING,400.0
1617,53.8863,2957.334,233.54,100.0,0.0,0,0,59.49,CLIPPING,400.0
1618,53.9197,2959.505,234.284,100.0,0.0,0,0,59.49,CLIPPING,400.0
1619,53.953,2961.684,235.023,100.0,0.0,0,0,59.49,CLIPPING,400.0
1620,53.9863,2963.869,235.758,100.0,0.0,0,0,59.49,CLIPPING,400.0
1621,54.0196,2966.06,236.488,100.0,0.0,0,0,59.49,CLIPPING,400.0
1622,54.053,2968.259,237.214,100.0,0.0,0,0,59.49,CLIPPING,400.0
1623,54.0863,2970.464,237.936,100.0,0.0,0,0,59.49,CLIPPING,400.0
1624,54.1196,2972.676,238.653,100.0,0.0,0,0,59.49,CLIPPING,400.0
1625,54.1529,2974.895,239.366,100.0,0.0,0,0,59.49,CLIPPING,400.0
1626,54.1863,2977.12,240.075,100.0,0.0,0,0,59.49,CLIPPING,400.0
1627,54.2196,2979.351,240.779,100.0,0.0,0,0,59.49,CLIPPING,400.0
1628,54.2529,2981.589,241.48,100.0,0.0,0,0,59.49,CLIPPING,400.0
1629,54.2862,2983.833,242.176,100.0,0.0,0,0,59.49,CLIPPING,400.0
1630,54.3196,2986.084,242.868,100.0,0.0,0,0,59.49,CLIPPING,400.0
1631,54.3529,2988.34,243.557,100.0,0.0,0,0,59.49,CLIPPING,400.0
1632,54.3862,2990.592,244.014,0.0,100.0,0,0,59.51,REGEN,-350.0
1633,54.4195,2992.82,242.035,0.0,100.0,0,0,59.8,REGEN,-350.0
1634,54.4529,2995.022,239.069,0.0,100.0,0,0,60.09,REGEN,-350.0
1635,54.4862,2997.199,236.298,0.0,100.0,0,0,60.38,REGEN,-350.0
1636,54.5195,2999.355,233.808,0.0,100.0,0,0,60.67,REGEN,-350.0
1637,54.5528,3001.49,231.705,0.0,100.0,0,0,60.96,REGEN,-350.0
1638,54.5862,3003.6,229.194,0.0,100.0,0,0,61.25,REGEN,-350.0
1639,54.6195,3005.685,226.415,0.0,100.0,0,0,61.53,REGEN,-350.0
1640,54.6528,3007.748,223.936,0.0,100.0,0,0,61.82,REGEN,-350.0
1641,54.6861,3009.792,221.716,0.0,100.0,0,0,62.11,REGEN,-350.0
1642,54.7195,3011.817,219.731,0.0,100.0,0,0,62.4,REGEN,-350.0
1643,54.7528,3013.824,217.823,0.0,100.0,0,0,62.69,REGEN,-350.0
1644,54.7861,3015.81,215.735,0.0,100.0,0,0,62.98,REGEN,-350.0
1645,54.8194,3017.773,213.42,0.0,100.0,0,0,63.27,REGEN,-350.0
1646,54.8528,3019.712,210.893,0.0,100.0,0,0,63.55,REGEN,-350.0
1647,54.8861,3021.624,208.174,0.0,100.0,0,0,63.84,REGEN,-350.0
1648,54.9194,3023.511,205.302,0.0,100.0,0,0,64.13,REGEN,-350.0
1649,54.9527,3025.376,202.786,0.0,100.0,0,0,64.42,REGEN,-350.0
1650,54.9861,3027.22,200.563,0.0,100.0,0,0,64.71,REGEN,-350.0
1651,55.0194,3029.041,198.221,0.0,100.0,0,0,64.99,REGEN,-350.0
1652,55.0527,3030.84,195.796,0.0,100.0,0,0,65.28,REGEN,-350.0
1653,55.086,3032.616,193.319,0.0,100.0,0,0,65.57,REGEN,-350.0
1654,55.1194,3034.368,190.808,0.0,100.0,0,0,65.86,REGEN,-350.0
1655,55.1527,3036.094,188.296,0.0,100.0,0,0,66.14,REGEN,-350.0
1656,55.186,3037.797,185.812,0.0,100.0,0,0,66.43,REGEN,-350.0
1657,55.2193,3039.478,183.356,0.0,100.0,0,0,66.72,REGEN,-350.0
1658,55.2527,3041.138,180.939,0.0,100.0,0,0,67.0,REGEN,-350.0
1659,55.286,3042.776,178.569,0.0,100.0,0,0,67.29,REGEN,-350.0
1660,55.3193,3044.395,176.258,0.0,100.0,0,0,67.58,REGEN,-350.0
1661,55.3526,3045.988,174.032,0.0,100.0,0,0,67.86,REGEN,-350.0
1662,55.386,3047.56,171.882,0.0,100.0,0,0,68.15,REGEN,-350.0
1663,55.4193,3049.11,169.526,0.0,100.0,0,0,68.44,REGEN,-350.0
1664,55.4526,3050.639,166.93,0.0,100.0,0,0,68.72,REGEN,-350.0
1665,55.4859,3052.142,164.426,0.0,100.0,0,0,69.01,REGEN,-350.0
1666,55.5193,3053.621,162.012,0.0,100.0,0,0,69.29,REGEN,-350.0
1667,55.5526,3055.08,159.667,0.0,100.0,0,0,69.58,REGEN,-350.0
1668,55.5859,3056.522,157.386,0.0,100.0,0,0,69.87,REGEN,-350.0
1669,55.6192,3057.938,155.199,0.0,100.0,0,0,70.15,REGEN,-350.0
1670,55.6526,3059.336,153.08,0.0,100.0,0,0,70.44,REGEN,-350.0
1671,55.6859,3060.718,151.016,0.0,100.0,0,0,70.72,REGEN,-350.0
1672,55.7192,3062.08,149.025,0.0,100.0,0,0,71.01,REGEN,-350.0
1673,55.7525,3063.423,147.107,0.0,100.0,0,0,71.3,REGEN,-350.0
1674,55.7859,3064.752,145.235,0.0,100.0,0,0,71.58,REGEN,-350.0
1675,55.8192,3066.063,143.429,0.0,100.0,0,0,71.87,REGEN,-350.0
1676,55.8525,3067.356,141.689,0.0,100.0,0,0,72.15,REGEN,-350.0
1677,55.8858,3068.638,139.988,0.0,100.0,0,0,72.44,REGEN,-350.0
1678,55.9192,3069.901,138.356,0.0,100.0,0,0,72.73,REGEN,-350.0
1679,55.9525,3071.151,136.776,0.0,100.0,0,0,73.01,REGEN,-350.0
1680,55.9858,3072.392,135.229,0.0,100.0,0,0,73.3,REGEN,-350.0
1681,56.0191,3073.61,133.765,0.0,100.0,0,0,73.59,REGEN,-350.0
1682,56.0525,3074.822,132.33,0.0,100.0,0,0,73.87,REGEN,-350.0
1683,56.0858,3076.02,130.947,0.0,100.0,0,0,74.16,REGEN,-350.0
1684,56.1191,3077.204,129.62,0.0,100.0,0,0,74.45,REGEN,-350.0
1685,56.1524,3078.382,128.319,0.0,100.0,0,0,74.73,REGEN,-350.0
1686,56.1858,3079.541,127.096,0.0,100.0,0,0,75.02,REGEN,-350.0
1687,56.2191,3080.695,125.892,0.0,100.0,0,0,75.31,REGEN,-350.0
1688,56.2524,3081.835,124.738,0.0,100.0,0,0,75.59,REGEN,-350.0
1689,56.2857,3082.967,123.618,0.0,100.0,0,0,75.88,REGEN,-350.0
1690,56.3191,3084.09,122.532,0.0,100.0,0,0,76.17,REGEN,-350.0
1691,56.3524,3085.2,121.493,0.0,100.0,0,0,76.45,REGEN,-350.0
1692,56.3857,3086.307,120.472,0.0,100.0,0,0,76.74,REGEN,-350.0
1693,56.419,3087.398,119.502,0.0,100.0,0,0,77.03,REGEN,-350.0
1694,56.4524,3088.487,118.54,0.0,100.0,0,0,77.32,REGEN,-350.0
1695,56.4857,3089.562,117.634,0.0,100.0,0,0,77.6,REGEN,-350.0
1696,56.519,3090.634,116.739,0.0,100.0,0,0,77.89,REGEN,-350.0
1697,56.5523,3091.694,115.883,0.0,100.0,0,0,78.18,REGEN,-350.0
1698,56.5857,3092.749,115.037,0.0,100.0,0,0,78.47,REGEN,-350.0
1699,56.619,3093.795,114.212,0.0,100.0,0,0,78.75,REGEN,-350.0
1700,56.6523,3094.835,113.402,0.0,100.0,0,0,79.04,REGEN,-350.0
1701,56.6856,3095.866,112.613,0.0,100.0,0,0,79.33,REGEN,-350.0
1702,56.719,3096.891,111.837,0.0,100.0,0,0,79.62,REGEN,-350.0
1703,56.7523,3097.909,111.075,0.0,100.0,0,0,79.9,REGEN,-350.0
1704,56.7856,3098.92,110.324,0.0,100.0,0,0,80.19,REGEN,-350.0
1705,56.8189,3099.925,109.584,0.0,100.0,0,0,80.48,REGEN,-350.0
1706,56.8523,3100.922,108.858,0.0,100.0,0,0,80.77,REGEN,-350.0
1707,56.8856,3101.913,108.145,0.0,100.0,0,0,81.06,REGEN,-350.0
1708,56.9189,3102.897,107.435,0.0,100.0,0,0,81.34,REGEN,-350.0
1709,56.9522,3103.875,106.729,0.0,100.0,0,0,81.63,REGEN,-350.0
1710,56.9856,3104.846,106.021,0.0,100.0,0,0,81.92,REGEN,-350.0
1711,57.0189,3105.81,105.313,0.0,100.0,0,0,82.21,REGEN,-350.0
1712,57.0522,3106.769,104.604,0.0,100.0,0,0,82.49,REGEN,-350.0
1713,57.0855,3107.719,103.895,0.0,100.0,0,0,82.78,REGEN,-350.0
1714,57.1189,3108.665,103.184,0.0,100.0,0,0,83.07,REGEN,-350.0
1715,57.1522,3109.6,102.466,0.0,100.0,0,0,83.36,REGEN,-350.0
1716,57.1855,3110.534,101.748,0.0,100.0,0,0,83.64,REGEN,-350.0
1717,57.2188,3111.454,101.024,0.0,100.0,0,0,83.93,REGEN,-350.0
1718,57.2522,3112.375,100.3,0.0,100.0,0,0,84.22,REGEN,-350.0
1719,57.2855,3113.281,99.568,0.0,100.0,0,0,84.5,REGEN,-350.0
1720,57.3188,3114.186,98.836,0.0,100.0,0,0,84.79,REGEN,-350.0
1721,57.3521,3115.08,98.09,0.0,100.0,0,0,85.08,REGEN,-350.0
1722,57.3855,3115.969,97.339,0.0,100.0,0,0,85.36,REGEN,-350.0
1723,57.4188,3116.85,96.579,0.0,100.0,0,0,85.65,REGEN,-350.0
1724,57.4521,3117.723,95.809,0.0,100.0,0,0,85.94,REGEN,-350.0
1725,57.4854,3118.592,95.038,0.0,100.0,0,0,86.22,REGEN,-350.0
1726,57.5187,3119.448,94.259,0.0,100.0,0,0,86.51,REGEN,-350.0
1727,57.5521,3120.304,93.481,0.0,100.0,0,0,86.79,REGEN,-350.0
1728,57.5854,3121.146,92.725,0.0,100.0,0,0,87.08,REGEN,-350.0
1729,57.6187,3121.986,91.972,0.0,100.0,0,0,87.37,REGEN,-350.0
1730,57.652,3122.818,91.241,0.0,100.0,0,0,87.65,REGEN,-350.0
1731,57.6854,3123.642,90.532,0.0,100.0,0,0,87.94,REGEN,-350.0
1732,57.7187,3124.465,89.825,0.0,100.0,0,0,88.22,REGEN,-350.0
1733,57.752,3125.274,89.146,0.0,100.0,0,0,88.51,REGEN,-350.0
1734,57.7853,3126.082,88.466,0.0,100.0,0,0,88.8,REGEN,-350.0
1735,57.8187,3126.881,87.792,0.0,100.0,0,0,89.08,REGEN,-350.0
1736,57.852,3127.674,87.122,0.0,100.0,0,0,89.37,REGEN,-350.0
1737,57.8853,3128.466,86.452,0.0,100.0,0,0,89.65,REGEN,-350.0
1738,57.9186,3129.243,85.799,0.0,100.0,0,0,89.94,REGEN,-350.0
1739,57.952,3130.02,85.145,0.0,100.0,0,0,90.23,REGEN,-350.0
1740,57.9853,3130.791,84.503,0.0,100.0,0,0,90.51,REGEN,-350.0
1741,58.0186,3131.553,83.873,0.0,100.0,0,0,90.8,REGEN,-350.0
1742,58.0519,3132.316,83.243,0.0,100.0,0,0,91.08,REGEN,-350.0
1743,58.0853,3133.073,82.667,0.0,100.0,0,0,91.37,REGEN,-350.0
1744,58.1186,3133.828,82.101,0.0,100.0,0,0,91.66,REGEN,-350.0
1745,58.1519,3134.583,81.639,0.0,100.0,0,0,91.95,REGEN,-293.98
1746,58.1852,3135.338,81.594,0.0,100.0,0,0,92.24,REGEN,-11.48
1747,58.2186,3136.092,81.55,100.0,100.0,0,0,92.53,REGEN,271.02
1748,58.2519,3136.846,81.506,100.0,0.0,0,0,92.67,CLIPPING,400.0
1749,58.2852,3137.601,81.462,100.0,0.0,0,0,92.67,CLIPPING,400.0
1750,58.3185,3138.355,81.418,100.0,0.0,0,0,92.67,CLIPPING,400.0
1751,58.3519,3139.104,81.48,100.0,0.0,0,0,92.67,CLIPPING,150.57
1752,58.3852,3139.853,81.556,0.0,0.0,0,0,92.67,CLIPPING,-129.82
1753,58.4185,3140.599,81.5,0.0,100.0,0,0,92.73,REGEN,-350.0
1754,58.4518,3141.334,80.958,0.0,100.0,0,0,93.01,REGEN,-350.0
1755,58.4852,3142.07,80.417,0.0,100.0,0,0,93.3,REGEN,-350.0
1756,58.5185,3142.802,79.891,0.0,100.0,0,0,93.59,REGEN,-350.0
1757,58.5518,3143.531,79.381,0.0,100.0,0,0,93.88,REGEN,-350.0
1758,58.5851,3144.259,78.87,0.0,100.0,0,0,94.17,REGEN,-350.0
1759,58.6185,3144.986,78.709,0.0,100.0,0,0,94.46,REGEN,-350.0
1760,58.6518,3145.712,78.668,0.0,100.0,0,0,94.75,REGEN,-350.0
1761,58.6851,3146.438,78.627,0.0,100.0,0,0,95.04,REGEN,-350.0
1762,58.7184,3147.161,78.485,0.0,100.0,0,0,95.33,REGEN,-350.0
1763,58.7518,3147.885,78.342,0.0,100.0,0,0,95.62,REGEN,-350.0
1764,58.7851,3148.608,78.221,0.0,100.0,0,0,95.91,REGEN,-290.47
1765,58.8184,3149.331,78.181,0.0,100.0,0,0,96.2,REGEN,-19.73
1766,58.8517,3150.054,78.14,100.0,100.0,0,0,96.49,REGEN,251.01
1767,58.8851,3150.776,78.1,100.0,0.0,0,0,96.65,CLIPPING,400.0
1768,58.9184,3151.499,78.059,100.0,0.0,0,0,96.65,CLIPPING,400.0
1769,58.9517,3152.222,78.019,100.0,0.0,0,0,96.65,CLIPPING,400.0
1770,58.985,3152.945,78.043,100.0,0.0,0,0,96.65,CLIPPING,400.0
1771,59.0184,3153.668,78.097,100.0,0.0,0,0,96.65,CLIPPING,400.0
1772,59.0517,3154.391,78.152,100.0,0.0,0,0,96.65,CLIPPING,400.0
1773,59.085,3155.117,78.119,100.0,0.0,0,0,96.65,CLIPPING,400.0
1774,59.1183,3155.843,78.078,100.0,0.0,0,0,96.65,CLIPPING,400.0
1775,59.1517,3156.57,78.089,100.0,0.0,0,0,96.65,CLIPPING,400.0
1776,59.185,3157.303,78.376,100.0,0.0,0,0,96.65,CLIPPING,400.0
1777,59.2183,3158.036,78.663,100.0,0.0,0,0,96.65,CLIPPING,400.0
1778,59.2516,3158.773,78.944,100.0,0.0,0,0,96.65,CLIPPING,400.0
1779,59.285,3159.516,79.214,100.0,0.0,0,0,96.65,CLIPPING,400.0
1780,59.3183,3160.259,79.485,100.0,0.0,0,0,96.65,CLIPPING,400.0
1781,59.3516,3161.013,79.952,100.0,0.0,0,0,96.65,CLIPPING,400.0
1782,59.3849,3161.772,80.491,100.0,0.0,0,0,96.65,CLIPPING,400.0
1783,59.4183,3162.531,81.044,100.0,0.0,0,0,96.65,CLIPPING,400.0
1784,59.4516,3163.308,81.738,100.0,0.0,0,0,96.65,CLIPPING,400.0
1785,59.4849,3164.086,82.433,100.0,0.0,0,0,96.65,CLIPPING,400.0
1786,59.5182,3164.875,83.264,100.0,0.0,0,0,96.65,CLIPPING,400.0
1787,59.5516,3165.677,84.224,100.0,0.0,0,0,96.65,CLIPPING,400.0
1788,59.5849,3166.479,85.187,100.0,0.0,0,0,96.65,CLIPPING,400.0
1789,59.6182,3167.309,86.365,100.0,0.0,0,0,96.65,CLIPPING,400.0
1790,59.6515,3168.139,87.542,100.0,0.0,0,0,96.65,CLIPPING,400.0
1791,59.6849,3168.987,88.841,100.0,0.0,0,0,96.65,CLIPPING,400.0
1792,59.7182,3169.848,90.219,100.0,0.0,0,0,96.65,CLIPPING,400.0
1793,59.7515,3170.718,91.652,100.0,0.0,0,0,96.65,CLIPPING,400.0
1794,59.7848,3171.612,93.227,100.0,0.0,0,0,96.65,CLIPPING,400.0
1795,59.8182,3172.508,94.809,100.0,0.0,0,0,96.65,CLIPPING,400.0
1796,59.8515,3173.438,96.554,100.0,0.0,0,0,96.65,CLIPPING,400.0
1797,59.8848,3174.368,98.299,100.0,0.0,0,0,96.65,CLIPPING,400.0
1798,59.9181,3175.33,100.16,100.0,0.0,0,0,96.65,CLIPPING,400.0
1799,59.9515,3176.296,102.035,100.0,0.0,0,0,96.65,CLIPPING,400.0
1800,59.9848,3177.293,104.011,100.0,0.0,0,0,96.65,CLIPPING,400.0
1801,60.0181,3178.296,106.008,100.0,0.0,0,0,96.65,CLIPPING,400.0
1802,60.0514,3179.329,108.089,100.0,0.0,0,0,96.65,CLIPPING,400.0
1803,60.0848,3180.368,110.186,100.0,0.0,0,0,96.65,CLIPPING,400.0
1804,60.1181,3181.438,112.214,100.0,0.0,0,0,96.65,CLIPPING,400.0
1805,60.1514,3182.513,114.233,100.0,0.0,0,0,96.65,CLIPPING,400.0
1806,60.1847,3183.618,116.208,100.0,0.0,0,0,96.65,CLIPPING,400.0
1807,60.2181,3184.73,118.167,100.0,0.0,0,0,96.65,CLIPPING,400.0
1808,60.2514,3185.866,120.072,100.0,0.0,0,0,96.65,CLIPPING,400.0
1809,60.2847,3187.015,121.948,100.0,0.0,0,0,96.65,CLIPPING,400.0
1810,60.318,3188.179,123.792,100.0,0.0,0,0,96.65,CLIPPING,400.0
1811,60.3514,3189.363,125.594,100.0,0.0,0,0,96.65,CLIPPING,400.0
1812,60.3847,3190.556,127.379,100.0,0.0,0,0,96.65,CLIPPING,400.0
1813,60.418,3191.773,129.118,100.0,0.0,0,0,96.65,CLIPPING,400.0
1814,60.4513,3193.001,130.837,100.0,0.0,0,0,96.65,CLIPPING,400.0
1815,60.4847,3194.243,132.531,100.0,0.0,0,0,96.65,CLIPPING,400.0
1816,60.518,3195.504,134.191,100.0,0.0,0,0,96.65,CLIPPING,400.0
1817,60.5513,3196.768,135.815,100.0,0.0,0,0,96.65,CLIPPING,288.31
1818,60.5846,3198.028,137.348,0.0,0.0,0,0,96.65,CLIPPING,-184.26
1819,60.618,3199.268,136.504,0.0,100.0,0,0,96.84,REGEN,-350.0
1820,60.6513,3200.495,134.377,0.0,100.0,0,0,97.12,REGEN,-350.0
1821,60.6846,3201.692,132.305,0.0,100.0,0,0,97.4,REGEN,-350.0
1822,60.7179,3202.878,130.269,0.0,100.0,0,0,97.69,REGEN,-350.0
1823,60.7513,3204.043,128.3,0.0,100.0,0,0,97.97,REGEN,-350.0
1824,60.7846,3205.19,126.399,0.0,100.0,0,0,98.26,REGEN,-350.0
1825,60.8179,3206.326,124.538,0.0,100.0,0,0,98.54,REGEN,-350.0
1826,60.8512,3207.437,122.771,0.0,100.0,0,0,98.82,REGEN,-350.0
1827,60.8846,3208.542,121.024,0.0,100.0,0,0,99.11,REGEN,-350.0
1828,60.9179,3209.622,119.379,0.0,100.0,0,0,99.39,REGEN,-350.0
1829,60.9512,3210.696,117.757,0.0,100.0,0,0,99.66,REGEN,-350.0
1830,60.9845,3211.749,116.222,0.0,100.0,0,0,99.86,REGEN,-350.0
1831,61.0179,3212.795,114.721,0.0,100.0,0,0,100.0,REGEN,-350.0
1832,61.0512,3213.823,113.292,0.0,100.0,0,0,100.0,REGEN,-350.0
1833,61.0845,3214.842,111.9,0.0,100.0,0,0,100.0,REGEN,-350.0
1834,61.1178,3215.846,110.572,0.0,100.0,0,0,100.0,REGEN,-350.0
1835,61.1512,3216.842,109.282,0.0,100.0,0,0,100.0,REGEN,-350.0
1836,61.1845,3217.824,108.053,0.0,100.0,0,0,100.0,REGEN,-350.0
1837,61.2178,3218.798,106.853,0.0,100.0,0,0,100.0,REGEN,-350.0
1838,61.2511,3219.759,105.712,0.0,100.0,0,0,100.0,REGEN,-350.0
1839,61.2845,3220.714,104.597,0.0,100.0,0,0,100.0,REGEN,-350.0
1840,61.3178,3221.656,103.554,0.0,100.0,0,0,100.0,REGEN,-350.0
1841,61.3511,3222.596,102.538,0.0,100.0,0,0,100.0,REGEN,-350.0
1842,61.3844,3223.525,101.693,0.0,100.0,0,0,100.0,REGEN,-350.0
1843,61.4178,3224.455,100.847,0.0,100.0,0,0,100.0,REGEN,-350.0
1844,61.4511,3225.379,100.426,0.0,100.0,0,0,100.0,REGEN,-350.0
1845,61.4844,3226.304,100.015,0.0,100.0,0,0,100.0,REGEN,-350.0
1846,61.5177,3227.227,99.885,0.0,100.0,0,0,100.0,REGEN,-68.85
1847,61.5511,3228.15,99.819,100.0,100.0,0,0,100.0,REGEN,277.14
1848,61.5844,3229.075,99.752,100.0,0.0,0,0,100.0,CLIPPING,400.0
1849,61.6177,3230.001,99.686,100.0,0.0,0,0,100.0,CLIPPING,400.0
1850,61.651,3230.931,99.826,100.0,0.0,0,0,100.0,CLIPPING,400.0
1851,61.6844,3231.866,100.185,100.0,0.0,0,0,100.0,CLIPPING,400.0
1852,61.7177,3232.804,100.593,100.0,0.0,0,0,100.0,CLIPPING,400.0
1853,61.751,3233.75,101.092,100.0,0.0,0,0,100.0,CLIPPING,400.0
1854,61.7843,3234.699,101.631,100.0,0.0,0,0,100.0,CLIPPING,400.0
1855,61.8177,3235.659,102.311,100.0,0.0,0,0,100.0,CLIPPING,400.0
1856,61.851,3236.622,103.008,100.0,0.0,0,0,100.0,CLIPPING,400.0
1857,61.8843,3237.598,103.811,100.0,0.0,0,0,100.0,CLIPPING,400.0
1858,61.9176,3238.576,104.625,100.0,0.0,0,0,100.0,CLIPPING,400.0
1859,61.951,3239.57,105.548,100.0,0.0,0,0,100.0,CLIPPING,400.0
1860,61.9843,3240.566,106.478,100.0,0.0,0,0,100.0,CLIPPING,400.0
1861,62.0176,3241.58,107.504,100.0,0.0,0,0,100.0,CLIPPING,400.0
1862,62.0509,3242.596,108.54,100.0,0.0,0,0,100.0,CLIPPING,400.0
1863,62.0843,3243.63,109.661,100.0,0.0,0,0,100.0,CLIPPING,400.0
1864,62.1176,3244.668,110.8,100.0,0.0,0,0,100.0,CLIPPING,400.0
1865,62.1509,3245.725,112.02,100.0,0.0,0,0,100.0,CLIPPING,400.0
1866,62.1842,3246.787,113.266,100.0,0.0,0,0,100.0,CLIPPING,400.0
1867,62.2176,3247.867,114.578,100.0,0.0,0,0,100.0,CLIPPING,400.0
1868,62.2509,3248.956,115.923,100.0,0.0,0,0,100.0,CLIPPING,400.0
1869,62.2842,3250.059,117.313,100.0,0.0,0,0,100.0,CLIPPING,400.0
1870,62.3175,3251.177,118.748,100.0,0.0,0,0,100.0,CLIPPING,400.0
1871,62.3509,3252.305,120.211,100.0,0.0,0,0,100.0,CLIPPING,400.0
1872,62.3842,3253.453,121.736,100.0,0.0,0,0,100.0,CLIPPING,400.0
1873,62.4175,3254.608,123.281,100.0,0.0,0,0,100.0,CLIPPING,400.0
1874,62.4508,3255.786,124.889,100.0,0.0,0,0,100.0,CLIPPING,400.0
1875,62.4842,3256.974,126.527,100.0,0.0,0,0,100.0,CLIPPING,400.0
1876,62.5175,3258.177,128.207,100.0,0.0,0,0,100.0,CLIPPING,400.0
1877,62.5508,3259.399,129.882,100.0,0.0,0,0,100.0,CLIPPING,400.0
1878,62.5841,3260.63,131.549,100.0,0.0,0,0,100.0,CLIPPING,400.0
1879,62.6175,3261.882,133.177,100.0,0.0,0,0,100.0,CLIPPING,400.0
1880,62.6508,3263.145,134.785,100.0,0.0,0,0,100.0,CLIPPING,400.0
1881,62.6841,3264.419,136.373,100.0,0.0,0,0,100.0,CLIPPING,400.0
1882,62.7174,3265.714,137.926,100.0,0.0,0,0,100.0,CLIPPING,400.0
1883,62.7508,3267.018,139.462,100.0,0.0,0,0,100.0,CLIPPING,400.0
1884,62.7841,3268.335,140.978,100.0,0.0,0,0,100.0,CLIPPING,400.0
1885,62.8174,3269.67,142.466,100.0,0.0,0,0,100.0,CLIPPING,400.0
1886,62.8507,3271.015,143.938,100.0,0.0,0,0,100.0,CLIPPING,400.0
1887,62.8841,3272.372,145.391,100.0,0.0,0,0,100.0,CLIPPING,400.0
1888,62.9174,3273.746,146.818,100.0,0.0,0,0,100.0,CLIPPING,400.0
1889,62.9507,3275.13,148.257,100.0,0.0,0,0,100.0,CLIPPING,400.0
1890,62.984,3276.526,149.712,100.0,0.0,0,0,100.0,CLIPPING,400.0
1891,63.0174,3277.939,151.143,100.0,0.0,0,0,100.0,CLIPPING,400.0
1892,63.0507,3279.363,152.559,100.0,0.0,0,0,100.0,CLIPPING,400.0
1893,63.084,3280.799,153.961,100.0,0.0,0,0,100.0,CLIPPING,400.0
1894,63.1173,3282.247,155.346,100.0,0.0,0,0,100.0,CLIPPING,400.0
1895,63.1507,3283.71,156.713,100.0,0.0,0,0,100.0,CLIPPING,400.0
1896,63.184,3285.184,158.067,100.0,0.0,0,0,100.0,CLIPPING,400.0
1897,63.2173,3286.668,159.408,100.0,0.0,0,0,100.0,CLIPPING,400.0
1898,63.2506,3288.167,160.732,100.0,0.0,0,0,100.0,CLIPPING,400.0
1899,63.284,3289.677,162.041,100.0,0.0,0,0,100.0,CLIPPING,400.0
1900,63.3173,3291.199,163.338,100.0,0.0,0,0,100.0,CLIPPING,400.0
1901,63.3506,3292.731,164.623,100.0,0.0,0,0,100.0,CLIPPING,400.0
1902,63.3839,3294.276,165.894,100.0,0.0,0,0,100.0,CLIPPING,400.0
1903,63.4173,3295.833,167.15,100.0,0.0,0,0,100.0,CLIPPING,400.0
1904,63.4506,3297.401,168.396,100.0,0.0,0,0,100.0,CLIPPING,400.0
1905,63.4839,3298.979,169.63,100.0,0.0,0,0,100.0,CLIPPING,400.0
1906,63.5172,3300.568,170.853,100.0,0.0,0,0,100.0,CLIPPING,400.0
1907,63.5506,3302.17,172.062,100.0,0.0,0,0,100.0,CLIPPING,400.0
1908,63.5839,3303.782,173.259,100.0,0.0,0,0,100.0,CLIPPING,400.0
1909,63.6172,3305.405,174.447,100.0,0.0,0,0,100.0,CLIPPING,400.0
1910,63.6505,3307.038,175.624,100.0,0.0,0,0,100.0,CLIPPING,400.0
1911,63.6839,3308.682,176.791,100.0,0.0,0,0,100.0,CLIPPING,400.0
1912,63.7172,3310.336,177.946,100.0,0.0,0,0,100.0,CLIPPING,400.0
1913,63.7505,3312.002,179.091,100.0,0.0,0,0,100.0,CLIPPING,400.0
1914,63.7838,3313.678,180.225,100.0,0.0,0,0,100.0,CLIPPING,400.0
1915,63.8172,3315.364,181.351,100.0,0.0,0,0,100.0,CLIPPING,400.0
1916,63.8505,3317.059,182.467,100.0,0.0,0,0,100.0,CLIPPING,400.0
1917,63.8838,3318.765,183.573,100.0,0.0,0,0,100.0,CLIPPING,400.0
1918,63.9171,3320.48,184.671,100.0,0.0,0,0,100.0,CLIPPING,400.0
1919,63.9505,3322.207,185.758,100.0,0.0,0,0,100.0,CLIPPING,400.0
1920,63.9838,3323.944,186.836,100.0,0.0,0,0,100.0,CLIPPING,400.0
1921,64.0171,3325.69,187.905,100.0,0.0,0,0,100.0,CLIPPING,400.0
1922,64.0504,3327.445,188.966,100.0,0.0,0,0,100.0,CLIPPING,400.0
1923,64.0838,3329.21,190.019,100.0,0.0,0,0,100.0,CLIPPING,400.0
1924,64.1171,3330.984,191.063,100.0,0.0,0,0,100.0,CLIPPING,400.0
1925,64.1504,3332.768,192.099,100.0,0.0,0,0,100.0,CLIPPING,400.0
1926,64.1837,3334.561,193.127,100.0,0.0,0,0,100.0,CLIPPING,400.0
1927,64.2171,3336.364,194.147,100.0,0.0,0,0,100.0,CLIPPING,400.0
1928,64.2504,3338.177,195.158,100.0,0.0,0,0,100.0,CLIPPING,400.0
1929,64.2837,3339.998,196.162,100.0,0.0,0,0,100.0,CLIPPING,400.0
1930,64.317,3341.829,197.158,100.0,0.0,0,0,100.0,CLIPPING,400.0
1931,64.3504,3343.669,198.147,100.0,0.0,0,0,100.0,CLIPPING,400.0
1932,64.3837,3345.517,199.128,100.0,0.0,0,0,100.0,CLIPPING,400.0
1933,64.417,3347.375,200.102,100.0,0.0,0,0,100.0,CLIPPING,400.0
1934,64.4503,3349.241,201.069,100.0,0.0,0,0,100.0,CLIPPING,400.0
1935,64.4837,3351.116,202.029,100.0,0.0,0,0,100.0,CLIPPING,400.0
1936,64.517,3353.0,202.981,100.0,0.0,0,0,100.0,CLIPPING,400.0
1937,64.5503,3354.892,203.927,100.0,0.0,0,0,100.0,CLIPPING,400.0
1938,64.5836,3356.793,204.866,100.0,0.0,0,0,100.0,CLIPPING,400.0
1939,64.617,3358.703,205.798,100.0,0.0,0,0,100.0,CLIPPING,400.0
1940,64.6503,3360.621,206.724,100.0,0.0,0,0,100.0,CLIPPING,400.0
1941,64.6836,3362.547,207.643,100.0,0.0,0,0,100.0,CLIPPING,400.0
1942,64.7169,3364.482,208.555,100.0,0.0,0,0,100.0,CLIPPING,400.0
1943,64.7502,3366.426,209.461,100.0,0.0,0,0,100.0,CLIPPING,400.0
1944,64.7836,3368.377,210.361,100.0,0.0,0,0,100.0,CLIPPING,400.0
1945,64.8169,3370.337,211.255,100.0,0.0,0,0,100.0,CLIPPING,400.0
1946,64.8502,3372.305,212.142,100.0,0.0,0,0,100.0,CLIPPING,400.0
1947,64.8835,3374.281,213.023,100.0,0.0,0,0,100.0,CLIPPING,400.0
1948,64.9169,3376.265,213.898,100.0,0.0,0,0,100.0,CLIPPING,400.0
1949,64.9502,3378.258,214.768,100.0,0.0,0,0,100.0,CLIPPING,400.0
1950,64.9835,3380.258,215.631,100.0,0.0,0,0,100.0,CLIPPING,400.0
1951,65.0168,3382.266,216.489,100.0,0.0,0,0,100.0,CLIPPING,400.0
1952,65.0502,3384.281,217.341,100.0,0.0,0,0,100.0,CLIPPING,400.0
1953,65.0835,3386.305,218.188,100.0,0.0,0,0,100.0,CLIPPING,400.0
1954,65.1168,3388.336,219.028,100.0,0.0,0,0,100.0,CLIPPING,400.0
1955,65.1501,3390.375,219.864,100.0,0.0,0,0,100.0,CLIPPING,400.0
1956,65.1835,3392.421,220.694,100.0,0.0,0,0,100.0,CLIPPING,400.0
1957,65.2168,3394.475,221.518,100.0,0.0,0,0,100.0,CLIPPING,400.0
1958,65.2501,3396.537,222.337,100.0,0.0,0,0,100.0,CLIPPING,400.0
1959,65.2834,3398.606,223.151,100.0,0.0,0,0,100.0,CLIPPING,400.0
1960,65.3168,3400.683,223.959,100.0,0.0,0,0,100.0,CLIPPING,400.0
1961,65.3501,3402.767,224.762,100.0,0.0,0,0,100.0,CLIPPING,400.0
1962,65.3834,3404.859,225.561,100.0,0.0,0,0,100.0,CLIPPING,400.0
1963,65.4167,3406.957,226.354,100.0,0.0,0,0,100.0,CLIPPING,400.0
1964,65.4501,3409.063,227.142,100.0,0.0,0,0,100.0,CLIPPING,400.0
1965,65.4834,3411.176,227.925,100.0,0.0,0,0,100.0,CLIPPING,400.0
1966,65.5167,3413.297,228.703,100.0,0.0,0,0,100.0,CLIPPING,400.0
1967,65.55,3415.424,229.477,100.0,0.0,0,0,100.0,CLIPPING,400.0
1968,65.5834,3417.559,230.245,100.0,0.0,0,0,100.0,CLIPPING,400.0
1969,65.6167,3419.7,231.009,100.0,0.0,0,0,100.0,CLIPPING,400.0
1970,65.65,3421.848,231.769,100.0,0.0,0,0,100.0,CLIPPING,400.0
1971,65.6833,3424.004,232.523,100.0,0.0,0,0,100.0,CLIPPING,400.0
1972,65.7167,3426.166,233.273,100.0,0.0,0,0,100.0,CLIPPING,400.0
1973,65.75,3428.335,234.019,100.0,0.0,0,0,100.0,CLIPPING,400.0
1974,65.7833,3430.511,234.76,100.0,0.0,0,0,100.0,CLIPPING,400.0
1975,65.8166,3432.694,235.496,100.0,0.0,0,0,100.0,CLIPPING,400.0
1976,65.85,3434.883,236.228,100.0,0.0,0,0,100.0,CLIPPING,400.0
1977,65.8833,3437.08,236.955,100.0,0.0,0,0,100.0,CLIPPING,400.0
1978,65.9166,3439.283,237.678,100.0,0.0,0,0,100.0,CLIPPING,400.0
1979,65.9499,3441.492,238.397,100.0,0.0,0,0,100.0,CLIPPING,400.0
1980,65.9833,3443.708,239.111,100.0,0.0,0,0,100.0,CLIPPING,400.0
1981,66.0166,3445.931,239.822,100.0,0.0,0,0,100.0,CLIPPING,400.0
1982,66.0499,3448.16,240.528,100.0,0.0,0,0,100.0,CLIPPING,400.0
1983,66.0832,3450.395,241.23,100.0,0.0,0,0,100.0,CLIPPING,400.0
1984,66.1166,3452.637,241.928,100.0,0.0,0,0,100.0,CLIPPING,400.0
1985,66.1499,3454.886,242.621,100.0,0.0,0,0,100.0,CLIPPING,400.0
1986,66.1832,3457.141,243.311,100.0,0.0,0,0,100.0,CLIPPING,400.0
1987,66.2165,3459.402,243.996,100.0,0.0,0,0,100.0,CLIPPING,400.0
1988,66.2499,3461.669,244.678,100.0,0.0,0,0,100.0,CLIPPING,400.0
1989,66.2832,3463.943,245.356,100.0,0.0,0,0,100.0,CLIPPING,400.0
1990,66.3165,3466.222,246.029,100.0,0.0,0,0,100.0,CLIPPING,400.0
1991,66.3498,3468.508,246.699,100.0,0.0,0,0,100.0,CLIPPING,400.0
1992,66.3832,3470.8,247.365,100.0,0.0,0,0,100.0,CLIPPING,400.0
1993,66.4165,3473.099,248.027,100.0,0.0,0,0,100.0,CLIPPING,400.0
1994,66.4498,3475.403,248.686,100.0,0.0,0,0,100.0,CLIPPING,400.0
1995,66.4831,3477.713,249.34,100.0,0.0,0,0,100.0,CLIPPING,400.0
1996,66.5165,3480.03,249.991,100.0,0.0,0,0,100.0,CLIPPING,400.0
1997,66.5498,3482.352,250.639,100.0,0.0,0,0,100.0,CLIPPING,400.0
1998,66.5831,3484.68,251.282,100.0,0.0,0,0,100.0,CLIPPING,400.0
1999,66.6164,3487.014,251.922,100.0,0.0,0,0,100.0,CLIPPING,400.0
2000,66.6498,3489.354,252.558,100.0,0.0,0,0,100.0,CLIPPING,400.0
2001,66.6831,3491.7,253.191,100.0,0.0,0,0,100.0,CLIPPING,400.0
2002,66.7164,3494.052,253.82,100.0,0.0,0,0,100.0,CLIPPING,400.0
2003,66.7497,3496.409,254.446,100.0,0.0,0,0,100.0,CLIPPING,400.0
2004,66.7831,3498.772,255.068,100.0,0.0,0,0,100.0,CLIPPING,400.0
2005,66.8164,3501.141,255.687,100.0,0.0,0,0,100.0,CLIPPING,400.0
2006,66.8497,3503.516,256.302,100.0,0.0,0,0,100.0,CLIPPING,400.0
2007,66.883,3505.896,256.914,100.0,0.0,0,0,100.0,CLIPPING,400.0
2008,66.9164,3508.281,257.523,100.0,0.0,0,0,100.0,CLIPPING,400.0
2009,66.9497,3510.672,258.128,100.0,0.0,0,0,100.0,CLIPPING,400.0
2010,66.983,3513.07,258.729,100.0,0.0,0,0,100.0,CLIPPING,400.0
2011,67.0163,3515.472,259.328,100.0,0.0,0,0,100.0,CLIPPING,400.0
2012,67.0497,3517.88,259.923,100.0,0.0,0,0,100.0,CLIPPING,400.0
2013,67.083,3520.293,260.515,100.0,0.0,0,0,100.0,CLIPPING,400.0
2014,67.1163,3522.712,261.104,100.0,0.0,0,0,100.0,CLIPPING,400.0
2015,67.1496,3525.136,261.689,100.0,0.0,0,0,100.0,CLIPPING,400.0
2016,67.183,3527.566,262.271,100.0,0.0,0,0,100.0,CLIPPING,400.0
2017,67.2163,3530.001,262.851,100.0,0.0,0,0,100.0,CLIPPING,400.0
2018,67.2496,3532.441,263.427,100.0,0.0,0,0,100.0,CLIPPING,400.0
2019,67.2829,3534.886,264.0,100.0,0.0,0,0,100.0,CLIPPING,400.0
2020,67.3163,3537.337,264.569,100.0,0.0,0,0,100.0,CLIPPING,400.0
2021,67.3496,3539.793,265.136,100.0,0.0,0,0,100.0,CLIPPING,400.0
2022,67.3829,3542.254,265.7,100.0,0.0,0,0,100.0,CLIPPING,400.0
2023,67.4162,3544.72,266.26,100.0,0.0,0,0,100.0,CLIPPING,400.0
2024,67.4496,3547.192,266.818,100.0,0.0,0,0,100.0,CLIPPING,400.0
2025,67.4829,3549.669,267.372,100.0,0.0,0,0,100.0,CLIPPING,400.0
2026,67.5162,3552.15,267.924,100.0,0.0,0,0,100.0,CLIPPING,400.0
2027,67.5495,3554.637,268.473,100.0,0.0,0,0,100.0,CLIPPING,400.0
2028,67.5829,3557.129,269.019,100.0,0.0,0,0,100.0,CLIPPING,400.0
2029,67.6162,3559.626,269.562,100.0,0.0,0,0,100.0,CLIPPING,400.0
2030,67.6495,3562.128,270.102,100.0,0.0,0,0,100.0,CLIPPING,400.0
2031,67.6828,3564.634,270.639,100.0,0.0,0,0,100.0,CLIPPING,400.0
2032,67.7162,3567.146,271.173,100.0,0.0,0,0,100.0,CLIPPING,400.0
2033,67.7495,3569.663,271.704,100.0,0.0,0,0,100.0,CLIPPING,400.0
2034,67.7828,3572.184,272.233,100.0,0.0,0,0,100.0,CLIPPING,400.0
2035,67.8161,3574.71,272.759,100.0,0.0,0,0,100.0,CLIPPING,400.0
2036,67.8495,3577.242,273.282,100.0,0.0,0,0,100.0,CLIPPING,400.0
2037,67.8828,3579.777,273.802,100.0,0.0,0,0,100.0,CLIPPING,400.0
2038,67.9161,3582.318,274.32,100.0,0.0,0,0,100.0,CLIPPING,400.0
2039,67.9494,3584.864,274.835,100.0,0.0,0,0,100.0,CLIPPING,400.0
2040,67.9828,3587.414,275.347,100.0,0.0,0,0,100.0,CLIPPING,400.0
2041,68.0161,3589.969,275.857,100.0,0.0,0,0,100.0,CLIPPING,400.0
2042,68.0494,3592.528,276.364,100.0,0.0,0,0,100.0,CLIPPING,400.0
2043,68.0827,3595.093,276.868,100.0,0.0,0,0,100.0,CLIPPING,400.0
2044,68.1161,3597.662,277.37,100.0,0.0,0,0,100.0,CLIPPING,400.0
2045,68.1494,3600.235,277.869,100.0,0.0,0,0,100.0,CLIPPING,400.0
2046,68.1827,3602.813,278.365,100.0,0.0,0,0,100.0,CLIPPING,400.0
2047,68.216,3605.396,278.859,100.0,0.0,0,0,100.0,CLIPPING,400.0
2048,68.2494,3607.983,279.35,100.0,0.0,0,0,100.0,CLIPPING,400.0
2049,68.2827,3610.574,279.839,100.0,0.0,0,0,100.0,CLIPPING,400.0
2050,68.316,3613.171,280.325,100.0,0.0,0,0,100.0,CLIPPING,400.0
2051,68.3493,3615.771,280.809,100.0,0.0,0,0,100.0,CLIPPING,400.0
2052,68.3827,3618.376,281.29,100.0,0.0,0,0,100.0,CLIPPING,400.0
2053,68.416,3620.986,281.769,100.0,0.0,0,0,100.0,CLIPPING,400.0
2054,68.4493,3623.6,282.245,100.0,0.0,0,0,100.0,CLIPPING,400.0
2055,68.4826,3626.218,282.719,100.0,0.0,0,0,100.0,CLIPPING,400.0
2056,68.516,3628.84,283.19,100.0,0.0,0,0,100.0,CLIPPING,400.0
2057,68.5493,3631.467,283.659,100.0,0.0,0,0,100.0,CLIPPING,400.0
2058,68.5826,3634.099,284.126,100.0,0.0,0,0,100.0,CLIPPING,400.0
2059,68.6159,3636.734,284.59,100.0,0.0,0,0,100.0,CLIPPING,400.0
2060,68.6493,3639.374,285.052,100.0,0.0,0,0,100.0,CLIPPING,400.0
2061,68.6826,3642.018,285.511,100.0,0.0,0,0,100.0,CLIPPING,400.0
2062,68.7159,3644.666,285.969,100.0,0.0,0,0,100.0,CLIPPING,400.0
2063,68.7492,3647.319,286.423,100.0,0.0,0,0,100.0,CLIPPING,400.0
2064,68.7826,3649.975,286.876,100.0,0.0,0,0,100.0,CLIPPING,400.0
2065,68.8159,3652.636,287.326,100.0,0.0,0,0,100.0,CLIPPING,400.0
2066,68.8492,3655.301,287.774,100.0,0.0,0,0,100.0,CLIPPING,400.0
2067,68.8825,3657.97,288.219,100.0,0.0,0,0,100.0,CLIPPING,400.0
2068,68.9159,3660.643,288.663,100.0,0.0,0,0,100.0,CLIPPING,400.0
2069,68.9492,3663.321,289.104,100.0,0.0,0,0,100.0,CLIPPING,400.0
2070,68.9825,3666.002,289.543,100.0,0.0,0,0,100.0,CLIPPING,400.0
2071,69.0158,3668.687,289.98,100.0,0.0,0,0,100.0,CLIPPING,400.0
2072,69.0492,3671.376,290.414,100.0,0.0,0,0,100.0,CLIPPING,400.0
2073,69.0825,3674.07,290.846,100.0,0.0,0,0,100.0,CLIPPING,400.0
2074,69.1158,3676.767,291.277,100.0,0.0,0,0,100.0,CLIPPING,400.0
2075,69.1491,3679.468,291.704,100.0,0.0,0,0,100.0,CLIPPING,400.0
2076,69.1825,3682.173,292.13,100.0,0.0,0,0,100.0,CLIPPING,400.0
2077,69.2158,3684.882,292.554,100.0,0.0,0,0,100.0,CLIPPING,400.0
2078,69.2491,3687.595,292.975,100.0,0.0,0,0,100.0,CLIPPING,400.0
2079,69.2824,3690.312,293.395,100.0,0.0,0,0,100.0,CLIPPING,400.0
2080,69.3158,3693.033,293.812,100.0,0.0,0,0,100.0,CLIPPING,400.0
2081,69.3491,3695.757,294.227,100.0,0.0,0,0,100.0,CLIPPING,400.0
2082,69.3824,3698.486,294.641,100.0,0.0,0,0,100.0,CLIPPING,400.0
2083,69.4157,3701.218,295.052,100.0,0.0,0,0,100.0,CLIPPING,400.0
2084,69.4491,3703.954,295.461,100.0,0.0,0,0,100.0,CLIPPING,400.0
2085,69.4824,3706.693,295.868,100.0,0.0,0,0,100.0,CLIPPING,400.0
2086,69.5157,3709.437,296.273,100.0,0.0,0,0,100.0,CLIPPING,400.0
2087,69.549,3712.184,296.676,100.0,0.0,0,0,100.0,CLIPPING,400.0
2088,69.5824,3714.935,297.077,100.0,0.0,0,0,100.0,CLIPPING,400.0
2089,69.6157,3717.69,297.476,100.0,0.0,0,0,100.0,CLIPPING,400.0
2090,69.649,3720.448,297.873,100.0,0.0,0,0,100.0,CLIPPING,400.0
2091,69.6823,3723.21,298.268,100.0,0.0,0,0,100.0,CLIPPING,400.0
2092,69.7157,3725.975,298.661,100.0,0.0,0,0,100.0,CLIPPING,400.0
2093,69.749,3728.744,299.052,100.0,0.0,0,0,100.0,CLIPPING,400.0
2094,69.7823,3731.517,299.441,100.0,0.0,0,0,100.0,CLIPPING,400.0
2095,69.8156,3734.231,299.819,0.0,0.0,0,0,100.0,CLIPPING,-241.76
2096,69.849,3736.826,279.095,100.0,0.0,0,0,100.0,CLIPPING,400.0
2097,69.8823,3739.415,279.585,100.0,0.0,0,0,100.0,CLIPPING,400.0
2098,69.9156,3742.009,280.072,100.0,0.0,0,0,100.0,CLIPPING,400.0
2099,69.9489,3744.607,280.558,100.0,0.0,0,0,100.0,CLIPPING,400.0
2100,69.9823,3747.206,280.998,100.0,0.0,0,0,100.0,CLIPPING,142.81
2101,70.0156,3749.784,279.466,0.0,100.0,0,0,100.0,REGEN,-350.0
2102,70.0489,3752.331,276.043,0.0,100.0,0,0,100.0,REGEN,-350.0
2103,70.0822,3754.846,272.661,0.0,100.0,0,0,100.0,REGEN,-350.0
2104,70.1156,3757.328,269.317,0.0,100.0,0,0,100.0,REGEN,-350.0
2105,70.1489,3759.781,266.009,0.0,100.0,0,0,100.0,REGEN,-350.0
2106,70.1822,3762.204,262.735,0.0,100.0,0,0,100.0,REGEN,-350.0
2107,70.2155,3764.597,259.497,0.0,100.0,0,0,100.0,REGEN,-350.0
2108,70.2489,3766.958,256.296,0.0,100.0,0,0,100.0,REGEN,-350.0
2109,70.2822,3769.29,253.128,0.0,100.0,0,0,100.0,REGEN,-350.0
2110,70.3155,3771.593,249.992,0.0,100.0,0,0,100.0,REGEN,-350.0
2111,70.3488,3773.868,246.887,0.0,100.0,0,0,100.0,REGEN,-350.0
2112,70.3822,3776.114,243.813,0.0,100.0,0,0,100.0,REGEN,-350.0
2113,70.4155,3778.332,240.769,0.0,100.0,0,0,100.0,REGEN,-350.0
2114,70.4488,3780.523,237.755,0.0,100.0,0,0,100.0,REGEN,-350.0
2115,70.4821,3782.683,234.772,0.0,100.0,0,0,100.0,REGEN,-350.0
2116,70.5155,3784.817,231.818,0.0,100.0,0,0,100.0,REGEN,-350.0
2117,70.5488,3786.923,228.892,0.0,100.0,0,0,100.0,REGEN,-350.0
2118,70.5821,3789.002,225.992,0.0,100.0,0,0,100.0,REGEN,-350.0
2119,70.6154,3791.054,223.12,0.0,100.0,0,0,100.0,REGEN,-350.0
2120,70.6488,3793.08,220.274,0.0,100.0,0,0,100.0,REGEN,-350.0
2121,70.6821,3795.08,217.454,0.0,100.0,0,0,100.0,REGEN,-350.0
2122,70.7154,3797.054,214.659,0.0,100.0,0,0,100.0,REGEN,-350.0
2123,70.7487,3799.002,211.889,0.0,100.0,0,0,100.0,REGEN,-350.0
2124,70.7821,3800.924,209.144,0.0,100.0,0,0,100.0,REGEN,-350.0
2125,70.8154,3802.822,206.422,0.0,100.0,0,0,100.0,REGEN,-350.0
2126,70.8487,3804.694,203.723,0.0,100.0,0,0,100.0,REGEN,-350.0
2127,70.882,3806.541,201.047,0.0,100.0,0,0,100.0,REGEN,-350.0
2128,70.9154,3808.362,198.394,0.0,100.0,0,0,100.0,REGEN,-350.0
2129,70.9487,3810.158,195.764,0.0,100.0,0,0,100.0,REGEN,-350.0
2130,70.982,3811.93,193.156,0.0,100.0,0,0,100.0,REGEN,-350.0
2131,71.0153,3813.678,190.568,0.0,100.0,0,0,100.0,REGEN,-350.0
2132,71.0487,3815.402,188.001,0.0,100.0,0,0,100.0,REGEN,-350.0
2133,71.082,3817.103,185.454,0.0,100.0,0,0,100.0,REGEN,-350.0
2134,71.1153,3818.782,182.926,0.0,100.0,0,0,100.0,REGEN,-350.0
2135,71.1486,3820.437,180.418,0.0,100.0,0,0,100.0,REGEN,-350.0
2136,71.182,3822.065,177.931,0.0,100.0,0,0,100.0,REGEN,-350.0
2137,71.2153,3823.67,175.461,0.0,100.0,0,0,100.0,REGEN,-350.0
2138,71.2486,3825.254,173.008,0.0,100.0,0,0,100.0,REGEN,-350.0
2139,71.2819,3826.818,170.572,0.0,100.0,0,0,100.0,REGEN,-350.0
2140,71.3153,3828.357,168.154,0.0,100.0,0,0,100.0,REGEN,-350.0
2141,71.3486,3829.87,165.757,0.0,100.0,0,0,100.0,REGEN,-350.0
2142,71.3819,3831.363,163.374,0.0,100.0,0,0,100.0,REGEN,-350.0
2143,71.4152,3832.837,161.007,0.0,100.0,0,0,100.0,REGEN,-350.0
2144,71.4486,3834.287,158.657,0.0,100.0,0,0,100.0,REGEN,-350.0
2145,71.4819,3835.711,156.326,0.0,100.0,0,0,100.0,REGEN,-350.0
2146,71.5152,3837.117,154.01,0.0,100.0,0,0,100.0,REGEN,-350.0
2147,71.5485,3838.506,151.71,0.0,100.0,0,0,100.0,REGEN,-350.0
2148,71.5819,3839.864,149.443,0.0,100.0,0,0,100.0,REGEN,-350.0
2149,71.6152,3841.206,147.201,0.0,100.0,0,0,100.0,REGEN,-350.0
2150,71.6485,3842.533,144.983,0.0,100.0,0,0,100.0,REGEN,-350.0
2151,71.6818,3843.829,142.833,0.0,100.0,0,0,100.0,REGEN,-350.0
2152,71.7152,3845.11,140.72,0.0,100.0,0,0,100.0,REGEN,-350.0
2153,71.7485,3846.373,138.65,0.0,100.0,0,0,100.0,REGEN,-350.0
2154,71.7818,3847.606,136.329,0.0,100.0,0,0,100.0,REGEN,-350.0
2155,71.8151,3848.825,133.994,0.0,100.0,0,0,100.0,REGEN,-350.0
2156,71.8484,3850.018,131.722,0.0,100.0,0,0,100.0,REGEN,-350.0
2157,71.8818,3851.191,129.502,0.0,100.0,0,0,100.0,REGEN,-350.0
2158,71.9151,3852.349,127.321,0.0,100.0,0,0,100.0,REGEN,-350.0
2159,71.9484,3853.479,125.23,0.0,100.0,0,0,100.0,REGEN,-350.0
2160,71.9817,3854.602,123.163,0.0,100.0,0,0,100.0,REGEN,-350.0
2161,72.0151,3855.693,121.194,0.0,100.0,0,0,100.0,REGEN,-350.0
2162,72.0484,3856.777,119.252,0.0,100.0,0,0,100.0,REGEN,-350.0
2163,72.0817,3857.837,117.392,0.0,100.0,0,0,100.0,REGEN,-350.0
2164,72.115,3858.886,115.572,0.0,100.0,0,0,100.0,REGEN,-350.0
2165,72.1484,3859.915,113.824,0.0,100.0,0,0,100.0,REGEN,-350.0
2166,72.1817,3860.932,112.12,0.0,100.0,0,0,100.0,REGEN,-350.0
2167,72.215,3861.931,110.482,0.0,100.0,0,0,100.0,REGEN,-350.0
2168,72.2483,3862.919,108.895,0.0,100.0,0,0,100.0,REGEN,-350.0
2169,72.2817,3863.89,107.386,0.0,100.0,0,0,100.0,REGEN,-350.0
2170,72.315,3864.853,105.926,0.0,100.0,0,0,100.0,REGEN,-350.0
2171,72.3483,3865.799,104.56,0.0,100.0,0,0,100.0,REGEN,-350.0
2172,72.3816,3866.739,103.229,0.0,100.0,0,0,100.0,REGEN,-350.0
2173,72.415,3867.662,102.014,0.0,100.0,0,0,100.0,REGEN,-350.0
2174,72.4483,3868.584,100.811,0.0,100.0,0,0,100.0,REGEN,-350.0
2175,72.4816,3869.489,99.777,0.0,100.0,0,0,100.0,REGEN,-350.0
2176,72.5149,3870.393,98.743,0.0,100.0,0,0,100.0,REGEN,-350.0
2177,72.5483,3871.289,97.933,0.0,100.0,0,0,100.0,REGEN,-350.0
2178,72.5816,3872.183,97.165,0.0,100.0,0,0,100.0,REGEN,-350.0
2179,72.6149,3873.075,96.714,0.0,100.0,0,0,100.0,REGEN,-350.0
2180,72.6482,3873.964,96.469,0.0,100.0,0,0,100.0,REGEN,-350.0
2181,72.6816,3874.852,96.244,0.0,100.0,0,0,100.0,REGEN,-350.0
2182,72.7149,3875.739,96.052,0.0,100.0,0,0,100.0,REGEN,-350.0
2183,72.7482,3876.626,95.874,0.0,100.0,0,0,100.0,REGEN,-317.07
2184,72.7815,3877.512,95.813,100.0,100.0,0,0,100.0,REGEN,14.84
2185,72.8149,3878.398,95.753,100.0,100.0,0,0,100.0,REGEN,346.74
2186,72.8482,3879.288,95.691,100.0,0.0,0,0,100.0,CLIPPING,400.0
2187,72.8815,3880.179,95.63,100.0,0.0,0,0,100.0,CLIPPING,400.0
2188,72.9148,3881.08,95.939,100.0,0.0,0,0,100.0,CLIPPING,400.0
2189,72.9482,3881.987,96.502,100.0,0.0,0,0,100.0,CLIPPING,400.0
2190,72.9815,3882.905,97.283,100.0,0.0,0,0,100.0,CLIPPING,400.0
2191,73.0148,3883.837,98.407,100.0,0.0,0,0,100.0,CLIPPING,400.0
2192,73.0481,3884.776,99.607,100.0,0.0,0,0,100.0,CLIPPING,400.0
2193,73.0815,3885.735,101.039,100.0,0.0,0,0,100.0,CLIPPING,400.0
2194,73.1148,3886.696,102.442,100.0,0.0,0,0,100.0,CLIPPING,400.0
2195,73.1481,3887.67,103.687,100.0,0.0,0,0,100.0,CLIPPING,400.0
2196,73.1814,3888.646,104.847,100.0,0.0,0,0,100.0,CLIPPING,400.0
2197,73.2148,3889.629,105.248,100.0,0.0,0,0,100.0,CLIPPING,400.0
2198,73.2481,3890.615,105.67,100.0,0.0,0,0,100.0,CLIPPING,400.0
2199,73.2814,3891.619,106.371,100.0,0.0,0,0,100.0,CLIPPING,400.0
2200,73.3147,3892.625,107.131,100.0,0.0,0,0,100.0,CLIPPING,400.0
2201,73.3481,3893.658,108.601,100.0,0.0,0,0,100.0,CLIPPING,400.0
2202,73.3814,3894.695,110.121,100.0,0.0,0,0,100.0,CLIPPING,400.0
2203,73.4147,3895.761,111.95,100.0,0.0,0,0,100.0,CLIPPING,400.0
2204,73.448,3896.834,113.814,100.0,0.0,0,0,100.0,CLIPPING,400.0
2205,73.4814,3897.932,115.771,100.0,0.0,0,0,100.0,CLIPPING,400.0
2206,73.5147,3899.042,117.696,100.0,0.0,0,0,100.0,CLIPPING,400.0
2207,73.548,3900.17,119.581,100.0,0.0,0,0,100.0,CLIPPING,400.0
2208,73.5813,3901.299,121.419,100.0,0.0,0,0,100.0,CLIPPING,118.29
2209,73.6147,3902.428,123.234,0.0,0.0,0,0,100.0,CLIPPING,-305.09
2210,73.648,3903.528,121.995,0.0,100.0,0,0,100.0,REGEN,-350.0
2211,73.6813,3904.623,120.358,0.0,100.0,0,0,100.0,REGEN,-350.0
2212,73.7146,3905.683,118.269,0.0,100.0,0,0,100.0,REGEN,-350.0
2213,73.748,3906.737,116.185,0.0,100.0,0,0,100.0,REGEN,-350.0
2214,73.7813,3907.759,114.122,0.0,100.0,0,0,100.0,REGEN,-350.0
2215,73.8146,3908.773,112.072,0.0,100.0,0,0,100.0,REGEN,-350.0
2216,73.8479,3909.756,110.064,0.0,100.0,0,0,100.0,REGEN,-350.0
2217,73.8813,3910.731,108.037,0.0,100.0,0,0,100.0,REGEN,-350.0
2218,73.9146,3911.673,105.925,0.0,100.0,0,0,100.0,REGEN,-350.0
2219,73.9479,3912.612,103.821,0.0,100.0,0,0,100.0,REGEN,-350.0
2220,73.9812,3913.511,101.816,0.0,100.0,0,0,100.0,REGEN,-350.0
2221,74.0146,3914.41,99.81,0.0,100.0,0,0,100.0,REGEN,-350.0
2222,74.0479,3915.27,97.74,0.0,100.0,0,0,100.0,REGEN,-350.0
2223,74.0812,3916.123,95.658,0.0,100.0,0,0,100.0,REGEN,-350.0
2224,74.1145,3916.953,93.649,0.0,100.0,0,0,100.0,REGEN,-350.0
2225,74.1479,3917.76,91.713,0.0,100.0,0,0,100.0,REGEN,-350.0
2226,74.1812,3918.566,89.775,0.0,100.0,0,0,100.0,REGEN,-350.0
2227,74.2145,3919.343,87.794,0.0,100.0,0,0,100.0,REGEN,-350.0
2228,74.2478,3920.12,85.812,0.0,100.0,0,0,100.0,REGEN,-350.0
2229,74.2812,3920.894,84.419,0.0,100.0,0,0,100.0,REGEN,-350.0
2230,74.3145,3921.663,83.756,0.0,100.0,0,0,100.0,REGEN,-350.0
2231,74.3478,3922.432,83.093,0.0,100.0,0,0,100.0,REGEN,-350.0
2232,74.3811,3923.198,82.952,0.0,100.0,0,0,100.0,REGEN,-107.21
2233,74.4145,3923.963,82.906,100.0,100.0,0,0,100.0,REGEN,180.12
2234,74.4478,3924.732,82.861,100.0,0.0,0,0,100.0,CLIPPING,400.0
2235,74.4811,3925.517,82.814,100.0,0.0,0,0,100.0,CLIPPING,400.0
2236,74.5144,3926.302,82.767,100.0,0.0,0,0,100.0,CLIPPING,400.0
2237,74.5478,3927.118,83.995,100.0,0.0,0,0,100.0,CLIPPING,400.0
2238,74.5811,3927.947,85.807,100.0,0.0,0,0,100.0,CLIPPING,400.0
2239,74.6144,3928.786,87.684,100.0,0.0,0,0,100.0,CLIPPING,400.0
2240,74.6477,3929.65,89.736,100.0,0.0,0,0,100.0,CLIPPING,400.0
2241,74.6811,3930.515,91.787,100.0,0.0,0,0,100.0,CLIPPING,400.0
2242,74.7144,3931.389,93.018,100.0,0.0,0,0,100.0,CLIPPING,87.34
2243,74.7477,3932.264,94.208,0.0,0.0,0,0,100.0,CLIPPING,-240.91
2244,74.781,3933.138,94.563,0.0,100.0,0,0,100.0,REGEN,-131.4
2245,74.8144,3934.011,94.504,100.0,100.0,0,0,100.0,REGEN,196.0
2246,74.8477,3934.886,94.445,100.0,0.0,0,0,100.0,CLIPPING,400.0
2247,74.881,3935.764,94.385,100.0,0.0,0,0,100.0,CLIPPING,400.0
2248,74.9143,3936.643,94.383,100.0,0.0,0,0,100.0,CLIPPING,400.0
2249,74.9477,3937.534,94.906,100.0,0.0,0,0,100.0,CLIPPING,400.0
2250,74.981,3938.425,95.43,100.0,0.0,0,0,100.0,CLIPPING,400.0
2251,75.0143,3939.329,96.051,100.0,0.0,0,0,100.0,CLIPPING,400.0
2252,75.0476,3940.236,96.689,100.0,0.0,0,0,100.0,CLIPPING,400.0
2253,75.081,3941.154,97.476,100.0,0.0,0,0,100.0,CLIPPING,400.0
2254,75.1143,3942.08,98.348,100.0,0.0,0,0,100.0,CLIPPING,400.0
2255,75.1476,3943.017,99.346,100.0,0.0,0,0,100.0,CLIPPING,400.0
2256,75.1809,3943.967,100.48,100.0,0.0,0,0,100.0,CLIPPING,400.0
2257,75.2143,3944.926,101.69,100.0,0.0,0,0,100.0,CLIPPING,400.0
2258,75.2476,3945.902,103.026,100.0,0.0,0,0,100.0,CLIPPING,400.0
2259,75.2809,3946.888,104.418,100.0,0.0,0,0,100.0,CLIPPING,400.0
2260,75.3142,3947.892,105.927,100.0,0.0,0,0,100.0,CLIPPING,400.0
2261,75.3476,3948.907,107.489,100.0,0.0,0,0,100.0,CLIPPING,400.0
2262,75.3809,3949.943,109.158,100.0,0.0,0,0,100.0,CLIPPING,400.0
2263,75.4142,3950.991,110.885,100.0,0.0,0,0,100.0,CLIPPING,400.0
2264,75.4475,3952.059,112.698,100.0,0.0,0,0,100.0,CLIPPING,400.0
2265,75.4809,3953.143,114.569,100.0,0.0,0,0,100.0,CLIPPING,400.0
2266,75.5142,3954.242,116.491,100.0,0.0,0,0,100.0,CLIPPING,400.0
2267,75.5475,3955.362,118.384,100.0,0.0,0,0,100.0,CLIPPING,400.0
2268,75.5808,3956.491,120.264,100.0,0.0,0,0,100.0,CLIPPING,400.0
2269,75.6142,3957.646,122.085,100.0,0.0,0,0,100.0,CLIPPING,400.0
2270,75.6475,3958.809,123.89,100.0,0.0,0,0,100.0,CLIPPING,400.0
2271,75.6808,3959.993,125.65,100.0,0.0,0,0,100.0,CLIPPING,400.0
2272,75.7141,3961.191,127.383,100.0,0.0,0,0,100.0,CLIPPING,400.0
2273,75.7475,3962.401,129.091,100.0,0.0,0,0,100.0,CLIPPING,400.0
2274,75.7808,3963.632,130.797,100.0,0.0,0,0,100.0,CLIPPING,400.0
2275,75.8141,3964.873,132.493,100.0,0.0,0,0,100.0,CLIPPING,400.0
2276,75.8474,3966.132,134.157,100.0,0.0,0,0,100.0,CLIPPING,400.0
2277,75.8808,3967.406,135.795,100.0,0.0,0,0,100.0,CLIPPING,400.0
2278,75.9141,3968.69,137.417,100.0,0.0,0,0,100.0,CLIPPING,400.0
2279,75.9474,3969.994,139.006,100.0,0.0,0,0,100.0,CLIPPING,400.0
2280,75.9807,3971.31,140.577,100.0,0.0,0,0,100.0,CLIPPING,400.0
2281,76.0141,3972.637,142.131,100.0,0.0,0,0,100.0,CLIPPING,400.0
2282,76.0474,3973.983,143.656,100.0,0.0,0,0,100.0,CLIPPING,400.0
2283,76.0807,3975.34,145.165,100.0,0.0,0,0,100.0,CLIPPING,400.0
2284,76.114,3976.708,146.658,100.0,0.0,0,0,100.0,CLIPPING,400.0
2285,76.1474,3978.093,148.126,100.0,0.0,0,0,100.0,CLIPPING,400.0
2286,76.1807,3979.491,149.578,100.0,0.0,0,0,100.0,CLIPPING,400.0
2287,76.214,3980.9,151.016,100.0,0.0,0,0,100.0,CLIPPING,400.0
2288,76.2473,3982.322,152.434,100.0,0.0,0,0,100.0,CLIPPING,400.0
2289,76.2807,3983.759,153.834,100.0,0.0,0,0,100.0,CLIPPING,400.0
2290,76.314,3985.206,155.22,100.0,0.0,0,0,100.0,CLIPPING,400.0
2291,76.3473,3986.665,156.593,100.0,0.0,0,0,100.0,CLIPPING,400.0
2292,76.3806,3988.139,157.946,100.0,0.0,0,0,100.0,CLIPPING,400.0
2293,76.414,3989.624,159.286,100.0,0.0,0,0,100.0,CLIPPING,400.0
2294,76.4473,3991.121,160.612,100.0,0.0,0,0,100.0,CLIPPING,400.0
2295,76.4806,3992.628,161.926,100.0,0.0,0,0,100.0,CLIPPING,400.0
2296,76.5139,3994.15,163.222,100.0,0.0,0,0,100.0,CLIPPING,400.0
2297,76.5473,3995.682,164.506,100.0,0.0,0,0,100.0,CLIPPING,400.0
2298,76.5806,3997.226,165.778,100.0,0.0,0,0,100.0,CLIPPING,400.0
2299,76.6139,3998.78,167.039,100.0,0.0,0,0,100.0,CLIPPING,400.0
2300,76.6472,4000.347,168.285,100.0,0.0,0,0,100.0,CLIPPING,400.0
2301,76.6806,4001.926,169.519,100.0,0.0,0,0,100.0,CLIPPING,400.0
2302,76.7139,4003.515,170.741,100.0,0.0,0,0,100.0,CLIPPING,400.0
2303,76.7472,4005.114,171.953,100.0,0.0,0,0,100.0,CLIPPING,400.0
2304,76.7805,4006.724,173.153,100.0,0.0,0,0,100.0,CLIPPING,400.0
2305,76.8139,4008.346,174.341,100.0,0.0,0,0,100.0,CLIPPING,400.0
2306,76.8472,4009.98,175.518,100.0,0.0,0,0,100.0,CLIPPING,400.0
2307,76.8805,4011.623,176.685,100.0,0.0,0,0,100.0,CLIPPING,400.0
2308,76.9138,4013.277,177.841,100.0,0.0,0,0,100.0,CLIPPING,400.0
2309,76.9472,4014.94,178.988,100.0,0.0,0,0,100.0,CLIPPING,400.0
2310,76.9805,4016.614,180.125,100.0,0.0,0,0,100.0,CLIPPING,400.0
2311,77.0138,4018.299,181.251,100.0,0.0,0,0,100.0,CLIPPING,400.0
2312,77.0471,4019.995,182.366,100.0,0.0,0,0,100.0,CLIPPING,400.0
2313,77.0805,4021.701,183.473,100.0,0.0,0,0,100.0,CLIPPING,400.0
2314,77.1138,4023.416,184.571,100.0,0.0,0,0,100.0,CLIPPING,400.0
2315,77.1471,4025.141,185.66,100.0,0.0,0,0,100.0,CLIPPING,400.0
2316,77.1804,4026.875,186.739,100.0,0.0,0,0,100.0,CLIPPING,400.0
2317,77.2138,4028.619,187.811,100.0,0.0,0,0,100.0,CLIPPING,400.0
2318,77.2471,4030.374,188.872,100.0,0.0,0,0,100.0,CLIPPING,400.0
2319,77.2804,4032.139,189.925,100.0,0.0,0,0,100.0,CLIPPING,400.0
2320,77.3137,4033.913,190.969,100.0,0.0,0,0,100.0,CLIPPING,400.0
2321,77.3471,4035.697,192.006,100.0,0.0,0,0,100.0,CLIPPING,400.0
2322,77.3804,4037.489,193.034,100.0,0.0,0,0,100.0,CLIPPING,400.0
2323,77.4137,4039.291,194.055,100.0,0.0,0,0,100.0,CLIPPING,400.0
2324,77.447,4041.102,195.067,100.0,0.0,0,0,100.0,CLIPPING,400.0
2325,77.4804,4042.922,196.072,100.0,0.0,0,0,100.0,CLIPPING,400.0
2326,77.5137,4044.752,197.069,100.0,0.0,0,0,100.0,CLIPPING,400.0
2327,77.547,4046.59,198.059,100.0,0.0,0,0,100.0,CLIPPING,400.0
2328,77.5803,4048.438,199.041,100.0,0.0,0,0,100.0,CLIPPING,400.0
2329,77.6137,4050.295,200.015,100.0,0.0,0,0,100.0,CLIPPING,400.0
2330,77.647,4052.161,200.982,100.0,0.0,0,0,100.0,CLIPPING,400.0
2331,77.6803,4054.035,201.942,100.0,0.0,0,0,100.0,CLIPPING,400.0
2332,77.7136,4055.919,202.896,100.0,0.0,0,0,100.0,CLIPPING,400.0
2333,77.747,4057.81,203.842,100.0,0.0,0,0,100.0,CLIPPING,400.0
2334,77.7803,4059.711,204.781,100.0,0.0,0,0,100.0,CLIPPING,400.0
2335,77.8136,4061.62,205.714,100.0,0.0,0,0,100.0,CLIPPING,400.0
2336,77.8469,4063.537,206.64,100.0,0.0,0,0,100.0,CLIPPING,400.0
2337,77.8803,4065.463,207.56,100.0,0.0,0,0,100.0,CLIPPING,400.0
2338,77.9136,4067.397,208.473,100.0,0.0,0,0,100.0,CLIPPING,400.0
2339,77.9469,4069.34,209.379,100.0,0.0,0,0,100.0,CLIPPING,400.0
2340,77.9802,4071.291,210.28,100.0,0.0,0,0,100.0,CLIPPING,400.0
2341,78.0136,4073.25,211.174,100.0,0.0,0,0,100.0,CLIPPING,400.0
2342,78.0469,4075.217,212.062,100.0,0.0,0,0,100.0,CLIPPING,400.0
2343,78.0802,4077.192,212.944,100.0,0.0,0,0,100.0,CLIPPING,400.0
2344,78.1135,4079.176,213.82,100.0,0.0,0,0,100.0,CLIPPING,400.0
2345,78.1469,4081.167,214.69,100.0,0.0,0,0,100.0,CLIPPING,400.0
2346,78.1802,4083.166,215.554,100.0,0.0,0,0,100.0,CLIPPING,400.0
2347,78.2135,4085.174,216.412,100.0,0.0,0,0,100.0,CLIPPING,400.0
2348,78.2468,4087.189,217.264,100.0,0.0,0,0,100.0,CLIPPING,400.0
2349,78.2802,4089.211,218.111,100.0,0.0,0,0,100.0,CLIPPING,400.0
2350,78.3135,4091.242,218.952,100.0,0.0,0,0,100.0,CLIPPING,400.0
2351,78.3468,4093.28,219.788,100.0,0.0,0,0,100.0,CLIPPING,400.0
2352,78.3801,4095.326,220.618,100.0,0.0,0,0,100.0,CLIPPING,400.0
2353,78.4135,4097.38,221.443,100.0,0.0,0,0,100.0,CLIPPING,400.0
2354,78.4468,4099.441,222.263,100.0,0.0,0,0,100.0,CLIPPING,400.0
2355,78.4801,4101.509,223.077,100.0,0.0,0,0,100.0,CLIPPING,400.0
2356,78.5134,4103.585,223.886,100.0,0.0,0,0,100.0,CLIPPING,400.0
2357,78.5468,4105.668,224.69,100.0,0.0,0,0,100.0,CLIPPING,400.0
2358,78.5801,4107.759,225.489,100.0,0.0,0,0,100.0,CLIPPING,400.0
2359,78.6134,4109.857,226.282,100.0,0.0,0,0,100.0,CLIPPING,400.0
2360,78.6467,4111.962,227.071,100.0,0.0,0,0,100.0,CLIPPING,400.0
2361,78.6801,4114.074,227.855,100.0,0.0,0,0,100.0,CLIPPING,400.0
2362,78.7134,4116.194,228.634,100.0,0.0,0,0,100.0,CLIPPING,400.0
2363,78.7467,4118.321,229.408,100.0,0.0,0,0,100.0,CLIPPING,400.0
2364,78.78,4120.454,230.177,100.0,0.0,0,0,100.0,CLIPPING,400.0
2365,78.8134,4122.595,230.941,100.0,0.0,0,0,100.0,CLIPPING,400.0
2366,78.8467,4124.743,231.701,100.0,0.0,0,0,100.0,CLIPPING,400.0
2367,78.88,4126.898,232.456,100.0,0.0,0,0,100.0,CLIPPING,400.0
2368,78.9133,4129.06,233.206,100.0,0.0,0,0,100.0,CLIPPING,400.0
2369,78.9467,4131.228,233.952,100.0,0.0,0,0,100.0,CLIPPING,400.0
2370,78.98,4133.404,234.693,100.0,0.0,0,0,100.0,CLIPPING,400.0
2371,79.0133,4135.586,235.429,100.0,0.0,0,0,100.0,CLIPPING,400.0
2372,79.0466,4137.775,236.162,100.0,0.0,0,0,100.0,CLIPPING,400.0
2373,79.0799,4139.97,236.89,100.0,0.0,0,0,100.0,CLIPPING,400.0
2374,79.1133,4142.173,237.613,100.0,0.0,0,0,100.0,CLIPPING,400.0
2375,79.1466,4144.381,238.333,100.0,0.0,0,0,100.0,CLIPPING,400.0
2376,79.1799,4146.597,239.048,100.0,0.0,0,0,100.0,CLIPPING,400.0
2377,79.2132,4148.819,239.758,100.0,0.0,0,0,100.0,CLIPPING,400.0
2378,79.2466,4151.048,240.464,100.0,0.0,0,0,100.0,CLIPPING,400.0
2379,79.2799,4153.283,241.167,100.0,0.0,0,0,100.0,CLIPPING,400.0
2380,79.3132,4155.524,241.865,100.0,0.0,0,0,100.0,CLIPPING,400.0
2381,79.3465,4157.772,242.559,100.0,0.0,0,0,100.0,CLIPPING,400.0
2382,79.3799,4160.026,243.249,100.0,0.0,0,0,100.0,CLIPPING,400.0
2383,79.4132,4162.286,243.935,100.0,0.0,0,0,100.0,CLIPPING,400.0
2384,79.4465,4164.553,244.617,100.0,0.0,0,0,100.0,CLIPPING,400.0
2385,79.4798,4166.826,245.295,100.0,0.0,0,0,100.0,CLIPPING,400.0
2386,79.5132,4169.106,245.969,100.0,0.0,0,0,100.0,CLIPPING,400.0
2387,79.5465,4171.391,246.639,100.0,0.0,0,0,100.0,CLIPPING,400.0
2388,79.5798,4173.683,247.305,100.0,0.0,0,0,100.0,CLIPPING,400.0
2389,79.6131,4175.98,247.968,100.0,0.0,0,0,100.0,CLIPPING,400.0
2390,79.6465,4178.284,248.627,100.0,0.0,0,0,100.0,CLIPPING,400.0
2391,79.6798,4180.593,249.282,100.0,0.0,0,0,100.0,CLIPPING,400.0
2392,79.7131,4182.909,249.933,100.0,0.0,0,0,100.0,CLIPPING,400.0
2393,79.7464,4185.231,250.58,100.0,0.0,0,0,100.0,CLIPPING,400.0
2394,79.7798,4187.559,251.224,100.0,0.0,0,0,100.0,CLIPPING,400.0
2395,79.8131,4189.893,251.865,100.0,0.0,0,0,100.0,CLIPPING,400.0
2396,79.8464,4192.232,252.501,100.0,0.0,0,0,100.0,CLIPPING,400.0
2397,79.8797,4194.577,253.135,100.0,0.0,0,0,100.0,CLIPPING,400.0
2398,79.9131,4196.928,253.764,100.0,0.0,0,0,100.0,CLIPPING,400.0
2399,79.9464,4199.285,254.39,100.0,0.0,0,0,100.0,CLIPPING,400.0
2400,79.9797,4201.648,255.012,100.0,0.0,0,0,100.0,CLIPPING,400.0
2401,80.013,4204.016,255.631,100.0,0.0,0,0,100.0,CLIPPING,400.0
2402,80.0464,4206.39,256.247,100.0,0.0,0,0,100.0,CLIPPING,400.0
2403,80.0797,4208.77,256.859,100.0,0.0,0,0,100.0,CLIPPING,400.0
2404,80.113,4211.155,257.468,100.0,0.0,0,0,100.0,CLIPPING,400.0
2405,80.1463,4213.546,258.073,100.0,0.0,0,0,100.0,CLIPPING,400.0
2406,80.1797,4215.942,258.675,100.0,0.0,0,0,100.0,CLIPPING,400.0
2407,80.213,4218.344,259.274,100.0,0.0,0,0,100.0,CLIPPING,400.0
2408,80.2463,4220.751,259.87,100.0,0.0,0,0,100.0,CLIPPING,400.0
2409,80.2796,4223.164,260.462,100.0,0.0,0,0,100.0,CLIPPING,400.0
2410,80.313,4225.583,261.051,100.0,0.0,0,0,100.0,CLIPPING,400.0
2411,80.3463,4228.006,261.637,100.0,0.0,0,0,100.0,CLIPPING,400.0
2412,80.3796,4230.435,262.219,100.0,0.0,0,0,100.0,CLIPPING,400.0
2413,80.4129,4232.87,262.799,100.0,0.0,0,0,100.0,CLIPPING,400.0
2414,80.4463,4235.31,263.375,100.0,0.0,0,0,100.0,CLIPPING,400.0
2415,80.4796,4237.755,263.948,100.0,0.0,0,0,100.0,CLIPPING,400.0
2416,80.5129,4240.205,264.518,100.0,0.0,0,0,100.0,CLIPPING,400.0
2417,80.5462,4242.66,265.085,100.0,0.0,0,0,100.0,CLIPPING,400.0
2418,80.5796,4245.121,265.649,100.0,0.0,0,0,100.0,CLIPPING,400.0
2419,80.6129,4247.587,266.21,100.0,0.0,0,0,100.0,CLIPPING,400.0
2420,80.6462,4250.058,266.768,100.0,0.0,0,0,100.0,CLIPPING,400.0
2421,80.6795,4252.534,267.323,100.0,0.0,0,0,100.0,CLIPPING,400.0
2422,80.7129,4255.015,267.875,100.0,0.0,0,0,100.0,CLIPPING,400.0
2423,80.7462,4257.502,268.424,100.0,0.0,0,0,100.0,CLIPPING,400.0
2424,80.7795,4259.993,268.97,100.0,0.0,0,0,100.0,CLIPPING,400.0
2425,80.8128,4262.489,269.513,100.0,0.0,0,0,100.0,CLIPPING,400.0
2426,80.8462,4264.991,270.053,100.0,0.0,0,0,100.0,CLIPPING,400.0
2427,80.8795,4267.497,270.59,100.0,0.0,0,0,100.0,CLIPPING,400.0
2428,80.9128,4270.008,271.125,100.0,0.0,0,0,100.0,CLIPPING,400.0
2429,80.9461,4272.524,271.657,100.0,0.0,0,0,100.0,CLIPPING,400.0
2430,80.9795,4275.046,272.186,100.0,0.0,0,0,100.0,CLIPPING,400.0
2431,81.0128,4277.571,272.712,100.0,0.0,0,0,100.0,CLIPPING,400.0
2432,81.0461,4280.102,273.235,100.0,0.0,0,0,100.0,CLIPPING,400.0
2433,81.0794,4282.637,273.756,100.0,0.0,0,0,100.0,CLIPPING,400.0
2434,81.1128,4285.178,274.274,100.0,0.0,0,0,100.0,CLIPPING,400.0
2435,81.1461,4287.723,274.789,100.0,0.0,0,0,100.0,CLIPPING,400.0
2436,81.1794,4290.273,275.301,100.0,0.0,0,0,100.0,CLIPPING,400.0
2437,81.2127,4292.827,275.811,100.0,0.0,0,0,100.0,CLIPPING,400.0
2438,81.2461,4295.386,276.318,100.0,0.0,0,0,100.0,CLIPPING,400.0
2439,81.2794,4297.95,276.823,100.0,0.0,0,0,100.0,CLIPPING,400.0
2440,81.3127,4300.518,277.325,100.0,0.0,0,0,100.0,CLIPPING,400.0
2441,81.346,4303.092,277.824,100.0,0.0,0,0,100.0,CLIPPING,400.0
2442,81.3794,4305.669,278.32,100.0,0.0,0,0,100.0,CLIPPING,400.0
