frame,time_s,distance,speed,throttle,brake,gear,rpm,soc_pct,mode,power_kw
0,0.0,0.0,316.405,100.0,0.0,0,0,100.0,DEPLOY,400.0
1,0.0333,2.929,316.472,100.0,0.0,0,0,100.0,DEPLOY,400.0
2,0.0667,5.86,316.739,100.0,0.0,0,0,100.0,DEPLOY,400.0
3,0.1,8.794,317.005,100.0,0.0,0,0,100.0,DEPLOY,400.0
4,0.1333,11.73,317.269,100.0,0.0,0,0,100.0,DEPLOY,400.0
5,0.1666,14.668,317.532,100.0,0.0,0,0,100.0,DEPLOY,400.0
6,0.2,17.609,317.793,100.0,0.0,0,0,100.0,DEPLOY,400.0
7,0.2333,20.552,318.054,100.0,0.0,0,0,100.0,DEPLOY,400.0
8,0.2666,23.497,318.313,100.0,0.0,0,0,100.0,DEPLOY,400.0
9,0.2999,26.445,318.57,100.0,0.0,0,0,100.0,DEPLOY,400.0
10,0.3333,29.396,318.777,100.0,0.0,0,0,100.0,DEPLOY,400.0
11,0.3666,32.347,318.922,100.0,0.0,0,0,100.0,DEPLOY,400.0
12,0.3999,35.3,319.065,100.0,0.0,0,0,100.0,DEPLOY,358.02
13,0.4333,38.255,319.209,100.0,0.0,0,0,100.0,SUPERCLIP,335.0
14,0.4666,41.211,319.355,100.0,0.0,0,0,100.0,SUPERCLIP,335.0
15,0.4999,44.168,319.501,100.0,0.0,0,0,100.0,SUPERCLIP,335.0
16,0.5332,47.126,319.647,100.0,0.0,0,0,100.0,SUPERCLIP,335.0
17,0.5666,50.086,319.793,100.0,0.0,0,0,100.0,SUPERCLIP,335.0
18,0.5999,53.047,319.939,100.0,0.0,0,0,100.0,SUPERCLIP,335.0
19,0.6332,56.01,320.084,100.0,0.0,0,0,100.0,SUPERCLIP,335.0
20,0.6665,58.973,320.228,100.0,0.0,0,0,100.0,SUPERCLIP,335.0
21,0.6999,61.939,320.37,100.0,0.0,0,0,100.0,SUPERCLIP,335.0
22,0.7332,64.905,320.51,100.0,0.0,0,0,100.0,SUPERCLIP,335.0
23,0.7665,67.873,320.648,100.0,0.0,0,0,100.0,SUPERCLIP,335.0
24,0.7998,70.842,320.783,100.0,0.0,0,0,100.0,SUPERCLIP,335.0
25,0.8332,73.812,320.915,100.0,0.0,0,0,100.0,SUPERCLIP,335.0
26,0.8665,76.784,321.042,100.0,0.0,0,0,100.0,SUPERCLIP,335.0
27,0.8998,79.756,321.165,100.0,0.0,0,0,100.0,SUPERCLIP,335.0
28,0.9332,82.73,321.283,100.0,0.0,0,0,100.0,SUPERCLIP,335.0
29,0.9665,85.705,321.394,100.0,0.0,0,0,100.0,SUPERCLIP,335.0
30,0.9998,88.681,321.497,100.0,0.0,0,0,100.0,SUPERCLIP,335.0
31,1.0331,91.657,321.593,100.0,0.0,0,0,100.0,SUPERCLIP,335.0
32,1.0665,94.635,321.677,100.0,0.0,0,0,100.0,SUPERCLIP,335.0
33,1.0998,97.613,321.75,100.0,0.0,0,0,100.0,SUPERCLIP,335.0
34,1.1331,100.592,321.809,100.0,0.0,0,0,100.0,SUPERCLIP,335.0
35,1.1664,103.571,321.852,100.0,0.0,0,0,100.0,SUPERCLIP,335.0
36,1.1998,106.551,321.877,100.0,0.0,0,0,100.0,SUPERCLIP,335.0
37,1.2331,109.531,321.879,100.0,0.0,0,0,100.0,SUPERCLIP,335.0
38,1.2664,112.51,321.857,100.0,0.0,0,0,100.0,SUPERCLIP,335.0
39,1.2998,115.49,321.807,100.0,0.0,0,0,100.0,SUPERCLIP,335.0
40,1.3331,118.469,321.724,100.0,0.0,0,0,100.0,SUPERCLIP,335.0
41,1.3664,121.446,321.604,100.0,0.0,0,0,100.0,SUPERCLIP,335.0
42,1.3997,124.423,321.443,100.0,0.0,0,0,100.0,SUPERCLIP,335.0
43,1.4331,127.398,321.235,100.0,0.0,0,0,100.0,SUPERCLIP,335.0
44,1.4664,130.37,320.976,100.0,0.0,0,0,100.0,SUPERCLIP,335.0
45,1.4997,133.34,320.657,100.0,0.0,0,0,100.0,SUPERCLIP,335.0
46,1.533,136.307,320.277,100.0,0.0,0,0,100.0,SUPERCLIP,335.0
47,1.5664,139.27,319.823,100.0,0.0,0,0,100.0,SUPERCLIP,335.0
48,1.5997,142.228,319.298,100.0,0.0,0,0,100.0,SUPERCLIP,335.0
49,1.633,145.181,318.685,100.0,0.0,0,0,100.0,SUPERCLIP,335.0
50,1.6663,148.129,317.991,100.0,0.0,0,0,100.0,SUPERCLIP,335.0
51,1.6997,151.069,317.194,100.0,0.0,0,0,100.0,SUPERCLIP,335.0
52,1.733,154.001,316.306,100.0,0.0,0,0,100.0,SUPERCLIP,335.0
53,1.7663,156.924,315.302,100.0,0.0,0,0,100.0,SUPERCLIP,335.0
54,1.7997,159.839,314.198,100.0,0.0,0,0,100.0,SUPERCLIP,335.0
55,1.833,162.741,312.972,100.0,0.0,0,0,100.0,SUPERCLIP,335.0
56,1.8663,165.633,311.634,100.0,0.0,0,0,100.0,SUPERCLIP,335.0
57,1.8996,168.511,310.175,100.0,0.0,0,0,100.0,SUPERCLIP,335.0
58,1.933,171.375,308.594,100.0,0.0,0,0,100.0,SUPERCLIP,335.0
59,1.9663,174.224,306.897,100.0,0.0,0,0,100.0,SUPERCLIP,335.0
60,1.9996,177.056,305.069,100.0,0.0,0,0,100.0,SUPERCLIP,335.0
61,2.0329,179.872,303.133,0.0,0.0,0,0,100.0,SUPERCLIP,-290.9
62,2.0663,182.669,301.07,0.0,100.0,0,0,100.0,REGEN,-350.0
63,2.0996,185.446,298.898,0.0,100.0,0,0,100.0,REGEN,-350.0
64,2.1329,188.203,296.62,0.0,100.0,0,0,100.0,REGEN,-350.0
65,2.1663,190.937,294.231,0.0,100.0,0,0,100.0,REGEN,-350.0
66,2.1996,193.65,291.748,0.0,100.0,0,0,100.0,REGEN,-350.0
67,2.2329,196.339,289.144,0.0,100.0,0,0,100.0,REGEN,-350.0
68,2.2662,199.002,286.389,0.0,100.0,0,0,100.0,REGEN,-350.0
69,2.2996,201.641,283.497,0.0,100.0,0,0,100.0,REGEN,-350.0
70,2.3329,204.252,280.465,0.0,100.0,0,0,100.0,REGEN,-350.0
71,2.3662,206.832,277.288,0.0,100.0,0,0,100.0,REGEN,-350.0
72,2.3995,209.384,273.987,0.0,100.0,0,0,100.0,REGEN,-350.0
73,2.4329,211.906,270.569,0.0,100.0,0,0,100.0,REGEN,-350.0
74,2.4662,214.394,267.029,0.0,100.0,0,0,100.0,REGEN,-350.0
75,2.4995,216.848,263.386,0.0,100.0,0,0,100.0,REGEN,-350.0
76,2.5329,219.268,259.505,0.0,100.0,0,0,100.0,REGEN,-350.0
77,2.5662,221.648,254.383,0.0,100.0,0,0,100.0,REGEN,-350.0
78,2.5995,223.98,248.872,0.0,100.0,0,0,100.0,REGEN,-350.0
79,2.6328,226.258,243.54,0.0,100.0,0,0,100.0,REGEN,-350.0
80,2.6662,228.487,238.37,0.0,100.0,0,0,100.0,REGEN,-350.0
81,2.6995,230.67,233.374,0.0,100.0,0,0,100.0,REGEN,-350.0
82,2.7328,232.807,228.598,0.0,100.0,0,0,100.0,REGEN,-350.0
83,2.7661,234.902,224.025,0.0,100.0,0,0,100.0,REGEN,-350.0
84,2.7995,236.956,219.641,0.0,100.0,0,0,100.0,REGEN,-350.0
85,2.8328,238.969,215.433,0.0,100.0,0,0,100.0,REGEN,-350.0
86,2.8661,240.945,211.386,0.0,100.0,0,0,100.0,REGEN,-350.0
87,2.8994,242.883,207.491,0.0,100.0,0,0,100.0,REGEN,-350.0
88,2.9328,244.787,203.736,0.0,100.0,0,0,100.0,REGEN,-350.0
89,2.9661,246.657,200.114,0.0,100.0,0,0,100.0,REGEN,-350.0
90,2.9994,248.494,196.618,0.0,100.0,0,0,100.0,REGEN,-350.0
91,3.0328,250.299,193.245,0.0,100.0,0,0,100.0,REGEN,-350.0
92,3.0661,252.075,189.99,0.0,100.0,0,0,100.0,REGEN,-350.0
93,3.0994,253.818,186.868,0.0,100.0,0,0,100.0,REGEN,-350.0
94,3.1327,255.532,183.857,0.0,100.0,0,0,100.0,REGEN,-350.0
95,3.1661,257.219,180.952,0.0,100.0,0,0,100.0,REGEN,-350.0
96,3.1994,258.882,178.149,0.0,100.0,0,0,100.0,REGEN,-350.0
97,3.2327,260.519,175.443,0.0,100.0,0,0,100.0,REGEN,-350.0
98,3.266,262.134,172.829,0.0,100.0,0,0,100.0,REGEN,-350.0
99,3.2994,263.72,170.329,0.0,100.0,0,0,100.0,REGEN,-350.0
100,3.3327,265.284,167.92,0.0,100.0,0,0,100.0,REGEN,-350.0
101,3.366,266.828,165.592,0.0,100.0,0,0,100.0,REGEN,-350.0
102,3.3994,268.353,163.342,0.0,100.0,0,0,100.0,REGEN,-350.0
103,3.4327,269.855,161.18,0.0,100.0,0,0,100.0,REGEN,-350.0
104,3.466,271.335,159.111,0.0,100.0,0,0,100.0,REGEN,-350.0
105,3.4993,272.799,157.108,0.0,100.0,0,0,100.0,REGEN,-350.0
106,3.5327,274.247,155.169,0.0,100.0,0,0,100.0,REGEN,-350.0
107,3.566,275.674,153.314,0.0,100.0,0,0,100.0,REGEN,-350.0
108,3.5993,277.083,151.525,0.0,100.0,0,0,100.0,REGEN,-350.0
109,3.6326,278.479,149.783,0.0,100.0,0,0,100.0,REGEN,-350.0
110,3.666,279.859,148.093,0.0,100.0,0,0,100.0,REGEN,-350.0
111,3.6993,281.22,146.453,0.0,100.0,0,0,100.0,REGEN,-350.0
112,3.7326,282.569,144.836,0.0,100.0,0,0,100.0,REGEN,-350.0
113,3.766,283.905,143.243,0.0,100.0,0,0,100.0,REGEN,-350.0
114,3.7993,285.22,141.675,0.0,100.0,0,0,100.0,REGEN,-350.0
115,3.8326,286.526,140.121,0.0,100.0,0,0,100.0,REGEN,-350.0
116,3.8659,287.817,138.586,0.0,100.0,0,0,100.0,REGEN,-350.0
117,3.8993,289.091,137.087,0.0,100.0,0,0,100.0,REGEN,-350.0
118,3.9326,290.355,135.611,0.0,100.0,0,0,100.0,REGEN,-350.0
119,3.9659,291.603,134.18,0.0,100.0,0,0,100.0,REGEN,-350.0
120,3.9992,292.837,132.791,0.0,100.0,0,0,100.0,REGEN,-350.0
121,4.0326,294.064,131.425,0.0,100.0,0,0,100.0,REGEN,-350.0
122,4.0659,295.271,130.098,0.0,100.0,0,0,100.0,REGEN,-350.0
123,4.0992,296.47,128.775,0.0,100.0,0,0,100.0,REGEN,-350.0
124,4.1325,297.657,127.461,0.0,100.0,0,0,100.0,REGEN,-350.0
125,4.1659,298.829,126.161,0.0,100.0,0,0,100.0,REGEN,-350.0
126,4.1992,299.995,124.868,0.0,100.0,0,0,100.0,REGEN,-350.0
127,4.2325,301.141,123.662,0.0,100.0,0,0,100.0,REGEN,-350.0
128,4.2659,302.283,122.515,0.0,100.0,0,0,100.0,REGEN,-191.34
129,4.2992,303.412,121.535,100.0,100.0,0,0,100.0,REGEN,433.87
130,4.3325,304.535,120.859,100.0,0.0,0,0,99.86,DEPLOY,750.0
131,4.3658,305.652,120.494,100.0,0.0,0,0,99.56,DEPLOY,750.0
132,4.3992,306.766,120.254,100.0,0.0,0,0,99.27,DEPLOY,750.0
133,4.4325,307.879,120.064,100.0,0.0,0,0,98.98,DEPLOY,750.0
134,4.4658,308.989,119.874,100.0,0.0,0,0,98.69,DEPLOY,750.0
135,4.4991,310.099,119.683,100.0,0.0,0,0,98.4,DEPLOY,750.0
136,4.5325,311.205,119.494,100.0,0.0,0,0,98.11,DEPLOY,750.0
137,4.5658,312.311,119.305,100.0,0.0,0,0,97.81,DEPLOY,750.0
138,4.5991,313.414,119.116,100.0,0.0,0,0,97.52,DEPLOY,750.0
139,4.6325,314.52,119.333,100.0,0.0,0,0,97.23,DEPLOY,750.0
140,4.6658,315.626,119.834,100.0,0.0,0,0,96.94,DEPLOY,750.0
141,4.6991,316.74,120.538,100.0,0.0,0,0,96.65,DEPLOY,750.0
142,4.7324,317.857,121.295,100.0,0.0,0,0,96.36,DEPLOY,750.0
143,4.7658,318.987,122.142,100.0,0.0,0,0,96.06,DEPLOY,750.0
144,4.7991,320.12,122.998,100.0,0.0,0,0,95.77,DEPLOY,750.0
145,4.8324,321.264,123.885,100.0,0.0,0,0,95.48,DEPLOY,750.0
146,4.8657,322.415,124.802,100.0,0.0,0,0,95.19,DEPLOY,750.0
147,4.8991,323.573,125.749,100.0,0.0,0,0,94.9,DEPLOY,750.0
148,4.9324,324.744,126.771,100.0,0.0,0,0,94.61,DEPLOY,750.0
149,4.9657,325.92,127.825,100.0,0.0,0,0,94.32,DEPLOY,750.0
150,4.999,327.111,128.98,100.0,0.0,0,0,94.02,DEPLOY,750.0
151,5.0324,328.31,130.178,100.0,0.0,0,0,93.73,DEPLOY,750.0
152,5.0657,329.52,131.435,100.0,0.0,0,0,93.44,DEPLOY,750.0
153,5.099,330.745,132.757,100.0,0.0,0,0,93.15,DEPLOY,750.0
154,5.1324,331.977,134.107,100.0,0.0,0,0,92.86,DEPLOY,750.0
155,5.1657,333.228,135.515,100.0,0.0,0,0,92.57,DEPLOY,750.0
156,5.199,334.489,136.951,100.0,0.0,0,0,92.27,DEPLOY,750.0
157,5.2323,335.76,138.411,100.0,0.0,0,0,91.98,DEPLOY,750.0
158,5.2657,337.052,139.912,100.0,0.0,0,0,91.69,DEPLOY,750.0
159,5.299,338.354,141.428,100.0,0.0,0,0,91.4,DEPLOY,750.0
160,5.3323,339.668,142.965,100.0,0.0,0,0,91.11,DEPLOY,750.0
161,5.3656,341.001,144.528,100.0,0.0,0,0,90.82,DEPLOY,750.0
162,5.399,342.345,146.063,100.0,0.0,0,0,90.52,DEPLOY,750.0
163,5.4323,343.702,147.547,100.0,0.0,0,0,90.23,DEPLOY,750.0
164,5.4656,345.076,148.818,100.0,0.0,0,0,89.94,DEPLOY,750.0
165,5.499,346.46,150.079,100.0,0.0,0,0,89.65,DEPLOY,750.0
166,5.5323,347.852,151.351,100.0,0.0,0,0,89.36,DEPLOY,750.0
167,5.5656,349.262,152.638,100.0,0.0,0,0,89.07,DEPLOY,750.0
168,5.5989,350.681,153.92,100.0,0.0,0,0,88.78,DEPLOY,750.0
169,5.6323,352.111,155.201,100.0,0.0,0,0,88.48,DEPLOY,750.0
170,5.6656,353.553,156.487,100.0,0.0,0,0,88.19,DEPLOY,750.0
171,5.6989,355.009,157.776,100.0,0.0,0,0,87.9,DEPLOY,750.0
172,5.7322,356.476,159.069,100.0,0.0,0,0,87.61,DEPLOY,750.0
173,5.7656,357.952,160.364,100.0,0.0,0,0,87.32,DEPLOY,750.0
174,5.7989,359.444,161.665,100.0,0.0,0,0,87.03,DEPLOY,750.0
175,5.8322,360.948,162.973,100.0,0.0,0,0,86.73,DEPLOY,750.0
176,5.8656,362.462,164.288,100.0,0.0,0,0,86.44,DEPLOY,750.0
177,5.8989,363.988,165.61,100.0,0.0,0,0,86.15,DEPLOY,750.0
178,5.9322,365.527,166.941,100.0,0.0,0,0,85.86,DEPLOY,750.0
179,5.9655,367.08,168.277,100.0,0.0,0,0,85.57,DEPLOY,750.0
180,5.9989,368.644,169.619,100.0,0.0,0,0,85.28,DEPLOY,750.0
181,6.0322,370.22,170.964,100.0,0.0,0,0,84.98,DEPLOY,750.0
182,6.0655,371.807,172.312,100.0,0.0,0,0,84.69,DEPLOY,750.0
183,6.0988,373.41,173.665,100.0,0.0,0,0,84.4,DEPLOY,750.0
184,6.1322,375.025,175.02,100.0,0.0,0,0,84.11,DEPLOY,750.0
185,6.1655,376.651,176.377,100.0,0.0,0,0,83.82,DEPLOY,750.0
186,6.1988,378.29,177.737,100.0,0.0,0,0,83.53,DEPLOY,750.0
187,6.2321,379.94,179.1,100.0,0.0,0,0,83.23,DEPLOY,750.0
188,6.2655,381.605,180.466,100.0,0.0,0,0,82.94,DEPLOY,750.0
189,6.2988,383.283,181.836,100.0,0.0,0,0,82.65,DEPLOY,750.0
190,6.3321,384.973,183.208,100.0,0.0,0,0,82.36,DEPLOY,750.0
191,6.3655,386.675,184.582,100.0,0.0,0,0,82.07,DEPLOY,750.0
192,6.3988,388.39,185.96,100.0,0.0,0,0,81.78,DEPLOY,750.0
193,6.4321,390.117,187.341,100.0,0.0,0,0,81.49,DEPLOY,750.0
194,6.4654,391.857,188.725,100.0,0.0,0,0,81.19,DEPLOY,750.0
195,6.4988,393.611,190.112,100.0,0.0,0,0,80.9,DEPLOY,750.0
196,6.5321,395.378,191.502,100.0,0.0,0,0,80.61,DEPLOY,750.0
197,6.5654,397.158,192.895,100.0,0.0,0,0,80.32,DEPLOY,750.0
198,6.5987,398.95,194.29,100.0,0.0,0,0,80.03,DEPLOY,750.0
199,6.6321,400.755,195.69,100.0,0.0,0,0,79.74,DEPLOY,750.0
200,6.6654,402.573,197.092,100.0,0.0,0,0,79.44,DEPLOY,750.0
201,6.6987,404.404,198.498,100.0,0.0,0,0,79.15,DEPLOY,750.0
202,6.7321,406.248,199.908,100.0,0.0,0,0,78.86,DEPLOY,749.16
203,6.7654,408.105,201.321,100.0,0.0,0,0,78.57,DEPLOY,745.28
204,6.7987,409.975,202.737,100.0,0.0,0,0,78.28,DEPLOY,740.23
205,6.832,411.858,204.156,100.0,0.0,0,0,78.0,DEPLOY,735.16
206,6.8654,413.754,205.579,100.0,0.0,0,0,77.72,DEPLOY,730.07
207,6.8987,415.665,207.006,100.0,0.0,0,0,77.44,DEPLOY,724.98
208,6.932,417.588,208.434,100.0,0.0,0,0,77.17,DEPLOY,719.87
209,6.9653,419.524,209.827,100.0,0.0,0,0,76.91,DEPLOY,714.75
210,6.9987,421.473,211.21,100.0,0.0,0,0,76.64,DEPLOY,709.62
211,7.032,423.435,212.588,100.0,0.0,0,0,76.39,DEPLOY,704.48
212,7.0653,425.409,213.962,100.0,0.0,0,0,76.13,DEPLOY,699.33
213,7.0986,427.396,215.331,100.0,0.0,0,0,75.88,DEPLOY,694.17
214,7.132,429.396,216.693,100.0,0.0,0,0,75.64,DEPLOY,688.99
215,7.1653,431.408,218.05,100.0,0.0,0,0,75.4,DEPLOY,683.81
216,7.1986,433.433,219.399,100.0,0.0,0,0,75.16,DEPLOY,678.61
217,7.232,435.47,220.74,100.0,0.0,0,0,74.93,DEPLOY,673.4
218,7.2653,437.52,222.072,100.0,0.0,0,0,74.7,DEPLOY,668.19
219,7.2986,439.581,223.396,100.0,0.0,0,0,74.48,DEPLOY,662.99
220,7.3319,441.655,224.71,100.0,0.0,0,0,74.26,DEPLOY,657.87
221,7.3653,443.742,226.013,100.0,0.0,0,0,74.05,DEPLOY,652.85
222,7.3986,445.84,227.305,100.0,0.0,0,0,73.84,DEPLOY,647.93
223,7.4319,447.95,228.586,100.0,0.0,0,0,73.64,DEPLOY,643.09
224,7.4652,450.072,229.855,100.0,0.0,0,0,73.43,DEPLOY,638.34
225,7.4986,452.206,231.112,100.0,0.0,0,0,73.24,DEPLOY,633.68
226,7.5319,454.352,232.356,100.0,0.0,0,0,73.04,DEPLOY,629.09
227,7.5652,456.509,233.588,100.0,0.0,0,0,72.85,DEPLOY,624.59
228,7.5986,458.677,234.806,100.0,0.0,0,0,72.67,DEPLOY,620.16
229,7.6319,460.856,236.01,100.0,0.0,0,0,72.49,DEPLOY,615.81
230,7.6652,463.046,237.201,100.0,0.0,0,0,72.31,DEPLOY,611.52
231,7.6985,465.248,238.378,100.0,0.0,0,0,72.13,DEPLOY,607.31
232,7.7319,467.46,239.54,100.0,0.0,0,0,71.96,DEPLOY,603.17
233,7.7652,469.682,240.689,100.0,0.0,0,0,71.79,DEPLOY,599.09
234,7.7985,471.915,241.822,100.0,0.0,0,0,71.63,DEPLOY,595.08
235,7.8318,474.16,242.939,100.0,0.0,0,0,71.47,DEPLOY,591.14
236,7.8652,476.414,244.042,100.0,0.0,0,0,71.31,DEPLOY,587.26
237,7.8985,478.678,245.13,100.0,0.0,0,0,71.15,DEPLOY,583.44
238,7.9318,480.953,246.204,100.0,0.0,0,0,71.0,DEPLOY,579.67
239,7.9652,483.237,247.263,100.0,0.0,0,0,70.85,DEPLOY,575.97
240,7.9985,485.53,248.307,100.0,0.0,0,0,70.71,DEPLOY,572.32
241,8.0318,487.833,249.337,100.0,0.0,0,0,70.57,DEPLOY,568.72
242,8.0651,490.147,250.351,100.0,0.0,0,0,70.43,DEPLOY,565.19
243,8.0985,492.469,251.35,100.0,0.0,0,0,70.29,DEPLOY,561.71
244,8.1318,494.801,252.336,100.0,0.0,0,0,70.16,DEPLOY,558.28
245,8.1651,497.141,253.307,100.0,0.0,0,0,70.03,DEPLOY,554.9
246,8.1984,499.49,254.265,100.0,0.0,0,0,69.9,DEPLOY,551.56
247,8.2318,501.848,255.209,100.0,0.0,0,0,69.77,DEPLOY,548.28
248,8.2651,504.215,256.138,100.0,0.0,0,0,69.65,DEPLOY,545.05
249,8.2984,506.591,257.054,100.0,0.0,0,0,69.53,DEPLOY,541.86
250,8.3317,508.975,257.957,100.0,0.0,0,0,69.41,DEPLOY,538.72
251,8.3651,511.367,258.847,100.0,0.0,0,0,69.3,DEPLOY,535.63
252,8.3984,513.767,259.725,100.0,0.0,0,0,69.18,DEPLOY,532.58
253,8.4317,516.176,260.589,100.0,0.0,0,0,69.07,DEPLOY,529.57
254,8.4651,518.592,261.44,100.0,0.0,0,0,68.97,DEPLOY,526.61
255,8.4984,521.016,262.28,100.0,0.0,0,0,68.86,DEPLOY,523.69
256,8.5317,523.448,263.109,100.0,0.0,0,0,68.76,DEPLOY,520.8
257,8.565,525.887,263.926,100.0,0.0,0,0,68.66,DEPLOY,517.96
258,8.5984,528.335,264.73,100.0,0.0,0,0,68.56,DEPLOY,515.16
259,8.6317,530.789,265.523,100.0,0.0,0,0,68.47,DEPLOY,512.4
260,8.665,533.251,266.305,100.0,0.0,0,0,68.37,DEPLOY,509.68
261,8.6983,535.719,267.077,100.0,0.0,0,0,68.28,DEPLOY,506.99
262,8.7317,538.195,267.838,100.0,0.0,0,0,68.19,DEPLOY,504.34
263,8.765,540.679,268.588,100.0,0.0,0,0,68.11,DEPLOY,501.73
264,8.7983,543.169,269.328,100.0,0.0,0,0,68.02,DEPLOY,499.22
265,8.8317,545.665,270.059,100.0,0.0,0,0,67.94,DEPLOY,496.83
266,8.865,548.168,270.779,100.0,0.0,0,0,67.86,DEPLOY,494.49
267,8.8983,550.679,271.489,100.0,0.0,0,0,67.78,DEPLOY,492.18
268,8.9316,553.195,272.189,100.0,0.0,0,0,67.71,DEPLOY,489.9
269,8.965,555.718,272.881,100.0,0.0,0,0,67.63,DEPLOY,487.64
270,8.9983,558.247,273.563,100.0,0.0,0,0,67.56,DEPLOY,485.42
271,9.0316,560.783,274.236,100.0,0.0,0,0,67.49,DEPLOY,483.22
272,9.0649,563.325,274.901,100.0,0.0,0,0,67.42,DEPLOY,481.06
273,9.0983,565.872,275.557,100.0,0.0,0,0,67.35,DEPLOY,478.91
274,9.1316,568.427,276.204,100.0,0.0,0,0,67.29,DEPLOY,476.8
275,9.1649,570.987,276.842,100.0,0.0,0,0,67.22,DEPLOY,474.72
276,9.1982,573.552,277.473,100.0,0.0,0,0,67.16,DEPLOY,472.66
277,9.2316,576.124,278.096,100.0,0.0,0,0,67.1,DEPLOY,470.62
278,9.2649,578.701,278.71,100.0,0.0,0,0,67.04,DEPLOY,468.62
279,9.2982,581.284,279.316,100.0,0.0,0,0,66.99,DEPLOY,466.63
280,9.3316,583.873,279.916,100.0,0.0,0,0,66.93,DEPLOY,464.67
281,9.3649,586.467,280.506,100.0,0.0,0,0,66.88,DEPLOY,462.74
282,9.3982,589.067,281.09,100.0,0.0,0,0,66.83,DEPLOY,460.83
283,9.4315,591.671,281.667,100.0,0.0,0,0,66.77,DEPLOY,458.94
284,9.4649,594.281,282.236,100.0,0.0,0,0,66.73,DEPLOY,457.08
285,9.4982,596.897,282.798,100.0,0.0,0,0,66.68,DEPLOY,455.24
286,9.5315,599.517,283.353,100.0,0.0,0,0,66.63,DEPLOY,453.42
287,9.5648,602.143,283.902,100.0,0.0,0,0,66.59,DEPLOY,451.62
288,9.5982,604.774,284.443,100.0,0.0,0,0,66.55,DEPLOY,449.85
289,9.6315,607.41,284.978,100.0,0.0,0,0,66.5,DEPLOY,448.1
290,9.6648,610.05,285.506,100.0,0.0,0,0,66.47,DEPLOY,446.36
291,9.6982,612.696,286.028,100.0,0.0,0,0,66.43,DEPLOY,444.66
292,9.7315,615.346,286.543,100.0,0.0,0,0,66.39,DEPLOY,442.97
293,9.7648,618.001,287.053,100.0,0.0,0,0,66.35,DEPLOY,441.3
294,9.7981,620.661,287.556,100.0,0.0,0,0,66.32,DEPLOY,439.65
295,9.8315,623.325,288.053,100.0,0.0,0,0,66.29,DEPLOY,438.02
296,9.8648,625.994,288.544,100.0,0.0,0,0,66.26,DEPLOY,436.41
297,9.8981,628.667,289.029,100.0,0.0,0,0,66.23,DEPLOY,434.82
298,9.9314,631.345,289.508,100.0,0.0,0,0,66.2,DEPLOY,433.24
299,9.9648,634.028,289.982,100.0,0.0,0,0,66.17,DEPLOY,431.69
300,9.9981,636.714,290.45,100.0,0.0,0,0,66.14,DEPLOY,430.16
301,10.0314,639.405,290.913,100.0,0.0,0,0,66.12,DEPLOY,428.64
302,10.0648,642.1,291.37,100.0,0.0,0,0,66.09,DEPLOY,427.14
303,10.0981,644.8,291.822,100.0,0.0,0,0,66.07,DEPLOY,425.66
304,10.1314,647.504,292.269,100.0,0.0,0,0,66.05,DEPLOY,424.2
305,10.1647,650.211,292.711,100.0,0.0,0,0,66.03,DEPLOY,422.75
306,10.1981,652.923,293.147,100.0,0.0,0,0,66.01,DEPLOY,421.32
307,10.2314,655.639,293.579,100.0,0.0,0,0,65.99,DEPLOY,419.91
308,10.2647,658.359,294.006,100.0,0.0,0,0,65.98,DEPLOY,418.51
309,10.298,661.083,294.428,100.0,0.0,0,0,65.96,DEPLOY,417.13
310,10.3314,663.81,294.846,100.0,0.0,0,0,65.95,DEPLOY,415.77
311,10.3647,666.542,295.259,100.0,0.0,0,0,65.94,DEPLOY,414.42
312,10.398,669.277,295.667,100.0,0.0,0,0,65.92,DEPLOY,413.09
313,10.4313,672.016,296.072,100.0,0.0,0,0,65.91,DEPLOY,411.77
314,10.4647,674.759,296.472,100.0,0.0,0,0,65.9,DEPLOY,410.47
315,10.498,677.505,296.868,100.0,0.0,0,0,65.9,DEPLOY,409.18
316,10.5313,680.255,297.26,100.0,0.0,0,0,65.89,DEPLOY,407.91
317,10.5647,683.009,297.648,100.0,0.0,0,0,65.88,DEPLOY,406.65
318,10.598,685.766,298.032,100.0,0.0,0,0,65.88,DEPLOY,405.41
319,10.6313,688.527,298.413,100.0,0.0,0,0,65.87,DEPLOY,404.18
320,10.6646,691.291,298.79,100.0,0.0,0,0,65.87,DEPLOY,402.96
321,10.698,694.059,299.164,100.0,0.0,0,0,65.87,DEPLOY,401.76
322,10.7313,696.83,299.534,100.0,0.0,0,0,65.86,DEPLOY,400.57
323,10.7646,699.605,299.901,100.0,0.0,0,0,65.86,DEPLOY,400.02
324,10.7979,702.383,300.264,100.0,0.0,0,0,65.86,DEPLOY,400.0
325,10.8313,705.164,300.625,100.0,0.0,0,0,65.86,DEPLOY,400.0
326,10.8646,707.949,300.983,100.0,0.0,0,0,65.86,DEPLOY,400.0
327,10.8979,710.737,301.338,100.0,0.0,0,0,65.86,DEPLOY,400.0
328,10.9313,713.528,301.69,100.0,0.0,0,0,65.86,DEPLOY,400.0
329,10.9646,716.322,302.04,100.0,0.0,0,0,65.86,DEPLOY,400.0
330,10.9979,719.12,302.387,100.0,0.0,0,0,65.86,DEPLOY,400.0
331,11.0312,721.921,302.731,100.0,0.0,0,0,65.86,DEPLOY,400.0
332,11.0646,724.725,303.073,100.0,0.0,0,0,65.86,DEPLOY,400.0
333,11.0979,727.533,303.412,100.0,0.0,0,0,65.86,DEPLOY,400.0
334,11.1312,730.343,303.75,100.0,0.0,0,0,65.86,DEPLOY,400.0
335,11.1645,733.156,304.085,100.0,0.0,0,0,65.86,DEPLOY,400.0
336,11.1979,735.973,304.418,100.0,0.0,0,0,65.86,DEPLOY,400.0
337,11.2312,738.793,304.748,100.0,0.0,0,0,65.86,DEPLOY,400.0
338,11.2645,741.615,305.077,100.0,0.0,0,0,65.86,DEPLOY,400.0
339,11.2979,744.441,305.404,100.0,0.0,0,0,65.86,DEPLOY,400.0
340,11.3312,747.27,305.728,100.0,0.0,0,0,65.86,DEPLOY,400.0
341,11.3645,750.102,306.051,100.0,0.0,0,0,65.86,DEPLOY,400.0
342,11.3978,752.937,306.372,100.0,0.0,0,0,65.86,DEPLOY,400.0
343,11.4312,755.774,306.691,100.0,0.0,0,0,65.86,DEPLOY,400.0
344,11.4645,758.615,307.009,100.0,0.0,0,0,65.86,DEPLOY,400.0
345,11.4978,761.458,307.324,100.0,0.0,0,0,65.86,DEPLOY,400.0
346,11.5311,764.305,307.638,100.0,0.0,0,0,65.86,DEPLOY,400.0
347,11.5645,767.154,307.95,100.0,0.0,0,0,65.86,DEPLOY,400.0
348,11.5978,770.007,308.26,100.0,0.0,0,0,65.86,DEPLOY,400.0
349,11.6311,772.862,308.569,100.0,0.0,0,0,65.86,DEPLOY,400.0
350,11.6644,775.72,308.876,100.0,0.0,0,0,65.86,DEPLOY,400.0
351,11.6978,778.581,309.181,100.0,0.0,0,0,65.86,DEPLOY,400.0
352,11.7311,781.444,309.485,100.0,0.0,0,0,65.86,DEPLOY,400.0
353,11.7644,784.311,309.786,100.0,0.0,0,0,65.86,DEPLOY,400.0
354,11.7978,787.18,310.087,100.0,0.0,0,0,65.86,DEPLOY,400.0
355,11.8311,790.052,310.385,100.0,0.0,0,0,65.86,DEPLOY,400.0
356,11.8644,792.927,310.682,100.0,0.0,0,0,65.86,DEPLOY,400.0
357,11.8977,795.804,310.977,100.0,0.0,0,0,65.86,DEPLOY,400.0
358,11.9311,798.685,311.27,100.0,0.0,0,0,65.86,DEPLOY,400.0
359,11.9644,801.567,311.561,100.0,0.0,0,0,65.86,DEPLOY,400.0
360,11.9977,804.453,311.85,100.0,0.0,0,0,65.86,DEPLOY,400.0
361,12.031,807.341,312.138,100.0,0.0,0,0,65.86,DEPLOY,400.0
362,12.0644,810.232,312.424,100.0,0.0,0,0,65.86,DEPLOY,400.0
363,12.0977,813.126,312.707,100.0,0.0,0,0,65.86,DEPLOY,400.0
364,12.131,816.022,312.988,100.0,0.0,0,0,65.86,DEPLOY,400.0
365,12.1644,818.921,313.268,100.0,0.0,0,0,65.86,DEPLOY,400.0
366,12.1977,821.822,313.544,100.0,0.0,0,0,65.86,DEPLOY,400.0
367,12.231,824.726,313.819,100.0,0.0,0,0,65.86,DEPLOY,400.0
368,12.2643,827.632,314.091,100.0,0.0,0,0,65.86,DEPLOY,400.0
369,12.2977,830.541,314.36,100.0,0.0,0,0,65.86,DEPLOY,400.0
370,12.331,833.453,314.627,100.0,0.0,0,0,65.86,DEPLOY,400.0
371,12.3643,836.367,314.891,100.0,0.0,0,0,65.86,DEPLOY,400.0
372,12.3976,839.283,315.151,100.0,0.0,0,0,65.86,DEPLOY,400.0
373,12.431,842.202,315.409,100.0,0.0,0,0,65.86,NORMAL,400.0
374,12.4643,845.123,315.664,100.0,0.0,0,0,65.86,NORMAL,400.0
375,12.4976,848.046,315.915,100.0,0.0,0,0,65.86,NORMAL,400.0
376,12.5309,850.972,316.162,100.0,0.0,0,0,65.86,NORMAL,400.0
377,12.5643,853.9,316.406,100.0,0.0,0,0,65.86,NORMAL,400.0
378,12.5976,856.83,316.646,100.0,0.0,0,0,65.86,NORMAL,400.0
379,12.6309,859.763,316.883,100.0,0.0,0,0,65.86,NORMAL,400.0
380,12.6643,862.697,317.115,100.0,0.0,0,0,65.86,NORMAL,400.0
381,12.6976,865.634,317.343,100.0,0.0,0,0,65.86,NORMAL,400.0
382,12.7309,868.573,317.567,100.0,0.0,0,0,65.86,NORMAL,400.0
383,12.7642,871.514,317.786,100.0,0.0,0,0,65.86,NORMAL,400.0
384,12.7976,874.457,318.002,100.0,0.0,0,0,65.86,NORMAL,400.0
385,12.8309,877.402,318.213,100.0,0.0,0,0,65.86,NORMAL,400.0
386,12.8642,880.348,318.419,100.0,0.0,0,0,65.86,NORMAL,400.0
387,12.8975,883.297,318.621,100.0,0.0,0,0,65.86,NORMAL,355.86
388,12.9309,886.248,318.819,100.0,0.0,0,0,65.91,SUPERCLIP,335.0
389,12.9642,889.2,319.013,100.0,0.0,0,0,65.96,SUPERCLIP,335.0
390,12.9975,892.154,319.202,100.0,0.0,0,0,66.01,SUPERCLIP,335.0
391,13.0309,895.11,319.387,100.0,0.0,0,0,66.07,SUPERCLIP,335.0
392,13.0642,898.068,319.568,100.0,0.0,0,0,66.12,SUPERCLIP,335.0
393,13.0975,901.027,319.745,100.0,0.0,0,0,66.18,SUPERCLIP,335.0
394,13.1308,903.988,319.918,100.0,0.0,0,0,66.23,SUPERCLIP,335.0
395,13.1642,906.95,320.087,100.0,0.0,0,0,66.28,SUPERCLIP,335.0
396,13.1975,909.914,320.253,100.0,0.0,0,0,66.34,SUPERCLIP,335.0
397,13.2308,912.88,320.415,100.0,0.0,0,0,66.39,SUPERCLIP,335.0
398,13.2641,915.846,320.574,100.0,0.0,0,0,66.45,SUPERCLIP,335.0
399,13.2975,918.815,320.729,100.0,0.0,0,0,66.5,SUPERCLIP,335.0
400,13.3308,921.785,320.882,100.0,0.0,0,0,66.56,SUPERCLIP,335.0
401,13.3641,924.756,321.031,100.0,0.0,0,0,66.61,SUPERCLIP,335.0
402,13.3975,927.729,321.178,100.0,0.0,0,0,66.66,SUPERCLIP,335.0
403,13.4308,930.703,321.322,100.0,0.0,0,0,66.72,SUPERCLIP,335.0
404,13.4641,933.678,321.464,100.0,0.0,0,0,66.77,SUPERCLIP,335.0
405,13.4974,936.655,321.604,100.0,0.0,0,0,66.83,SUPERCLIP,335.0
406,13.5308,939.632,321.741,100.0,0.0,0,0,66.88,SUPERCLIP,335.0
407,13.5641,942.612,321.876,100.0,0.0,0,0,66.93,SUPERCLIP,335.0
408,13.5974,945.592,322.009,100.0,0.0,0,0,66.99,SUPERCLIP,335.0
409,13.6307,948.574,322.14,100.0,0.0,0,0,67.04,SUPERCLIP,335.0
410,13.6641,951.556,322.269,100.0,0.0,0,0,67.1,SUPERCLIP,335.0
411,13.6974,954.54,322.396,100.0,0.0,0,0,67.15,SUPERCLIP,335.0
412,13.7307,957.526,322.521,100.0,0.0,0,0,67.21,SUPERCLIP,335.0
413,13.764,960.512,322.643,100.0,0.0,0,0,67.26,SUPERCLIP,335.0
414,13.7974,963.499,322.763,100.0,0.0,0,0,67.31,SUPERCLIP,335.0
415,13.8307,966.488,322.881,100.0,0.0,0,0,67.37,SUPERCLIP,335.0
416,13.864,969.477,322.996,100.0,0.0,0,0,67.42,SUPERCLIP,335.0
417,13.8974,972.468,323.107,100.0,0.0,0,0,67.48,SUPERCLIP,335.0
418,13.9307,975.46,323.215,100.0,0.0,0,0,67.53,SUPERCLIP,335.0
419,13.964,978.452,323.318,100.0,0.0,0,0,67.58,SUPERCLIP,335.0
420,13.9973,981.446,323.415,100.0,0.0,0,0,67.64,SUPERCLIP,335.0
421,14.0307,984.44,323.507,100.0,0.0,0,0,67.69,SUPERCLIP,335.0
422,14.064,987.436,323.591,100.0,0.0,0,0,67.75,SUPERCLIP,335.0
423,14.0973,990.432,323.666,100.0,0.0,0,0,67.8,SUPERCLIP,335.0
424,14.1306,993.428,323.732,100.0,0.0,0,0,67.85,SUPERCLIP,335.0
425,14.164,996.425,323.785,100.0,0.0,0,0,67.91,SUPERCLIP,335.0
426,14.1973,999.423,323.824,100.0,0.0,0,0,67.96,SUPERCLIP,335.0
427,14.2306,1002.421,323.846,100.0,0.0,0,0,68.02,SUPERCLIP,335.0
428,14.264,1005.419,323.849,100.0,0.0,0,0,68.07,SUPERCLIP,335.0
429,14.2973,1008.417,323.83,100.0,0.0,0,0,68.13,SUPERCLIP,335.0
430,14.3306,1011.415,323.785,100.0,0.0,0,0,68.18,SUPERCLIP,335.0
431,14.3639,1014.412,323.711,100.0,0.0,0,0,68.23,SUPERCLIP,335.0
432,14.3973,1017.408,323.603,100.0,0.0,0,0,68.29,SUPERCLIP,335.0
433,14.4306,1020.403,323.457,100.0,0.0,0,0,68.34,SUPERCLIP,335.0
434,14.4639,1023.397,323.267,100.0,0.0,0,0,68.39,SUPERCLIP,335.0
435,14.4972,1026.388,323.03,100.0,0.0,0,0,68.45,SUPERCLIP,335.0
436,14.5306,1029.377,322.738,100.0,0.0,0,0,68.5,SUPERCLIP,335.0
437,14.5639,1032.363,322.387,100.0,0.0,0,0,68.56,SUPERCLIP,335.0
438,14.5972,1035.346,321.969,100.0,0.0,0,0,68.61,SUPERCLIP,335.0
439,14.6305,1038.325,321.482,100.0,0.0,0,0,68.66,SUPERCLIP,335.0
440,14.6639,1041.298,320.913,100.0,0.0,0,0,68.72,SUPERCLIP,335.0
441,14.6972,1044.266,320.265,100.0,0.0,0,0,68.77,SUPERCLIP,335.0
442,14.7305,1047.227,319.52,100.0,0.0,0,0,68.82,SUPERCLIP,335.0
443,14.7639,1050.182,318.686,100.0,0.0,0,0,68.88,SUPERCLIP,335.0
444,14.7972,1053.127,317.743,100.0,0.0,0,0,68.93,SUPERCLIP,335.0
445,14.8305,1056.064,316.702,100.0,0.0,0,0,68.98,SUPERCLIP,335.0
446,14.8638,1058.99,315.539,100.0,0.0,0,0,69.03,SUPERCLIP,335.0
447,14.8972,1061.906,314.273,100.0,0.0,0,0,69.09,SUPERCLIP,335.0
448,14.9305,1064.809,312.877,100.0,0.0,0,0,69.14,SUPERCLIP,51.82
449,14.9638,1067.699,311.37,0.0,100.0,0,0,69.32,REGEN,-350.0
450,14.9971,1070.573,309.736,0.0,100.0,0,0,69.6,REGEN,-350.0
451,15.0305,1073.433,307.982,0.0,100.0,0,0,69.88,REGEN,-350.0
452,15.0638,1076.275,306.109,0.0,100.0,0,0,70.15,REGEN,-350.0
453,15.0971,1079.099,304.112,0.0,100.0,0,0,70.42,REGEN,-350.0
454,15.1305,1081.906,302.007,0.0,100.0,0,0,70.69,REGEN,-350.0
455,15.1638,1084.691,299.778,0.0,100.0,0,0,70.96,REGEN,-350.0
456,15.1971,1087.455,297.448,0.0,100.0,0,0,71.23,REGEN,-350.0
457,15.2304,1090.198,295.018,0.0,100.0,0,0,71.49,REGEN,-350.0
458,15.2638,1092.917,292.478,0.0,100.0,0,0,71.76,REGEN,-350.0
459,15.2971,1095.613,289.815,0.0,100.0,0,0,72.02,REGEN,-350.0
460,15.3304,1098.283,287.003,0.0,100.0,0,0,72.29,REGEN,-350.0
461,15.3637,1100.925,284.041,0.0,100.0,0,0,72.56,REGEN,-350.0
462,15.3971,1103.541,280.946,0.0,100.0,0,0,72.84,REGEN,-350.0
463,15.4304,1106.128,277.718,0.0,100.0,0,0,73.11,REGEN,-350.0
464,15.4637,1108.682,274.351,0.0,100.0,0,0,73.39,REGEN,-350.0
465,15.4971,1111.205,270.869,0.0,100.0,0,0,73.68,REGEN,-350.0
466,15.5304,1113.697,267.28,0.0,100.0,0,0,73.96,REGEN,-350.0
467,15.5637,1116.155,263.588,0.0,100.0,0,0,74.25,REGEN,-350.0
468,15.597,1118.575,259.479,0.0,100.0,0,0,74.54,REGEN,-350.0
469,15.6304,1120.952,254.166,0.0,100.0,0,0,74.83,REGEN,-350.0
470,15.6637,1123.28,248.715,0.0,100.0,0,0,75.12,REGEN,-350.0
471,15.697,1125.558,243.425,0.0,100.0,0,0,75.42,REGEN,-350.0
472,15.7303,1127.79,238.289,0.0,100.0,0,0,75.71,REGEN,-350.0
473,15.7637,1129.974,233.328,0.0,100.0,0,0,76.0,REGEN,-350.0
474,15.797,1132.111,228.593,0.0,100.0,0,0,76.29,REGEN,-350.0
475,15.8303,1134.206,224.059,0.0,100.0,0,0,76.58,REGEN,-350.0
476,15.8636,1136.259,219.709,0.0,100.0,0,0,76.87,REGEN,-350.0
477,15.897,1138.274,215.53,0.0,100.0,0,0,77.17,REGEN,-350.0
478,15.9303,1140.25,211.508,0.0,100.0,0,0,77.46,REGEN,-350.0
479,15.9636,1142.191,207.634,0.0,100.0,0,0,77.75,REGEN,-350.0
480,15.997,1144.097,203.899,0.0,100.0,0,0,78.04,REGEN,-350.0
481,16.0303,1145.968,200.295,0.0,100.0,0,0,78.33,REGEN,-350.0
482,16.0636,1147.805,196.821,0.0,100.0,0,0,78.62,REGEN,-350.0
483,16.0969,1149.61,193.462,0.0,100.0,0,0,78.92,REGEN,-350.0
484,16.1303,1151.385,190.21,0.0,100.0,0,0,79.21,REGEN,-350.0
485,16.1636,1153.13,187.058,0.0,100.0,0,0,79.5,REGEN,-350.0
486,16.1969,1154.848,184.0,0.0,100.0,0,0,79.79,REGEN,-350.0
487,16.2302,1156.538,181.029,0.0,100.0,0,0,80.08,REGEN,-350.0
488,16.2636,1158.203,178.141,0.0,100.0,0,0,80.37,REGEN,-350.0
489,16.2969,1159.839,175.339,0.0,100.0,0,0,80.67,REGEN,-350.0
490,16.3302,1161.447,172.622,0.0,100.0,0,0,80.96,REGEN,-350.0
491,16.3636,1163.032,169.974,0.0,100.0,0,0,81.25,REGEN,-350.0
492,16.3969,1164.594,167.391,0.0,100.0,0,0,81.54,REGEN,-350.0
493,16.4302,1166.135,164.869,0.0,100.0,0,0,81.83,REGEN,-350.0
494,16.4635,1167.648,162.423,0.0,100.0,0,0,82.12,REGEN,-350.0
495,16.4969,1169.139,160.038,0.0,100.0,0,0,82.41,REGEN,-350.0
496,16.5302,1170.61,157.704,0.0,100.0,0,0,82.71,REGEN,-350.0
497,16.5635,1172.063,155.417,0.0,100.0,0,0,83.0,REGEN,-350.0
498,16.5968,1173.488,153.2,0.0,100.0,0,0,83.29,REGEN,-350.0
499,16.6302,1174.895,151.028,0.0,100.0,0,0,83.58,REGEN,-350.0
500,16.6635,1176.286,148.894,0.0,100.0,0,0,83.87,REGEN,-350.0
501,16.6968,1177.654,146.812,0.0,100.0,0,0,84.16,REGEN,-350.0
502,16.7302,1179.002,144.777,0.0,100.0,0,0,84.46,REGEN,-350.0
503,16.7635,1180.335,142.774,0.0,100.0,0,0,84.75,REGEN,-350.0
504,16.7968,1181.647,140.815,0.0,100.0,0,0,85.04,REGEN,-350.0
505,16.8301,1182.94,138.897,0.0,100.0,0,0,85.33,REGEN,-350.0
506,16.8635,1184.22,137.006,0.0,100.0,0,0,85.62,REGEN,-350.0
507,16.8968,1185.478,135.161,0.0,100.0,0,0,85.91,REGEN,-350.0
508,16.9301,1186.72,133.349,0.0,100.0,0,0,86.21,REGEN,-350.0
509,16.9634,1187.95,131.56,0.0,100.0,0,0,86.5,REGEN,-350.0
510,16.9968,1189.155,129.827,0.0,100.0,0,0,86.79,REGEN,-350.0
511,17.0301,1190.352,128.113,0.0,100.0,0,0,87.08,REGEN,-350.0
512,17.0634,1191.529,126.44,0.0,100.0,0,0,87.37,REGEN,-350.0
513,17.0967,1192.691,124.801,0.0,100.0,0,0,87.66,REGEN,-350.0
514,17.1301,1193.842,123.186,0.0,100.0,0,0,87.96,REGEN,-350.0
515,17.1634,1194.971,121.621,0.0,100.0,0,0,88.25,REGEN,-350.0
516,17.1967,1196.095,120.069,0.0,100.0,0,0,88.54,REGEN,-350.0
517,17.2301,1197.195,118.572,0.0,100.0,0,0,88.83,REGEN,-350.0
518,17.2634,1198.288,117.091,0.0,100.0,0,0,89.12,REGEN,-350.0
519,17.2967,1199.363,115.654,0.0,100.0,0,0,89.41,REGEN,-350.0
520,17.33,1200.429,114.243,0.0,100.0,0,0,89.71,REGEN,-350.0
521,17.3634,1201.479,112.868,0.0,100.0,0,0,90.0,REGEN,-350.0
522,17.3967,1202.518,111.527,0.0,100.0,0,0,90.29,REGEN,-350.0
523,17.43,1203.545,110.218,0.0,100.0,0,0,90.58,REGEN,-350.0
524,17.4633,1204.558,108.947,0.0,100.0,0,0,90.87,REGEN,-350.0
525,17.4967,1205.562,107.707,0.0,100.0,0,0,91.16,REGEN,-350.0
526,17.53,1206.553,106.508,0.0,100.0,0,0,91.45,REGEN,-350.0
527,17.5633,1207.534,105.34,0.0,100.0,0,0,91.75,REGEN,-350.0
528,17.5967,1208.504,104.214,0.0,100.0,0,0,92.04,REGEN,-350.0
529,17.63,1209.463,103.124,0.0,100.0,0,0,92.33,REGEN,-350.0
530,17.6633,1210.414,102.07,0.0,100.0,0,0,92.62,REGEN,-350.0
531,17.6966,1211.353,101.061,0.0,100.0,0,0,92.91,REGEN,-350.0
532,17.73,1212.286,100.078,0.0,100.0,0,0,93.2,REGEN,-350.0
533,17.7633,1213.206,99.151,0.0,100.0,0,0,93.5,REGEN,-350.0
534,17.7966,1214.123,98.238,0.0,100.0,0,0,93.79,REGEN,-350.0
535,17.8299,1215.025,97.395,0.0,100.0,0,0,94.08,REGEN,-350.0
536,17.8633,1215.927,96.552,0.0,100.0,0,0,94.37,REGEN,-350.0
537,17.8966,1216.813,95.792,0.0,100.0,0,0,94.66,REGEN,-350.0
538,17.9299,1217.699,95.035,0.0,100.0,0,0,94.95,REGEN,-350.0
539,17.9632,1218.574,94.343,0.0,100.0,0,0,95.25,REGEN,-350.0
540,17.9966,1219.445,93.675,0.0,100.0,0,0,95.54,REGEN,-350.0
541,18.0299,1220.31,93.05,0.0,100.0,0,0,95.83,REGEN,-131.52
542,18.0632,1221.167,92.477,100.0,100.0,0,0,96.12,REGEN,345.91
543,18.0966,1222.023,91.921,100.0,0.0,0,0,96.32,DEPLOY,750.0
544,18.1299,1222.87,91.455,100.0,0.0,0,0,96.03,DEPLOY,750.0
545,18.1632,1223.717,90.989,100.0,0.0,0,0,95.74,DEPLOY,750.0
546,18.1965,1224.556,90.628,100.0,0.0,0,0,95.45,DEPLOY,750.0
547,18.2299,1225.394,90.288,100.0,0.0,0,0,95.16,DEPLOY,750.0
548,18.2632,1226.23,90.059,100.0,0.0,0,0,94.86,DEPLOY,750.0
549,18.2965,1227.063,89.952,100.0,0.0,0,0,94.57,DEPLOY,750.0
550,18.3298,1227.895,89.845,100.0,0.0,0,0,94.28,DEPLOY,750.0
551,18.3632,1228.726,89.739,100.0,0.0,0,0,93.99,DEPLOY,750.0
552,18.3965,1229.557,89.632,100.0,0.0,0,0,93.7,DEPLOY,750.0
553,18.4298,1230.386,89.526,100.0,0.0,0,0,93.41,DEPLOY,750.0
554,18.4632,1231.214,89.42,100.0,0.0,0,0,93.11,DEPLOY,750.0
555,18.4965,1232.041,89.314,100.0,0.0,0,0,92.82,DEPLOY,750.0
556,18.5298,1232.868,89.208,100.0,0.0,0,0,92.53,DEPLOY,750.0
557,18.5631,1233.694,89.103,100.0,0.0,0,0,92.24,DEPLOY,750.0
558,18.5965,1234.517,89.017,100.0,0.0,0,0,91.95,DEPLOY,750.0
559,18.6298,1235.341,88.932,100.0,0.0,0,0,91.66,DEPLOY,750.0
560,18.6631,1236.164,88.818,100.0,0.0,0,0,91.37,DEPLOY,750.0
561,18.6964,1236.985,88.686,100.0,0.0,0,0,91.08,DEPLOY,750.0
562,18.7298,1237.806,88.551,100.0,0.0,0,0,90.78,DEPLOY,750.0
563,18.7631,1238.625,88.406,100.0,0.0,0,0,90.49,DEPLOY,750.0
564,18.7964,1239.443,88.261,100.0,0.0,0,0,90.2,DEPLOY,750.0
565,18.8298,1240.257,87.945,100.0,0.0,0,0,89.91,DEPLOY,750.0
566,18.8631,1241.07,87.588,100.0,0.0,0,0,89.62,DEPLOY,750.0
567,18.8964,1241.881,87.331,100.0,0.0,0,0,89.33,DEPLOY,750.0
568,18.9297,1242.688,87.231,100.0,0.0,0,0,89.04,DEPLOY,750.0
569,18.9631,1243.496,87.131,100.0,0.0,0,0,88.75,DEPLOY,750.0
570,18.9964,1244.302,87.03,100.0,0.0,0,0,88.45,DEPLOY,750.0
571,19.0297,1245.107,86.93,100.0,0.0,0,0,88.16,DEPLOY,750.0
572,19.063,1245.911,86.83,100.0,0.0,0,0,87.87,DEPLOY,750.0
573,19.0964,1246.714,86.73,100.0,0.0,0,0,87.58,DEPLOY,750.0
574,19.1297,1247.517,86.631,100.0,0.0,0,0,87.29,DEPLOY,750.0
575,19.163,1248.318,86.531,100.0,0.0,0,0,87.0,DEPLOY,750.0
576,19.1963,1249.119,86.432,100.0,0.0,0,0,86.7,DEPLOY,750.0
577,19.2297,1249.919,86.39,100.0,0.0,0,0,86.41,DEPLOY,750.0
578,19.263,1250.719,86.38,100.0,0.0,0,0,86.12,DEPLOY,750.0
579,19.2963,1251.52,86.458,100.0,0.0,0,0,85.83,DEPLOY,750.0
580,19.3297,1252.325,86.921,100.0,0.0,0,0,85.54,DEPLOY,750.0
581,19.363,1253.129,87.385,100.0,0.0,0,0,85.25,DEPLOY,750.0
582,19.3963,1253.944,88.001,100.0,0.0,0,0,84.95,DEPLOY,750.0
583,19.4296,1254.761,88.673,100.0,0.0,0,0,84.66,DEPLOY,750.0
584,19.463,1255.584,89.391,100.0,0.0,0,0,84.37,DEPLOY,750.0
585,19.4963,1256.418,90.208,100.0,0.0,0,0,84.08,DEPLOY,750.0
586,19.5296,1257.252,91.025,100.0,0.0,0,0,83.79,DEPLOY,750.0
587,19.5629,1258.104,91.943,100.0,0.0,0,0,83.5,DEPLOY,750.0
588,19.5963,1258.957,92.867,100.0,0.0,0,0,83.21,DEPLOY,750.0
589,19.6296,1259.823,93.839,100.0,0.0,0,0,82.91,DEPLOY,750.0
590,19.6629,1260.697,94.843,100.0,0.0,0,0,82.62,DEPLOY,750.0
591,19.6963,1261.578,95.867,100.0,0.0,0,0,82.33,DEPLOY,750.0
592,19.7296,1262.473,96.933,100.0,0.0,0,0,82.04,DEPLOY,750.0
593,19.7629,1263.37,98.004,100.0,0.0,0,0,81.75,DEPLOY,750.0
594,19.7962,1264.288,99.12,100.0,0.0,0,0,81.46,DEPLOY,750.0
595,19.8296,1265.205,100.236,100.0,0.0,0,0,81.16,DEPLOY,750.0
596,19.8629,1266.144,101.392,100.0,0.0,0,0,80.87,DEPLOY,750.0
597,19.8962,1267.083,102.55,100.0,0.0,0,0,80.58,DEPLOY,750.0
598,19.9295,1268.042,103.739,100.0,0.0,0,0,80.29,DEPLOY,750.0
599,19.9629,1269.005,104.933,100.0,0.0,0,0,80.0,DEPLOY,750.0
600,19.9962,1269.985,106.153,100.0,0.0,0,0,79.71,DEPLOY,750.0
601,20.0295,1270.971,107.38,100.0,0.0,0,0,79.41,DEPLOY,750.0
602,20.0628,1271.973,108.629,100.0,0.0,0,0,79.12,DEPLOY,750.0
603,20.0962,1272.982,109.886,100.0,0.0,0,0,78.83,DEPLOY,750.0
604,20.1295,1274.008,111.165,100.0,0.0,0,0,78.54,DEPLOY,750.0
605,20.1628,1275.039,112.451,100.0,0.0,0,0,78.25,DEPLOY,750.0
606,20.1962,1276.09,113.758,100.0,0.0,0,0,77.96,DEPLOY,750.0
607,20.2295,1277.144,115.071,100.0,0.0,0,0,77.66,DEPLOY,750.0
608,20.2628,1278.22,116.408,100.0,0.0,0,0,77.37,DEPLOY,750.0
609,20.2961,1279.3,117.748,100.0,0.0,0,0,77.08,DEPLOY,750.0
610,20.3295,1280.4,119.113,100.0,0.0,0,0,76.79,DEPLOY,750.0
611,20.3628,1281.507,120.483,100.0,0.0,0,0,76.5,DEPLOY,750.0
612,20.3961,1282.63,121.872,100.0,0.0,0,0,76.21,DEPLOY,750.0
613,20.4294,1283.765,123.273,100.0,0.0,0,0,75.91,DEPLOY,750.0
614,20.4628,1284.911,124.686,100.0,0.0,0,0,75.62,DEPLOY,750.0
615,20.4961,1286.074,126.117,100.0,0.0,0,0,75.33,DEPLOY,750.0
616,20.5294,1287.244,127.555,100.0,0.0,0,0,75.04,DEPLOY,750.0
617,20.5628,1288.436,129.016,100.0,0.0,0,0,74.75,DEPLOY,750.0
618,20.5961,1289.635,130.485,100.0,0.0,0,0,74.46,DEPLOY,750.0
619,20.6294,1290.85,131.97,100.0,0.0,0,0,74.17,DEPLOY,750.0
620,20.6627,1292.08,133.404,100.0,0.0,0,0,73.87,DEPLOY,750.0
621,20.6961,1293.318,134.811,100.0,0.0,0,0,73.58,DEPLOY,750.0
622,20.7294,1294.575,136.161,100.0,0.0,0,0,73.29,DEPLOY,750.0
623,20.7627,1295.841,137.509,100.0,0.0,0,0,73.0,DEPLOY,750.0
624,20.796,1297.118,138.856,100.0,0.0,0,0,72.71,DEPLOY,750.0
625,20.8294,1298.413,140.2,100.0,0.0,0,0,72.42,DEPLOY,750.0
626,20.8627,1299.716,141.542,100.0,0.0,0,0,72.13,DEPLOY,750.0
627,20.896,1301.031,142.882,100.0,0.0,0,0,71.84,DEPLOY,750.0
628,20.9294,1302.362,144.221,100.0,0.0,0,0,71.55,DEPLOY,750.0
629,20.9627,1303.702,145.56,100.0,0.0,0,0,71.26,DEPLOY,750.0
630,20.996,1305.055,146.898,100.0,0.0,0,0,70.97,DEPLOY,750.0
631,21.0293,1306.423,148.234,100.0,0.0,0,0,70.68,DEPLOY,750.0
632,21.0627,1307.801,149.568,100.0,0.0,0,0,70.39,DEPLOY,750.0
633,21.096,1309.189,150.901,100.0,0.0,0,0,70.1,DEPLOY,750.0
634,21.1293,1310.595,152.231,100.0,0.0,0,0,69.81,DEPLOY,750.0
635,21.1626,1312.01,153.56,100.0,0.0,0,0,69.52,DEPLOY,750.0
636,21.196,1313.436,154.887,100.0,0.0,0,0,69.23,DEPLOY,750.0
637,21.2293,1314.877,156.212,100.0,0.0,0,0,68.93,DEPLOY,750.0
638,21.2626,1316.33,157.536,100.0,0.0,0,0,68.64,DEPLOY,750.0
639,21.2959,1317.794,158.858,100.0,0.0,0,0,68.35,DEPLOY,750.0
640,21.3293,1319.269,160.179,100.0,0.0,0,0,68.06,DEPLOY,750.0
641,21.3626,1320.759,161.479,100.0,0.0,0,0,67.77,DEPLOY,750.0
642,21.3959,1322.261,162.775,100.0,0.0,0,0,67.48,DEPLOY,750.0
643,21.4293,1323.773,164.07,100.0,0.0,0,0,67.19,DEPLOY,750.0
644,21.4626,1325.297,165.367,100.0,0.0,0,0,66.89,DEPLOY,750.0
645,21.4959,1326.835,166.667,100.0,0.0,0,0,66.6,DEPLOY,750.0
646,21.5292,1328.384,167.968,100.0,0.0,0,0,66.31,DEPLOY,750.0
647,21.5626,1329.945,169.271,100.0,0.0,0,0,66.02,DEPLOY,750.0
648,21.5959,1331.517,170.575,100.0,0.0,0,0,65.73,DEPLOY,750.0
649,21.6292,1333.102,171.88,100.0,0.0,0,0,65.44,DEPLOY,750.0
650,21.6625,1334.7,173.187,100.0,0.0,0,0,65.14,DEPLOY,750.0
651,21.6959,1336.31,174.495,100.0,0.0,0,0,64.85,DEPLOY,750.0
652,21.7292,1337.931,175.806,100.0,0.0,0,0,64.56,DEPLOY,750.0
653,21.7625,1339.564,177.119,100.0,0.0,0,0,64.27,DEPLOY,750.0
654,21.7959,1341.209,178.436,100.0,0.0,0,0,63.98,DEPLOY,750.0
655,21.8292,1342.868,179.756,100.0,0.0,0,0,63.69,DEPLOY,750.0
656,21.8625,1344.539,181.08,100.0,0.0,0,0,63.39,DEPLOY,750.0
657,21.8958,1346.221,182.407,100.0,0.0,0,0,63.1,DEPLOY,750.0
658,21.9292,1347.916,183.737,100.0,0.0,0,0,62.81,DEPLOY,750.0
659,21.9625,1349.623,185.07,100.0,0.0,0,0,62.52,DEPLOY,750.0
660,21.9958,1351.341,186.406,100.0,0.0,0,0,62.23,DEPLOY,750.0
661,22.0291,1353.073,187.744,100.0,0.0,0,0,61.94,DEPLOY,750.0
662,22.0625,1354.818,189.084,100.0,0.0,0,0,61.64,DEPLOY,750.0
663,22.0958,1356.575,190.426,100.0,0.0,0,0,61.35,DEPLOY,750.0
664,22.1291,1358.344,191.771,100.0,0.0,0,0,61.06,DEPLOY,750.0
665,22.1624,1360.126,193.119,100.0,0.0,0,0,60.77,DEPLOY,750.0
666,22.1958,1361.92,194.47,100.0,0.0,0,0,60.48,DEPLOY,750.0
667,22.2291,1363.726,195.825,100.0,0.0,0,0,60.19,DEPLOY,750.0
668,22.2624,1365.545,197.183,100.0,0.0,0,0,59.89,DEPLOY,750.0
669,22.2958,1367.376,198.546,100.0,0.0,0,0,59.6,DEPLOY,750.0
670,22.3291,1369.22,199.913,100.0,0.0,0,0,59.31,DEPLOY,750.0
671,22.3624,1371.077,201.283,100.0,0.0,0,0,59.02,DEPLOY,745.4
672,22.3957,1372.948,202.657,100.0,0.0,0,0,58.73,DEPLOY,740.51
673,22.4291,1374.83,204.034,100.0,0.0,0,0,58.45,DEPLOY,735.59
674,22.4624,1376.726,205.415,100.0,0.0,0,0,58.17,DEPLOY,730.66
675,22.4957,1378.634,206.799,100.0,0.0,0,0,57.89,DEPLOY,725.72
676,22.529,1380.555,208.187,100.0,0.0,0,0,57.62,DEPLOY,720.76
677,22.5624,1382.489,209.579,100.0,0.0,0,0,57.35,DEPLOY,715.79
678,22.5957,1384.435,210.974,100.0,0.0,0,0,57.09,DEPLOY,710.81
679,22.629,1386.395,212.348,100.0,0.0,0,0,56.83,DEPLOY,705.81
680,22.6624,1388.367,213.7,100.0,0.0,0,0,56.58,DEPLOY,700.8
681,22.6957,1390.351,215.045,100.0,0.0,0,0,56.33,DEPLOY,695.77
682,22.729,1392.348,216.386,100.0,0.0,0,0,56.08,DEPLOY,690.73
683,22.7623,1394.358,217.721,100.0,0.0,0,0,55.84,DEPLOY,685.68
684,22.7957,1396.379,219.051,100.0,0.0,0,0,55.6,DEPLOY,680.61
685,22.829,1398.413,220.374,100.0,0.0,0,0,55.37,DEPLOY,675.53
686,22.8623,1400.459,221.691,100.0,0.0,0,0,55.14,DEPLOY,670.43
687,22.8956,1402.518,222.999,100.0,0.0,0,0,54.91,DEPLOY,665.32
688,22.929,1404.588,224.299,100.0,0.0,0,0,54.69,DEPLOY,660.2
689,22.9623,1406.67,225.591,100.0,0.0,0,0,54.48,DEPLOY,655.14
690,22.9956,1408.765,226.872,100.0,0.0,0,0,54.27,DEPLOY,650.16
691,23.029,1410.871,228.144,100.0,0.0,0,0,54.06,DEPLOY,645.28
692,23.0623,1412.988,229.406,100.0,0.0,0,0,53.86,DEPLOY,640.49
693,23.0956,1415.118,230.656,100.0,0.0,0,0,53.66,DEPLOY,635.78
694,23.1289,1417.258,231.895,100.0,0.0,0,0,53.46,DEPLOY,631.16
695,23.1623,1419.411,233.121,100.0,0.0,0,0,53.27,DEPLOY,626.61
696,23.1956,1421.575,234.336,100.0,0.0,0,0,53.08,DEPLOY,622.15
697,23.2289,1423.75,235.537,100.0,0.0,0,0,52.9,DEPLOY,617.76
698,23.2622,1425.936,236.726,100.0,0.0,0,0,52.72,DEPLOY,613.45
699,23.2956,1428.133,237.902,100.0,0.0,0,0,52.54,DEPLOY,609.21
700,23.3289,1430.341,239.064,100.0,0.0,0,0,52.37,DEPLOY,605.03
701,23.3622,1432.56,240.212,100.0,0.0,0,0,52.2,DEPLOY,600.93
702,23.3955,1434.788,241.347,100.0,0.0,0,0,52.03,DEPLOY,596.88
703,23.4289,1437.027,242.467,100.0,0.0,0,0,51.87,DEPLOY,592.91
704,23.4622,1439.277,243.574,100.0,0.0,0,0,51.71,DEPLOY,588.99
705,23.4955,1441.537,244.665,100.0,0.0,0,0,51.55,DEPLOY,585.15
706,23.5289,1443.808,245.741,100.0,0.0,0,0,51.4,DEPLOY,581.36
707,23.5622,1446.088,246.804,100.0,0.0,0,0,51.25,DEPLOY,577.63
708,23.5955,1448.377,247.852,100.0,0.0,0,0,51.1,DEPLOY,573.96
709,23.6288,1450.676,248.886,100.0,0.0,0,0,50.96,DEPLOY,570.34
710,23.6622,1452.985,249.905,100.0,0.0,0,0,50.82,DEPLOY,566.78
711,23.6955,1455.303,250.911,100.0,0.0,0,0,50.68,DEPLOY,563.27
712,23.7288,1457.63,251.901,100.0,0.0,0,0,50.55,DEPLOY,559.81
713,23.7621,1459.967,252.877,100.0,0.0,0,0,50.41,DEPLOY,556.41
714,23.7955,1462.313,253.839,100.0,0.0,0,0,50.29,DEPLOY,553.06
715,23.8288,1464.667,254.788,100.0,0.0,0,0,50.16,DEPLOY,549.76
716,23.8621,1467.03,255.724,100.0,0.0,0,0,50.03,DEPLOY,546.5
717,23.8955,1469.401,256.646,100.0,0.0,0,0,49.91,DEPLOY,543.29
718,23.9288,1471.782,257.554,100.0,0.0,0,0,49.79,DEPLOY,540.13
719,23.9621,1474.17,258.449,100.0,0.0,0,0,49.68,DEPLOY,537.02
720,23.9954,1476.567,259.332,100.0,0.0,0,0,49.57,DEPLOY,533.95
721,24.0288,1478.971,260.202,100.0,0.0,0,0,49.45,DEPLOY,530.92
722,24.0621,1481.384,261.06,100.0,0.0,0,0,49.35,DEPLOY,527.93
723,24.0954,1483.805,261.905,100.0,0.0,0,0,49.24,DEPLOY,525.0
724,24.1287,1486.234,262.738,100.0,0.0,0,0,49.14,DEPLOY,522.1
725,24.1621,1488.67,263.559,100.0,0.0,0,0,49.04,DEPLOY,519.24
726,24.1954,1491.113,264.37,100.0,0.0,0,0,48.94,DEPLOY,516.42
727,24.2287,1493.564,265.168,100.0,0.0,0,0,48.84,DEPLOY,513.64
728,24.2621,1496.023,265.955,100.0,0.0,0,0,48.75,DEPLOY,510.9
729,24.2954,1498.488,266.731,100.0,0.0,0,0,48.65,DEPLOY,508.2
730,24.3287,1500.961,267.497,100.0,0.0,0,0,48.56,DEPLOY,505.53
731,24.362,1503.441,268.252,100.0,0.0,0,0,48.48,DEPLOY,502.9
732,24.3954,1505.928,268.996,100.0,0.0,0,0,48.39,DEPLOY,500.33
733,24.4287,1508.422,269.731,100.0,0.0,0,0,48.31,DEPLOY,497.9
734,24.462,1510.922,270.456,100.0,0.0,0,0,48.23,DEPLOY,495.54
735,24.4953,1513.429,271.171,100.0,0.0,0,0,48.15,DEPLOY,493.21
736,24.5287,1515.943,271.875,100.0,0.0,0,0,48.07,DEPLOY,490.92
737,24.562,1518.463,272.571,100.0,0.0,0,0,48.0,DEPLOY,488.65
738,24.5953,1520.989,273.258,100.0,0.0,0,0,47.92,DEPLOY,486.42
739,24.6286,1523.522,273.935,100.0,0.0,0,0,47.85,DEPLOY,484.21
740,24.662,1526.061,274.603,100.0,0.0,0,0,47.78,DEPLOY,482.03
741,24.6953,1528.606,275.263,100.0,0.0,0,0,47.71,DEPLOY,479.88
742,24.7286,1531.157,275.914,100.0,0.0,0,0,47.65,DEPLOY,477.75
743,24.762,1533.715,276.556,100.0,0.0,0,0,47.58,DEPLOY,475.65
744,24.7953,1536.278,277.19,100.0,0.0,0,0,47.52,DEPLOY,473.58
745,24.8286,1538.847,277.816,100.0,0.0,0,0,47.46,DEPLOY,471.54
746,24.8619,1541.421,278.435,100.0,0.0,0,0,47.4,DEPLOY,469.51
747,24.8953,1544.002,279.044,100.0,0.0,0,0,47.34,DEPLOY,467.52
748,24.9286,1546.588,279.646,100.0,0.0,0,0,47.29,DEPLOY,465.55
749,24.9619,1549.179,280.242,100.0,0.0,0,0,47.23,DEPLOY,463.61
750,24.9952,1551.777,280.828,100.0,0.0,0,0,47.18,DEPLOY,461.68
751,25.0286,1554.379,281.408,100.0,0.0,0,0,47.13,DEPLOY,459.79
752,25.0619,1556.987,281.981,100.0,0.0,0,0,47.08,DEPLOY,457.91
753,25.0952,1559.6,282.546,100.0,0.0,0,0,47.03,DEPLOY,456.06
754,25.1286,1562.218,283.104,100.0,0.0,0,0,46.98,DEPLOY,454.23
755,25.1619,1564.842,283.656,100.0,0.0,0,0,46.94,DEPLOY,452.43
756,25.1952,1567.47,284.2,100.0,0.0,0,0,46.9,DEPLOY,450.64
757,25.2285,1570.104,284.738,100.0,0.0,0,0,46.85,DEPLOY,448.88
758,25.2619,1572.742,285.269,100.0,0.0,0,0,46.81,DEPLOY,447.14
759,25.2952,1575.385,285.794,100.0,0.0,0,0,46.77,DEPLOY,445.42
760,25.3285,1578.033,286.312,100.0,0.0,0,0,46.74,DEPLOY,443.72
761,25.3618,1580.686,286.824,100.0,0.0,0,0,46.7,DEPLOY,442.04
762,25.3952,1583.344,287.33,100.0,0.0,0,0,46.67,DEPLOY,440.39
763,25.4285,1586.006,287.83,100.0,0.0,0,0,46.63,DEPLOY,438.75
764,25.4618,1588.673,288.323,100.0,0.0,0,0,46.6,DEPLOY,437.13
765,25.4951,1591.344,288.812,100.0,0.0,0,0,46.57,DEPLOY,435.53
766,25.5285,1594.02,289.293,100.0,0.0,0,0,46.54,DEPLOY,433.95
767,25.5618,1596.701,289.77,100.0,0.0,0,0,46.51,DEPLOY,432.39
768,25.5951,1599.385,290.24,100.0,0.0,0,0,46.49,DEPLOY,430.84
769,25.6285,1602.074,290.705,100.0,0.0,0,0,46.46,DEPLOY,429.32
770,25.6618,1604.768,291.165,100.0,0.0,0,0,46.44,DEPLOY,427.81
771,25.6951,1607.465,291.62,100.0,0.0,0,0,46.41,DEPLOY,426.32
772,25.7284,1610.167,292.068,100.0,0.0,0,0,46.39,DEPLOY,424.85
773,25.7618,1612.873,292.512,100.0,0.0,0,0,46.37,DEPLOY,423.4
774,25.7951,1615.583,292.951,100.0,0.0,0,0,46.35,DEPLOY,421.96
775,25.8284,1618.297,293.385,100.0,0.0,0,0,46.33,DEPLOY,420.54
776,25.8617,1621.015,293.814,100.0,0.0,0,0,46.32,DEPLOY,419.14
777,25.8951,1623.737,294.239,100.0,0.0,0,0,46.3,DEPLOY,417.75
778,25.9284,1626.463,294.658,100.0,0.0,0,0,46.29,DEPLOY,416.38
779,25.9617,1629.192,295.073,100.0,0.0,0,0,46.27,DEPLOY,415.02
780,25.9951,1631.926,295.484,100.0,0.0,0,0,46.26,DEPLOY,413.68
781,26.0284,1634.663,295.89,100.0,0.0,0,0,46.25,DEPLOY,412.36
782,26.0617,1637.404,296.292,100.0,0.0,0,0,46.24,DEPLOY,411.05
783,26.095,1640.149,296.69,100.0,0.0,0,0,46.23,DEPLOY,409.76
784,26.1284,1642.898,297.084,100.0,0.0,0,0,46.22,DEPLOY,408.48
785,26.1617,1645.65,297.474,100.0,0.0,0,0,46.21,DEPLOY,407.21
786,26.195,1648.405,297.86,100.0,0.0,0,0,46.21,DEPLOY,405.96
787,26.2283,1651.164,298.242,100.0,0.0,0,0,46.2,DEPLOY,404.73
788,26.2617,1653.927,298.621,100.0,0.0,0,0,46.2,DEPLOY,403.51
789,26.295,1656.693,298.996,100.0,0.0,0,0,46.2,DEPLOY,402.3
790,26.3283,1659.463,299.368,100.0,0.0,0,0,46.2,DEPLOY,401.11
791,26.3617,1662.236,299.736,100.0,0.0,0,0,46.2,DEPLOY,400.17
792,26.395,1665.013,300.101,100.0,0.0,0,0,46.2,DEPLOY,400.0
793,26.4283,1667.793,300.463,100.0,0.0,0,0,46.2,DEPLOY,400.0
794,26.4616,1670.576,300.822,100.0,0.0,0,0,46.2,DEPLOY,400.0
795,26.495,1673.362,301.179,100.0,0.0,0,0,46.2,DEPLOY,400.0
796,26.5283,1676.152,301.532,100.0,0.0,0,0,46.2,DEPLOY,400.0
797,26.5616,1678.945,301.883,100.0,0.0,0,0,46.2,DEPLOY,400.0
798,26.5949,1681.741,302.231,100.0,0.0,0,0,46.2,DEPLOY,400.0
799,26.6283,1684.541,302.576,100.0,0.0,0,0,46.2,DEPLOY,400.0
800,26.6616,1687.343,302.919,100.0,0.0,0,0,46.2,DEPLOY,400.0
801,26.6949,1690.15,303.26,100.0,0.0,0,0,46.2,DEPLOY,400.0
802,26.7282,1692.958,303.598,100.0,0.0,0,0,46.2,DEPLOY,400.0
803,26.7616,1695.771,303.934,100.0,0.0,0,0,46.2,DEPLOY,400.0
804,26.7949,1698.586,304.268,100.0,0.0,0,0,46.2,DEPLOY,400.0
805,26.8282,1701.404,304.6,100.0,0.0,0,0,46.2,DEPLOY,400.0
806,26.8616,1704.225,304.929,100.0,0.0,0,0,46.2,DEPLOY,400.0
807,26.8949,1707.05,305.257,100.0,0.0,0,0,46.2,DEPLOY,400.0
808,26.9282,1709.877,305.583,100.0,0.0,0,0,46.2,DEPLOY,400.0
809,26.9615,1712.708,305.906,100.0,0.0,0,0,46.2,DEPLOY,400.0
810,26.9949,1715.541,306.228,100.0,0.0,0,0,46.2,DEPLOY,400.0
811,27.0282,1718.378,306.548,100.0,0.0,0,0,46.2,DEPLOY,400.0
812,27.0615,1721.217,306.866,100.0,0.0,0,0,46.2,DEPLOY,400.0
813,27.0948,1724.059,307.182,100.0,0.0,0,0,46.2,DEPLOY,400.0
814,27.1282,1726.904,307.497,100.0,0.0,0,0,46.2,DEPLOY,400.0
815,27.1615,1729.752,307.81,100.0,0.0,0,0,46.2,DEPLOY,400.0
816,27.1948,1732.603,308.121,100.0,0.0,0,0,46.2,DEPLOY,400.0
817,27.2282,1735.457,308.43,100.0,0.0,0,0,46.2,DEPLOY,400.0
818,27.2615,1738.314,308.738,100.0,0.0,0,0,46.2,DEPLOY,400.0
819,27.2948,1741.173,309.044,100.0,0.0,0,0,46.2,DEPLOY,400.0
820,27.3281,1744.036,309.348,100.0,0.0,0,0,46.2,DEPLOY,400.0
821,27.3615,1746.901,309.651,100.0,0.0,0,0,46.2,DEPLOY,400.0
822,27.3948,1749.769,309.952,100.0,0.0,0,0,46.2,DEPLOY,400.0
823,27.4281,1752.64,310.251,100.0,0.0,0,0,46.2,DEPLOY,400.0
824,27.4614,1755.513,310.548,100.0,0.0,0,0,46.2,DEPLOY,400.0
825,27.4948,1758.39,310.844,100.0,0.0,0,0,46.2,DEPLOY,400.0
826,27.5281,1761.269,311.138,100.0,0.0,0,0,46.2,DEPLOY,400.0
827,27.5614,1764.15,311.43,100.0,0.0,0,0,46.2,DEPLOY,400.0
828,27.5947,1767.035,311.72,100.0,0.0,0,0,46.2,DEPLOY,400.0
829,27.6281,1769.922,312.008,100.0,0.0,0,0,46.2,DEPLOY,400.0
830,27.6614,1772.812,312.294,100.0,0.0,0,0,46.2,DEPLOY,400.0
831,27.6947,1775.704,312.578,100.0,0.0,0,0,46.2,DEPLOY,400.0
832,27.7281,1778.599,312.86,100.0,0.0,0,0,46.2,DEPLOY,400.0
833,27.7614,1781.496,313.139,100.0,0.0,0,0,46.2,DEPLOY,400.0
834,27.7947,1784.397,313.415,100.0,0.0,0,0,46.2,DEPLOY,400.0
835,27.828,1787.299,313.689,100.0,0.0,0,0,46.2,DEPLOY,400.0
836,27.8614,1790.205,313.96,100.0,0.0,0,0,46.2,NORMAL,400.0
837,27.8947,1793.112,314.227,100.0,0.0,0,0,46.2,NORMAL,400.0
838,27.928,1796.023,314.491,100.0,0.0,0,0,46.2,NORMAL,400.0
839,27.9613,1798.935,314.75,100.0,0.0,0,0,46.2,NORMAL,400.0
840,27.9947,1801.85,315.006,100.0,0.0,0,0,46.2,NORMAL,400.0
841,28.028,1804.767,315.256,100.0,0.0,0,0,46.2,NORMAL,400.0
842,28.0613,1807.687,315.501,100.0,0.0,0,0,46.2,NORMAL,400.0
843,28.0947,1810.609,315.739,100.0,0.0,0,0,46.2,NORMAL,400.0
844,28.128,1813.533,315.97,100.0,0.0,0,0,46.2,NORMAL,400.0
845,28.1613,1816.459,316.193,100.0,0.0,0,0,46.2,NORMAL,400.0
846,28.1946,1819.387,316.408,100.0,0.0,0,0,46.2,NORMAL,400.0
847,28.228,1822.317,316.611,100.0,0.0,0,0,46.2,NORMAL,400.0
848,28.2613,1825.249,316.803,100.0,0.0,0,0,46.2,NORMAL,400.0
849,28.2946,1828.183,316.981,100.0,0.0,0,0,46.2,NORMAL,400.0
850,28.3279,1831.118,317.145,100.0,0.0,0,0,46.2,NORMAL,400.0
851,28.3613,1834.055,317.289,100.0,0.0,0,0,46.2,NORMAL,400.0
852,28.3946,1836.993,317.416,100.0,0.0,0,0,46.2,NORMAL,400.0
853,28.4279,1839.932,317.518,100.0,0.0,0,0,46.2,NORMAL,400.0
854,28.4613,1842.871,317.595,100.0,0.0,0,0,46.2,NORMAL,400.0
855,28.4946,1845.812,317.643,100.0,0.0,0,0,46.2,NORMAL,384.9
856,28.5279,1848.752,317.658,100.0,0.0,0,0,46.22,SUPERCLIP,335.0
857,28.5612,1851.693,317.637,100.0,0.0,0,0,46.27,SUPERCLIP,335.0
858,28.5946,1854.633,317.574,100.0,0.0,0,0,46.33,SUPERCLIP,335.0
859,28.6279,1857.573,317.466,100.0,0.0,0,0,46.38,SUPERCLIP,335.0
860,28.6612,1860.511,317.304,100.0,0.0,0,0,46.44,SUPERCLIP,335.0
861,28.6945,1863.448,317.091,100.0,0.0,0,0,46.49,SUPERCLIP,335.0
862,28.7279,1866.382,316.809,100.0,0.0,0,0,46.54,SUPERCLIP,335.0
863,28.7612,1869.313,316.466,100.0,0.0,0,0,46.6,SUPERCLIP,335.0
864,28.7945,1872.241,316.042,100.0,0.0,0,0,46.65,SUPERCLIP,335.0
865,28.8278,1875.164,315.544,100.0,0.0,0,0,46.7,SUPERCLIP,335.0
866,28.8612,1878.083,314.955,100.0,0.0,0,0,46.76,SUPERCLIP,335.0
867,28.8945,1880.995,314.278,100.0,0.0,0,0,46.81,SUPERCLIP,335.0
868,28.9278,1883.901,313.501,100.0,0.0,0,0,46.86,SUPERCLIP,335.0
869,28.9612,1886.799,312.622,100.0,0.0,0,0,46.92,SUPERCLIP,335.0
870,28.9945,1889.689,311.638,100.0,0.0,0,0,46.97,SUPERCLIP,335.0
871,29.0278,1892.569,310.537,100.0,0.0,0,0,47.02,SUPERCLIP,335.0
872,29.0611,1895.438,309.329,100.0,0.0,0,0,47.07,SUPERCLIP,335.0
873,29.0945,1898.295,307.992,100.0,0.0,0,0,47.13,SUPERCLIP,335.0
874,29.1278,1901.14,306.545,100.0,0.0,0,0,47.18,SUPERCLIP,335.0
875,29.1611,1903.971,304.969,0.0,100.0,0,0,47.28,REGEN,-350.0
876,29.1944,1906.786,303.274,0.0,100.0,0,0,47.55,REGEN,-350.0
877,29.2278,1909.586,301.463,0.0,100.0,0,0,47.83,REGEN,-350.0
878,29.2611,1912.367,299.523,0.0,100.0,0,0,48.1,REGEN,-350.0
879,29.2944,1915.131,297.477,0.0,100.0,0,0,48.37,REGEN,-350.0
880,29.3278,1917.874,295.312,0.0,100.0,0,0,48.64,REGEN,-350.0
881,29.3611,1920.597,293.041,0.0,100.0,0,0,48.9,REGEN,-350.0
882,29.3944,1923.301,290.675,0.0,100.0,0,0,49.17,REGEN,-350.0
883,29.4277,1925.979,288.197,0.0,100.0,0,0,49.43,REGEN,-350.0
884,29.4611,1928.635,285.598,0.0,100.0,0,0,49.7,REGEN,-350.0
885,29.4944,1931.267,282.861,0.0,100.0,0,0,49.96,REGEN,-350.0
886,29.5277,1933.872,279.97,0.0,100.0,0,0,50.23,REGEN,-350.0
887,29.561,1936.449,276.944,0.0,100.0,0,0,50.51,REGEN,-350.0
888,29.5944,1938.999,273.792,0.0,100.0,0,0,50.79,REGEN,-350.0
889,29.6277,1941.519,270.514,0.0,100.0,0,0,51.07,REGEN,-350.0
890,29.661,1944.006,267.108,0.0,100.0,0,0,51.35,REGEN,-350.0
891,29.6944,1946.462,263.598,0.0,100.0,0,0,51.64,REGEN,-350.0
892,29.7277,1948.887,259.993,0.0,100.0,0,0,51.92,REGEN,-350.0
893,29.761,1951.277,256.074,0.0,100.0,0,0,52.21,REGEN,-350.0
894,29.7943,1953.621,250.624,0.0,100.0,0,0,52.51,REGEN,-350.0
895,29.8277,1955.915,245.241,0.0,100.0,0,0,52.8,REGEN,-350.0
896,29.861,1958.16,240.016,0.0,100.0,0,0,53.09,REGEN,-350.0
897,29.8943,1960.358,234.962,0.0,100.0,0,0,53.38,REGEN,-350.0
898,29.9276,1962.511,230.113,0.0,100.0,0,0,53.67,REGEN,-350.0
899,29.961,1964.619,225.474,0.0,100.0,0,0,53.96,REGEN,-350.0
900,29.9943,1966.686,221.029,0.0,100.0,0,0,54.26,REGEN,-350.0
901,30.0276,1968.712,216.764,0.0,100.0,0,0,54.55,REGEN,-350.0
902,30.0609,1970.7,212.667,0.0,100.0,0,0,54.84,REGEN,-350.0
903,30.0943,1972.65,208.725,0.0,100.0,0,0,55.13,REGEN,-350.0
904,30.1276,1974.564,204.928,0.0,100.0,0,0,55.42,REGEN,-350.0
905,30.1609,1976.444,201.267,0.0,100.0,0,0,55.71,REGEN,-350.0
906,30.1943,1978.291,197.733,0.0,100.0,0,0,56.01,REGEN,-350.0
907,30.2276,1980.106,194.319,0.0,100.0,0,0,56.3,REGEN,-350.0
908,30.2609,1981.89,191.018,0.0,100.0,0,0,56.59,REGEN,-350.0
909,30.2942,1983.645,187.828,0.0,100.0,0,0,56.88,REGEN,-350.0
910,30.3276,1985.372,184.744,0.0,100.0,0,0,57.17,REGEN,-350.0
911,30.3609,1987.066,181.788,0.0,100.0,0,0,57.46,REGEN,-350.0
912,30.3942,1988.734,178.938,0.0,100.0,0,0,57.76,REGEN,-350.0
913,30.4275,1990.377,176.19,0.0,100.0,0,0,58.05,REGEN,-350.0
914,30.4609,1991.997,173.542,0.0,100.0,0,0,58.34,REGEN,-350.0
915,30.4942,1993.593,170.991,0.0,100.0,0,0,58.63,REGEN,-350.0
916,30.5275,1995.165,168.552,0.0,100.0,0,0,58.92,REGEN,-350.0
917,30.5609,1996.712,166.225,0.0,100.0,0,0,59.21,REGEN,-350.0
918,30.5942,1998.24,163.99,0.0,100.0,0,0,59.51,REGEN,-350.0
919,30.6275,1999.75,161.843,0.0,100.0,0,0,59.8,REGEN,-350.0
920,30.6608,2001.24,159.796,0.0,100.0,0,0,60.09,REGEN,-350.0
921,30.6942,2002.708,157.866,0.0,100.0,0,0,60.38,REGEN,-350.0
922,30.7275,2004.161,156.017,0.0,100.0,0,0,60.67,REGEN,-350.0
923,30.7608,2005.599,154.245,0.0,100.0,0,0,60.96,REGEN,-350.0
924,30.7941,2007.019,152.573,0.0,100.0,0,0,61.25,REGEN,-350.0
925,30.8275,2008.422,150.979,0.0,100.0,0,0,61.55,REGEN,-350.0
926,30.8608,2009.814,149.436,0.0,100.0,0,0,61.84,REGEN,-350.0
927,30.8941,2011.192,147.947,0.0,100.0,0,0,62.13,REGEN,-350.0
928,30.9274,2012.552,146.498,0.0,100.0,0,0,62.42,REGEN,-350.0
929,30.9608,2013.902,145.06,0.0,100.0,0,0,62.71,REGEN,-350.0
930,30.9941,2015.241,143.631,0.0,100.0,0,0,63.0,REGEN,-350.0
931,31.0274,2016.561,142.195,0.0,100.0,0,0,63.3,REGEN,-350.0
932,31.0608,2017.871,140.755,0.0,100.0,0,0,63.59,REGEN,-350.0
933,31.0941,2019.169,139.309,0.0,100.0,0,0,63.88,REGEN,-350.0
934,31.1274,2020.45,137.869,0.0,100.0,0,0,64.17,REGEN,-350.0
935,31.1607,2021.721,136.44,0.0,100.0,0,0,64.46,REGEN,-350.0
936,31.1941,2022.977,135.038,0.0,100.0,0,0,64.75,REGEN,-350.0
937,31.2274,2024.22,133.692,0.0,100.0,0,0,65.05,REGEN,-350.0
938,31.2607,2025.454,132.38,0.0,100.0,0,0,65.34,REGEN,-350.0
939,31.294,2026.672,131.182,0.0,100.0,0,0,65.63,REGEN,-350.0
940,31.3274,2027.882,130.068,0.0,100.0,0,0,65.92,REGEN,-350.0
941,31.3607,2029.082,129.051,0.0,100.0,0,0,66.21,REGEN,-350.0
942,31.394,2030.272,128.23,0.0,100.0,0,0,66.5,REGEN,-350.0
943,31.4274,2031.457,127.505,0.0,100.0,0,0,66.8,REGEN,-350.0
944,31.4607,2032.635,127.102,0.0,100.0,0,0,67.09,REGEN,-350.0
945,31.494,2033.811,126.784,0.0,100.0,0,0,67.38,REGEN,-350.0
946,31.5273,2034.984,126.572,0.0,100.0,0,0,67.67,REGEN,-350.0
947,31.5607,2036.154,126.358,0.0,100.0,0,0,67.96,REGEN,-350.0
948,31.594,2037.323,126.135,0.0,100.0,0,0,68.25,REGEN,-321.12
949,31.6273,2038.488,125.766,100.0,100.0,0,0,68.54,REGEN,323.76
950,31.6606,2039.651,125.318,100.0,0.0,0,0,68.64,DEPLOY,750.0
951,31.694,2040.808,124.714,100.0,0.0,0,0,68.35,DEPLOY,750.0
952,31.7273,2041.959,124.068,100.0,0.0,0,0,68.06,DEPLOY,750.0
953,31.7606,2043.106,123.396,100.0,0.0,0,0,67.76,DEPLOY,750.0
954,31.794,2044.243,122.753,100.0,0.0,0,0,67.47,DEPLOY,750.0
955,31.8273,2045.379,122.129,100.0,0.0,0,0,67.18,DEPLOY,750.0
956,31.8606,2046.506,121.597,100.0,0.0,0,0,66.89,DEPLOY,750.0
957,31.8939,2047.63,121.15,100.0,0.0,0,0,66.6,DEPLOY,750.0
958,31.9273,2048.75,120.846,100.0,0.0,0,0,66.31,DEPLOY,750.0
959,31.9606,2049.868,120.609,100.0,0.0,0,0,66.01,DEPLOY,750.0
960,31.9939,2050.984,120.418,100.0,0.0,0,0,65.72,DEPLOY,750.0
961,32.0272,2052.097,120.226,100.0,0.0,0,0,65.43,DEPLOY,750.0
962,32.0606,2053.21,120.035,100.0,0.0,0,0,65.14,DEPLOY,750.0
963,32.0939,2054.32,119.844,100.0,0.0,0,0,64.85,DEPLOY,750.0
964,32.1272,2055.429,119.654,100.0,0.0,0,0,64.56,DEPLOY,750.0
965,32.1605,2056.535,119.465,100.0,0.0,0,0,64.26,DEPLOY,750.0
966,32.1939,2057.641,119.407,100.0,0.0,0,0,63.97,DEPLOY,750.0
967,32.2272,2058.747,119.503,100.0,0.0,0,0,63.68,DEPLOY,750.0
968,32.2605,2059.856,119.848,100.0,0.0,0,0,63.39,DEPLOY,750.0
969,32.2939,2060.967,120.32,100.0,0.0,0,0,63.1,DEPLOY,750.0
970,32.3272,2062.085,120.976,100.0,0.0,0,0,62.81,DEPLOY,750.0
971,32.3605,2063.207,121.667,100.0,0.0,0,0,62.51,DEPLOY,750.0
972,32.3938,2064.338,122.435,100.0,0.0,0,0,62.22,DEPLOY,750.0
973,32.4272,2065.474,123.188,100.0,0.0,0,0,61.93,DEPLOY,750.0
974,32.4605,2066.618,123.913,100.0,0.0,0,0,61.64,DEPLOY,750.0
975,32.4938,2067.769,124.542,100.0,0.0,0,0,61.35,DEPLOY,750.0
976,32.5271,2068.923,125.106,100.0,0.0,0,0,61.06,DEPLOY,750.0
977,32.5605,2070.083,125.439,100.0,0.0,0,0,60.77,DEPLOY,750.0
978,32.5938,2071.245,125.702,100.0,0.0,0,0,60.47,DEPLOY,750.0
979,32.6271,2072.409,125.773,100.0,0.0,0,0,60.18,DEPLOY,750.0
980,32.6605,2073.574,125.88,100.0,0.0,0,0,59.89,DEPLOY,750.0
981,32.6938,2074.74,126.031,100.0,0.0,0,0,59.6,DEPLOY,750.0
982,32.7271,2075.909,126.362,100.0,0.0,0,0,59.31,DEPLOY,750.0
983,32.7604,2077.08,126.763,100.0,0.0,0,0,59.02,DEPLOY,750.0
984,32.7938,2078.257,127.364,100.0,0.0,0,0,58.72,DEPLOY,750.0
985,32.8271,2079.439,128.023,100.0,0.0,0,0,58.43,DEPLOY,750.0
986,32.8604,2080.628,128.786,100.0,0.0,0,0,58.14,DEPLOY,750.0
987,32.8937,2081.825,129.63,100.0,0.0,0,0,57.85,DEPLOY,750.0
988,32.9271,2083.027,130.513,100.0,0.0,0,0,57.56,DEPLOY,750.0
989,32.9604,2084.242,131.478,100.0,0.0,0,0,57.27,DEPLOY,750.0
990,32.9937,2085.463,132.467,100.0,0.0,0,0,56.97,DEPLOY,750.0
991,33.027,2086.693,133.495,100.0,0.0,0,0,56.68,DEPLOY,750.0
992,33.0604,2087.936,134.557,100.0,0.0,0,0,56.39,DEPLOY,750.0
993,33.0937,2089.184,135.637,100.0,0.0,0,0,56.1,DEPLOY,750.0
994,33.127,2090.447,136.746,100.0,0.0,0,0,55.81,DEPLOY,750.0
995,33.1604,2091.718,137.871,100.0,0.0,0,0,55.52,DEPLOY,750.0
996,33.1937,2092.997,139.009,100.0,0.0,0,0,55.22,DEPLOY,750.0
997,33.227,2094.292,140.169,100.0,0.0,0,0,54.93,DEPLOY,750.0
998,33.2603,2095.595,141.339,100.0,0.0,0,0,54.64,DEPLOY,750.0
999,33.2937,2096.906,142.52,100.0,0.0,0,0,54.35,DEPLOY,750.0
1000,33.327,2098.234,143.723,100.0,0.0,0,0,54.06,DEPLOY,750.0
1001,33.3603,2099.57,144.939,100.0,0.0,0,0,53.77,DEPLOY,750.0
1002,33.3936,2100.915,146.17,100.0,0.0,0,0,53.48,DEPLOY,750.0
1003,33.427,2102.276,147.429,100.0,0.0,0,0,53.18,DEPLOY,750.0
1004,33.4603,2103.647,148.707,100.0,0.0,0,0,52.89,DEPLOY,750.0
1005,33.4936,2105.027,150.003,100.0,0.0,0,0,52.6,DEPLOY,750.0
1006,33.527,2106.424,151.331,100.0,0.0,0,0,52.31,DEPLOY,750.0
1007,33.5603,2107.832,152.682,100.0,0.0,0,0,52.02,DEPLOY,750.0
1008,33.5936,2109.25,154.052,100.0,0.0,0,0,51.73,DEPLOY,750.0
1009,33.6269,2110.683,155.449,100.0,0.0,0,0,51.43,DEPLOY,750.0
1010,33.6603,2112.13,156.872,100.0,0.0,0,0,51.14,DEPLOY,750.0
1011,33.6936,2113.588,158.314,100.0,0.0,0,0,50.85,DEPLOY,750.0
1012,33.7269,2115.059,159.777,100.0,0.0,0,0,50.56,DEPLOY,750.0
1013,33.7602,2116.546,161.266,100.0,0.0,0,0,50.27,DEPLOY,750.0
1014,33.7936,2118.047,162.776,100.0,0.0,0,0,49.98,DEPLOY,750.0
1015,33.8269,2119.56,164.304,100.0,0.0,0,0,49.68,DEPLOY,750.0
1016,33.8602,2121.087,165.849,100.0,0.0,0,0,49.39,DEPLOY,750.0
1017,33.8936,2122.63,167.415,100.0,0.0,0,0,49.1,DEPLOY,750.0
1018,33.9269,2124.188,168.984,100.0,0.0,0,0,48.81,DEPLOY,750.0
1019,33.9602,2125.76,170.55,100.0,0.0,0,0,48.52,DEPLOY,750.0
1020,33.9935,2127.345,172.109,100.0,0.0,0,0,48.23,DEPLOY,750.0
1021,34.0269,2128.944,173.661,100.0,0.0,0,0,47.93,DEPLOY,750.0
1022,34.0602,2130.56,175.147,100.0,0.0,0,0,47.64,DEPLOY,750.0
1023,34.0935,2132.189,176.593,100.0,0.0,0,0,47.35,DEPLOY,750.0
1024,34.1268,2133.83,178.025,100.0,0.0,0,0,47.06,DEPLOY,750.0
1025,34.1602,2135.485,179.455,100.0,0.0,0,0,46.77,DEPLOY,750.0
1026,34.1935,2137.151,180.883,100.0,0.0,0,0,46.48,DEPLOY,750.0
1027,34.2268,2138.832,182.307,100.0,0.0,0,0,46.19,DEPLOY,750.0
1028,34.2601,2140.528,183.727,100.0,0.0,0,0,45.9,DEPLOY,750.0
1029,34.2935,2142.235,185.141,100.0,0.0,0,0,45.61,DEPLOY,750.0
1030,34.3268,2143.956,186.549,100.0,0.0,0,0,45.32,DEPLOY,750.0
1031,34.3601,2145.689,187.95,100.0,0.0,0,0,45.02,DEPLOY,750.0
1032,34.3935,2147.435,189.343,100.0,0.0,0,0,44.73,DEPLOY,750.0
1033,34.4268,2149.194,190.729,100.0,0.0,0,0,44.44,DEPLOY,750.0
1034,34.4601,2150.965,192.105,100.0,0.0,0,0,44.15,DEPLOY,750.0
1035,34.4934,2152.75,193.47,100.0,0.0,0,0,43.86,DEPLOY,750.0
1036,34.5268,2154.548,194.825,100.0,0.0,0,0,43.57,DEPLOY,750.0
1037,34.5601,2156.358,196.168,100.0,0.0,0,0,43.28,DEPLOY,750.0
1038,34.5934,2158.181,197.501,100.0,0.0,0,0,42.99,DEPLOY,750.0
1039,34.6267,2160.015,198.822,100.0,0.0,0,0,42.71,DEPLOY,748.17
1040,34.6601,2161.862,200.13,100.0,0.0,0,0,42.42,DEPLOY,744.11
1041,34.6934,2163.721,201.426,100.0,0.0,0,0,42.13,DEPLOY,739.13
1042,34.7267,2165.591,202.709,100.0,0.0,0,0,41.85,DEPLOY,734.18
1043,34.7601,2167.473,203.979,100.0,0.0,0,0,41.58,DEPLOY,729.26
1044,34.7934,2169.367,205.237,100.0,0.0,0,0,41.3,DEPLOY,724.6
1045,34.8267,2171.273,206.482,100.0,0.0,0,0,41.04,DEPLOY,720.77
1046,34.86,2173.19,207.716,100.0,0.0,0,0,40.77,DEPLOY,716.86
1047,34.8934,2175.118,208.938,100.0,0.0,0,0,40.51,DEPLOY,712.93
1048,34.9267,2177.058,210.149,100.0,0.0,0,0,40.25,DEPLOY,708.99
1049,34.96,2179.009,211.349,100.0,0.0,0,0,39.99,DEPLOY,705.1
1050,34.9933,2180.971,212.537,100.0,0.0,0,0,39.74,DEPLOY,701.28
1051,35.0267,2182.944,213.714,100.0,0.0,0,0,39.49,DEPLOY,697.54
1052,35.06,2184.928,214.88,100.0,0.0,0,0,39.24,DEPLOY,693.21
1053,35.0933,2186.922,216.036,100.0,0.0,0,0,39.0,DEPLOY,688.98
1054,35.1267,2188.928,217.181,100.0,0.0,0,0,38.76,DEPLOY,685.28
1055,35.16,2190.943,218.316,100.0,0.0,0,0,38.52,DEPLOY,681.52
1056,35.1933,2192.97,219.443,100.0,0.0,0,0,38.29,DEPLOY,677.65
1057,35.2266,2195.006,220.56,100.0,0.0,0,0,38.06,DEPLOY,673.72
1058,35.26,2197.054,221.669,100.0,0.0,0,0,37.83,DEPLOY,669.76
1059,35.2933,2199.111,222.769,100.0,0.0,0,0,37.61,DEPLOY,665.84
1060,35.3266,2201.178,223.862,100.0,0.0,0,0,37.39,DEPLOY,662.03
1061,35.3599,2203.256,224.948,100.0,0.0,0,0,37.17,DEPLOY,658.39
1062,35.3933,2205.343,226.028,100.0,0.0,0,0,36.96,DEPLOY,654.95
1063,35.4266,2207.441,227.102,100.0,0.0,0,0,36.74,DEPLOY,651.58
1064,35.4599,2209.548,228.17,100.0,0.0,0,0,36.54,DEPLOY,648.28
1065,35.4932,2211.666,229.233,100.0,0.0,0,0,36.33,DEPLOY,645.05
1066,35.5266,2213.793,230.272,100.0,0.0,0,0,36.12,DEPLOY,641.78
1067,35.5599,2215.929,231.279,100.0,0.0,0,0,35.92,DEPLOY,638.29
1068,35.5932,2218.075,232.309,100.0,0.0,0,0,35.72,DEPLOY,634.61
1069,35.6266,2220.23,233.381,100.0,0.0,0,0,35.53,DEPLOY,630.78
1070,35.6599,2222.396,234.467,100.0,0.0,0,0,35.34,DEPLOY,626.87
1071,35.6932,2224.571,235.513,100.0,0.0,0,0,35.15,DEPLOY,622.96
1072,35.7265,2226.756,236.544,100.0,0.0,0,0,34.96,DEPLOY,619.12
1073,35.7599,2228.95,237.569,100.0,0.0,0,0,34.78,DEPLOY,615.37
1074,35.7932,2231.154,238.59,100.0,0.0,0,0,34.6,DEPLOY,611.71
1075,35.8265,2233.368,239.606,100.0,0.0,0,0,34.42,DEPLOY,608.04
1076,35.8598,2235.591,240.618,100.0,0.0,0,0,34.25,DEPLOY,604.3
1077,35.8932,2237.823,241.624,100.0,0.0,0,0,34.08,DEPLOY,600.45
1078,35.9265,2240.065,242.625,100.0,0.0,0,0,33.92,DEPLOY,596.49
1079,35.9598,2242.315,243.62,100.0,0.0,0,0,33.75,DEPLOY,592.52
1080,35.9932,2244.575,244.609,100.0,0.0,0,0,33.59,DEPLOY,588.59
1081,36.0265,2246.844,245.592,100.0,0.0,0,0,33.44,DEPLOY,584.73
1082,36.0598,2249.122,246.568,100.0,0.0,0,0,33.28,DEPLOY,581.01
1083,36.0931,2251.409,247.537,100.0,0.0,0,0,33.13,DEPLOY,577.46
1084,36.1265,2253.706,248.5,100.0,0.0,0,0,32.99,DEPLOY,574.02
1085,36.1598,2256.011,249.455,100.0,0.0,0,0,32.84,DEPLOY,570.59
1086,36.1931,2258.324,250.404,100.0,0.0,0,0,32.7,DEPLOY,567.07
1087,36.2264,2260.646,251.345,100.0,0.0,0,0,32.56,DEPLOY,563.55
1088,36.2598,2262.977,252.277,100.0,0.0,0,0,32.42,DEPLOY,560.08
1089,36.2931,2265.317,253.201,100.0,0.0,0,0,32.29,DEPLOY,556.67
1090,36.3264,2267.666,254.116,100.0,0.0,0,0,32.16,DEPLOY,553.31
1091,36.3597,2270.022,255.022,100.0,0.0,0,0,32.04,DEPLOY,550.0
1092,36.3931,2272.387,255.92,100.0,0.0,0,0,31.91,DEPLOY,546.73
1093,36.4264,2274.76,256.809,100.0,0.0,0,0,31.79,DEPLOY,543.52
1094,36.4597,2277.142,257.688,100.0,0.0,0,0,31.67,DEPLOY,540.35
1095,36.4931,2279.532,258.557,100.0,0.0,0,0,31.55,DEPLOY,537.23
1096,36.5264,2281.929,259.417,100.0,0.0,0,0,31.44,DEPLOY,534.16
1097,36.5597,2284.335,260.267,100.0,0.0,0,0,31.33,DEPLOY,531.13
1098,36.593,2286.748,261.108,100.0,0.0,0,0,31.22,DEPLOY,528.14
1099,36.6264,2289.169,261.938,100.0,0.0,0,0,31.11,DEPLOY,525.19
1100,36.6597,2291.598,262.758,100.0,0.0,0,0,31.01,DEPLOY,522.29
1101,36.693,2294.034,263.568,100.0,0.0,0,0,30.91,DEPLOY,519.43
1102,36.7263,2296.478,264.369,100.0,0.0,0,0,30.81,DEPLOY,516.61
1103,36.7597,2298.928,265.16,100.0,0.0,0,0,30.71,DEPLOY,513.82
1104,36.793,2301.387,265.94,100.0,0.0,0,0,30.62,DEPLOY,511.08
1105,36.8263,2303.853,266.711,100.0,0.0,0,0,30.53,DEPLOY,508.38
1106,36.8597,2306.325,267.472,100.0,0.0,0,0,30.44,DEPLOY,505.71
1107,36.893,2308.804,268.224,100.0,0.0,0,0,30.35,DEPLOY,503.07
1108,36.9263,2311.291,268.965,100.0,0.0,0,0,30.27,DEPLOY,500.49
1109,36.9596,2313.785,269.697,100.0,0.0,0,0,30.18,DEPLOY,498.06
1110,36.993,2316.285,270.419,100.0,0.0,0,0,30.1,DEPLOY,495.7
1111,37.0263,2318.791,271.133,100.0,0.0,0,0,30.02,DEPLOY,493.37
1112,37.0596,2321.305,271.837,100.0,0.0,0,0,29.94,DEPLOY,491.07
1113,37.0929,2323.824,272.531,100.0,0.0,0,0,29.87,DEPLOY,488.8
1114,37.1263,2326.351,273.217,100.0,0.0,0,0,29.8,DEPLOY,486.56
1115,37.1596,2328.883,273.894,100.0,0.0,0,0,29.72,DEPLOY,484.35
1116,37.1929,2331.422,274.562,100.0,0.0,0,0,29.65,DEPLOY,482.17
1117,37.2263,2333.966,275.221,100.0,0.0,0,0,29.59,DEPLOY,480.02
1118,37.2596,2336.517,275.872,100.0,0.0,0,0,29.52,DEPLOY,477.89
1119,37.2929,2339.074,276.515,100.0,0.0,0,0,29.45,DEPLOY,475.79
1120,37.3262,2341.637,277.149,100.0,0.0,0,0,29.39,DEPLOY,473.72
1121,37.3596,2344.206,277.775,100.0,0.0,0,0,29.33,DEPLOY,471.67
1122,37.3929,2346.78,278.394,100.0,0.0,0,0,29.27,DEPLOY,469.65
1123,37.4262,2349.36,279.004,100.0,0.0,0,0,29.21,DEPLOY,467.65
1124,37.4595,2351.946,279.606,100.0,0.0,0,0,29.16,DEPLOY,465.68
1125,37.4929,2354.537,280.2,100.0,0.0,0,0,29.1,DEPLOY,463.73
1126,37.5262,2357.133,280.788,100.0,0.0,0,0,29.05,DEPLOY,461.81
1127,37.5595,2359.736,281.366,100.0,0.0,0,0,29.0,DEPLOY,459.91
1128,37.5928,2362.343,281.938,100.0,0.0,0,0,28.95,DEPLOY,458.04
1129,37.6262,2364.955,282.503,100.0,0.0,0,0,28.9,DEPLOY,456.18
1130,37.6595,2367.573,283.059,100.0,0.0,0,0,28.86,DEPLOY,454.36
1131,37.6928,2370.196,283.607,100.0,0.0,0,0,28.81,DEPLOY,452.55
1132,37.7262,2372.824,284.149,100.0,0.0,0,0,28.77,DEPLOY,450.76
1133,37.7595,2375.457,284.682,100.0,0.0,0,0,28.72,DEPLOY,449.0
1134,37.7928,2378.095,285.208,100.0,0.0,0,0,28.68,DEPLOY,447.26
1135,37.8261,2380.738,285.726,100.0,0.0,0,0,28.64,DEPLOY,445.54
1136,37.8595,2383.385,286.235,100.0,0.0,0,0,28.61,DEPLOY,443.84
1137,37.8928,2386.038,286.736,100.0,0.0,0,0,28.57,DEPLOY,442.16
1138,37.9261,2388.694,287.229,100.0,0.0,0,0,28.54,DEPLOY,440.5
1139,37.9594,2391.356,287.711,100.0,0.0,0,0,28.5,DEPLOY,438.86
1140,37.9928,2394.021,288.184,100.0,0.0,0,0,28.47,DEPLOY,437.24
1141,38.0261,2396.691,288.646,100.0,0.0,0,0,28.44,DEPLOY,435.64
1142,38.0594,2399.365,289.097,100.0,0.0,0,0,28.41,DEPLOY,434.06
1143,38.0928,2402.044,289.535,100.0,0.0,0,0,28.38,DEPLOY,432.5
1144,38.1261,2404.726,289.96,100.0,0.0,0,0,28.36,DEPLOY,430.95
1145,38.1594,2407.412,290.37,100.0,0.0,0,0,28.33,DEPLOY,429.43
1146,38.1927,2410.102,290.764,100.0,0.0,0,0,28.31,DEPLOY,427.92
1147,38.2261,2412.796,291.141,100.0,0.0,0,0,28.28,DEPLOY,426.43
1148,38.2594,2415.493,291.497,100.0,0.0,0,0,28.26,DEPLOY,424.96
1149,38.2927,2418.193,291.832,100.0,0.0,0,0,28.24,DEPLOY,423.51
1150,38.326,2420.896,292.145,100.0,0.0,0,0,28.22,DEPLOY,422.08
1151,38.3594,2423.602,292.428,100.0,0.0,0,0,28.2,DEPLOY,420.66
1152,38.3927,2426.31,292.684,100.0,0.0,0,0,28.19,DEPLOY,419.26
1153,38.426,2429.021,292.909,100.0,0.0,0,0,28.17,DEPLOY,417.87
1154,38.4593,2431.733,293.096,100.0,0.0,0,0,28.16,DEPLOY,416.51
1155,38.4927,2434.447,293.246,100.0,0.0,0,0,28.14,DEPLOY,415.16
1156,38.526,2437.162,293.355,100.0,0.0,0,0,28.13,DEPLOY,413.83
1157,38.5593,2439.878,293.415,100.0,0.0,0,0,28.12,DEPLOY,412.51
1158,38.5927,2442.595,293.429,100.0,0.0,0,0,28.11,DEPLOY,411.21
1159,38.626,2445.311,293.388,100.0,0.0,0,0,28.1,DEPLOY,409.93
1160,38.6593,2448.027,293.288,100.0,0.0,0,0,28.09,DEPLOY,408.66
1161,38.6926,2450.741,293.132,100.0,0.0,0,0,28.08,DEPLOY,407.41
1162,38.726,2453.454,292.906,100.0,0.0,0,0,28.08,DEPLOY,406.18
1163,38.7593,2456.164,292.613,100.0,0.0,0,0,28.07,DEPLOY,404.97
1164,38.7926,2458.871,292.254,100.0,0.0,0,0,28.07,DEPLOY,403.76
1165,38.8259,2461.575,291.813,100.0,0.0,0,0,28.07,DEPLOY,174.65
1166,38.8593,2464.274,291.297,0.0,100.0,0,0,28.2,REGEN,-350.0
1167,38.8926,2466.968,290.708,0.0,100.0,0,0,28.49,REGEN,-350.0
1168,38.9259,2469.656,290.027,0.0,100.0,0,0,28.77,REGEN,-350.0
1169,38.9593,2472.337,289.268,0.0,100.0,0,0,29.05,REGEN,-350.0
1170,38.9926,2475.012,288.431,0.0,100.0,0,0,29.33,REGEN,-350.0
1171,39.0259,2477.677,287.502,0.0,100.0,0,0,29.61,REGEN,-350.0
1172,39.0592,2480.334,286.494,0.0,100.0,0,0,29.89,REGEN,-350.0
1173,39.0926,2482.982,285.411,0.0,100.0,0,0,30.17,REGEN,-350.0
1174,39.1259,2485.618,284.239,0.0,100.0,0,0,30.45,REGEN,-350.0
1175,39.1592,2488.244,282.997,0.0,100.0,0,0,30.72,REGEN,-350.0
1176,39.1925,2490.858,281.686,0.0,100.0,0,0,31.0,REGEN,-350.0
1177,39.2259,2493.459,280.303,0.0,100.0,0,0,31.27,REGEN,-350.0
1178,39.2592,2496.047,278.857,0.0,100.0,0,0,31.54,REGEN,-350.0
1179,39.2925,2498.622,277.347,0.0,100.0,0,0,31.82,REGEN,-350.0
1180,39.3259,2501.182,275.761,0.0,100.0,0,0,32.09,REGEN,-350.0
1181,39.3592,2503.727,274.096,0.0,100.0,0,0,32.37,REGEN,-350.0
1182,39.3925,2506.256,272.366,0.0,100.0,0,0,32.65,REGEN,-350.0
1183,39.4258,2508.77,270.576,0.0,100.0,0,0,32.94,REGEN,-350.0
1184,39.4592,2511.266,268.726,0.0,100.0,0,0,33.22,REGEN,-350.0
1185,39.4925,2513.744,266.827,0.0,100.0,0,0,33.51,REGEN,-350.0
1186,39.5258,2516.203,264.191,0.0,100.0,0,0,33.8,REGEN,-350.0
1187,39.5591,2518.633,260.63,0.0,100.0,0,0,34.09,REGEN,-350.0
1188,39.5925,2521.031,257.074,0.0,100.0,0,0,34.39,REGEN,-350.0
1189,39.6258,2523.393,253.575,0.0,100.0,0,0,34.68,REGEN,-350.0
1190,39.6591,2525.723,250.051,0.0,100.0,0,0,34.97,REGEN,-350.0
1191,39.6924,2528.021,246.516,0.0,100.0,0,0,35.26,REGEN,-350.0
1192,39.7258,2530.288,243.056,0.0,100.0,0,0,35.55,REGEN,-350.0
1193,39.7591,2532.523,239.808,0.0,100.0,0,0,35.84,REGEN,-350.0
1194,39.7924,2534.731,236.924,0.0,100.0,0,0,36.14,REGEN,-350.0
1195,39.8258,2536.914,234.56,0.0,100.0,0,0,36.43,REGEN,-350.0
1196,39.8591,2539.077,232.952,0.0,100.0,0,0,36.72,REGEN,-350.0
1197,39.8924,2541.231,232.239,0.0,100.0,0,0,37.01,REGEN,-350.0
1198,39.9257,2543.378,231.679,0.0,100.0,0,0,37.3,REGEN,-350.0
1199,39.9591,2545.522,231.679,0.0,100.0,0,0,37.59,REGEN,-350.0
1200,39.9924,2547.667,231.668,0.0,100.0,0,0,37.89,REGEN,-350.0
1201,40.0257,2549.81,231.163,0.0,100.0,0,0,38.18,REGEN,-350.0
1202,40.059,2551.944,229.9,0.0,100.0,0,0,38.47,REGEN,-350.0
1203,40.0924,2554.066,228.642,0.0,100.0,0,0,38.76,REGEN,-350.0
1204,40.1257,2556.178,227.613,0.0,100.0,0,0,39.05,REGEN,-350.0
1205,40.159,2558.281,226.66,0.0,100.0,0,0,39.34,REGEN,-350.0
1206,40.1924,2560.374,225.568,0.0,100.0,0,0,39.63,REGEN,-350.0
1207,40.2257,2562.457,224.348,0.0,100.0,0,0,39.93,REGEN,-350.0
1208,40.259,2564.528,223.153,0.0,100.0,0,0,40.22,REGEN,-350.0
1209,40.2923,2566.591,222.366,0.0,100.0,0,0,40.51,REGEN,-350.0
1210,40.3257,2568.646,221.709,0.0,100.0,0,0,40.8,REGEN,-350.0
1211,40.359,2570.698,221.632,0.0,100.0,0,0,41.09,REGEN,-350.0
1212,40.3923,2572.75,221.632,0.0,100.0,0,0,41.38,REGEN,-350.0
1213,40.4256,2574.802,221.613,100.0,100.0,0,0,41.68,REGEN,633.19
1214,40.459,2576.852,221.272,100.0,0.0,0,0,41.47,DEPLOY,674.03
1215,40.4923,2578.9,221.293,100.0,0.0,0,0,41.24,DEPLOY,673.95
1216,40.5256,2580.95,221.538,100.0,0.0,0,0,41.01,DEPLOY,673.08
1217,40.5589,2583.003,221.89,100.0,0.0,0,0,40.78,DEPLOY,671.71
1218,40.5923,2585.058,222.099,100.0,0.0,0,0,40.56,DEPLOY,670.04
1219,40.6256,2587.115,222.308,100.0,0.0,0,0,40.33,DEPLOY,668.17
1220,40.6589,2589.174,222.517,100.0,0.0,0,0,40.11,DEPLOY,666.15
1221,40.6923,2591.235,222.727,100.0,0.0,0,0,39.89,DEPLOY,664.07
1222,40.7256,2593.298,222.936,100.0,0.0,0,0,39.67,DEPLOY,662.06
1223,40.7589,2595.363,223.146,100.0,0.0,0,0,39.46,DEPLOY,660.28
1224,40.7922,2597.429,223.356,100.0,0.0,0,0,39.24,DEPLOY,658.85
1225,40.8256,2599.498,223.566,100.0,0.0,0,0,39.03,DEPLOY,657.85
1226,40.8589,2601.569,223.777,100.0,0.0,0,0,38.81,DEPLOY,657.26
1227,40.8922,2603.641,223.987,100.0,0.0,0,0,38.6,DEPLOY,657.1
1228,40.9255,2605.716,224.198,100.0,0.0,0,0,38.39,DEPLOY,657.39
1229,40.9589,2607.792,224.409,100.0,0.0,0,0,38.18,DEPLOY,658.24
1230,40.9922,2609.871,224.621,100.0,0.0,0,0,37.96,DEPLOY,659.53
1231,41.0255,2611.951,224.832,100.0,0.0,0,0,37.75,DEPLOY,660.65
1232,41.0589,2614.033,224.95,100.0,0.0,0,0,37.53,DEPLOY,660.89
1233,41.0922,2616.117,225.188,100.0,0.0,0,0,37.31,DEPLOY,660.04
1234,41.1255,2618.204,225.734,100.0,0.0,0,0,37.1,DEPLOY,658.09
1235,41.1588,2620.297,226.566,100.0,0.0,0,0,36.88,DEPLOY,655.12
1236,41.1922,2622.399,227.501,100.0,0.0,0,0,36.67,DEPLOY,651.78
1237,41.2255,2624.509,228.427,100.0,0.0,0,0,36.46,DEPLOY,648.47
1238,41.2588,2626.628,229.334,100.0,0.0,0,0,36.25,DEPLOY,645.23
1239,41.2921,2628.755,230.221,100.0,0.0,0,0,36.05,DEPLOY,642.06
1240,41.3255,2630.89,231.089,100.0,0.0,0,0,35.85,DEPLOY,638.97
1241,41.3588,2633.034,231.937,100.0,0.0,0,0,35.65,DEPLOY,635.94
1242,41.3921,2635.185,232.766,100.0,0.0,0,0,35.45,DEPLOY,632.97
1243,41.4255,2637.343,233.579,100.0,0.0,0,0,35.26,DEPLOY,630.07
1244,41.4588,2639.51,234.374,100.0,0.0,0,0,35.06,DEPLOY,627.23
1245,41.4921,2641.683,235.152,100.0,0.0,0,0,34.88,DEPLOY,624.45
1246,41.5254,2643.863,235.915,100.0,0.0,0,0,34.69,DEPLOY,621.73
1247,41.5588,2646.051,236.66,100.0,0.0,0,0,34.5,DEPLOY,619.07
1248,41.5921,2648.245,237.391,100.0,0.0,0,0,34.32,DEPLOY,616.46
1249,41.6254,2650.446,238.106,100.0,0.0,0,0,34.14,DEPLOY,613.9
1250,41.6587,2652.653,238.807,100.0,0.0,0,0,33.96,DEPLOY,611.4
1251,41.6921,2654.867,239.493,100.0,0.0,0,0,33.79,DEPLOY,608.95
1252,41.7254,2657.087,240.163,100.0,0.0,0,0,33.61,DEPLOY,606.56
1253,41.7587,2659.314,240.891,100.0,0.0,0,0,33.44,DEPLOY,603.96
1254,41.792,2661.549,241.888,100.0,0.0,0,0,33.27,DEPLOY,600.4
1255,41.8254,2663.793,242.992,100.0,0.0,0,0,33.1,DEPLOY,596.46
1256,41.8587,2666.048,244.109,100.0,0.0,0,0,32.94,DEPLOY,592.46
1257,41.892,2668.313,245.21,100.0,0.0,0,0,32.78,DEPLOY,588.53
1258,41.9254,2670.587,246.293,100.0,0.0,0,0,32.62,DEPLOY,584.67
1259,41.9587,2672.872,247.359,100.0,0.0,0,0,32.47,DEPLOY,580.86
1260,41.992,2675.167,248.393,100.0,0.0,0,0,32.32,DEPLOY,577.12
1261,42.0253,2677.471,249.32,100.0,0.0,0,0,32.17,DEPLOY,573.43
1262,42.0587,2679.784,250.188,100.0,0.0,0,0,32.03,DEPLOY,569.84
1263,42.092,2682.104,251.056,100.0,0.0,0,0,31.89,DEPLOY,566.39
1264,42.1253,2684.432,251.924,100.0,0.0,0,0,31.75,DEPLOY,563.05
1265,42.1586,2686.767,252.789,100.0,0.0,0,0,31.61,DEPLOY,559.71
1266,42.192,2689.112,253.652,100.0,0.0,0,0,31.48,DEPLOY,556.3
1267,42.2253,2691.464,254.51,100.0,0.0,0,0,31.35,DEPLOY,552.94
1268,42.2586,2693.824,255.364,100.0,0.0,0,0,31.22,DEPLOY,549.63
1269,42.292,2696.192,256.211,100.0,0.0,0,0,31.1,DEPLOY,546.37
1270,42.3253,2698.568,257.053,100.0,0.0,0,0,30.98,DEPLOY,543.16
1271,42.3586,2700.951,257.886,100.0,0.0,0,0,30.86,DEPLOY,540.0
1272,42.3919,2703.343,258.711,100.0,0.0,0,0,30.74,DEPLOY,536.88
1273,42.4253,2705.742,259.526,100.0,0.0,0,0,30.63,DEPLOY,533.81
1274,42.4586,2708.148,260.33,100.0,0.0,0,0,30.52,DEPLOY,530.79
1275,42.4919,2710.561,261.124,100.0,0.0,0,0,30.41,DEPLOY,527.8
1276,42.5252,2712.982,261.905,100.0,0.0,0,0,30.31,DEPLOY,524.86
1277,42.5586,2715.411,262.672,100.0,0.0,0,0,30.2,DEPLOY,521.97
1278,42.5919,2717.846,263.426,100.0,0.0,0,0,30.1,DEPLOY,519.11
1279,42.6252,2720.288,264.164,100.0,0.0,0,0,30.0,DEPLOY,516.3
1280,42.6586,2722.736,264.888,100.0,0.0,0,0,29.91,DEPLOY,513.52
1281,42.6919,2725.192,265.592,100.0,0.0,0,0,29.81,DEPLOY,510.79
1282,42.7252,2727.654,266.278,100.0,0.0,0,0,29.72,DEPLOY,508.09
1283,42.7585,2730.122,266.947,100.0,0.0,0,0,29.63,DEPLOY,505.43
1284,42.7919,2732.596,267.596,100.0,0.0,0,0,29.54,DEPLOY,502.81
1285,42.8252,2735.076,268.222,100.0,0.0,0,0,29.46,DEPLOY,500.24
1286,42.8585,2737.563,268.826,100.0,0.0,0,0,29.38,DEPLOY,497.83
1287,42.8918,2740.054,269.407,100.0,0.0,0,0,29.3,DEPLOY,495.48
1288,42.9252,2742.55,269.966,100.0,0.0,0,0,29.22,DEPLOY,493.17
1289,42.9585,2745.052,270.497,100.0,0.0,0,0,29.14,DEPLOY,490.88
1290,42.9918,2747.559,271.002,100.0,0.0,0,0,29.07,DEPLOY,488.63
1291,43.0251,2750.07,271.479,100.0,0.0,0,0,28.99,DEPLOY,486.41
1292,43.0585,2752.585,271.929,100.0,0.0,0,0,28.92,DEPLOY,484.21
1293,43.0918,2755.104,272.348,100.0,0.0,0,0,28.85,DEPLOY,482.05
1294,43.1251,2757.627,272.734,100.0,0.0,0,0,28.78,DEPLOY,479.92
1295,43.1585,2760.154,273.09,100.0,0.0,0,0,28.72,DEPLOY,477.81
1296,43.1918,2762.683,273.413,100.0,0.0,0,0,28.66,DEPLOY,475.83
1297,43.2251,2765.216,273.698,100.0,0.0,0,0,28.59,DEPLOY,474.17
1298,43.2584,2767.751,273.947,100.0,0.0,0,0,28.53,DEPLOY,472.75
1299,43.2918,2770.288,274.16,100.0,0.0,0,0,28.47,DEPLOY,472.33
1300,43.3251,2772.827,274.335,100.0,0.0,0,0,28.41,DEPLOY,472.55
1301,43.3584,2775.367,274.464,100.0,0.0,0,0,28.35,DEPLOY,472.78
1302,43.3917,2777.908,274.552,100.0,0.0,0,0,28.29,DEPLOY,472.99
1303,43.4251,2780.45,274.597,100.0,0.0,0,0,28.23,DEPLOY,473.21
1304,43.4584,2782.992,274.594,100.0,0.0,0,0,28.17,DEPLOY,473.42
1305,43.4917,2785.534,274.539,100.0,0.0,0,0,28.11,DEPLOY,473.63
1306,43.5251,2788.075,274.434,100.0,0.0,0,0,28.05,DEPLOY,473.83
1307,43.5584,2790.615,274.278,100.0,0.0,0,0,27.99,DEPLOY,474.04
1308,43.5917,2793.153,274.062,100.0,0.0,0,0,27.93,DEPLOY,474.23
1309,43.625,2795.689,273.787,100.0,0.0,0,0,27.87,DEPLOY,474.43
1310,43.6584,2798.222,273.455,100.0,0.0,0,0,27.81,DEPLOY,474.62
1311,43.6917,2800.752,273.063,100.0,0.0,0,0,27.75,DEPLOY,474.8
1312,43.725,2803.278,272.601,100.0,0.0,0,0,27.69,DEPLOY,474.99
1313,43.7583,2805.799,272.075,100.0,0.0,0,0,27.62,DEPLOY,475.17
1314,43.7917,2808.315,271.484,100.0,0.0,0,0,27.56,DEPLOY,475.34
1315,43.825,2810.825,270.828,100.0,0.0,0,0,27.5,DEPLOY,475.52
1316,43.8583,2813.329,270.096,100.0,0.0,0,0,27.44,DEPLOY,475.69
1317,43.8916,2815.825,269.298,100.0,0.0,0,0,27.38,DEPLOY,475.85
1318,43.925,2818.315,268.435,100.0,0.0,0,0,27.32,DEPLOY,476.02
1319,43.9583,2820.796,267.507,100.0,0.0,0,0,27.26,DEPLOY,476.18
1320,43.9916,2823.267,266.504,0.0,100.0,0,0,27.26,REGEN,-350.0
1321,44.025,2825.729,265.44,0.0,100.0,0,0,27.54,REGEN,-350.0
1322,44.0583,2828.181,264.316,0.0,100.0,0,0,27.82,REGEN,-350.0
1323,44.0916,2830.623,263.135,0.0,100.0,0,0,28.1,REGEN,-350.0
1324,44.1249,2833.053,261.896,0.0,100.0,0,0,28.37,REGEN,-350.0
1325,44.1583,2835.471,260.603,0.0,100.0,0,0,28.65,REGEN,-350.0
1326,44.1916,2837.878,259.256,0.0,100.0,0,0,28.92,REGEN,-350.0
1327,44.2249,2840.271,257.85,0.0,100.0,0,0,29.2,REGEN,-350.0
1328,44.2582,2842.652,256.385,0.0,100.0,0,0,29.48,REGEN,-350.0
1329,44.2916,2845.019,254.861,0.0,100.0,0,0,29.76,REGEN,-350.0
1330,44.3249,2847.37,253.286,0.0,100.0,0,0,30.05,REGEN,-350.0
1331,44.3582,2849.707,251.668,0.0,100.0,0,0,30.33,REGEN,-350.0
1332,44.3916,2852.029,250.015,0.0,100.0,0,0,30.62,REGEN,-350.0
1333,44.4249,2854.337,248.332,0.0,100.0,0,0,30.91,REGEN,-350.0
1334,44.4582,2856.626,246.03,0.0,100.0,0,0,31.21,REGEN,-350.0
1335,44.4915,2858.892,243.544,0.0,100.0,0,0,31.5,REGEN,-350.0
1336,44.5249,2861.134,240.924,0.0,100.0,0,0,31.79,REGEN,-350.0
1337,44.5582,2863.35,238.048,0.0,100.0,0,0,32.08,REGEN,-350.0
1338,44.5915,2865.539,235.029,0.0,100.0,0,0,32.37,REGEN,-350.0
1339,44.6248,2867.701,232.042,0.0,100.0,0,0,32.66,REGEN,-350.0
1340,44.6582,2869.836,229.279,0.0,100.0,0,0,32.95,REGEN,-350.0
1341,44.6915,2871.948,226.844,0.0,100.0,0,0,33.25,REGEN,-350.0
1342,44.7248,2874.038,224.698,0.0,100.0,0,0,33.54,REGEN,-350.0
1343,44.7582,2876.109,222.672,0.0,100.0,0,0,33.83,REGEN,-350.0
1344,44.7915,2878.16,220.623,0.0,100.0,0,0,34.12,REGEN,-350.0
1345,44.8248,2880.193,218.547,0.0,100.0,0,0,34.41,REGEN,-350.0
1346,44.8581,2882.207,216.549,0.0,100.0,0,0,34.7,REGEN,-350.0
1347,44.8915,2884.204,214.763,0.0,100.0,0,0,35.0,REGEN,-350.0
1348,44.9248,2886.185,213.314,0.0,100.0,0,0,35.29,REGEN,-350.0
1349,44.9581,2888.156,212.428,0.0,100.0,0,0,35.58,REGEN,-350.0
1350,44.9914,2890.119,211.803,0.0,100.0,0,0,35.87,REGEN,-350.0
1351,45.0248,2892.077,211.213,0.0,100.0,0,0,36.16,REGEN,-350.0
1352,45.0581,2894.032,211.016,0.0,100.0,0,0,36.45,REGEN,-350.0
1353,45.0914,2895.985,211.003,100.0,100.0,0,0,36.75,REGEN,316.18
1354,45.1247,2897.937,210.643,100.0,0.0,0,0,36.7,DEPLOY,711.96
1355,45.1581,2899.885,210.191,100.0,0.0,0,0,36.44,DEPLOY,713.61
1356,45.1914,2901.83,209.97,100.0,0.0,0,0,36.17,DEPLOY,714.39
1357,45.2247,2903.774,210.028,100.0,0.0,0,0,35.91,DEPLOY,714.19
1358,45.2581,2905.72,210.392,100.0,0.0,0,0,35.65,DEPLOY,712.89
1359,45.2914,2907.671,211.059,100.0,0.0,0,0,35.39,DEPLOY,710.5
1360,45.3247,2909.629,211.991,100.0,0.0,0,0,35.13,DEPLOY,707.17
1361,45.358,2911.596,213.12,100.0,0.0,0,0,34.88,DEPLOY,703.14
1362,45.3914,2913.575,214.344,100.0,0.0,0,0,34.62,DEPLOY,698.77
1363,45.4247,2915.565,215.57,100.0,0.0,0,0,34.37,DEPLOY,694.39
1364,45.458,2917.566,216.767,100.0,0.0,0,0,34.13,DEPLOY,690.11
1365,45.4913,2919.578,217.898,100.0,0.0,0,0,33.89,DEPLOY,686.07
1366,45.5247,2921.6,218.923,100.0,0.0,0,0,33.65,DEPLOY,682.41
1367,45.558,2923.631,219.871,100.0,0.0,0,0,33.41,DEPLOY,679.03
1368,45.5913,2925.671,220.813,100.0,0.0,0,0,33.18,DEPLOY,675.67
1369,45.6247,2927.72,221.824,100.0,0.0,0,0,32.95,DEPLOY,672.05
1370,45.658,2929.778,222.877,100.0,0.0,0,0,32.72,DEPLOY,668.29
1371,45.6913,2931.846,223.907,100.0,0.0,0,0,32.5,DEPLOY,664.61
1372,45.7246,2933.924,224.914,100.0,0.0,0,0,32.28,DEPLOY,661.02
1373,45.758,2936.01,225.898,100.0,0.0,0,0,32.06,DEPLOY,657.51
1374,45.7913,2938.106,226.86,100.0,0.0,0,0,31.85,DEPLOY,654.07
1375,45.8246,2940.21,227.8,100.0,0.0,0,0,31.64,DEPLOY,650.71
1376,45.8579,2942.323,228.721,100.0,0.0,0,0,31.43,DEPLOY,647.42
1377,45.8913,2944.445,229.622,100.0,0.0,0,0,31.22,DEPLOY,644.21
1378,45.9246,2946.574,230.503,100.0,0.0,0,0,31.02,DEPLOY,641.06
1379,45.9579,2948.712,231.368,100.0,0.0,0,0,30.82,DEPLOY,637.97
1380,45.9912,2950.859,232.415,100.0,0.0,0,0,30.62,DEPLOY,634.23
1381,46.0246,2953.016,233.52,100.0,0.0,0,0,30.43,DEPLOY,630.29
1382,46.0579,2955.183,234.645,100.0,0.0,0,0,30.23,DEPLOY,626.27
1383,46.0912,2957.361,235.766,100.0,0.0,0,0,30.05,DEPLOY,622.26
1384,46.1246,2959.549,236.864,100.0,0.0,0,0,29.86,DEPLOY,618.34
1385,46.1579,2961.746,237.935,100.0,0.0,0,0,29.68,DEPLOY,614.51
1386,46.1912,2963.954,238.986,100.0,0.0,0,0,29.5,DEPLOY,610.76
1387,46.2245,2966.171,240.034,100.0,0.0,0,0,29.32,DEPLOY,607.02
1388,46.2579,2968.397,241.036,100.0,0.0,0,0,29.15,DEPLOY,603.19
1389,46.2912,2970.633,242.011,100.0,0.0,0,0,28.98,DEPLOY,599.15
1390,46.3245,2972.878,242.981,100.0,0.0,0,0,28.82,DEPLOY,595.12
1391,46.3578,2975.132,243.945,100.0,0.0,0,0,28.66,DEPLOY,591.16
1392,46.3912,2977.395,244.904,100.0,0.0,0,0,28.5,DEPLOY,587.26
1393,46.4245,2979.667,245.855,100.0,0.0,0,0,28.34,DEPLOY,583.43
1394,46.4578,2981.947,246.798,100.0,0.0,0,0,28.19,DEPLOY,579.65
1395,46.4912,2984.236,247.731,100.0,0.0,0,0,28.04,DEPLOY,575.94
1396,46.5245,2986.533,248.654,100.0,0.0,0,0,27.89,DEPLOY,572.28
1397,46.5578,2988.839,249.565,100.0,0.0,0,0,27.75,DEPLOY,568.69
1398,46.5911,2991.154,250.463,100.0,0.0,0,0,27.61,DEPLOY,565.15
1399,46.6245,2993.477,251.347,100.0,0.0,0,0,27.48,DEPLOY,561.67
1400,46.6578,2995.808,252.216,100.0,0.0,0,0,27.34,DEPLOY,558.24
1401,46.6911,2998.147,253.07,100.0,0.0,0,0,27.21,DEPLOY,554.86
1402,46.7244,3000.493,253.909,100.0,0.0,0,0,27.08,DEPLOY,551.53
1403,46.7578,3002.847,254.729,100.0,0.0,0,0,26.96,DEPLOY,548.26
1404,46.7911,3005.21,255.531,100.0,0.0,0,0,26.84,DEPLOY,545.03
1405,46.8244,3007.579,256.315,100.0,0.0,0,0,26.72,DEPLOY,541.86
1406,46.8578,3009.955,257.08,100.0,0.0,0,0,26.6,DEPLOY,538.73
1407,46.8911,3012.338,257.827,100.0,0.0,0,0,26.48,DEPLOY,535.64
1408,46.9244,3014.728,258.555,100.0,0.0,0,0,26.37,DEPLOY,532.6
1409,46.9577,3017.126,259.261,100.0,0.0,0,0,26.26,DEPLOY,529.61
1410,46.9911,3019.529,259.948,100.0,0.0,0,0,26.16,DEPLOY,526.66
1411,47.0244,3021.939,260.616,100.0,0.0,0,0,26.05,DEPLOY,523.76
1412,47.0577,3024.354,261.265,100.0,0.0,0,0,25.95,DEPLOY,520.89
1413,47.091,3026.775,261.895,100.0,0.0,0,0,25.85,DEPLOY,518.07
1414,47.1244,3029.203,262.506,100.0,0.0,0,0,25.75,DEPLOY,515.29
1415,47.1577,3031.636,263.099,100.0,0.0,0,0,25.66,DEPLOY,512.72
1416,47.191,3034.074,263.677,100.0,0.0,0,0,25.57,DEPLOY,511.44
1417,47.2243,3036.518,264.24,100.0,0.0,0,0,25.47,DEPLOY,510.96
1418,47.2577,3038.966,264.789,100.0,0.0,0,0,25.38,DEPLOY,510.48
1419,47.291,3041.42,265.324,100.0,0.0,0,0,25.29,DEPLOY,510.01
1420,47.3243,3043.879,265.849,100.0,0.0,0,0,25.2,DEPLOY,509.55
1421,47.3577,3046.342,266.363,100.0,0.0,0,0,25.11,DEPLOY,509.1
1422,47.391,3048.81,266.867,100.0,0.0,0,0,25.02,DEPLOY,508.66
1423,47.4243,3051.284,267.363,100.0,0.0,0,0,24.93,DEPLOY,508.22
1424,47.4576,3053.761,267.853,100.0,0.0,0,0,24.84,DEPLOY,507.05
1425,47.491,3056.243,268.337,100.0,0.0,0,0,24.75,DEPLOY,504.95
1426,47.5243,3058.729,268.782,100.0,0.0,0,0,24.66,DEPLOY,504.28
1427,47.5576,3061.218,268.901,100.0,0.0,0,0,24.58,DEPLOY,503.93
1428,47.5909,3063.707,268.999,100.0,0.0,0,0,24.49,DEPLOY,503.57
1429,47.6243,3066.198,269.095,100.0,0.0,0,0,24.4,DEPLOY,503.23
1430,47.6576,3068.69,269.19,100.0,0.0,0,0,24.32,DEPLOY,502.89
1431,47.6909,3071.182,269.283,100.0,0.0,0,0,24.23,DEPLOY,502.56
1432,47.7243,3073.676,269.582,100.0,0.0,0,0,24.15,DEPLOY,501.49
1433,47.7576,3076.175,270.244,100.0,0.0,0,0,24.06,DEPLOY,499.2
1434,47.7909,3078.679,270.952,100.0,0.0,0,0,23.98,DEPLOY,496.82
1435,47.8242,3081.191,271.657,100.0,0.0,0,0,23.9,DEPLOY,494.48
1436,47.8576,3083.71,272.353,100.0,0.0,0,0,23.82,DEPLOY,492.16
1437,47.8909,3086.234,273.039,100.0,0.0,0,0,23.74,DEPLOY,489.87
1438,47.9242,3088.765,273.717,100.0,0.0,0,0,23.67,DEPLOY,487.61
1439,47.9575,3091.302,274.386,100.0,0.0,0,0,23.6,DEPLOY,485.38
1440,47.9909,3093.845,275.047,100.0,0.0,0,0,23.53,DEPLOY,483.18
1441,48.0242,3096.394,275.699,100.0,0.0,0,0,23.46,DEPLOY,481.0
1442,48.0575,3098.949,276.342,100.0,0.0,0,0,23.39,DEPLOY,478.86
1443,48.0909,3101.511,276.977,100.0,0.0,0,0,23.32,DEPLOY,476.74
1444,48.1242,3104.078,277.605,100.0,0.0,0,0,23.26,DEPLOY,474.65
1445,48.1575,3106.65,278.213,100.0,0.0,0,0,23.2,DEPLOY,472.58
1446,48.1908,3109.229,278.745,100.0,0.0,0,0,23.14,DEPLOY,470.55
1447,48.2242,3111.812,279.277,100.0,0.0,0,0,23.08,DEPLOY,468.54
1448,48.2575,3114.399,279.81,100.0,0.0,0,0,23.02,DEPLOY,466.55
1449,48.2908,3116.992,280.343,100.0,0.0,0,0,22.97,DEPLOY,464.59
1450,48.3241,3119.59,280.877,100.0,0.0,0,0,22.91,DEPLOY,462.65
1451,48.3575,3122.193,281.41,100.0,0.0,0,0,22.86,DEPLOY,460.74
1452,48.3908,3124.8,281.942,100.0,0.0,0,0,22.81,DEPLOY,458.85
1453,48.4241,3127.413,282.473,100.0,0.0,0,0,22.76,DEPLOY,456.99
1454,48.4574,3130.03,283.002,100.0,0.0,0,0,22.71,DEPLOY,455.15
1455,48.4908,3132.652,283.528,100.0,0.0,0,0,22.67,DEPLOY,453.33
1456,48.5241,3135.28,284.052,100.0,0.0,0,0,22.62,DEPLOY,451.54
1457,48.5574,3137.912,284.572,100.0,0.0,0,0,22.58,DEPLOY,449.76
1458,48.5908,3140.548,285.089,100.0,0.0,0,0,22.54,DEPLOY,448.01
1459,48.6241,3143.19,285.602,100.0,0.0,0,0,22.5,DEPLOY,446.28
1460,48.6574,3145.836,286.111,100.0,0.0,0,0,22.46,DEPLOY,444.57
1461,48.6907,3148.487,286.616,100.0,0.0,0,0,22.43,DEPLOY,442.88
1462,48.7241,3151.143,287.116,100.0,0.0,0,0,22.39,DEPLOY,441.21
1463,48.7574,3153.803,287.611,100.0,0.0,0,0,22.36,DEPLOY,439.56
1464,48.7907,3156.468,288.102,100.0,0.0,0,0,22.32,DEPLOY,437.93
1465,48.824,3159.137,288.588,100.0,0.0,0,0,22.29,DEPLOY,436.33
1466,48.8574,3161.811,289.069,100.0,0.0,0,0,22.26,DEPLOY,434.74
1467,48.8907,3164.489,289.545,100.0,0.0,0,0,22.23,DEPLOY,433.16
1468,48.924,3167.172,290.016,100.0,0.0,0,0,22.21,DEPLOY,431.61
1469,48.9574,3169.859,290.481,100.0,0.0,0,0,22.18,DEPLOY,430.08
1470,48.9907,3172.55,290.942,100.0,0.0,0,0,22.15,DEPLOY,428.56
1471,49.024,3175.246,291.398,100.0,0.0,0,0,22.13,DEPLOY,427.07
1472,49.0573,3177.946,291.848,100.0,0.0,0,0,22.11,DEPLOY,425.59
1473,49.0907,3180.649,292.294,100.0,0.0,0,0,22.09,DEPLOY,424.12
1474,49.124,3183.358,292.735,100.0,0.0,0,0,22.07,DEPLOY,422.68
1475,49.1573,3186.07,293.171,100.0,0.0,0,0,22.05,DEPLOY,421.25
1476,49.1906,3188.785,293.602,100.0,0.0,0,0,22.03,DEPLOY,419.84
1477,49.224,3191.506,294.028,100.0,0.0,0,0,22.02,DEPLOY,418.44
1478,49.2573,3194.229,294.45,100.0,0.0,0,0,22.0,DEPLOY,417.06
1479,49.2906,3196.957,294.867,100.0,0.0,0,0,21.99,DEPLOY,415.7
1480,49.3239,3199.689,295.28,100.0,0.0,0,0,21.97,DEPLOY,414.35
1481,49.3573,3202.424,295.688,100.0,0.0,0,0,21.96,DEPLOY,413.02
1482,49.3906,3205.164,296.092,100.0,0.0,0,0,21.95,DEPLOY,411.7
1483,49.4239,3207.907,296.492,100.0,0.0,0,0,21.94,DEPLOY,410.4
1484,49.4573,3210.653,296.888,100.0,0.0,0,0,21.93,DEPLOY,409.11
1485,49.4906,3213.403,297.28,100.0,0.0,0,0,21.93,DEPLOY,407.84
1486,49.5239,3216.157,297.668,100.0,0.0,0,0,21.92,DEPLOY,406.59
1487,49.5572,3218.915,298.052,100.0,0.0,0,0,21.91,DEPLOY,405.34
1488,49.5906,3221.676,298.432,100.0,0.0,0,0,21.91,DEPLOY,404.11
1489,49.6239,3224.44,298.809,100.0,0.0,0,0,21.91,DEPLOY,402.9
1490,49.6572,3227.208,299.182,100.0,0.0,0,0,21.9,DEPLOY,401.7
1491,49.6905,3229.979,299.552,100.0,0.0,0,0,21.9,DEPLOY,400.51
1492,49.7239,3232.754,299.919,100.0,0.0,0,0,21.9,DEPLOY,400.0
1493,49.7572,3235.532,300.283,100.0,0.0,0,0,21.9,DEPLOY,400.0
1494,49.7905,3238.314,300.644,100.0,0.0,0,0,21.9,DEPLOY,400.0
1495,49.8239,3241.099,301.001,100.0,0.0,0,0,21.9,DEPLOY,400.0
1496,49.8572,3243.887,301.356,100.0,0.0,0,0,21.9,DEPLOY,400.0
1497,49.8905,3246.678,301.708,100.0,0.0,0,0,21.9,DEPLOY,400.0
1498,49.9238,3249.473,302.057,100.0,0.0,0,0,21.9,DEPLOY,400.0
1499,49.9572,3252.271,302.404,100.0,0.0,0,0,21.9,DEPLOY,400.0
1500,49.9905,3255.072,302.749,100.0,0.0,0,0,21.9,DEPLOY,400.0
1501,50.0238,3257.876,303.09,100.0,0.0,0,0,21.9,DEPLOY,400.0
1502,50.0571,3260.684,303.43,100.0,0.0,0,0,21.9,DEPLOY,400.0
1503,50.0905,3263.494,303.767,100.0,0.0,0,0,21.9,DEPLOY,400.0
1504,50.1238,3266.308,304.102,100.0,0.0,0,0,21.9,DEPLOY,400.0
1505,50.1571,3269.125,304.435,100.0,0.0,0,0,21.9,DEPLOY,400.0
1506,50.1905,3271.945,304.765,100.0,0.0,0,0,21.9,DEPLOY,400.0
1507,50.2238,3274.767,305.094,100.0,0.0,0,0,21.9,DEPLOY,400.0
1508,50.2571,3277.593,305.42,100.0,0.0,0,0,21.9,DEPLOY,400.0
1509,50.2904,3280.422,305.745,100.0,0.0,0,0,21.9,DEPLOY,400.0
1510,50.3238,3283.254,306.068,100.0,0.0,0,0,21.9,DEPLOY,400.0
1511,50.3571,3286.089,306.389,100.0,0.0,0,0,21.9,DEPLOY,400.0
1512,50.3904,3288.927,306.708,100.0,0.0,0,0,21.9,DEPLOY,400.0
1513,50.4237,3291.768,307.025,100.0,0.0,0,0,21.9,DEPLOY,400.0
1514,50.4571,3294.612,307.34,100.0,0.0,0,0,21.9,DEPLOY,400.0
1515,50.4904,3297.458,307.654,100.0,0.0,0,0,21.9,DEPLOY,400.0
1516,50.5237,3300.308,307.966,100.0,0.0,0,0,21.9,DEPLOY,400.0
1517,50.557,3303.16,308.276,100.0,0.0,0,0,21.9,DEPLOY,400.0
1518,50.5904,3306.016,308.585,100.0,0.0,0,0,21.9,DEPLOY,400.0
1519,50.6237,3308.874,308.892,100.0,0.0,0,0,21.9,DEPLOY,400.0
1520,50.657,3311.735,309.197,100.0,0.0,0,0,21.9,DEPLOY,400.0
1521,50.6904,3314.598,309.5,100.0,0.0,0,0,21.9,DEPLOY,400.0
1522,50.7237,3317.465,309.802,100.0,0.0,0,0,21.9,DEPLOY,400.0
1523,50.757,3320.334,310.102,100.0,0.0,0,0,21.9,DEPLOY,400.0
1524,50.7903,3323.207,310.4,100.0,0.0,0,0,21.9,DEPLOY,400.0
1525,50.8237,3326.082,310.697,100.0,0.0,0,0,21.9,DEPLOY,400.0
1526,50.857,3328.959,310.992,100.0,0.0,0,0,21.9,DEPLOY,400.0
1527,50.8903,3331.84,311.285,100.0,0.0,0,0,21.9,DEPLOY,400.0
1528,50.9236,3334.722,311.576,100.0,0.0,0,0,21.9,DEPLOY,400.0
1529,50.957,3337.608,311.865,100.0,0.0,0,0,21.9,DEPLOY,400.0
1530,50.9903,3340.497,312.153,100.0,0.0,0,0,21.9,DEPLOY,400.0
1531,51.0236,3343.388,312.438,100.0,0.0,0,0,21.9,DEPLOY,400.0
1532,51.057,3346.281,312.721,100.0,0.0,0,0,21.9,DEPLOY,400.0
1533,51.0903,3349.178,313.002,100.0,0.0,0,0,21.9,DEPLOY,400.0
1534,51.1236,3352.077,313.281,100.0,0.0,0,0,21.9,DEPLOY,400.0
1535,51.1569,3354.978,313.558,100.0,0.0,0,0,21.9,DEPLOY,400.0
1536,51.1903,3357.882,313.832,100.0,0.0,0,0,21.9,DEPLOY,400.0
1537,51.2236,3360.789,314.104,100.0,0.0,0,0,21.9,DEPLOY,400.0
1538,51.2569,3363.698,314.373,100.0,0.0,0,0,21.9,DEPLOY,400.0
1539,51.2902,3366.609,314.64,100.0,0.0,0,0,21.9,DEPLOY,400.0
1540,51.3236,3369.523,314.903,100.0,0.0,0,0,21.9,DEPLOY,400.0
1541,51.3569,3372.44,315.164,100.0,0.0,0,0,21.9,DEPLOY,400.0
1542,51.3902,3375.359,315.421,100.0,0.0,0,0,21.9,DEPLOY,400.0
1543,51.4235,3378.28,315.675,100.0,0.0,0,0,21.9,DEPLOY,400.0
1544,51.4569,3381.203,315.926,100.0,0.0,0,0,21.9,DEPLOY,400.0
1545,51.4902,3384.129,316.173,100.0,0.0,0,0,21.9,DEPLOY,400.0
1546,51.5235,3387.057,316.417,100.0,0.0,0,0,21.9,DEPLOY,400.0
1547,51.5569,3389.988,316.657,100.0,0.0,0,0,21.9,DEPLOY,400.0
1548,51.5902,3392.92,316.893,100.0,0.0,0,0,21.9,DEPLOY,400.0
1549,51.6235,3395.855,317.124,100.0,0.0,0,0,21.9,DEPLOY,400.0
1550,51.6568,3398.792,317.352,100.0,0.0,0,0,21.9,DEPLOY,400.0
1551,51.6902,3401.731,317.575,100.0,0.0,0,0,21.9,DEPLOY,400.0
1552,51.7235,3404.672,317.795,100.0,0.0,0,0,21.9,DEPLOY,400.0
1553,51.7568,3407.615,318.01,100.0,0.0,0,0,21.9,DEPLOY,400.0
1554,51.7901,3410.56,318.22,100.0,0.0,0,0,21.9,DEPLOY,400.0
1555,51.8235,3413.506,318.426,100.0,0.0,0,0,21.9,DEPLOY,400.0
1556,51.8568,3416.455,318.628,100.0,0.0,0,0,21.9,DEPLOY,344.83
1557,51.8901,3419.406,318.825,100.0,0.0,0,0,21.95,SUPERCLIP,335.0
1558,51.9235,3422.358,319.018,100.0,0.0,0,0,22.0,SUPERCLIP,335.0
1559,51.9568,3425.312,319.207,100.0,0.0,0,0,22.06,SUPERCLIP,335.0
1560,51.9901,3428.268,319.392,100.0,0.0,0,0,22.11,SUPERCLIP,335.0
1561,52.0234,3431.226,319.572,100.0,0.0,0,0,22.17,SUPERCLIP,335.0
1562,52.0568,3434.185,319.748,100.0,0.0,0,0,22.22,SUPERCLIP,335.0
1563,52.0901,3437.146,319.921,100.0,0.0,0,0,22.28,SUPERCLIP,335.0
1564,52.1234,3440.109,320.089,100.0,0.0,0,0,22.33,SUPERCLIP,335.0
1565,52.1567,3443.072,320.254,100.0,0.0,0,0,22.38,SUPERCLIP,335.0
1566,52.1901,3446.038,320.415,100.0,0.0,0,0,22.44,SUPERCLIP,335.0
1567,52.2234,3449.005,320.573,100.0,0.0,0,0,22.49,SUPERCLIP,335.0
1568,52.2567,3451.973,320.727,100.0,0.0,0,0,22.55,SUPERCLIP,335.0
1569,52.2901,3454.943,320.878,100.0,0.0,0,0,22.6,SUPERCLIP,335.0
1570,52.3234,3457.914,321.026,100.0,0.0,0,0,22.65,SUPERCLIP,335.0
1571,52.3567,3460.887,321.171,100.0,0.0,0,0,22.71,SUPERCLIP,335.0
1572,52.39,3463.861,321.313,100.0,0.0,0,0,22.76,SUPERCLIP,335.0
1573,52.4234,3466.836,321.452,100.0,0.0,0,0,22.82,SUPERCLIP,335.0
1574,52.4567,3469.813,321.589,100.0,0.0,0,0,22.87,SUPERCLIP,335.0
1575,52.49,3472.79,321.723,100.0,0.0,0,0,22.92,SUPERCLIP,335.0
1576,52.5233,3475.769,321.854,100.0,0.0,0,0,22.98,SUPERCLIP,335.0
1577,52.5567,3478.749,321.983,100.0,0.0,0,0,23.03,SUPERCLIP,335.0
1578,52.59,3481.731,322.109,100.0,0.0,0,0,23.09,SUPERCLIP,335.0
1579,52.6233,3484.713,322.233,100.0,0.0,0,0,23.14,SUPERCLIP,335.0
1580,52.6566,3487.697,322.354,100.0,0.0,0,0,23.2,SUPERCLIP,335.0
1581,52.69,3490.682,322.472,100.0,0.0,0,0,23.25,SUPERCLIP,335.0
1582,52.7233,3493.667,322.588,100.0,0.0,0,0,23.3,SUPERCLIP,335.0
1583,52.7566,3496.654,322.701,100.0,0.0,0,0,23.36,SUPERCLIP,335.0
1584,52.79,3499.642,322.811,100.0,0.0,0,0,23.41,SUPERCLIP,335.0
1585,52.8233,3502.631,322.918,100.0,0.0,0,0,23.47,SUPERCLIP,335.0
1586,52.8566,3505.621,323.021,100.0,0.0,0,0,23.52,SUPERCLIP,335.0
1587,52.8899,3508.612,323.121,100.0,0.0,0,0,23.57,SUPERCLIP,335.0
1588,52.9233,3511.604,323.216,100.0,0.0,0,0,23.63,SUPERCLIP,335.0
1589,52.9566,3514.596,323.308,100.0,0.0,0,0,23.68,SUPERCLIP,335.0
1590,52.9899,3517.59,323.395,100.0,0.0,0,0,23.74,SUPERCLIP,335.0
1591,53.0232,3520.584,323.477,100.0,0.0,0,0,23.79,SUPERCLIP,335.0
1592,53.0566,3523.579,323.554,100.0,0.0,0,0,23.84,SUPERCLIP,335.0
1593,53.0899,3526.574,323.625,100.0,0.0,0,0,23.9,SUPERCLIP,335.0
1594,53.1232,3529.571,323.689,100.0,0.0,0,0,23.95,SUPERCLIP,335.0
1595,53.1566,3532.567,323.746,100.0,0.0,0,0,24.01,SUPERCLIP,335.0
1596,53.1899,3535.565,323.795,100.0,0.0,0,0,24.06,SUPERCLIP,335.0
1597,53.2232,3538.563,323.836,100.0,0.0,0,0,24.11,SUPERCLIP,335.0
1598,53.2565,3541.561,323.868,100.0,0.0,0,0,24.17,SUPERCLIP,335.0
1599,53.2899,3544.559,323.89,100.0,0.0,0,0,24.22,SUPERCLIP,335.0
1600,53.3232,3547.557,323.9,0.0,100.0,0,0,24.34,REGEN,-350.0
1601,53.3565,3550.556,323.899,0.0,100.0,0,0,24.63,REGEN,-350.0
1602,53.3898,3553.554,323.885,0.0,100.0,0,0,24.92,REGEN,-350.0
1603,53.4232,3556.553,323.857,0.0,100.0,0,0,25.21,REGEN,-350.0
1604,53.4565,3559.55,323.813,0.0,100.0,0,0,25.5,REGEN,-350.0
1605,53.4898,3562.548,323.755,0.0,100.0,0,0,25.79,REGEN,-350.0
1606,53.5231,3565.545,323.677,0.0,100.0,0,0,26.08,REGEN,-350.0
1607,53.5565,3568.541,323.583,0.0,100.0,0,0,26.37,REGEN,-350.0
1608,53.5898,3571.536,323.468,0.0,100.0,0,0,26.66,REGEN,-350.0
1609,53.6231,3574.53,323.333,0.0,100.0,0,0,26.95,REGEN,-350.0
1610,53.6565,3577.522,323.175,0.0,100.0,0,0,27.24,REGEN,-350.0
1611,53.6898,3580.513,322.997,0.0,100.0,0,0,27.53,REGEN,-350.0
1612,53.7231,3583.502,322.793,0.0,100.0,0,0,27.82,REGEN,-350.0
1613,53.7564,3586.49,322.566,0.0,100.0,0,0,28.11,REGEN,-350.0
1614,53.7898,3589.475,322.314,0.0,100.0,0,0,28.4,REGEN,-350.0
1615,53.8231,3592.457,322.037,0.0,100.0,0,0,28.69,REGEN,-350.0
1616,53.8564,3595.437,321.734,0.0,100.0,0,0,28.98,REGEN,-350.0
1617,53.8897,3598.414,321.406,0.0,100.0,0,0,29.27,REGEN,-350.0
1618,53.9231,3601.388,321.052,0.0,100.0,0,0,29.56,REGEN,-350.0
1619,53.9564,3604.358,320.674,0.0,100.0,0,0,29.85,REGEN,-350.0
1620,53.9897,3607.325,320.271,0.0,100.0,0,0,30.13,REGEN,-350.0
1621,54.0231,3610.288,319.845,0.0,100.0,0,0,30.42,REGEN,-350.0
1622,54.0564,3613.247,319.397,0.0,100.0,0,0,30.71,REGEN,-350.0
1623,54.0897,3616.201,318.927,0.0,100.0,0,0,30.99,REGEN,-350.0
1624,54.123,3619.152,318.438,0.0,100.0,0,0,31.28,REGEN,-350.0
1625,54.1564,3622.097,317.932,0.0,100.0,0,0,31.57,REGEN,-350.0
1626,54.1897,3625.038,317.409,0.0,100.0,0,0,31.85,REGEN,-350.0
1627,54.223,3627.974,316.871,0.0,100.0,0,0,32.14,REGEN,-350.0
1628,54.2563,3630.905,316.286,0.0,100.0,0,0,32.43,REGEN,-350.0
1629,54.2897,3633.824,314.289,0.0,100.0,0,0,32.72,REGEN,-350.0
1630,54.323,3636.722,311.524,0.0,100.0,0,0,33.01,REGEN,-350.0
1631,54.3563,3639.601,310.622,0.0,100.0,0,0,33.3,REGEN,-350.0
1632,54.3897,3642.476,310.622,0.0,100.0,0,0,33.59,REGEN,-350.0
1633,54.423,3645.352,310.612,0.0,100.0,0,0,33.88,REGEN,-118.03
1634,54.4563,3648.226,310.328,100.0,0.0,0,0,34.02,DEPLOY,400.0
1635,54.4896,3651.097,309.789,100.0,0.0,0,0,34.02,DEPLOY,400.0
1636,54.523,3653.962,309.248,100.0,0.0,0,0,34.02,DEPLOY,400.0
1637,54.5563,3656.822,308.712,100.0,0.0,0,0,34.02,DEPLOY,400.0
1638,54.5896,3659.678,308.182,100.0,0.0,0,0,34.02,DEPLOY,400.0
1639,54.6229,3662.528,307.657,100.0,0.0,0,0,34.02,DEPLOY,400.0
1640,54.6563,3665.374,307.139,100.0,0.0,0,0,34.02,DEPLOY,400.0
1641,54.6896,3668.215,306.625,100.0,0.0,0,0,34.02,DEPLOY,400.0
1642,54.7229,3671.051,306.117,100.0,0.0,0,0,34.02,DEPLOY,400.0
1643,54.7562,3673.883,305.614,100.0,0.0,0,0,34.02,DEPLOY,400.0
1644,54.7896,3676.71,305.117,100.0,0.0,0,0,34.02,DEPLOY,400.0
1645,54.8229,3679.532,304.625,100.0,0.0,0,0,34.02,DEPLOY,400.0
1646,54.8562,3682.35,304.137,100.0,0.0,0,0,34.02,DEPLOY,400.0
1647,54.8896,3685.163,303.655,100.0,0.0,0,0,34.02,DEPLOY,400.0
1648,54.9229,3687.972,303.178,100.0,0.0,0,0,34.02,DEPLOY,400.0
1649,54.9562,3690.777,302.706,100.0,0.0,0,0,34.02,DEPLOY,400.0
1650,54.9895,3693.577,302.239,100.0,0.0,0,0,34.02,DEPLOY,400.0
1651,55.0229,3696.373,301.777,100.0,0.0,0,0,34.02,DEPLOY,400.0
1652,55.0562,3699.164,301.319,100.0,0.0,0,0,34.02,DEPLOY,400.0
1653,55.0895,3701.951,300.889,100.0,0.0,0,0,34.02,DEPLOY,400.0
1654,55.1228,3704.736,300.716,100.0,0.0,0,0,34.02,DEPLOY,400.0
1655,55.1562,3707.509,298.654,100.0,0.0,0,0,34.02,DEPLOY,400.0
1656,55.1895,3710.265,296.605,100.0,0.0,0,0,34.02,DEPLOY,400.0
1657,55.2228,3713.002,294.571,100.0,0.0,0,0,34.02,DEPLOY,400.0
1658,55.2562,3715.718,292.551,100.0,0.0,0,0,34.02,DEPLOY,400.0
1659,55.2895,3718.418,290.544,100.0,0.0,0,0,34.02,DEPLOY,400.0
1660,55.3228,3721.098,288.551,100.0,0.0,0,0,34.02,DEPLOY,400.0
1661,55.3561,3723.76,286.572,100.0,0.0,0,0,34.02,DEPLOY,400.0
1662,55.3895,3726.404,284.606,100.0,0.0,0,0,34.02,DEPLOY,400.0
1663,55.4228,3729.03,282.654,100.0,0.0,0,0,34.02,DEPLOY,400.0
1664,55.4561,3731.637,280.716,100.0,0.0,0,0,34.02,DEPLOY,400.0
1665,55.4894,3734.227,278.79,100.0,0.0,0,0,34.02,DEPLOY,400.0
1666,55.5228,3736.8,276.877,100.0,0.0,0,0,34.02,DEPLOY,400.0
1667,55.5561,3739.354,274.979,100.0,0.0,0,0,34.02,DEPLOY,400.0
1668,55.5894,3741.89,273.093,100.0,0.0,0,0,34.02,DEPLOY,400.0
1669,55.6228,3744.41,271.22,100.0,0.0,0,0,34.02,DEPLOY,400.0
1670,55.6561,3746.913,269.36,100.0,0.0,0,0,34.02,DEPLOY,400.0
1671,55.6894,3749.397,267.513,100.0,0.0,0,0,34.02,DEPLOY,400.0
1672,55.7227,3751.865,265.678,100.0,0.0,0,0,34.02,DEPLOY,400.0
1673,55.7561,3754.317,263.856,100.0,0.0,0,0,34.02,DEPLOY,400.0
1674,55.7894,3756.752,262.045,0.0,100.0,0,0,34.03,REGEN,-350.0
1675,55.8227,3759.168,260.249,0.0,100.0,0,0,34.27,REGEN,-350.0
1676,55.856,3761.569,258.464,0.0,100.0,0,0,34.52,REGEN,-350.0
1677,55.8894,3763.953,256.692,0.0,100.0,0,0,34.77,REGEN,-350.0
1678,55.9227,3766.322,254.931,0.0,100.0,0,0,35.01,REGEN,-350.0
1679,55.956,3768.675,253.182,0.0,100.0,0,0,35.26,REGEN,-350.0
1680,55.9893,3771.01,251.446,0.0,100.0,0,0,35.51,REGEN,-350.0
1681,56.0227,3773.329,249.721,0.0,100.0,0,0,35.76,REGEN,-350.0
1682,56.056,3775.633,248.008,0.0,100.0,0,0,36.02,REGEN,-350.0
1683,56.0893,3777.921,246.307,0.0,100.0,0,0,36.28,REGEN,-350.0
1684,56.1227,3780.193,244.617,0.0,100.0,0,0,36.55,REGEN,-350.0
1685,56.156,3782.451,242.939,0.0,100.0,0,0,36.81,REGEN,-350.0
1686,56.1893,3784.693,241.272,0.0,100.0,0,0,37.08,REGEN,-350.0
1687,56.2226,3786.918,239.617,0.0,100.0,0,0,37.36,REGEN,-350.0
1688,56.256,3789.128,237.974,0.0,100.0,0,0,37.63,REGEN,-350.0
1689,56.2893,3791.323,236.342,0.0,100.0,0,0,37.92,REGEN,-350.0
1690,56.3226,3793.504,234.721,0.0,100.0,0,0,38.2,REGEN,-350.0
1691,56.3559,3795.669,233.11,0.0,100.0,0,0,38.49,REGEN,-350.0
1692,56.3893,3797.815,230.493,0.0,100.0,0,0,38.78,REGEN,-350.0
1693,56.4226,3799.932,226.815,0.0,100.0,0,0,39.07,REGEN,-350.0
1694,56.4559,3802.016,223.329,0.0,100.0,0,0,39.36,REGEN,-350.0
1695,56.4893,3804.069,220.324,0.0,100.0,0,0,39.65,REGEN,-350.0
1696,56.5226,3806.098,217.887,0.0,100.0,0,0,39.94,REGEN,-350.0
1697,56.5559,3808.107,216.167,0.0,100.0,0,0,40.24,REGEN,-350.0
1698,56.5892,3810.104,215.29,0.0,100.0,0,0,40.53,REGEN,-350.0
1699,56.6226,3812.094,214.681,0.0,100.0,0,0,40.82,REGEN,-350.0
1700,56.6559,3814.08,214.493,0.0,100.0,0,0,41.11,REGEN,-350.0
1701,56.6892,3816.066,214.493,0.0,100.0,0,0,41.4,REGEN,-350.0
1702,56.7225,3818.052,214.493,100.0,100.0,0,0,41.69,REGEN,359.65
1703,56.7559,3820.037,214.484,100.0,0.0,0,0,41.62,DEPLOY,698.27
1704,56.7892,3822.024,214.761,100.0,0.0,0,0,41.37,DEPLOY,696.99
1705,56.8225,3824.014,215.181,100.0,0.0,0,0,41.12,DEPLOY,694.19
1706,56.8558,3826.008,215.601,100.0,0.0,0,0,40.88,DEPLOY,690.36
1707,56.8892,3828.006,216.023,100.0,0.0,0,0,40.64,DEPLOY,686.23
1708,56.9225,3830.008,216.445,100.0,0.0,0,0,40.4,DEPLOY,682.19
1709,56.9558,3832.014,216.868,100.0,0.0,0,0,40.17,DEPLOY,678.25
1710,56.9892,3834.023,217.292,100.0,0.0,0,0,39.94,DEPLOY,674.41
1711,57.0225,3836.037,217.716,100.0,0.0,0,0,39.72,DEPLOY,671.11
1712,57.0558,3838.054,218.142,100.0,0.0,0,0,39.5,DEPLOY,668.9
1713,57.0891,3840.076,218.569,100.0,0.0,0,0,39.28,DEPLOY,668.22
1714,57.1225,3842.101,218.996,100.0,0.0,0,0,39.06,DEPLOY,669.79
1715,57.1558,3844.13,219.425,100.0,0.0,0,0,38.84,DEPLOY,672.1
1716,57.1891,3846.164,219.854,100.0,0.0,0,0,38.61,DEPLOY,674.4
1717,57.2224,3848.201,220.284,100.0,0.0,0,0,38.38,DEPLOY,676.7
1718,57.2558,3850.241,220.39,100.0,0.0,0,0,38.15,DEPLOY,677.18
1719,57.2891,3852.283,220.745,100.0,0.0,0,0,37.92,DEPLOY,675.91
1720,57.3224,3854.329,221.428,100.0,0.0,0,0,37.69,DEPLOY,673.47
1721,57.3558,3856.383,222.351,100.0,0.0,0,0,37.47,DEPLOY,670.18
1722,57.3891,3858.446,223.378,100.0,0.0,0,0,37.24,DEPLOY,666.5
1723,57.4224,3860.519,224.396,100.0,0.0,0,0,37.02,DEPLOY,662.87
1724,57.4557,3862.601,225.393,100.0,0.0,0,0,36.8,DEPLOY,659.31
1725,57.4891,3864.692,226.366,100.0,0.0,0,0,36.58,DEPLOY,655.83
1726,57.5224,3866.792,227.317,100.0,0.0,0,0,36.37,DEPLOY,652.44
1727,57.5557,3868.901,228.247,100.0,0.0,0,0,36.16,DEPLOY,649.11
1728,57.589,3871.018,229.157,100.0,0.0,0,0,35.95,DEPLOY,645.86
1729,57.6224,3873.144,230.048,100.0,0.0,0,0,35.75,DEPLOY,642.68
1730,57.6557,3875.278,230.919,100.0,0.0,0,0,35.55,DEPLOY,639.57
1731,57.689,3877.419,231.771,100.0,0.0,0,0,35.35,DEPLOY,636.53
1732,57.7224,3879.569,232.605,100.0,0.0,0,0,35.15,DEPLOY,633.55
1733,57.7557,3881.726,233.421,100.0,0.0,0,0,34.96,DEPLOY,630.64
1734,57.789,3883.89,234.189,100.0,0.0,0,0,34.76,DEPLOY,627.78
1735,57.8223,3886.062,234.914,100.0,0.0,0,0,34.57,DEPLOY,624.99
1736,57.8557,3888.24,235.637,100.0,0.0,0,0,34.39,DEPLOY,622.26
1737,57.889,3890.424,236.369,100.0,0.0,0,0,34.2,DEPLOY,619.58
1738,57.9223,3892.616,237.11,100.0,0.0,0,0,34.02,DEPLOY,616.97
1739,57.9556,3894.814,237.858,100.0,0.0,0,0,33.84,DEPLOY,614.4
1740,57.989,3897.02,238.614,100.0,0.0,0,0,33.66,DEPLOY,611.9
1741,58.0223,3899.233,239.353,100.0,0.0,0,0,33.48,DEPLOY,609.44
1742,58.0556,3901.452,240.03,100.0,0.0,0,0,33.31,DEPLOY,607.03
1743,58.0889,3903.677,240.691,100.0,0.0,0,0,33.14,DEPLOY,604.67
1744,58.1223,3905.908,241.337,100.0,0.0,0,0,32.97,DEPLOY,602.37
1745,58.1556,3908.145,241.971,100.0,0.0,0,0,32.8,DEPLOY,600.1
1746,58.1889,3910.388,242.591,100.0,0.0,0,0,32.63,DEPLOY,597.89
1747,58.2223,3912.636,243.2,100.0,0.0,0,0,32.47,DEPLOY,595.71
1748,58.2556,3914.89,243.794,100.0,0.0,0,0,32.3,DEPLOY,593.59
1749,58.2889,3917.15,244.377,100.0,0.0,0,0,32.14,DEPLOY,591.51
1750,58.3222,3919.416,245.06,100.0,0.0,0,0,31.98,DEPLOY,589.07
1751,58.3556,3921.689,245.967,100.0,0.0,0,0,31.82,DEPLOY,585.83
1752,58.3889,3923.97,246.944,100.0,0.0,0,0,31.67,DEPLOY,582.34
1753,58.4222,3926.261,247.982,100.0,0.0,0,0,31.52,DEPLOY,578.63
1754,58.4555,3928.561,249.022,100.0,0.0,0,0,31.37,DEPLOY,574.92
1755,58.4889,3930.871,250.044,100.0,0.0,0,0,31.22,DEPLOY,571.27
1756,58.5222,3933.191,251.05,100.0,0.0,0,0,31.08,DEPLOY,567.68
1757,58.5555,3935.52,252.041,100.0,0.0,0,0,30.94,DEPLOY,564.14
1758,58.5889,3937.857,253.003,100.0,0.0,0,0,30.81,DEPLOY,560.65
1759,58.6222,3940.203,253.868,100.0,0.0,0,0,30.67,DEPLOY,557.21
1760,58.6555,3942.557,254.694,100.0,0.0,0,0,30.54,DEPLOY,553.83
1761,58.6888,3944.919,255.52,100.0,0.0,0,0,30.41,DEPLOY,550.51
1762,58.7222,3947.288,256.344,100.0,0.0,0,0,30.29,DEPLOY,547.23
1763,58.7555,3949.665,257.166,100.0,0.0,0,0,30.17,DEPLOY,544.0
1764,58.7888,3952.05,257.985,100.0,0.0,0,0,30.05,DEPLOY,540.82
1765,58.8221,3954.442,258.801,100.0,0.0,0,0,29.93,DEPLOY,537.69
1766,58.8555,3956.841,259.613,100.0,0.0,0,0,29.82,DEPLOY,534.6
1767,58.8888,3959.249,260.421,100.0,0.0,0,0,29.7,DEPLOY,531.56
1768,58.9221,3961.663,261.224,100.0,0.0,0,0,29.6,DEPLOY,528.57
1769,58.9554,3964.085,262.021,100.0,0.0,0,0,29.49,DEPLOY,525.61
1770,58.9888,3966.514,262.814,100.0,0.0,0,0,29.38,DEPLOY,522.7
1771,59.0221,3968.951,263.599,100.0,0.0,0,0,29.28,DEPLOY,519.83
1772,59.0554,3971.395,264.379,100.0,0.0,0,0,29.18,DEPLOY,517.0
1773,59.0888,3973.846,265.151,100.0,0.0,0,0,29.09,DEPLOY,514.22
1774,59.1221,3976.304,265.917,100.0,0.0,0,0,28.99,DEPLOY,511.46
1775,59.1554,3978.769,266.675,100.0,0.0,0,0,28.9,DEPLOY,508.75
1776,59.1887,3981.242,267.425,100.0,0.0,0,0,28.81,DEPLOY,506.08
1777,59.2221,3983.721,268.167,100.0,0.0,0,0,28.72,DEPLOY,503.44
1778,59.2554,3986.207,268.901,100.0,0.0,0,0,28.64,DEPLOY,500.84
1779,59.2887,3988.699,269.628,100.0,0.0,0,0,28.55,DEPLOY,498.39
1780,59.322,3991.199,270.345,100.0,0.0,0,0,28.47,DEPLOY,496.02
1781,59.3554,3993.705,271.054,100.0,0.0,0,0,28.39,DEPLOY,493.69
1782,59.3887,3996.217,271.756,100.0,0.0,0,0,28.31,DEPLOY,491.39
1783,59.422,3998.736,272.449,100.0,0.0,0,0,28.24,DEPLOY,489.12
1784,59.4554,4001.262,273.133,100.0,0.0,0,0,28.16,DEPLOY,486.87
1785,59.4887,4003.793,273.808,100.0,0.0,0,0,28.09,DEPLOY,484.66
1786,59.522,4006.331,274.476,100.0,0.0,0,0,28.02,DEPLOY,482.47
1787,59.5553,4008.875,275.136,100.0,0.0,0,0,27.95,DEPLOY,480.32
1788,59.5887,4011.425,275.786,100.0,0.0,0,0,27.89,DEPLOY,478.19
1789,59.622,4013.981,276.429,100.0,0.0,0,0,27.82,DEPLOY,476.08
1790,59.6553,4016.543,277.064,100.0,0.0,0,0,27.76,DEPLOY,474.0
1791,59.6886,4019.111,277.691,100.0,0.0,0,0,27.7,DEPLOY,471.95
1792,59.722,4021.685,278.31,100.0,0.0,0,0,27.64,DEPLOY,469.93
1793,59.7553,4024.264,278.921,100.0,0.0,0,0,27.58,DEPLOY,467.93
1794,59.7886,4026.849,279.525,100.0,0.0,0,0,27.52,DEPLOY,465.95
1795,59.822,4029.439,280.12,100.0,0.0,0,0,27.47,DEPLOY,464.0
1796,59.8553,4032.035,280.709,100.0,0.0,0,0,27.42,DEPLOY,462.08
1797,59.8886,4034.636,281.29,100.0,0.0,0,0,27.37,DEPLOY,460.17
1798,59.9219,4037.243,281.864,100.0,0.0,0,0,27.32,DEPLOY,458.3
1799,59.9553,4039.855,282.43,100.0,0.0,0,0,27.27,DEPLOY,456.44
1800,59.9886,4042.472,282.99,100.0,0.0,0,0,27.22,DEPLOY,454.61
1801,60.0219,4045.095,283.543,100.0,0.0,0,0,27.18,DEPLOY,452.8
1802,60.0552,4047.722,284.089,100.0,0.0,0,0,27.13,DEPLOY,451.01
1803,60.0886,4050.355,284.628,100.0,0.0,0,0,27.09,DEPLOY,449.24
1804,60.1219,4052.992,285.161,100.0,0.0,0,0,27.05,DEPLOY,447.5
1805,60.1552,4055.635,285.687,100.0,0.0,0,0,27.01,DEPLOY,445.77
1806,60.1885,4058.282,286.206,100.0,0.0,0,0,26.97,DEPLOY,444.07
1807,60.2219,4060.933,286.72,100.0,0.0,0,0,26.93,DEPLOY,442.39
1808,60.2552,4063.59,287.227,100.0,0.0,0,0,26.9,DEPLOY,440.73
1809,60.2885,4066.251,287.728,100.0,0.0,0,0,26.87,DEPLOY,439.08
1810,60.3219,4068.917,288.223,100.0,0.0,0,0,26.83,DEPLOY,437.46
1811,60.3552,4071.588,288.712,100.0,0.0,0,0,26.8,DEPLOY,435.86
1812,60.3885,4074.263,289.195,100.0,0.0,0,0,26.77,DEPLOY,434.27
1813,60.4218,4076.942,289.672,100.0,0.0,0,0,26.74,DEPLOY,432.71
1814,60.4552,4079.626,290.144,100.0,0.0,0,0,26.72,DEPLOY,431.16
1815,60.4885,4082.314,290.61,100.0,0.0,0,0,26.69,DEPLOY,429.63
1816,60.5218,4085.007,291.071,100.0,0.0,0,0,26.67,DEPLOY,428.12
1817,60.5551,4087.704,291.526,100.0,0.0,0,0,26.64,DEPLOY,426.63
1818,60.5885,4090.404,291.977,100.0,0.0,0,0,26.62,DEPLOY,425.15
1819,60.6218,4093.109,292.422,100.0,0.0,0,0,26.6,DEPLOY,423.7
1820,60.6551,4095.819,292.862,100.0,0.0,0,0,26.58,DEPLOY,422.26
1821,60.6885,4098.532,293.297,100.0,0.0,0,0,26.56,DEPLOY,420.83
1822,60.7218,4101.249,293.727,100.0,0.0,0,0,26.55,DEPLOY,419.42
1823,60.7551,4103.97,294.152,100.0,0.0,0,0,26.53,DEPLOY,418.03
1824,60.7884,4106.695,294.573,100.0,0.0,0,0,26.52,DEPLOY,416.66
1825,60.8218,4109.424,294.988,100.0,0.0,0,0,26.5,DEPLOY,415.3
1826,60.8551,4112.157,295.4,100.0,0.0,0,0,26.49,DEPLOY,413.96
1827,60.8884,4114.893,295.807,100.0,0.0,0,0,26.48,DEPLOY,412.63
1828,60.9217,4117.634,296.21,100.0,0.0,0,0,26.47,DEPLOY,411.32
1829,60.9551,4120.378,296.609,100.0,0.0,0,0,26.46,DEPLOY,410.02
1830,60.9884,4123.125,297.003,100.0,0.0,0,0,26.45,DEPLOY,408.74
1831,61.0217,4125.877,297.394,100.0,0.0,0,0,26.44,DEPLOY,407.47
1832,61.0551,4128.631,297.781,100.0,0.0,0,0,26.44,DEPLOY,406.22
1833,61.0884,4131.39,298.164,100.0,0.0,0,0,26.43,DEPLOY,404.98
1834,61.1217,4134.152,298.543,100.0,0.0,0,0,26.43,DEPLOY,403.76
1835,61.155,4136.917,298.919,100.0,0.0,0,0,26.42,DEPLOY,402.55
1836,61.1884,4139.687,299.291,100.0,0.0,0,0,26.42,DEPLOY,401.35
1837,61.2217,4142.459,299.661,100.0,0.0,0,0,26.42,DEPLOY,400.17
1838,61.255,4145.235,300.026,100.0,0.0,0,0,26.42,DEPLOY,400.0
1839,61.2883,4148.014,300.389,100.0,0.0,0,0,26.42,DEPLOY,400.0
1840,61.3217,4150.796,300.749,100.0,0.0,0,0,26.42,DEPLOY,400.0
1841,61.355,4153.582,301.106,100.0,0.0,0,0,26.42,DEPLOY,400.0
1842,61.3883,4156.371,301.46,100.0,0.0,0,0,26.42,DEPLOY,400.0
1843,61.4216,4159.164,301.811,100.0,0.0,0,0,26.42,DEPLOY,400.0
1844,61.455,4161.959,302.159,100.0,0.0,0,0,26.42,DEPLOY,400.0
1845,61.4883,4164.758,302.505,100.0,0.0,0,0,26.42,DEPLOY,400.0
1846,61.5216,4167.56,302.848,100.0,0.0,0,0,26.42,DEPLOY,400.0
1847,61.555,4170.365,303.189,100.0,0.0,0,0,26.42,DEPLOY,400.0
1848,61.5883,4173.174,303.528,100.0,0.0,0,0,26.42,DEPLOY,400.0
1849,61.6216,4175.985,303.864,100.0,0.0,0,0,26.42,DEPLOY,400.0
1850,61.6549,4178.8,304.198,100.0,0.0,0,0,26.42,DEPLOY,400.0
1851,61.6883,4181.617,304.529,100.0,0.0,0,0,26.42,DEPLOY,400.0
1852,61.7216,4184.438,304.859,100.0,0.0,0,0,26.42,DEPLOY,400.0
1853,61.7549,4187.262,305.186,100.0,0.0,0,0,26.42,DEPLOY,400.0
1854,61.7882,4190.089,305.511,100.0,0.0,0,0,26.42,DEPLOY,400.0
1855,61.8216,4192.918,305.833,100.0,0.0,0,0,26.42,DEPLOY,400.0
1856,61.8549,4195.751,306.154,100.0,0.0,0,0,26.42,DEPLOY,400.0
1857,61.8882,4198.587,306.472,100.0,0.0,0,0,26.42,DEPLOY,400.0
1858,61.9216,4201.425,306.788,100.0,0.0,0,0,26.42,DEPLOY,400.0
1859,61.9549,4204.267,307.101,100.0,0.0,0,0,26.42,DEPLOY,400.0
1860,61.9882,4207.111,307.413,100.0,0.0,0,0,26.42,DEPLOY,400.0
1861,62.0215,4209.959,307.721,100.0,0.0,0,0,26.42,DEPLOY,400.0
1862,62.0549,4212.809,308.027,100.0,0.0,0,0,26.42,DEPLOY,400.0
1863,62.0882,4215.662,308.33,100.0,0.0,0,0,26.42,DEPLOY,400.0
1864,62.1215,4218.518,308.631,100.0,0.0,0,0,26.42,DEPLOY,400.0
1865,62.1548,4221.376,308.928,100.0,0.0,0,0,26.42,DEPLOY,400.0
1866,62.1882,4224.237,309.222,100.0,0.0,0,0,26.42,DEPLOY,400.0
1867,62.2215,4227.101,309.513,100.0,0.0,0,0,26.42,DEPLOY,400.0
1868,62.2548,4229.968,309.8,100.0,0.0,0,0,26.42,DEPLOY,400.0
1869,62.2881,4232.837,310.084,100.0,0.0,0,0,26.42,DEPLOY,400.0
1870,62.3215,4235.709,310.362,100.0,0.0,0,0,26.42,DEPLOY,400.0
1871,62.3548,4238.584,310.637,100.0,0.0,0,0,26.42,DEPLOY,400.0
1872,62.3881,4241.461,310.907,100.0,0.0,0,0,26.42,DEPLOY,400.0
1873,62.4215,4244.34,311.172,100.0,0.0,0,0,26.42,DEPLOY,400.0
1874,62.4548,4247.222,311.431,100.0,0.0,0,0,26.42,DEPLOY,400.0
1875,62.4881,4250.106,311.685,100.0,0.0,0,0,26.42,DEPLOY,400.0
1876,62.5214,4252.993,311.933,100.0,0.0,0,0,26.42,DEPLOY,400.0
1877,62.5548,4255.882,312.175,100.0,0.0,0,0,26.42,DEPLOY,400.0
1878,62.5881,4258.773,312.41,100.0,0.0,0,0,26.42,DEPLOY,400.0
1879,62.6214,4261.666,312.638,100.0,0.0,0,0,26.42,DEPLOY,400.0
1880,62.6547,4264.561,312.859,100.0,0.0,0,0,26.42,DEPLOY,400.0
1881,62.6881,4267.458,313.072,100.0,0.0,0,0,26.42,DEPLOY,400.0
1882,62.7214,4270.358,313.278,100.0,0.0,0,0,26.42,DEPLOY,400.0
1883,62.7547,4273.259,313.475,100.0,0.0,0,0,26.42,DEPLOY,400.0
1884,62.7881,4276.162,313.665,100.0,0.0,0,0,26.42,DEPLOY,400.0
1885,62.8214,4279.066,313.845,100.0,0.0,0,0,26.42,DEPLOY,400.0
1886,62.8547,4281.972,314.018,100.0,0.0,0,0,26.42,DEPLOY,400.0
1887,62.888,4284.88,314.182,100.0,0.0,0,0,26.42,DEPLOY,400.0
1888,62.9214,4287.789,314.336,100.0,0.0,0,0,26.42,DEPLOY,400.0
