frame,time_s,distance,speed,throttle,brake,gear,rpm,soc_pct,mode,power_kw
0,0.0,0.0,302.739,100.0,0.0,0,0,100.0,DEPLOY,400.0
1,0.0333,2.803,302.862,100.0,0.0,0,0,100.0,DEPLOY,400.0
2,0.0667,5.608,303.062,100.0,0.0,0,0,100.0,DEPLOY,400.0
3,0.1,8.415,303.262,100.0,0.0,0,0,100.0,DEPLOY,400.0
4,0.1333,11.223,303.461,100.0,0.0,0,0,100.0,DEPLOY,400.0
5,0.1666,14.033,303.658,100.0,0.0,0,0,100.0,DEPLOY,400.0
6,0.2,16.846,303.854,100.0,0.0,0,0,100.0,DEPLOY,400.0
7,0.2333,19.659,304.049,100.0,0.0,0,0,100.0,DEPLOY,400.0
8,0.2666,22.475,304.242,100.0,0.0,0,0,100.0,DEPLOY,400.0
9,0.3,25.293,304.435,100.0,0.0,0,0,100.0,DEPLOY,400.0
10,0.3333,28.112,304.626,100.0,0.0,0,0,100.0,DEPLOY,400.0
11,0.3666,30.933,304.816,100.0,0.0,0,0,100.0,DEPLOY,400.0
12,0.3999,33.756,305.006,100.0,0.0,0,0,100.0,DEPLOY,400.0
13,0.4333,36.58,305.194,100.0,0.0,0,0,100.0,DEPLOY,400.0
14,0.4666,39.407,305.38,100.0,0.0,0,0,100.0,DEPLOY,400.0
15,0.4999,42.235,305.566,100.0,0.0,0,0,100.0,DEPLOY,400.0
16,0.5332,45.064,305.751,100.0,0.0,0,0,100.0,DEPLOY,400.0
17,0.5666,47.896,305.934,100.0,0.0,0,0,100.0,DEPLOY,400.0
18,0.5999,50.729,306.116,100.0,0.0,0,0,100.0,DEPLOY,400.0
19,0.6332,53.564,306.298,100.0,0.0,0,0,100.0,DEPLOY,400.0
20,0.6666,56.4,306.471,100.0,0.0,0,0,100.0,DEPLOY,400.0
21,0.6999,59.238,306.636,100.0,0.0,0,0,100.0,DEPLOY,400.0
22,0.7332,62.078,306.803,100.0,0.0,0,0,100.0,DEPLOY,400.0
23,0.7665,64.919,306.97,100.0,0.0,0,0,100.0,DEPLOY,400.0
24,0.7999,67.761,307.137,100.0,0.0,0,0,100.0,DEPLOY,400.0
25,0.8332,70.606,307.304,100.0,0.0,0,0,100.0,DEPLOY,400.0
26,0.8665,73.451,307.472,100.0,0.0,0,0,100.0,DEPLOY,400.0
27,0.8999,76.299,307.64,100.0,0.0,0,0,100.0,DEPLOY,400.0
28,0.9332,79.147,307.807,100.0,0.0,0,0,100.0,DEPLOY,400.0
29,0.9665,81.998,307.975,100.0,0.0,0,0,100.0,DEPLOY,400.0
30,0.9998,84.85,308.142,100.0,0.0,0,0,100.0,DEPLOY,400.0
31,1.0332,87.703,308.308,100.0,0.0,0,0,100.0,DEPLOY,400.0
32,1.0665,90.558,308.474,100.0,0.0,0,0,100.0,DEPLOY,400.0
33,1.0998,93.415,308.639,100.0,0.0,0,0,100.0,DEPLOY,400.0
34,1.1332,96.273,308.804,100.0,0.0,0,0,100.0,DEPLOY,400.0
35,1.1665,99.133,308.968,100.0,0.0,0,0,100.0,DEPLOY,400.0
36,1.1998,101.994,309.131,100.0,0.0,0,0,100.0,DEPLOY,400.0
37,1.2331,104.856,309.293,100.0,0.0,0,0,100.0,DEPLOY,400.0
38,1.2665,107.72,309.455,100.0,0.0,0,0,100.0,DEPLOY,400.0
39,1.2998,110.586,309.616,100.0,0.0,0,0,100.0,DEPLOY,400.0
40,1.3331,113.453,309.775,100.0,0.0,0,0,100.0,DEPLOY,400.0
41,1.3665,116.322,309.934,100.0,0.0,0,0,100.0,DEPLOY,400.0
42,1.3998,119.192,310.092,100.0,0.0,0,0,100.0,DEPLOY,400.0
43,1.4331,122.063,310.249,100.0,0.0,0,0,100.0,DEPLOY,400.0
44,1.4664,124.936,310.406,100.0,0.0,0,0,100.0,DEPLOY,400.0
45,1.4998,127.811,310.561,100.0,0.0,0,0,100.0,DEPLOY,400.0
46,1.5331,130.686,310.715,100.0,0.0,0,0,100.0,DEPLOY,400.0
47,1.5664,133.564,310.869,100.0,0.0,0,0,100.0,DEPLOY,400.0
48,1.5997,136.442,311.021,100.0,0.0,0,0,100.0,DEPLOY,400.0
49,1.6331,139.322,311.173,100.0,0.0,0,0,100.0,DEPLOY,400.0
50,1.6664,142.204,311.323,100.0,0.0,0,0,100.0,DEPLOY,400.0
51,1.6997,145.087,311.473,100.0,0.0,0,0,100.0,DEPLOY,400.0
52,1.7331,147.971,311.622,100.0,0.0,0,0,100.0,DEPLOY,400.0
53,1.7664,150.857,311.77,100.0,0.0,0,0,100.0,DEPLOY,400.0
54,1.7997,153.744,311.916,100.0,0.0,0,0,100.0,DEPLOY,400.0
55,1.833,156.632,312.062,100.0,0.0,0,0,100.0,DEPLOY,400.0
56,1.8664,159.522,312.207,100.0,0.0,0,0,100.0,DEPLOY,400.0
57,1.8997,162.413,312.35,100.0,0.0,0,0,100.0,DEPLOY,400.0
58,1.933,165.305,312.493,100.0,0.0,0,0,100.0,DEPLOY,400.0
59,1.9664,168.199,312.634,100.0,0.0,0,0,100.0,DEPLOY,400.0
60,1.9997,171.094,312.775,100.0,0.0,0,0,100.0,DEPLOY,400.0
61,2.033,173.99,312.914,100.0,0.0,0,0,100.0,DEPLOY,400.0
62,2.0663,176.887,313.051,100.0,0.0,0,0,100.0,DEPLOY,400.0
63,2.0997,179.786,313.188,100.0,0.0,0,0,100.0,DEPLOY,400.0
64,2.133,182.686,313.323,100.0,0.0,0,0,100.0,DEPLOY,400.0
65,2.1663,185.587,313.457,100.0,0.0,0,0,100.0,DEPLOY,400.0
66,2.1997,188.49,313.589,100.0,0.0,0,0,100.0,DEPLOY,400.0
67,2.233,191.394,313.719,100.0,0.0,0,0,100.0,DEPLOY,400.0
68,2.2663,194.299,313.848,100.0,0.0,0,0,100.0,DEPLOY,400.0
69,2.2996,197.205,313.975,100.0,0.0,0,0,100.0,DEPLOY,400.0
70,2.333,200.112,314.1,100.0,0.0,0,0,100.0,DEPLOY,400.0
71,2.3663,203.021,314.222,100.0,0.0,0,0,100.0,DEPLOY,400.0
72,2.3996,205.93,314.343,100.0,0.0,0,0,100.0,DEPLOY,400.0
73,2.4329,208.841,314.461,100.0,0.0,0,0,100.0,DEPLOY,400.0
74,2.4663,211.753,314.577,100.0,0.0,0,0,100.0,DEPLOY,400.0
75,2.4996,214.665,314.69,100.0,0.0,0,0,100.0,DEPLOY,400.0
76,2.5329,217.579,314.8,100.0,0.0,0,0,100.0,DEPLOY,400.0
77,2.5663,220.494,314.908,100.0,0.0,0,0,100.0,DEPLOY,400.0
78,2.5996,223.41,315.012,100.0,0.0,0,0,100.0,DEPLOY,400.0
79,2.6329,226.327,315.113,100.0,0.0,0,0,100.0,DEPLOY,400.0
80,2.6662,229.244,315.211,100.0,0.0,0,0,100.0,DEPLOY,400.0
81,2.6996,232.163,315.306,100.0,0.0,0,0,100.0,DEPLOY,400.0
82,2.7329,235.082,315.397,100.0,0.0,0,0,100.0,DEPLOY,400.0
83,2.7662,238.003,315.485,100.0,0.0,0,0,100.0,DEPLOY,400.0
84,2.7996,240.924,315.569,100.0,0.0,0,0,100.0,DEPLOY,400.0
85,2.8329,243.846,315.649,100.0,0.0,0,0,100.0,DEPLOY,400.0
86,2.8662,246.768,315.725,100.0,0.0,0,0,100.0,DEPLOY,400.0
87,2.8995,249.692,315.798,100.0,0.0,0,0,100.0,DEPLOY,400.0
88,2.9329,252.615,315.867,100.0,0.0,0,0,100.0,DEPLOY,382.91
89,2.9662,255.54,315.932,100.0,0.0,0,0,100.0,SUPERCLIP,335.0
90,2.9995,258.465,315.993,100.0,0.0,0,0,100.0,SUPERCLIP,335.0
91,3.0329,261.391,316.051,100.0,0.0,0,0,100.0,SUPERCLIP,335.0
92,3.0662,264.317,316.105,100.0,0.0,0,0,100.0,SUPERCLIP,335.0
93,3.0995,267.244,316.155,100.0,0.0,0,0,100.0,SUPERCLIP,335.0
94,3.1328,270.171,316.202,100.0,0.0,0,0,100.0,SUPERCLIP,335.0
95,3.1662,273.098,316.245,100.0,0.0,0,0,100.0,SUPERCLIP,335.0
96,3.1995,276.026,316.285,100.0,0.0,0,0,100.0,SUPERCLIP,335.0
97,3.2328,278.954,316.322,100.0,0.0,0,0,100.0,SUPERCLIP,335.0
98,3.2662,281.883,316.356,100.0,0.0,0,0,100.0,SUPERCLIP,335.0
99,3.2995,284.812,316.387,100.0,0.0,0,0,100.0,SUPERCLIP,335.0
100,3.3328,287.741,316.415,100.0,0.0,0,0,100.0,SUPERCLIP,335.0
101,3.3661,290.671,316.441,100.0,0.0,0,0,100.0,SUPERCLIP,335.0
102,3.3995,293.6,316.464,100.0,0.0,0,0,100.0,SUPERCLIP,335.0
103,3.4328,296.53,316.485,100.0,0.0,0,0,100.0,SUPERCLIP,335.0
104,3.4661,299.46,316.504,100.0,0.0,0,0,100.0,SUPERCLIP,335.0
105,3.4994,302.39,316.522,100.0,0.0,0,0,100.0,SUPERCLIP,335.0
106,3.5328,305.321,316.537,100.0,0.0,0,0,100.0,SUPERCLIP,335.0
107,3.5661,308.251,316.551,100.0,0.0,0,0,100.0,SUPERCLIP,335.0
108,3.5994,311.182,316.564,100.0,0.0,0,0,100.0,SUPERCLIP,335.0
109,3.6328,314.113,316.575,100.0,0.0,0,0,100.0,SUPERCLIP,335.0
110,3.6661,317.043,316.585,100.0,0.0,0,0,100.0,SUPERCLIP,335.0
111,3.6994,319.974,316.594,100.0,0.0,0,0,100.0,SUPERCLIP,335.0
112,3.7327,322.905,316.603,100.0,0.0,0,0,100.0,SUPERCLIP,335.0
113,3.7661,325.836,316.61,100.0,0.0,0,0,100.0,SUPERCLIP,335.0
114,3.7994,328.768,316.617,100.0,0.0,0,0,100.0,SUPERCLIP,335.0
115,3.8327,331.699,316.623,100.0,0.0,0,0,100.0,SUPERCLIP,335.0
116,3.8661,334.63,316.628,100.0,0.0,0,0,100.0,SUPERCLIP,335.0
117,3.8994,337.561,316.634,100.0,0.0,0,0,100.0,SUPERCLIP,335.0
118,3.9327,340.493,316.638,100.0,0.0,0,0,100.0,SUPERCLIP,335.0
119,3.966,343.424,316.643,100.0,0.0,0,0,100.0,SUPERCLIP,335.0
120,3.9994,346.355,316.647,100.0,0.0,0,0,100.0,SUPERCLIP,335.0
121,4.0327,349.287,316.651,100.0,0.0,0,0,100.0,SUPERCLIP,335.0
122,4.066,352.218,316.654,100.0,0.0,0,0,100.0,SUPERCLIP,335.0
123,4.0994,355.15,316.658,100.0,0.0,0,0,100.0,SUPERCLIP,335.0
124,4.1327,358.082,316.661,100.0,0.0,0,0,100.0,SUPERCLIP,335.0
125,4.166,361.013,316.664,100.0,0.0,0,0,100.0,SUPERCLIP,335.0
126,4.1993,363.945,316.667,100.0,0.0,0,0,100.0,SUPERCLIP,335.0
127,4.2327,366.876,316.67,100.0,0.0,0,0,100.0,SUPERCLIP,335.0
128,4.266,369.808,316.673,100.0,0.0,0,0,100.0,SUPERCLIP,335.0
129,4.2993,372.74,316.676,100.0,0.0,0,0,100.0,SUPERCLIP,335.0
130,4.3326,375.672,316.678,100.0,0.0,0,0,100.0,SUPERCLIP,335.0
131,4.366,378.603,316.681,100.0,0.0,0,0,100.0,SUPERCLIP,335.0
132,4.3993,381.535,316.684,100.0,0.0,0,0,100.0,SUPERCLIP,335.0
133,4.4326,384.467,316.687,100.0,0.0,0,0,100.0,SUPERCLIP,335.0
134,4.466,387.399,316.689,100.0,0.0,0,0,100.0,SUPERCLIP,335.0
135,4.4993,390.331,316.692,100.0,0.0,0,0,100.0,SUPERCLIP,335.0
136,4.5326,393.262,316.694,100.0,0.0,0,0,100.0,SUPERCLIP,335.0
137,4.5659,396.194,316.697,100.0,0.0,0,0,100.0,SUPERCLIP,335.0
138,4.5993,399.126,316.699,100.0,0.0,0,0,100.0,SUPERCLIP,335.0
139,4.6326,402.058,316.701,100.0,0.0,0,0,100.0,SUPERCLIP,335.0
140,4.6659,404.99,316.702,100.0,0.0,0,0,100.0,SUPERCLIP,335.0
141,4.6993,407.922,316.704,100.0,0.0,0,0,100.0,SUPERCLIP,335.0
142,4.7326,410.854,316.705,100.0,0.0,0,0,100.0,SUPERCLIP,335.0
143,4.7659,413.786,316.705,100.0,0.0,0,0,100.0,SUPERCLIP,335.0
144,4.7992,416.718,316.705,100.0,0.0,0,0,100.0,SUPERCLIP,335.0
145,4.8326,419.65,316.704,100.0,0.0,0,0,100.0,SUPERCLIP,335.0
146,4.8659,422.582,316.702,100.0,0.0,0,0,100.0,SUPERCLIP,335.0
147,4.8992,425.514,316.699,100.0,0.0,0,0,100.0,SUPERCLIP,335.0
148,4.9326,428.446,316.694,100.0,0.0,0,0,100.0,SUPERCLIP,335.0
149,4.9659,431.378,316.686,100.0,0.0,0,0,100.0,SUPERCLIP,335.0
150,4.9992,434.31,316.677,100.0,0.0,0,0,100.0,SUPERCLIP,335.0
151,5.0325,437.241,316.664,100.0,0.0,0,0,100.0,SUPERCLIP,335.0
152,5.0659,440.173,316.647,100.0,0.0,0,0,100.0,SUPERCLIP,335.0
153,5.0992,443.104,316.625,100.0,0.0,0,0,100.0,SUPERCLIP,335.0
154,5.1325,446.035,316.598,100.0,0.0,0,0,100.0,SUPERCLIP,335.0
155,5.1659,448.966,316.563,100.0,0.0,0,0,100.0,SUPERCLIP,335.0
156,5.1992,451.897,316.521,100.0,0.0,0,0,100.0,SUPERCLIP,335.0
157,5.2325,454.827,316.467,100.0,0.0,0,0,100.0,SUPERCLIP,335.0
158,5.2658,457.756,316.403,100.0,0.0,0,0,100.0,SUPERCLIP,335.0
159,5.2992,460.685,316.324,100.0,0.0,0,0,100.0,SUPERCLIP,335.0
160,5.3325,463.613,316.228,100.0,0.0,0,0,100.0,SUPERCLIP,335.0
161,5.3658,466.54,316.114,100.0,0.0,0,0,100.0,SUPERCLIP,335.0
162,5.3991,469.466,315.977,100.0,0.0,0,0,100.0,SUPERCLIP,335.0
163,5.4325,472.39,315.815,100.0,0.0,0,0,100.0,SUPERCLIP,335.0
164,5.4658,475.313,315.622,100.0,0.0,0,0,100.0,SUPERCLIP,335.0
165,5.4991,478.234,315.398,100.0,0.0,0,0,100.0,SUPERCLIP,335.0
166,5.5325,481.153,315.133,100.0,0.0,0,0,100.0,SUPERCLIP,335.0
167,5.5658,484.069,314.828,100.0,0.0,0,0,100.0,SUPERCLIP,335.0
168,5.5991,486.982,314.472,100.0,0.0,0,0,100.0,SUPERCLIP,335.0
169,5.6324,489.891,314.067,100.0,0.0,0,0,100.0,SUPERCLIP,335.0
170,5.6658,492.797,313.6,100.0,0.0,0,0,100.0,SUPERCLIP,335.0
171,5.6991,495.698,313.072,100.0,0.0,0,0,100.0,SUPERCLIP,335.0
172,5.7324,498.593,312.472,100.0,0.0,0,0,100.0,SUPERCLIP,335.0
173,5.7658,501.483,311.796,100.0,0.0,0,0,100.0,SUPERCLIP,335.0
174,5.7991,504.366,311.043,100.0,0.0,0,0,100.0,SUPERCLIP,335.0
175,5.8324,507.242,310.197,100.0,0.0,0,0,100.0,SUPERCLIP,335.0
176,5.8657,510.11,309.267,100.0,0.0,0,0,100.0,SUPERCLIP,335.0
177,5.8991,512.967,308.232,100.0,0.0,0,0,100.0,SUPERCLIP,335.0
178,5.9324,515.816,307.102,100.0,0.0,0,0,100.0,SUPERCLIP,335.0
179,5.9657,518.653,305.866,100.0,0.0,0,0,100.0,SUPERCLIP,335.0
180,5.9991,521.479,304.521,0.0,0.0,0,0,100.0,SUPERCLIP,-108.1
181,6.0324,524.292,303.074,0.0,100.0,0,0,100.0,REGEN,-350.0
182,6.0657,527.09,301.505,0.0,100.0,0,0,100.0,REGEN,-350.0
183,6.099,529.874,299.834,0.0,100.0,0,0,100.0,REGEN,-350.0
184,6.1324,532.641,298.048,0.0,100.0,0,0,100.0,REGEN,-350.0
185,6.1657,535.391,296.152,0.0,100.0,0,0,100.0,REGEN,-350.0
186,6.199,538.125,294.157,0.0,100.0,0,0,100.0,REGEN,-350.0
187,6.2323,540.837,292.048,0.0,100.0,0,0,100.0,REGEN,-350.0
188,6.2657,543.531,289.845,0.0,100.0,0,0,100.0,REGEN,-350.0
189,6.299,546.205,287.554,0.0,100.0,0,0,100.0,REGEN,-350.0
190,6.3323,548.855,285.151,0.0,100.0,0,0,100.0,REGEN,-350.0
191,6.3657,551.483,282.63,0.0,100.0,0,0,100.0,REGEN,-350.0
192,6.399,554.088,279.983,0.0,100.0,0,0,100.0,REGEN,-350.0
193,6.4323,556.666,277.194,0.0,100.0,0,0,100.0,REGEN,-350.0
194,6.4656,559.219,274.28,0.0,100.0,0,0,100.0,REGEN,-350.0
195,6.499,561.744,271.249,0.0,100.0,0,0,100.0,REGEN,-350.0
196,6.5323,564.243,268.104,0.0,100.0,0,0,100.0,REGEN,-350.0
197,6.5656,566.708,264.84,0.0,100.0,0,0,100.0,REGEN,-350.0
198,6.599,569.143,261.478,0.0,100.0,0,0,100.0,REGEN,-350.0
199,6.6323,571.548,258.029,0.0,100.0,0,0,100.0,REGEN,-350.0
200,6.6656,573.922,254.429,0.0,100.0,0,0,100.0,REGEN,-350.0
201,6.6989,576.256,249.516,0.0,100.0,0,0,100.0,REGEN,-350.0
202,6.7323,578.541,244.476,0.0,100.0,0,0,100.0,REGEN,-350.0
203,6.7656,580.78,239.57,0.0,100.0,0,0,100.0,REGEN,-350.0
204,6.7989,582.975,234.811,0.0,100.0,0,0,100.0,REGEN,-350.0
205,6.8323,585.127,230.233,0.0,100.0,0,0,100.0,REGEN,-350.0
206,6.8656,587.238,225.838,0.0,100.0,0,0,100.0,REGEN,-350.0
207,6.8989,589.309,221.614,0.0,100.0,0,0,100.0,REGEN,-350.0
208,6.9322,591.342,217.55,0.0,100.0,0,0,100.0,REGEN,-350.0
209,6.9656,593.338,213.634,0.0,100.0,0,0,100.0,REGEN,-350.0
210,6.9989,595.298,209.857,0.0,100.0,0,0,100.0,REGEN,-350.0
211,7.0322,597.223,206.21,0.0,100.0,0,0,100.0,REGEN,-350.0
212,7.0656,599.116,202.685,0.0,100.0,0,0,100.0,REGEN,-350.0
213,7.0989,600.977,199.275,0.0,100.0,0,0,100.0,REGEN,-350.0
214,7.1322,602.807,195.971,0.0,100.0,0,0,100.0,REGEN,-350.0
215,7.1655,604.607,192.769,0.0,100.0,0,0,100.0,REGEN,-350.0
216,7.1989,606.379,189.66,0.0,100.0,0,0,100.0,REGEN,-350.0
217,7.2322,608.121,186.646,0.0,100.0,0,0,100.0,REGEN,-350.0
218,7.2655,609.834,183.726,0.0,100.0,0,0,100.0,REGEN,-350.0
219,7.2988,611.52,180.885,0.0,100.0,0,0,100.0,REGEN,-350.0
220,7.3322,613.181,178.119,0.0,100.0,0,0,100.0,REGEN,-350.0
221,7.3655,614.818,175.423,0.0,100.0,0,0,100.0,REGEN,-350.0
222,7.3988,616.432,172.793,0.0,100.0,0,0,100.0,REGEN,-350.0
223,7.4322,618.02,170.235,0.0,100.0,0,0,100.0,REGEN,-350.0
224,7.4655,619.582,167.748,0.0,100.0,0,0,100.0,REGEN,-350.0
225,7.4988,621.123,165.317,0.0,100.0,0,0,100.0,REGEN,-350.0
226,7.5321,622.644,162.938,0.0,100.0,0,0,100.0,REGEN,-350.0
227,7.5655,624.144,160.612,0.0,100.0,0,0,100.0,REGEN,-350.0
228,7.5988,625.617,158.353,0.0,100.0,0,0,100.0,REGEN,-350.0
229,7.6321,627.072,156.138,0.0,100.0,0,0,100.0,REGEN,-350.0
230,7.6655,628.51,153.965,0.0,100.0,0,0,100.0,REGEN,-350.0
231,7.6988,629.926,151.843,0.0,100.0,0,0,100.0,REGEN,-350.0
232,7.7321,631.319,149.772,0.0,100.0,0,0,100.0,REGEN,-350.0
233,7.7654,632.698,147.735,0.0,100.0,0,0,100.0,REGEN,-350.0
234,7.7988,634.058,145.738,0.0,100.0,0,0,100.0,REGEN,-350.0
235,7.8321,635.395,143.792,0.0,100.0,0,0,100.0,REGEN,-350.0
236,7.8654,636.718,141.875,0.0,100.0,0,0,100.0,REGEN,-350.0
237,7.8988,638.025,139.993,0.0,100.0,0,0,100.0,REGEN,-350.0
238,7.9321,639.309,138.158,0.0,100.0,0,0,100.0,REGEN,-350.0
239,7.9654,640.582,136.347,0.0,100.0,0,0,100.0,REGEN,-350.0
240,7.9987,641.836,134.575,0.0,100.0,0,0,100.0,REGEN,-350.0
241,8.0321,643.072,132.84,0.0,100.0,0,0,100.0,REGEN,-350.0
242,8.0654,644.298,131.124,0.0,100.0,0,0,100.0,REGEN,-350.0
243,8.0987,645.5,129.457,0.0,100.0,0,0,100.0,REGEN,-350.0
244,8.132,646.692,127.81,0.0,100.0,0,0,100.0,REGEN,-350.0
245,8.1654,647.868,126.192,0.0,100.0,0,0,100.0,REGEN,-350.0
246,8.1987,649.027,124.604,0.0,100.0,0,0,100.0,REGEN,-350.0
247,8.232,650.178,123.03,0.0,100.0,0,0,100.0,REGEN,-350.0
248,8.2654,651.305,121.497,0.0,100.0,0,0,100.0,REGEN,-350.0
249,8.2987,652.426,119.974,0.0,100.0,0,0,100.0,REGEN,-350.0
250,8.332,653.527,118.486,0.0,100.0,0,0,100.0,REGEN,-350.0
251,8.3653,654.618,117.013,0.0,100.0,0,0,100.0,REGEN,-350.0
252,8.3987,655.694,115.567,0.0,100.0,0,0,100.0,REGEN,-350.0
253,8.432,656.757,114.142,0.0,100.0,0,0,100.0,REGEN,-350.0
254,8.4653,657.808,112.739,0.0,100.0,0,0,100.0,REGEN,-350.0
255,8.4987,658.844,111.365,0.0,100.0,0,0,100.0,REGEN,-350.0
256,8.532,659.871,110.01,0.0,100.0,0,0,100.0,REGEN,-350.0
257,8.5653,660.881,108.69,0.0,100.0,0,0,100.0,REGEN,-350.0
258,8.5986,661.883,107.388,0.0,100.0,0,0,100.0,REGEN,-350.0
259,8.632,662.87,106.168,0.0,100.0,0,0,100.0,REGEN,-350.0
260,8.6653,663.849,104.992,0.0,100.0,0,0,100.0,REGEN,-350.0
261,8.6986,664.814,103.857,0.0,100.0,0,0,100.0,REGEN,-350.0
262,8.732,665.771,102.748,0.0,100.0,0,0,100.0,REGEN,-350.0
263,8.7653,666.717,101.625,0.0,100.0,0,0,100.0,REGEN,-350.0
264,8.7986,667.652,100.488,0.0,100.0,0,0,100.0,REGEN,-350.0
265,8.8319,668.579,99.364,0.0,100.0,0,0,100.0,REGEN,-350.0
266,8.8653,669.491,98.263,0.0,100.0,0,0,100.0,REGEN,-350.0
267,8.8986,670.4,97.17,0.0,100.0,0,0,100.0,REGEN,-350.0
268,8.9319,671.29,96.118,0.0,100.0,0,0,100.0,REGEN,-350.0
269,8.9653,672.18,95.066,0.0,100.0,0,0,100.0,REGEN,-350.0
270,8.9986,673.051,94.075,0.0,100.0,0,0,100.0,REGEN,-350.0
271,9.0319,673.92,93.087,0.0,100.0,0,0,100.0,REGEN,-350.0
272,9.0652,674.776,92.148,0.0,100.0,0,0,100.0,REGEN,-350.0
273,9.0986,675.624,91.235,0.0,100.0,0,0,100.0,REGEN,-350.0
274,9.1319,676.467,90.346,0.0,100.0,0,0,100.0,REGEN,-350.0
275,9.1652,677.297,89.517,0.0,100.0,0,0,100.0,REGEN,-350.0
276,9.1985,678.126,88.688,0.0,100.0,0,0,100.0,REGEN,-350.0
277,9.2319,678.94,87.937,0.0,100.0,0,0,100.0,REGEN,-350.0
278,9.2652,679.751,87.198,0.0,100.0,0,0,100.0,REGEN,-350.0
279,9.2985,680.557,86.498,0.0,100.0,0,0,100.0,REGEN,-350.0
280,9.3319,681.352,85.858,0.0,100.0,0,0,100.0,REGEN,-350.0
281,9.3652,682.148,85.218,0.0,100.0,0,0,100.0,REGEN,-350.0
282,9.3985,682.932,84.687,0.0,100.0,0,0,100.0,REGEN,-350.0
283,9.4318,683.714,84.171,0.0,100.0,0,0,100.0,REGEN,-350.0
284,9.4652,684.493,83.723,0.0,100.0,0,0,100.0,REGEN,-350.0
285,9.4985,685.265,83.421,0.0,100.0,0,0,100.0,REGEN,-350.0
286,9.5318,686.038,83.118,0.0,100.0,0,0,100.0,REGEN,-350.0
287,9.5652,686.806,82.964,0.0,100.0,0,0,100.0,REGEN,-350.0
288,9.5985,687.574,82.867,0.0,100.0,0,0,100.0,REGEN,-350.0
289,9.6318,688.341,82.736,0.0,100.0,0,0,100.0,REGEN,-300.37
290,9.6651,689.103,82.35,100.0,100.0,0,0,100.0,REGEN,119.12
291,9.6985,689.864,81.964,100.0,100.0,0,0,100.0,REGEN,538.62
292,9.7318,690.62,81.489,100.0,0.0,0,0,99.86,DEPLOY,750.0
293,9.7651,691.37,80.923,100.0,0.0,0,0,99.56,DEPLOY,750.0
294,9.7985,692.12,80.357,100.0,0.0,0,0,99.27,DEPLOY,750.0
295,9.8318,692.858,79.772,100.0,0.0,0,0,98.98,DEPLOY,750.0
296,9.8651,693.594,79.182,100.0,0.0,0,0,98.69,DEPLOY,750.0
297,9.8984,694.328,78.594,100.0,0.0,0,0,98.4,DEPLOY,750.0
298,9.9318,695.049,78.013,100.0,0.0,0,0,98.11,DEPLOY,750.0
299,9.9651,695.769,77.433,100.0,0.0,0,0,97.81,DEPLOY,750.0
300,9.9984,696.485,76.861,100.0,0.0,0,0,97.52,DEPLOY,750.0
301,10.0318,697.191,76.306,100.0,0.0,0,0,97.23,DEPLOY,750.0
302,10.0651,697.897,75.751,100.0,0.0,0,0,96.94,DEPLOY,750.0
303,10.0984,698.597,75.28,100.0,0.0,0,0,96.65,DEPLOY,750.0
304,10.1317,699.29,74.888,100.0,0.0,0,0,96.36,DEPLOY,750.0
305,10.1651,699.984,74.497,100.0,0.0,0,0,96.06,DEPLOY,750.0
306,10.1984,700.674,74.307,100.0,0.0,0,0,95.77,DEPLOY,750.0
307,10.2317,701.361,74.234,100.0,0.0,0,0,95.48,DEPLOY,750.0
308,10.265,702.048,74.161,100.0,0.0,0,0,95.19,DEPLOY,750.0
309,10.2984,702.734,74.089,100.0,0.0,0,0,94.9,DEPLOY,750.0
310,10.3317,703.42,74.016,100.0,0.0,0,0,94.61,DEPLOY,750.0
311,10.365,704.105,73.944,100.0,0.0,0,0,94.31,DEPLOY,750.0
312,10.3984,704.789,73.871,100.0,0.0,0,0,94.02,DEPLOY,750.0
313,10.4317,705.472,73.799,100.0,0.0,0,0,93.73,DEPLOY,750.0
314,10.465,706.156,73.727,100.0,0.0,0,0,93.44,DEPLOY,750.0
315,10.4983,706.838,73.655,100.0,0.0,0,0,93.15,DEPLOY,750.0
316,10.5317,707.519,73.583,100.0,0.0,0,0,92.86,DEPLOY,750.0
317,10.565,708.201,73.511,100.0,0.0,0,0,92.56,DEPLOY,750.0
318,10.5983,708.885,73.825,100.0,0.0,0,0,92.27,DEPLOY,750.0
319,10.6317,709.57,74.153,100.0,0.0,0,0,91.98,DEPLOY,750.0
320,10.665,710.256,74.485,100.0,0.0,0,0,91.69,DEPLOY,750.0
321,10.6983,710.951,74.91,100.0,0.0,0,0,91.4,DEPLOY,750.0
322,10.7316,711.646,75.336,100.0,0.0,0,0,91.11,DEPLOY,750.0
323,10.765,712.343,75.778,100.0,0.0,0,0,90.82,DEPLOY,750.0
324,10.7983,713.051,76.302,100.0,0.0,0,0,90.52,DEPLOY,750.0
325,10.8316,713.758,76.827,100.0,0.0,0,0,90.23,DEPLOY,750.0
326,10.865,714.471,77.416,100.0,0.0,0,0,89.94,DEPLOY,750.0
327,10.8983,715.195,78.131,100.0,0.0,0,0,89.65,DEPLOY,750.0
328,10.9316,715.919,78.846,100.0,0.0,0,0,89.36,DEPLOY,750.0
329,10.9649,716.654,79.659,100.0,0.0,0,0,89.07,DEPLOY,750.0
330,10.9983,717.397,80.545,100.0,0.0,0,0,88.77,DEPLOY,750.0
331,11.0316,718.141,81.431,100.0,0.0,0,0,88.48,DEPLOY,750.0
332,11.0649,718.905,82.397,100.0,0.0,0,0,88.19,DEPLOY,750.0
333,11.0982,719.672,83.373,100.0,0.0,0,0,87.9,DEPLOY,750.0
334,11.1316,720.445,84.363,100.0,0.0,0,0,87.61,DEPLOY,750.0
335,11.1649,721.235,85.388,100.0,0.0,0,0,87.32,DEPLOY,750.0
336,11.1982,722.026,86.414,100.0,0.0,0,0,87.02,DEPLOY,750.0
337,11.2316,722.834,87.47,100.0,0.0,0,0,86.73,DEPLOY,750.0
338,11.2649,723.649,88.538,100.0,0.0,0,0,86.44,DEPLOY,750.0
339,11.2982,724.47,89.618,100.0,0.0,0,0,86.15,DEPLOY,750.0
340,11.3315,725.309,90.732,100.0,0.0,0,0,85.86,DEPLOY,750.0
341,11.3649,726.148,91.846,100.0,0.0,0,0,85.57,DEPLOY,750.0
342,11.3982,727.01,93.007,100.0,0.0,0,0,85.27,DEPLOY,750.0
343,11.4315,727.874,94.174,100.0,0.0,0,0,84.98,DEPLOY,750.0
344,11.4649,728.752,95.371,100.0,0.0,0,0,84.69,DEPLOY,750.0
345,11.4982,729.641,96.59,100.0,0.0,0,0,84.4,DEPLOY,750.0
346,11.5315,730.539,97.811,100.0,0.0,0,0,84.11,DEPLOY,750.0
347,11.5648,731.453,99.036,100.0,0.0,0,0,83.82,DEPLOY,750.0
348,11.5982,732.37,100.262,100.0,0.0,0,0,83.52,DEPLOY,750.0
349,11.6315,733.309,101.494,100.0,0.0,0,0,83.23,DEPLOY,750.0
350,11.6648,734.248,102.727,100.0,0.0,0,0,82.94,DEPLOY,750.0
351,11.6982,735.212,104.073,100.0,0.0,0,0,82.65,DEPLOY,750.0
352,11.7315,736.176,105.419,100.0,0.0,0,0,82.36,DEPLOY,750.0
353,11.7648,737.164,106.781,100.0,0.0,0,0,82.07,DEPLOY,750.0
354,11.7981,738.153,108.144,100.0,0.0,0,0,81.77,DEPLOY,750.0
355,11.8315,739.164,109.368,100.0,0.0,0,0,81.48,DEPLOY,750.0
356,11.8648,740.178,110.579,100.0,0.0,0,0,81.19,DEPLOY,750.0
357,11.8981,741.211,111.742,100.0,0.0,0,0,80.9,DEPLOY,750.0
358,11.9315,742.246,112.902,100.0,0.0,0,0,80.61,DEPLOY,750.0
359,11.9648,743.301,114.049,100.0,0.0,0,0,80.32,DEPLOY,750.0
360,11.9981,744.359,115.194,100.0,0.0,0,0,80.03,DEPLOY,750.0
361,12.0314,745.434,116.322,100.0,0.0,0,0,79.74,DEPLOY,750.0
362,12.0648,746.514,117.444,100.0,0.0,0,0,79.45,DEPLOY,750.0
363,12.0981,747.608,118.545,100.0,0.0,0,0,79.16,DEPLOY,750.0
364,12.1314,748.709,119.633,100.0,0.0,0,0,78.87,DEPLOY,750.0
365,12.1647,749.822,120.703,100.0,0.0,0,0,78.58,DEPLOY,750.0
366,12.1981,750.945,121.748,100.0,0.0,0,0,78.29,DEPLOY,750.0
367,12.2314,752.074,122.779,100.0,0.0,0,0,78.01,DEPLOY,750.0
368,12.2647,753.218,123.774,100.0,0.0,0,0,77.72,DEPLOY,750.0
369,12.2981,754.366,124.756,100.0,0.0,0,0,77.43,DEPLOY,750.0
370,12.3314,755.527,125.696,100.0,0.0,0,0,77.14,DEPLOY,750.0
371,12.3647,756.694,126.615,100.0,0.0,0,0,76.86,DEPLOY,750.0
372,12.398,757.87,127.503,100.0,0.0,0,0,76.57,DEPLOY,750.0
373,12.4314,759.055,128.352,100.0,0.0,0,0,76.29,DEPLOY,750.0
374,12.4647,760.245,129.183,100.0,0.0,0,0,76.0,DEPLOY,750.0
375,12.498,761.447,129.956,100.0,0.0,0,0,75.72,DEPLOY,750.0
376,12.5314,762.653,130.708,100.0,0.0,0,0,75.44,DEPLOY,750.0
377,12.5647,763.866,131.421,100.0,0.0,0,0,75.16,DEPLOY,750.0
378,12.598,765.086,132.094,100.0,0.0,0,0,74.88,DEPLOY,286.68
379,12.6313,766.311,132.745,0.0,100.0,0,0,74.64,REGEN,-350.0
380,12.6647,767.544,133.346,0.0,100.0,0,0,74.91,REGEN,-350.0
381,12.698,768.781,133.926,0.0,100.0,0,0,75.19,REGEN,-350.0
382,12.7313,770.022,134.479,0.0,100.0,0,0,75.47,REGEN,-350.0
383,12.7647,771.271,134.993,0.0,100.0,0,0,75.75,REGEN,-350.0
384,12.798,772.522,135.488,0.0,100.0,0,0,76.04,REGEN,-350.0
385,12.8313,773.779,135.947,0.0,100.0,0,0,76.32,REGEN,-350.0
386,12.8646,775.039,136.379,0.0,100.0,0,0,76.6,REGEN,-350.0
387,12.898,776.303,136.793,0.0,100.0,0,0,76.89,REGEN,-350.0
388,12.9313,777.572,137.169,0.0,100.0,0,0,77.17,REGEN,-350.0
389,12.9646,778.843,137.529,0.0,100.0,0,0,77.46,REGEN,-350.0
390,12.9979,780.117,137.871,0.0,100.0,0,0,77.75,REGEN,-350.0
391,13.0313,781.396,138.187,0.0,100.0,0,0,78.03,REGEN,-350.0
392,13.0646,782.676,138.492,0.0,100.0,0,0,78.32,REGEN,-115.45
393,13.0979,783.96,138.782,100.0,100.0,0,0,78.61,REGEN,590.16
394,13.1313,785.246,139.059,100.0,0.0,0,0,78.45,DEPLOY,750.0
395,13.1646,786.534,139.331,100.0,0.0,0,0,78.16,DEPLOY,750.0
396,13.1979,787.826,139.596,100.0,0.0,0,0,77.87,DEPLOY,750.0
397,13.2312,789.118,139.633,100.0,0.0,0,0,77.58,DEPLOY,750.0
398,13.2646,790.41,139.55,100.0,0.0,0,0,77.29,DEPLOY,750.0
399,13.2979,791.701,139.418,100.0,0.0,0,0,77.0,DEPLOY,750.0
400,13.3312,792.992,139.338,100.0,0.0,0,0,76.71,DEPLOY,750.0
401,13.3646,794.282,139.295,100.0,0.0,0,0,76.42,DEPLOY,750.0
402,13.3979,795.571,139.252,100.0,0.0,0,0,76.13,DEPLOY,750.0
403,13.4312,796.86,139.209,100.0,0.0,0,0,75.84,DEPLOY,750.0
404,13.4645,798.149,139.166,100.0,0.0,0,0,75.55,DEPLOY,750.0
405,13.4979,799.437,139.123,100.0,0.0,0,0,75.26,DEPLOY,750.0
406,13.5312,800.724,139.08,100.0,0.0,0,0,74.97,DEPLOY,750.0
407,13.5645,802.012,139.038,100.0,0.0,0,0,74.68,DEPLOY,750.0
408,13.5979,803.299,138.995,100.0,0.0,0,0,74.39,DEPLOY,750.0
409,13.6312,804.585,138.952,100.0,0.0,0,0,74.1,DEPLOY,750.0
410,13.6645,805.872,138.909,100.0,0.0,0,0,73.81,DEPLOY,750.0
411,13.6978,807.159,139.109,100.0,0.0,0,0,73.51,DEPLOY,750.0
412,13.7312,808.448,139.463,100.0,0.0,0,0,73.22,DEPLOY,750.0
413,13.7645,809.743,140.107,100.0,0.0,0,0,72.93,DEPLOY,750.0
414,13.7978,811.044,140.88,100.0,0.0,0,0,72.64,DEPLOY,750.0
415,13.8312,812.351,141.75,100.0,0.0,0,0,72.35,DEPLOY,750.0
416,13.8645,813.669,142.759,100.0,0.0,0,0,72.06,DEPLOY,750.0
417,13.8978,814.996,143.71,100.0,0.0,0,0,71.76,DEPLOY,750.0
418,13.9311,816.328,144.621,100.0,0.0,0,0,71.47,DEPLOY,750.0
419,13.9645,817.675,145.797,100.0,0.0,0,0,71.18,DEPLOY,750.0
420,13.9978,819.031,147.081,100.0,0.0,0,0,70.89,DEPLOY,750.0
421,14.0311,820.397,148.455,100.0,0.0,0,0,70.6,DEPLOY,750.0
422,14.0644,821.779,149.872,100.0,0.0,0,0,70.31,DEPLOY,750.0
423,14.0978,823.174,151.309,100.0,0.0,0,0,70.01,DEPLOY,750.0
424,14.1311,824.58,152.763,100.0,0.0,0,0,69.72,DEPLOY,750.0
425,14.1644,826.001,154.231,100.0,0.0,0,0,69.43,DEPLOY,750.0
426,14.1978,827.437,155.7,100.0,0.0,0,0,69.14,DEPLOY,750.0
427,14.2311,828.885,157.166,100.0,0.0,0,0,68.85,DEPLOY,750.0
428,14.2644,830.344,158.625,100.0,0.0,0,0,68.56,DEPLOY,750.0
429,14.2977,831.821,160.076,100.0,0.0,0,0,68.26,DEPLOY,750.0
430,14.3311,833.311,161.524,100.0,0.0,0,0,67.97,DEPLOY,750.0
431,14.3644,834.812,162.971,100.0,0.0,0,0,67.68,DEPLOY,750.0
432,14.3977,836.326,164.422,100.0,0.0,0,0,67.39,DEPLOY,750.0
433,14.4311,837.856,165.891,100.0,0.0,0,0,67.1,DEPLOY,750.0
434,14.4644,839.4,167.364,100.0,0.0,0,0,66.81,DEPLOY,750.0
435,14.4977,840.955,168.752,100.0,0.0,0,0,66.51,DEPLOY,750.0
436,14.531,842.522,170.027,100.0,0.0,0,0,66.22,DEPLOY,750.0
437,14.5644,844.102,171.307,100.0,0.0,0,0,65.93,DEPLOY,750.0
438,14.5977,845.695,172.595,100.0,0.0,0,0,65.64,DEPLOY,750.0
439,14.631,847.299,173.887,100.0,0.0,0,0,65.35,DEPLOY,750.0
440,14.6644,848.915,175.183,100.0,0.0,0,0,65.06,DEPLOY,750.0
441,14.6977,850.542,176.483,100.0,0.0,0,0,64.77,DEPLOY,750.0
442,14.731,852.181,177.785,100.0,0.0,0,0,64.48,DEPLOY,750.0
443,14.7643,853.834,179.088,100.0,0.0,0,0,64.19,DEPLOY,750.0
444,14.7977,855.498,180.392,100.0,0.0,0,0,63.9,DEPLOY,750.0
445,14.831,857.175,181.694,100.0,0.0,0,0,63.61,DEPLOY,750.0
446,14.8643,858.862,182.995,100.0,0.0,0,0,63.31,DEPLOY,750.0
447,14.8976,860.562,184.295,100.0,0.0,0,0,63.02,DEPLOY,750.0
448,14.931,862.273,185.592,100.0,0.0,0,0,62.73,DEPLOY,750.0
449,14.9643,863.998,186.885,100.0,0.0,0,0,62.44,DEPLOY,750.0
450,14.9976,865.735,188.175,100.0,0.0,0,0,62.15,DEPLOY,750.0
451,15.031,867.483,189.461,100.0,0.0,0,0,61.86,DEPLOY,750.0
452,15.0643,869.243,190.743,100.0,0.0,0,0,61.57,DEPLOY,750.0
453,15.0976,871.015,192.021,100.0,0.0,0,0,61.28,DEPLOY,750.0
454,15.1309,872.798,193.295,100.0,0.0,0,0,60.99,DEPLOY,750.0
455,15.1643,874.593,194.564,100.0,0.0,0,0,60.69,DEPLOY,750.0
456,15.1976,876.399,195.828,100.0,0.0,0,0,60.4,DEPLOY,750.0
457,15.2309,878.218,197.088,100.0,0.0,0,0,60.11,DEPLOY,750.0
458,15.2643,880.049,198.342,100.0,0.0,0,0,59.82,DEPLOY,750.0
459,15.2976,881.891,199.592,100.0,0.0,0,0,59.53,DEPLOY,749.6
460,15.3309,883.745,200.836,100.0,0.0,0,0,59.24,DEPLOY,746.38
461,15.3642,885.61,202.048,100.0,0.0,0,0,58.95,DEPLOY,742.52
462,15.3976,887.486,203.293,100.0,0.0,0,0,58.67,DEPLOY,737.95
463,15.4309,889.374,204.538,100.0,0.0,0,0,58.38,DEPLOY,732.97
464,15.4642,891.273,205.758,100.0,0.0,0,0,58.11,DEPLOY,728.02
465,15.4976,893.184,206.97,100.0,0.0,0,0,57.83,DEPLOY,723.1
466,15.5309,895.106,208.176,100.0,0.0,0,0,57.57,DEPLOY,718.21
467,15.5642,897.038,209.373,100.0,0.0,0,0,57.3,DEPLOY,713.38
468,15.5975,898.982,210.563,100.0,0.0,0,0,57.04,DEPLOY,708.67
469,15.6309,900.937,211.745,100.0,0.0,0,0,56.79,DEPLOY,704.07
470,15.6642,902.902,212.92,100.0,0.0,0,0,56.53,DEPLOY,699.75
471,15.6975,904.879,214.087,100.0,0.0,0,0,56.28,DEPLOY,695.79
472,15.7309,906.866,215.247,100.0,0.0,0,0,56.04,DEPLOY,691.59
473,15.7642,908.864,216.401,100.0,0.0,0,0,55.8,DEPLOY,687.34
474,15.7975,910.873,217.546,100.0,0.0,0,0,55.56,DEPLOY,683.14
475,15.8308,912.892,218.684,100.0,0.0,0,0,55.33,DEPLOY,679.1
476,15.8642,914.922,219.816,100.0,0.0,0,0,55.09,DEPLOY,675.36
477,15.8975,916.962,220.94,100.0,0.0,0,0,54.87,DEPLOY,671.8
478,15.9308,919.013,222.058,100.0,0.0,0,0,54.64,DEPLOY,668.06
479,15.9641,921.074,223.17,100.0,0.0,0,0,54.42,DEPLOY,664.4
480,15.9975,923.145,224.274,100.0,0.0,0,0,54.2,DEPLOY,660.82
481,16.0308,925.226,225.373,100.0,0.0,0,0,53.98,DEPLOY,657.32
482,16.0641,927.318,226.465,100.0,0.0,0,0,53.77,DEPLOY,653.9
483,16.0975,929.42,227.551,100.0,0.0,0,0,53.56,DEPLOY,650.54
484,16.1308,931.531,228.631,100.0,0.0,0,0,53.35,DEPLOY,647.26
485,16.1641,933.652,229.638,100.0,0.0,0,0,53.14,DEPLOY,644.06
486,16.1974,935.783,230.632,100.0,0.0,0,0,52.94,DEPLOY,640.6
487,16.2308,937.923,231.713,100.0,0.0,0,0,52.74,DEPLOY,636.74
488,16.2641,940.073,232.873,100.0,0.0,0,0,52.54,DEPLOY,632.55
489,16.2974,942.234,233.935,100.0,0.0,0,0,52.35,DEPLOY,628.33
490,16.3308,944.404,234.974,100.0,0.0,0,0,52.16,DEPLOY,624.11
491,16.3641,946.585,236.005,100.0,0.0,0,0,51.97,DEPLOY,619.96
492,16.3974,948.774,237.029,100.0,0.0,0,0,51.79,DEPLOY,615.88
493,16.4307,950.974,238.045,100.0,0.0,0,0,51.61,DEPLOY,611.88
494,16.4641,953.182,239.053,100.0,0.0,0,0,51.43,DEPLOY,607.95
495,16.4974,955.4,240.053,100.0,0.0,0,0,51.26,DEPLOY,604.08
496,16.5307,957.627,241.044,100.0,0.0,0,0,51.09,DEPLOY,600.28
497,16.5641,959.863,242.027,100.0,0.0,0,0,50.93,DEPLOY,596.55
498,16.5974,962.107,243.002,100.0,0.0,0,0,50.76,DEPLOY,592.88
499,16.6307,964.361,243.967,100.0,0.0,0,0,50.6,DEPLOY,589.27
500,16.664,966.625,244.922,100.0,0.0,0,0,50.45,DEPLOY,585.73
501,16.6974,968.897,245.869,100.0,0.0,0,0,50.29,DEPLOY,582.24
502,16.7307,971.177,246.805,100.0,0.0,0,0,50.14,DEPLOY,578.81
503,16.764,973.467,247.732,100.0,0.0,0,0,49.99,DEPLOY,575.44
504,16.7973,975.764,248.649,100.0,0.0,0,0,49.85,DEPLOY,572.12
505,16.8307,978.07,249.555,100.0,0.0,0,0,49.7,DEPLOY,568.85
506,16.864,980.384,250.451,100.0,0.0,0,0,49.56,DEPLOY,565.64
507,16.8973,982.707,251.335,100.0,0.0,0,0,49.43,DEPLOY,562.48
508,16.9307,985.038,252.209,100.0,0.0,0,0,49.29,DEPLOY,559.37
509,16.964,987.377,253.072,100.0,0.0,0,0,49.16,DEPLOY,556.31
510,16.9973,989.724,253.924,100.0,0.0,0,0,49.03,DEPLOY,553.29
511,17.0306,992.078,254.766,100.0,0.0,0,0,48.9,DEPLOY,550.32
512,17.064,994.441,255.596,100.0,0.0,0,0,48.78,DEPLOY,547.4
513,17.0973,996.811,256.414,100.0,0.0,0,0,48.66,DEPLOY,544.53
514,17.1306,999.189,257.221,100.0,0.0,0,0,48.54,DEPLOY,541.69
515,17.164,1001.574,258.017,100.0,0.0,0,0,48.42,DEPLOY,538.91
516,17.1973,1003.966,258.802,100.0,0.0,0,0,48.31,DEPLOY,536.16
517,17.2306,1006.365,259.576,100.0,0.0,0,0,48.19,DEPLOY,533.45
518,17.2639,1008.772,260.339,100.0,0.0,0,0,48.08,DEPLOY,530.79
519,17.2973,1011.186,261.09,100.0,0.0,0,0,47.97,DEPLOY,528.17
520,17.3306,1013.606,261.832,100.0,0.0,0,0,47.87,DEPLOY,525.58
521,17.3639,1016.034,262.562,100.0,0.0,0,0,47.76,DEPLOY,523.03
522,17.3973,1018.468,263.282,100.0,0.0,0,0,47.66,DEPLOY,520.52
523,17.4306,1020.909,263.991,100.0,0.0,0,0,47.56,DEPLOY,518.06
524,17.4639,1023.356,264.69,100.0,0.0,0,0,47.46,DEPLOY,515.62
525,17.4972,1025.809,265.379,100.0,0.0,0,0,47.37,DEPLOY,513.22
526,17.5306,1028.269,266.059,100.0,0.0,0,0,47.27,DEPLOY,510.86
527,17.5639,1030.735,266.727,100.0,0.0,0,0,47.18,DEPLOY,508.53
528,17.5972,1033.208,267.386,100.0,0.0,0,0,47.09,DEPLOY,506.23
529,17.6306,1035.686,268.036,100.0,0.0,0,0,47.01,DEPLOY,503.97
530,17.6639,1038.17,268.677,100.0,0.0,0,0,46.92,DEPLOY,501.74
531,17.6972,1040.661,269.308,100.0,0.0,0,0,46.83,DEPLOY,499.57
532,17.7305,1043.157,269.93,100.0,0.0,0,0,46.75,DEPLOY,497.55
533,17.7639,1045.659,270.544,100.0,0.0,0,0,46.67,DEPLOY,495.56
534,17.7972,1048.166,271.149,100.0,0.0,0,0,46.59,DEPLOY,493.59
535,17.8305,1050.679,271.745,100.0,0.0,0,0,46.51,DEPLOY,491.65
536,17.8638,1053.198,272.332,100.0,0.0,0,0,46.44,DEPLOY,489.74
537,17.8972,1055.722,272.912,100.0,0.0,0,0,46.36,DEPLOY,487.86
538,17.9305,1058.251,273.483,100.0,0.0,0,0,46.29,DEPLOY,485.99
539,17.9638,1060.785,274.046,100.0,0.0,0,0,46.22,DEPLOY,484.16
540,17.9972,1063.325,274.601,100.0,0.0,0,0,46.15,DEPLOY,482.35
541,18.0305,1065.87,275.149,100.0,0.0,0,0,46.08,DEPLOY,480.56
542,18.0638,1068.419,275.69,100.0,0.0,0,0,46.01,DEPLOY,478.8
543,18.0971,1070.974,276.222,100.0,0.0,0,0,45.95,DEPLOY,477.07
544,18.1305,1073.534,276.747,100.0,0.0,0,0,45.89,DEPLOY,475.35
545,18.1638,1076.098,277.265,100.0,0.0,0,0,45.82,DEPLOY,473.66
546,18.1971,1078.667,277.776,100.0,0.0,0,0,45.76,DEPLOY,471.99
547,18.2305,1081.242,278.28,100.0,0.0,0,0,45.7,DEPLOY,470.35
548,18.2638,1083.82,278.778,100.0,0.0,0,0,45.64,DEPLOY,468.72
549,18.2971,1086.403,279.268,100.0,0.0,0,0,45.59,DEPLOY,467.12
550,18.3304,1088.991,279.752,100.0,0.0,0,0,45.53,DEPLOY,465.54
551,18.3638,1091.583,280.229,100.0,0.0,0,0,45.48,DEPLOY,463.98
552,18.3971,1094.179,280.7,100.0,0.0,0,0,45.42,DEPLOY,462.44
553,18.4304,1096.78,281.165,100.0,0.0,0,0,45.37,DEPLOY,460.92
554,18.4638,1099.385,281.623,100.0,0.0,0,0,45.32,DEPLOY,459.42
555,18.4971,1101.995,282.076,100.0,0.0,0,0,45.27,DEPLOY,457.94
556,18.5304,1104.608,282.522,100.0,0.0,0,0,45.22,DEPLOY,456.48
557,18.5637,1107.226,282.962,100.0,0.0,0,0,45.18,DEPLOY,455.04
558,18.5971,1109.847,283.397,100.0,0.0,0,0,45.13,DEPLOY,453.62
559,18.6304,1112.473,283.826,100.0,0.0,0,0,45.09,DEPLOY,452.21
560,18.6637,1115.103,284.249,100.0,0.0,0,0,45.04,DEPLOY,450.83
561,18.697,1117.736,284.667,100.0,0.0,0,0,45.0,DEPLOY,449.46
562,18.7304,1120.373,285.079,100.0,0.0,0,0,44.96,DEPLOY,448.11
563,18.7637,1123.014,285.486,100.0,0.0,0,0,44.92,DEPLOY,446.78
564,18.797,1125.659,285.887,100.0,0.0,0,0,44.88,DEPLOY,445.47
565,18.8304,1128.308,286.284,100.0,0.0,0,0,44.84,DEPLOY,444.17
566,18.8637,1130.96,286.675,100.0,0.0,0,0,44.81,DEPLOY,442.89
567,18.897,1133.616,287.061,100.0,0.0,0,0,44.77,DEPLOY,441.62
568,18.9303,1136.275,287.442,100.0,0.0,0,0,44.74,DEPLOY,440.37
569,18.9637,1138.938,287.818,100.0,0.0,0,0,44.7,DEPLOY,439.14
570,18.997,1141.604,288.189,100.0,0.0,0,0,44.67,DEPLOY,437.93
571,19.0303,1144.274,288.556,100.0,0.0,0,0,44.64,DEPLOY,436.72
572,19.0637,1146.947,288.917,100.0,0.0,0,0,44.61,DEPLOY,435.54
573,19.097,1149.623,289.274,100.0,0.0,0,0,44.58,DEPLOY,434.37
574,19.1303,1152.303,289.627,100.0,0.0,0,0,44.55,DEPLOY,433.21
575,19.1636,1154.986,289.975,100.0,0.0,0,0,44.52,DEPLOY,432.07
576,19.197,1157.672,290.319,100.0,0.0,0,0,44.5,DEPLOY,430.95
577,19.2303,1160.361,290.658,100.0,0.0,0,0,44.47,DEPLOY,429.84
578,19.2636,1163.054,290.993,100.0,0.0,0,0,44.45,DEPLOY,428.74
579,19.297,1165.749,291.323,100.0,0.0,0,0,44.42,DEPLOY,427.66
580,19.3303,1168.447,291.65,100.0,0.0,0,0,44.4,DEPLOY,426.58
581,19.3636,1171.149,291.972,100.0,0.0,0,0,44.38,DEPLOY,425.53
582,19.3969,1173.854,292.29,100.0,0.0,0,0,44.36,DEPLOY,424.49
583,19.4303,1176.561,292.604,100.0,0.0,0,0,44.34,DEPLOY,423.46
584,19.4636,1179.271,292.914,100.0,0.0,0,0,44.32,DEPLOY,422.44
585,19.4969,1181.984,293.221,100.0,0.0,0,0,44.3,DEPLOY,421.43
586,19.5303,1184.7,293.523,100.0,0.0,0,0,44.28,DEPLOY,420.44
587,19.5636,1187.419,293.822,100.0,0.0,0,0,44.27,DEPLOY,419.46
588,19.5969,1190.141,294.117,100.0,0.0,0,0,44.25,DEPLOY,418.5
589,19.6302,1192.865,294.409,100.0,0.0,0,0,44.23,DEPLOY,417.54
590,19.6636,1195.592,294.696,100.0,0.0,0,0,44.22,DEPLOY,416.6
591,19.6969,1198.321,294.981,100.0,0.0,0,0,44.21,DEPLOY,415.67
592,19.7302,1201.054,295.262,100.0,0.0,0,0,44.19,DEPLOY,414.75
593,19.7635,1203.788,295.539,100.0,0.0,0,0,44.18,DEPLOY,413.84
594,19.7969,1206.526,295.813,100.0,0.0,0,0,44.17,DEPLOY,412.94
595,19.8302,1209.266,296.084,100.0,0.0,0,0,44.16,DEPLOY,412.06
596,19.8635,1212.008,296.351,100.0,0.0,0,0,44.15,DEPLOY,411.18
597,19.8969,1214.753,296.615,100.0,0.0,0,0,44.14,DEPLOY,410.32
598,19.9302,1217.5,296.876,100.0,0.0,0,0,44.13,DEPLOY,409.47
599,19.9635,1220.249,297.134,100.0,0.0,0,0,44.12,DEPLOY,408.62
600,19.9968,1223.001,297.388,100.0,0.0,0,0,44.12,DEPLOY,407.79
601,20.0302,1225.756,297.639,100.0,0.0,0,0,44.11,DEPLOY,406.97
602,20.0635,1228.512,297.887,100.0,0.0,0,0,44.1,DEPLOY,406.16
603,20.0968,1231.271,298.131,100.0,0.0,0,0,44.1,DEPLOY,405.36
604,20.1302,1234.032,298.372,100.0,0.0,0,0,44.09,DEPLOY,404.57
605,20.1635,1236.796,298.61,100.0,0.0,0,0,44.09,DEPLOY,403.78
606,20.1968,1239.561,298.843,100.0,0.0,0,0,44.09,DEPLOY,403.01
607,20.2301,1242.329,299.073,100.0,0.0,0,0,44.09,DEPLOY,402.25
608,20.2635,1245.099,299.297,100.0,0.0,0,0,44.08,DEPLOY,401.5
609,20.2968,1247.871,299.517,100.0,0.0,0,0,44.08,DEPLOY,400.75
610,20.3301,1250.645,299.732,100.0,0.0,0,0,44.08,DEPLOY,400.07
611,20.3635,1253.42,299.94,100.0,0.0,0,0,44.08,DEPLOY,400.0
612,20.3968,1256.198,300.143,100.0,0.0,0,0,44.08,DEPLOY,400.0
613,20.4301,1258.978,300.337,100.0,0.0,0,0,44.08,DEPLOY,400.0
614,20.4634,1261.759,300.522,100.0,0.0,0,0,44.08,DEPLOY,400.0
615,20.4968,1264.542,300.698,100.0,0.0,0,0,44.08,DEPLOY,400.0
616,20.5301,1267.327,300.861,100.0,0.0,0,0,44.08,DEPLOY,400.0
617,20.5634,1270.113,301.012,100.0,0.0,0,0,44.08,DEPLOY,400.0
618,20.5967,1272.9,301.147,100.0,0.0,0,0,44.08,DEPLOY,400.0
619,20.6301,1275.688,301.264,100.0,0.0,0,0,44.08,DEPLOY,400.0
620,20.6634,1278.478,301.363,100.0,0.0,0,0,44.08,DEPLOY,400.0
621,20.6967,1281.268,301.436,100.0,0.0,0,0,44.08,DEPLOY,400.0
622,20.7301,1284.059,301.485,100.0,0.0,0,0,44.08,DEPLOY,400.0
623,20.7634,1286.85,301.503,100.0,0.0,0,0,44.08,DEPLOY,400.0
624,20.7967,1289.641,301.486,100.0,0.0,0,0,44.08,DEPLOY,400.0
625,20.83,1292.432,301.435,100.0,0.0,0,0,44.08,DEPLOY,400.0
626,20.8634,1295.223,301.336,100.0,0.0,0,0,44.08,DEPLOY,400.0
627,20.8967,1298.012,301.194,100.0,0.0,0,0,44.08,DEPLOY,400.0
628,20.93,1300.799,300.998,100.0,0.0,0,0,44.08,DEPLOY,400.0
629,20.9634,1303.584,300.742,100.0,0.0,0,0,44.08,DEPLOY,400.0
630,20.9967,1306.367,300.429,100.0,0.0,0,0,44.08,DEPLOY,400.0
631,21.03,1309.147,300.039,100.0,0.0,0,0,44.08,DEPLOY,400.0
632,21.0633,1311.922,299.58,100.0,0.0,0,0,44.08,DEPLOY,400.0
633,21.0967,1314.693,299.041,100.0,0.0,0,0,44.08,DEPLOY,400.0
634,21.13,1317.459,298.413,100.0,0.0,0,0,44.08,DEPLOY,400.0
635,21.1633,1320.219,297.7,100.0,0.0,0,0,44.08,DEPLOY,400.0
636,21.1967,1322.971,296.887,100.0,0.0,0,0,44.08,DEPLOY,400.0
637,21.23,1325.715,295.976,100.0,0.0,0,0,44.08,DEPLOY,400.0
638,21.2633,1328.451,294.969,100.0,0.0,0,0,44.08,DEPLOY,400.0
639,21.2966,1331.176,293.843,100.0,0.0,0,0,44.08,DEPLOY,400.0
640,21.33,1333.891,292.616,100.0,0.0,0,0,44.08,DEPLOY,400.0
641,21.3633,1336.594,291.283,0.0,100.0,0,0,44.1,REGEN,-350.0
642,21.3966,1339.283,289.828,0.0,100.0,0,0,44.38,REGEN,-350.0
643,21.43,1341.96,288.27,0.0,100.0,0,0,44.65,REGEN,-350.0
644,21.4633,1344.621,286.602,0.0,100.0,0,0,44.92,REGEN,-350.0
645,21.4966,1347.265,284.819,0.0,100.0,0,0,45.2,REGEN,-350.0
646,21.5299,1349.894,282.936,0.0,100.0,0,0,45.47,REGEN,-350.0
647,21.5633,1352.505,280.954,0.0,100.0,0,0,45.74,REGEN,-350.0
648,21.5966,1355.095,278.866,0.0,100.0,0,0,46.0,REGEN,-350.0
649,21.6299,1357.667,276.687,0.0,100.0,0,0,46.27,REGEN,-350.0
650,21.6632,1360.218,274.405,0.0,100.0,0,0,46.53,REGEN,-350.0
651,21.6966,1362.747,271.988,0.0,100.0,0,0,46.8,REGEN,-350.0
652,21.7299,1365.253,269.439,0.0,100.0,0,0,47.07,REGEN,-350.0
653,21.7632,1367.735,266.77,0.0,100.0,0,0,47.35,REGEN,-350.0
654,21.7966,1370.193,263.984,0.0,100.0,0,0,47.62,REGEN,-350.0
655,21.8299,1372.623,261.077,0.0,100.0,0,0,47.9,REGEN,-350.0
656,21.8632,1375.025,258.055,0.0,100.0,0,0,48.19,REGEN,-350.0
657,21.8965,1377.399,254.934,0.0,100.0,0,0,48.47,REGEN,-350.0
658,21.9299,1379.745,251.722,0.0,100.0,0,0,48.76,REGEN,-350.0
659,21.9632,1382.061,248.427,0.0,100.0,0,0,49.05,REGEN,-350.0
660,21.9965,1384.344,244.423,0.0,100.0,0,0,49.34,REGEN,-350.0
661,22.0299,1386.584,239.556,0.0,100.0,0,0,49.63,REGEN,-350.0
662,22.0632,1388.778,234.792,0.0,100.0,0,0,49.92,REGEN,-350.0
663,22.0965,1390.929,230.218,0.0,100.0,0,0,50.21,REGEN,-350.0
664,22.1298,1393.04,225.825,0.0,100.0,0,0,50.51,REGEN,-350.0
665,22.1632,1395.111,221.603,0.0,100.0,0,0,50.8,REGEN,-350.0
666,22.1965,1397.143,217.539,0.0,100.0,0,0,51.09,REGEN,-350.0
667,22.2298,1399.139,213.624,0.0,100.0,0,0,51.38,REGEN,-350.0
668,22.2632,1401.099,209.848,0.0,100.0,0,0,51.67,REGEN,-350.0
669,22.2965,1403.025,206.203,0.0,100.0,0,0,51.96,REGEN,-350.0
670,22.3298,1404.918,202.681,0.0,100.0,0,0,52.25,REGEN,-350.0
671,22.3631,1406.779,199.276,0.0,100.0,0,0,52.55,REGEN,-350.0
672,22.3965,1408.61,195.981,0.0,100.0,0,0,52.84,REGEN,-350.0
673,22.4298,1410.41,192.792,0.0,100.0,0,0,53.13,REGEN,-350.0
674,22.4631,1412.179,189.711,0.0,100.0,0,0,53.42,REGEN,-350.0
675,22.4964,1413.92,186.72,0.0,100.0,0,0,53.71,REGEN,-350.0
676,22.5298,1415.634,183.813,0.0,100.0,0,0,54.0,REGEN,-350.0
677,22.5631,1417.323,180.986,0.0,100.0,0,0,54.3,REGEN,-350.0
678,22.5964,1418.987,178.234,0.0,100.0,0,0,54.59,REGEN,-350.0
679,22.6298,1420.626,175.554,0.0,100.0,0,0,54.88,REGEN,-350.0
680,22.6631,1422.239,172.954,0.0,100.0,0,0,55.17,REGEN,-350.0
681,22.6964,1423.826,170.432,0.0,100.0,0,0,55.46,REGEN,-350.0
682,22.7297,1425.392,167.972,0.0,100.0,0,0,55.75,REGEN,-350.0
683,22.7631,1426.937,165.568,0.0,100.0,0,0,56.05,REGEN,-350.0
684,22.7964,1428.462,163.215,0.0,100.0,0,0,56.34,REGEN,-350.0
685,22.8297,1429.96,160.958,0.0,100.0,0,0,56.63,REGEN,-350.0
686,22.8631,1431.438,158.756,0.0,100.0,0,0,56.92,REGEN,-350.0
687,22.8964,1432.899,156.607,0.0,100.0,0,0,57.21,REGEN,-350.0
688,22.9297,1434.342,154.513,0.0,100.0,0,0,57.5,REGEN,-350.0
689,22.963,1435.76,152.49,0.0,100.0,0,0,57.8,REGEN,-350.0
690,22.9964,1437.162,150.514,0.0,100.0,0,0,58.09,REGEN,-350.0
691,23.0297,1438.55,148.58,0.0,100.0,0,0,58.38,REGEN,-350.0
692,23.063,1439.914,146.72,0.0,100.0,0,0,58.67,REGEN,-350.0
693,23.0964,1441.263,144.913,0.0,100.0,0,0,58.96,REGEN,-350.0
694,23.1297,1442.6,143.176,0.0,100.0,0,0,59.25,REGEN,-350.0
695,23.163,1443.917,141.738,0.0,100.0,0,0,59.55,REGEN,-350.0
696,23.1963,1445.222,140.407,0.0,100.0,0,0,59.84,REGEN,-350.0
697,23.2297,1446.519,139.15,0.0,100.0,0,0,60.13,REGEN,-350.0
698,23.263,1447.799,137.878,0.0,100.0,0,0,60.42,REGEN,-350.0
699,23.2963,1449.07,136.679,0.0,100.0,0,0,60.71,REGEN,-350.0
700,23.3297,1450.332,135.56,0.0,100.0,0,0,61.0,REGEN,-350.0
701,23.363,1451.58,134.582,0.0,100.0,0,0,61.3,REGEN,-350.0
702,23.3963,1452.823,133.661,0.0,100.0,0,0,61.59,REGEN,-350.0
703,23.4296,1454.057,132.839,0.0,100.0,0,0,61.88,REGEN,-350.0
704,23.463,1455.282,132.001,0.0,100.0,0,0,62.17,REGEN,-350.0
705,23.4963,1456.502,131.15,0.0,100.0,0,0,62.46,REGEN,-350.0
706,23.5296,1457.709,130.121,0.0,100.0,0,0,62.75,REGEN,-350.0
707,23.5629,1458.909,129.042,0.0,100.0,0,0,63.04,REGEN,-350.0
708,23.5963,1460.099,127.881,0.0,100.0,0,0,63.34,REGEN,-350.0
709,23.6296,1461.276,126.756,0.0,100.0,0,0,63.63,REGEN,-350.0
710,23.6629,1462.448,125.648,0.0,100.0,0,0,63.92,REGEN,-350.0
711,23.6963,1463.609,125.421,0.0,100.0,0,0,64.21,REGEN,-350.0
712,23.7296,1464.77,125.213,0.0,100.0,0,0,64.5,REGEN,-187.65
713,23.7629,1465.928,125.003,100.0,100.0,0,0,64.79,REGEN,449.7
714,23.7962,1467.081,124.454,100.0,0.0,0,0,64.78,DEPLOY,750.0
715,23.8296,1468.231,123.602,100.0,0.0,0,0,64.49,DEPLOY,750.0
716,23.8629,1469.366,122.32,100.0,0.0,0,0,64.19,DEPLOY,750.0
717,23.8962,1470.496,120.926,100.0,0.0,0,0,63.9,DEPLOY,736.51
718,23.9296,1471.606,119.678,100.0,0.0,0,0,63.61,DEPLOY,127.05
719,23.9629,1472.713,118.661,0.0,100.0,0,0,63.45,REGEN,-350.0
720,23.9962,1473.81,118.476,0.0,100.0,0,0,63.74,REGEN,-350.0
721,24.0295,1474.907,118.365,0.0,100.0,0,0,64.03,REGEN,-350.0
722,24.0629,1476.002,118.365,0.0,100.0,0,0,64.32,REGEN,-350.0
723,24.0962,1477.098,118.361,0.0,100.0,0,0,64.61,REGEN,-350.0
724,24.1295,1478.194,118.356,0.0,100.0,0,0,64.9,REGEN,-350.0
725,24.1629,1479.288,118.104,100.0,100.0,0,0,65.2,REGEN,98.74
726,24.1962,1480.38,117.768,100.0,100.0,0,0,65.49,REGEN,698.37
727,24.2295,1481.462,116.774,100.0,0.0,0,0,65.25,DEPLOY,750.0
728,24.2628,1482.542,115.732,100.0,0.0,0,0,64.95,DEPLOY,750.0
729,24.2962,1483.607,114.918,100.0,0.0,0,0,64.66,DEPLOY,750.0
730,24.3295,1484.67,114.138,100.0,0.0,0,0,64.37,DEPLOY,750.0
731,24.3628,1485.722,113.512,100.0,0.0,0,0,64.08,DEPLOY,750.0
732,24.3961,1486.771,112.866,100.0,0.0,0,0,63.79,DEPLOY,750.0
733,24.4295,1487.811,112.168,100.0,0.0,0,0,63.5,DEPLOY,750.0
734,24.4628,1488.847,111.487,100.0,0.0,0,0,63.2,DEPLOY,750.0
735,24.4961,1489.876,110.833,100.0,0.0,0,0,62.91,DEPLOY,750.0
736,24.5295,1490.901,110.306,100.0,0.0,0,0,62.62,DEPLOY,750.0
737,24.5628,1491.92,109.957,100.0,0.0,0,0,62.33,DEPLOY,750.0
738,24.5961,1492.937,109.694,100.0,0.0,0,0,62.04,DEPLOY,750.0
739,24.6294,1493.952,109.536,100.0,0.0,0,0,61.75,DEPLOY,750.0
740,24.6628,1494.965,109.378,100.0,0.0,0,0,61.46,DEPLOY,750.0
741,24.6961,1495.977,109.219,100.0,0.0,0,0,61.16,DEPLOY,750.0
742,24.7294,1496.988,109.062,100.0,0.0,0,0,60.87,DEPLOY,750.0
743,24.7628,1497.996,108.904,100.0,0.0,0,0,60.58,DEPLOY,750.0
744,24.7961,1499.004,108.748,100.0,0.0,0,0,60.29,DEPLOY,750.0
745,24.8294,1500.01,108.591,100.0,0.0,0,0,60.0,DEPLOY,750.0
746,24.8627,1501.017,108.664,100.0,0.0,0,0,59.71,DEPLOY,750.0
747,24.8961,1502.024,108.938,100.0,0.0,0,0,59.41,DEPLOY,750.0
748,24.9294,1503.035,109.314,100.0,0.0,0,0,59.12,DEPLOY,750.0
749,24.9627,1504.049,109.775,100.0,0.0,0,0,58.83,DEPLOY,750.0
750,24.9961,1505.068,110.307,100.0,0.0,0,0,58.54,DEPLOY,750.0
751,25.0294,1506.091,110.892,100.0,0.0,0,0,58.25,DEPLOY,750.0
752,25.0627,1507.122,111.525,100.0,0.0,0,0,57.96,DEPLOY,750.0
753,25.096,1508.156,112.186,100.0,0.0,0,0,57.66,DEPLOY,750.0
754,25.1294,1509.199,112.879,100.0,0.0,0,0,57.37,DEPLOY,750.0
755,25.1627,1510.246,113.586,100.0,0.0,0,0,57.08,DEPLOY,750.0
756,25.196,1511.303,114.32,100.0,0.0,0,0,56.79,DEPLOY,750.0
757,25.2294,1512.362,115.062,100.0,0.0,0,0,56.5,DEPLOY,750.0
758,25.2627,1513.433,115.834,100.0,0.0,0,0,56.21,DEPLOY,750.0
759,25.296,1514.506,116.609,100.0,0.0,0,0,55.91,DEPLOY,750.0
760,25.3293,1515.593,117.418,100.0,0.0,0,0,55.62,DEPLOY,750.0
761,25.3627,1516.681,118.232,100.0,0.0,0,0,55.33,DEPLOY,750.0
762,25.396,1517.782,119.074,100.0,0.0,0,0,55.04,DEPLOY,750.0
763,25.4293,1518.887,119.926,100.0,0.0,0,0,54.75,DEPLOY,750.0
764,25.4626,1520.002,120.799,100.0,0.0,0,0,54.46,DEPLOY,750.0
765,25.496,1521.124,121.69,100.0,0.0,0,0,54.16,DEPLOY,750.0
766,25.5293,1522.254,122.594,100.0,0.0,0,0,53.87,DEPLOY,750.0
767,25.5626,1523.395,123.523,100.0,0.0,0,0,53.58,DEPLOY,750.0
768,25.596,1524.54,124.459,100.0,0.0,0,0,53.29,DEPLOY,750.0
769,25.6293,1525.699,125.427,100.0,0.0,0,0,53.0,DEPLOY,750.0
770,25.6626,1526.864,126.405,100.0,0.0,0,0,52.71,DEPLOY,750.0
771,25.6959,1528.039,127.407,100.0,0.0,0,0,52.41,DEPLOY,750.0
772,25.7293,1529.224,128.432,100.0,0.0,0,0,52.12,DEPLOY,750.0
773,25.7626,1530.415,129.471,100.0,0.0,0,0,51.83,DEPLOY,750.0
774,25.7959,1531.622,130.543,100.0,0.0,0,0,51.54,DEPLOY,750.0
775,25.8293,1532.834,131.626,100.0,0.0,0,0,51.25,DEPLOY,750.0
776,25.8626,1534.058,132.731,100.0,0.0,0,0,50.96,DEPLOY,750.0
777,25.8959,1535.293,133.852,100.0,0.0,0,0,50.67,DEPLOY,750.0
778,25.9292,1536.534,134.982,100.0,0.0,0,0,50.37,DEPLOY,750.0
779,25.9626,1537.792,136.075,100.0,0.0,0,0,50.08,DEPLOY,750.0
780,25.9959,1539.056,137.164,100.0,0.0,0,0,49.79,DEPLOY,750.0
781,26.0292,1540.329,138.25,100.0,0.0,0,0,49.5,DEPLOY,750.0
782,26.0626,1541.617,139.451,100.0,0.0,0,0,49.21,DEPLOY,750.0
783,26.0959,1542.913,140.68,100.0,0.0,0,0,48.92,DEPLOY,750.0
784,26.1292,1544.22,141.929,100.0,0.0,0,0,48.62,DEPLOY,750.0
785,26.1625,1545.542,143.204,100.0,0.0,0,0,48.33,DEPLOY,750.0
786,26.1959,1546.872,144.497,100.0,0.0,0,0,48.04,DEPLOY,750.0
787,26.2292,1548.215,145.816,100.0,0.0,0,0,47.75,DEPLOY,750.0
788,26.2625,1549.573,147.16,100.0,0.0,0,0,47.46,DEPLOY,750.0
789,26.2959,1550.941,148.521,100.0,0.0,0,0,47.17,DEPLOY,750.0
790,26.3292,1552.321,149.903,100.0,0.0,0,0,46.87,DEPLOY,750.0
791,26.3625,1553.717,151.31,100.0,0.0,0,0,46.58,DEPLOY,750.0
792,26.3958,1555.124,152.734,100.0,0.0,0,0,46.29,DEPLOY,750.0
793,26.4292,1556.543,154.175,100.0,0.0,0,0,46.0,DEPLOY,750.0
794,26.4625,1557.979,155.647,100.0,0.0,0,0,45.71,DEPLOY,750.0
795,26.4958,1559.427,157.139,100.0,0.0,0,0,45.42,DEPLOY,750.0
796,26.5291,1560.888,158.612,100.0,0.0,0,0,45.12,DEPLOY,750.0
797,26.5625,1562.362,160.004,100.0,0.0,0,0,44.83,DEPLOY,750.0
798,26.5958,1563.851,161.324,100.0,0.0,0,0,44.54,DEPLOY,750.0
799,26.6291,1565.35,162.636,100.0,0.0,0,0,44.25,DEPLOY,750.0
800,26.6625,1566.861,163.949,100.0,0.0,0,0,43.96,DEPLOY,750.0
801,26.6958,1568.384,165.264,100.0,0.0,0,0,43.67,DEPLOY,750.0
802,26.7291,1569.922,166.581,100.0,0.0,0,0,43.38,DEPLOY,750.0
803,26.7624,1571.47,167.9,100.0,0.0,0,0,43.09,DEPLOY,750.0
804,26.7958,1573.03,169.22,100.0,0.0,0,0,42.8,DEPLOY,750.0
805,26.8291,1574.601,170.542,100.0,0.0,0,0,42.51,DEPLOY,750.0
806,26.8624,1576.187,171.864,100.0,0.0,0,0,42.22,DEPLOY,750.0
807,26.8958,1577.785,173.186,100.0,0.0,0,0,41.93,DEPLOY,750.0
808,26.9291,1579.395,174.508,100.0,0.0,0,0,41.63,DEPLOY,750.0
809,26.9624,1581.016,175.826,100.0,0.0,0,0,41.34,DEPLOY,750.0
810,26.9957,1582.649,177.133,100.0,0.0,0,0,41.05,DEPLOY,750.0
811,27.0291,1584.295,178.424,100.0,0.0,0,0,40.76,DEPLOY,750.0
812,27.0624,1585.953,179.723,100.0,0.0,0,0,40.47,DEPLOY,750.0
813,27.0957,1587.624,181.029,100.0,0.0,0,0,40.18,DEPLOY,750.0
814,27.1291,1589.306,182.34,100.0,0.0,0,0,39.88,DEPLOY,750.0
815,27.1624,1590.999,183.656,100.0,0.0,0,0,39.59,DEPLOY,750.0
816,27.1957,1592.705,184.978,100.0,0.0,0,0,39.3,DEPLOY,750.0
817,27.229,1594.423,186.304,100.0,0.0,0,0,39.01,DEPLOY,750.0
818,27.2624,1596.155,187.634,100.0,0.0,0,0,38.72,DEPLOY,750.0
819,27.2957,1597.899,188.967,100.0,0.0,0,0,38.43,DEPLOY,750.0
820,27.329,1599.654,190.301,100.0,0.0,0,0,38.13,DEPLOY,750.0
821,27.3623,1601.422,191.622,100.0,0.0,0,0,37.84,DEPLOY,750.0
822,27.3957,1603.202,192.931,100.0,0.0,0,0,37.55,DEPLOY,750.0
823,27.429,1604.994,194.238,100.0,0.0,0,0,37.26,DEPLOY,750.0
824,27.4623,1606.798,195.543,100.0,0.0,0,0,36.97,DEPLOY,750.0
825,27.4957,1608.614,196.846,100.0,0.0,0,0,36.68,DEPLOY,750.0
826,27.529,1610.442,198.147,100.0,0.0,0,0,36.39,DEPLOY,750.0
827,27.5623,1612.283,199.446,100.0,0.0,0,0,36.09,DEPLOY,750.0
828,27.5956,1614.135,200.743,100.0,0.0,0,0,35.8,DEPLOY,746.44
829,27.629,1616.0,202.037,100.0,0.0,0,0,35.51,DEPLOY,741.87
830,27.6623,1617.877,203.328,100.0,0.0,0,0,35.23,DEPLOY,737.19
831,27.6956,1619.765,204.617,100.0,0.0,0,0,34.95,DEPLOY,732.55
832,27.729,1621.665,205.903,100.0,0.0,0,0,34.67,DEPLOY,727.92
833,27.7623,1623.578,207.185,100.0,0.0,0,0,34.4,DEPLOY,723.31
834,27.7956,1625.502,208.464,100.0,0.0,0,0,34.13,DEPLOY,718.69
835,27.8289,1627.437,209.739,100.0,0.0,0,0,33.86,DEPLOY,714.06
836,27.8623,1629.385,211.01,100.0,0.0,0,0,33.6,DEPLOY,709.42
837,27.8956,1631.344,212.276,100.0,0.0,0,0,33.35,DEPLOY,704.77
838,27.9289,1633.315,213.538,100.0,0.0,0,0,33.09,DEPLOY,700.13
839,27.9623,1635.298,214.794,100.0,0.0,0,0,32.84,DEPLOY,695.51
840,27.9956,1637.292,216.045,100.0,0.0,0,0,32.6,DEPLOY,690.92
841,28.0289,1639.298,217.29,100.0,0.0,0,0,32.36,DEPLOY,686.38
842,28.0622,1641.315,218.529,100.0,0.0,0,0,32.12,DEPLOY,681.9
843,28.0956,1643.344,219.761,100.0,0.0,0,0,31.88,DEPLOY,677.48
844,28.1289,1645.384,220.987,100.0,0.0,0,0,31.65,DEPLOY,673.12
845,28.1622,1647.436,222.206,100.0,0.0,0,0,31.43,DEPLOY,668.78
846,28.1956,1649.499,223.417,100.0,0.0,0,0,31.2,DEPLOY,664.44
847,28.2289,1651.573,224.62,100.0,0.0,0,0,30.98,DEPLOY,660.05
848,28.2622,1653.658,225.815,100.0,0.0,0,0,30.77,DEPLOY,655.61
849,28.2955,1655.754,227.0,100.0,0.0,0,0,30.55,DEPLOY,651.09
850,28.3289,1657.86,228.176,100.0,0.0,0,0,30.35,DEPLOY,646.51
851,28.3622,1659.978,229.342,100.0,0.0,0,0,30.14,DEPLOY,641.96
852,28.3955,1662.106,230.498,100.0,0.0,0,0,29.94,DEPLOY,637.5
853,28.4288,1664.245,231.642,100.0,0.0,0,0,29.74,DEPLOY,633.12
854,28.4622,1666.395,232.776,100.0,0.0,0,0,29.55,DEPLOY,628.82
855,28.4955,1668.555,233.898,100.0,0.0,0,0,29.36,DEPLOY,624.59
856,28.5288,1670.726,235.007,100.0,0.0,0,0,29.17,DEPLOY,620.45
857,28.5622,1672.907,236.104,100.0,0.0,0,0,28.99,DEPLOY,616.38
858,28.5955,1675.098,237.188,100.0,0.0,0,0,28.81,DEPLOY,612.38
859,28.6288,1677.299,238.259,100.0,0.0,0,0,28.64,DEPLOY,608.45
860,28.6621,1679.509,239.316,100.0,0.0,0,0,28.46,DEPLOY,604.59
861,28.6955,1681.73,240.359,100.0,0.0,0,0,28.3,DEPLOY,600.79
862,28.7288,1683.96,241.386,100.0,0.0,0,0,28.13,DEPLOY,597.06
863,28.7621,1686.199,242.399,100.0,0.0,0,0,27.97,DEPLOY,593.39
864,28.7955,1688.447,243.395,100.0,0.0,0,0,27.81,DEPLOY,589.78
865,28.8288,1690.705,244.373,100.0,0.0,0,0,27.65,DEPLOY,586.23
866,28.8621,1692.972,245.333,100.0,0.0,0,0,27.5,DEPLOY,582.74
867,28.8954,1695.248,246.273,100.0,0.0,0,0,27.34,DEPLOY,579.31
868,28.9288,1697.532,247.193,100.0,0.0,0,0,27.2,DEPLOY,575.93
869,28.9621,1699.825,248.092,100.0,0.0,0,0,27.05,DEPLOY,572.61
870,28.9954,1702.125,248.967,100.0,0.0,0,0,26.91,DEPLOY,569.34
871,29.0288,1704.434,249.818,100.0,0.0,0,0,26.77,DEPLOY,566.13
872,29.0621,1706.751,250.64,100.0,0.0,0,0,26.63,DEPLOY,562.97
873,29.0954,1709.075,251.433,100.0,0.0,0,0,26.5,DEPLOY,559.86
874,29.1287,1711.406,252.194,100.0,0.0,0,0,26.36,DEPLOY,556.79
875,29.1621,1713.744,252.921,100.0,0.0,0,0,26.23,DEPLOY,553.78
876,29.1954,1716.089,253.611,100.0,0.0,0,0,26.11,DEPLOY,550.82
877,29.2287,1718.44,254.262,100.0,0.0,0,0,25.98,DEPLOY,547.9
878,29.262,1720.796,254.866,100.0,0.0,0,0,25.86,DEPLOY,545.03
879,29.2954,1723.159,255.422,100.0,0.0,0,0,25.74,DEPLOY,542.21
880,29.3287,1725.526,255.926,100.0,0.0,0,0,25.62,DEPLOY,539.43
881,29.362,1727.897,256.376,100.0,0.0,0,0,25.51,DEPLOY,536.7
882,29.3954,1730.272,256.767,100.0,0.0,0,0,25.4,DEPLOY,534.01
883,29.4287,1732.651,257.093,100.0,0.0,0,0,25.29,DEPLOY,531.37
884,29.462,1735.032,257.345,100.0,0.0,0,0,25.18,DEPLOY,528.77
885,29.4953,1737.415,257.524,100.0,0.0,0,0,25.08,DEPLOY,526.21
886,29.5287,1739.8,257.628,100.0,0.0,0,0,24.97,DEPLOY,523.7
887,29.562,1742.185,257.653,100.0,0.0,0,0,24.87,DEPLOY,521.23
888,29.5953,1744.57,257.592,100.0,0.0,0,0,24.77,DEPLOY,518.8
889,29.6287,1746.954,257.433,100.0,0.0,0,0,24.68,DEPLOY,516.42
890,29.662,1749.336,257.184,100.0,0.0,0,0,24.58,DEPLOY,514.07
891,29.6953,1751.716,256.841,100.0,0.0,0,0,24.49,DEPLOY,511.77
892,29.7286,1754.092,256.403,100.0,0.0,0,0,24.4,DEPLOY,509.51
893,29.762,1756.463,255.869,100.0,0.0,0,0,24.32,DEPLOY,507.29
894,29.7953,1758.829,255.228,100.0,0.0,0,0,24.23,DEPLOY,505.12
895,29.8286,1761.188,254.486,100.0,0.0,0,0,24.15,DEPLOY,502.98
896,29.862,1763.54,253.647,100.0,0.0,0,0,24.07,DEPLOY,500.89
897,29.8953,1765.884,252.714,0.0,0.0,0,0,23.99,DEPLOY,-66.46
898,29.9286,1768.219,251.688,0.0,100.0,0,0,24.16,REGEN,-350.0
899,29.9619,1770.545,250.568,0.0,100.0,0,0,24.43,REGEN,-350.0
900,29.9953,1772.858,249.349,0.0,100.0,0,0,24.7,REGEN,-350.0
901,30.0286,1775.16,248.045,0.0,100.0,0,0,24.97,REGEN,-350.0
902,30.0619,1777.45,246.662,0.0,100.0,0,0,25.24,REGEN,-350.0
903,30.0953,1779.727,245.196,0.0,100.0,0,0,25.5,REGEN,-350.0
904,30.1286,1781.99,243.636,0.0,100.0,0,0,25.77,REGEN,-350.0
905,30.1619,1784.238,241.98,0.0,100.0,0,0,26.04,REGEN,-350.0
906,30.1952,1786.471,240.23,0.0,100.0,0,0,26.32,REGEN,-350.0
907,30.2286,1788.686,238.387,0.0,100.0,0,0,26.6,REGEN,-350.0
908,30.2619,1790.883,236.458,0.0,100.0,0,0,26.88,REGEN,-350.0
909,30.2952,1793.063,234.453,0.0,100.0,0,0,27.17,REGEN,-350.0
910,30.3285,1795.223,232.374,0.0,100.0,0,0,27.45,REGEN,-350.0
911,30.3619,1797.362,229.61,0.0,100.0,0,0,27.74,REGEN,-350.0
912,30.3952,1799.47,225.799,0.0,100.0,0,0,28.04,REGEN,-350.0
913,30.4285,1801.543,222.119,0.0,100.0,0,0,28.33,REGEN,-350.0
914,30.4619,1803.583,218.741,0.0,100.0,0,0,28.62,REGEN,-350.0
915,30.4952,1805.594,215.619,0.0,100.0,0,0,28.91,REGEN,-350.0
916,30.5285,1807.576,212.683,0.0,100.0,0,0,29.2,REGEN,-350.0
917,30.5618,1809.532,209.861,0.0,100.0,0,0,29.49,REGEN,-350.0
918,30.5952,1811.462,207.09,0.0,100.0,0,0,29.79,REGEN,-350.0
919,30.6285,1813.367,204.324,0.0,100.0,0,0,30.08,REGEN,-350.0
920,30.6618,1815.246,201.557,0.0,100.0,0,0,30.37,REGEN,-350.0
921,30.6952,1817.099,198.817,0.0,100.0,0,0,30.66,REGEN,-350.0
922,30.7285,1818.928,196.159,0.0,100.0,0,0,30.95,REGEN,-350.0
923,30.7618,1820.733,193.637,0.0,100.0,0,0,31.24,REGEN,-350.0
924,30.7951,1822.516,191.305,0.0,100.0,0,0,31.53,REGEN,-350.0
925,30.8285,1824.276,189.264,0.0,100.0,0,0,31.83,REGEN,-350.0
926,30.8618,1826.02,187.568,0.0,100.0,0,0,32.12,REGEN,-350.0
927,30.8951,1827.753,186.719,100.0,100.0,0,0,32.41,REGEN,304.79
928,30.9285,1829.477,185.907,100.0,0.0,0,0,32.39,DEPLOY,750.0
929,30.9618,1831.194,184.829,100.0,0.0,0,0,32.1,DEPLOY,750.0
930,30.9951,1832.9,183.787,100.0,0.0,0,0,31.81,DEPLOY,750.0
931,31.0284,1834.598,182.818,100.0,0.0,0,0,31.52,DEPLOY,750.0
932,31.0618,1836.286,181.965,100.0,0.0,0,0,31.22,DEPLOY,750.0
933,31.0951,1837.967,181.327,100.0,0.0,0,0,30.93,DEPLOY,750.0
934,31.1284,1839.644,180.93,100.0,0.0,0,0,30.64,DEPLOY,750.0
935,31.1617,1841.318,180.58,100.0,0.0,0,0,30.35,DEPLOY,750.0
936,31.1951,1842.988,180.153,100.0,0.0,0,0,30.06,DEPLOY,750.0
937,31.2284,1844.654,179.724,100.0,0.0,0,0,29.77,DEPLOY,750.0
938,31.2617,1846.315,179.297,100.0,0.0,0,0,29.48,DEPLOY,750.0
939,31.2951,1847.976,179.298,100.0,0.0,0,0,29.18,DEPLOY,750.0
940,31.3284,1849.637,179.674,100.0,0.0,0,0,28.89,DEPLOY,750.0
941,31.3617,1851.303,180.238,100.0,0.0,0,0,28.6,DEPLOY,750.0
942,31.395,1852.974,180.799,100.0,0.0,0,0,28.31,DEPLOY,750.0
943,31.4284,1854.65,181.256,100.0,0.0,0,0,28.02,DEPLOY,750.0
944,31.4617,1856.33,181.602,100.0,0.0,0,0,27.73,DEPLOY,750.0
945,31.495,1858.013,181.991,100.0,0.0,0,0,27.43,DEPLOY,750.0
946,31.5284,1859.7,182.482,100.0,0.0,0,0,27.14,DEPLOY,750.0
947,31.5617,1861.392,183.066,100.0,0.0,0,0,26.85,DEPLOY,750.0
948,31.595,1863.089,183.631,100.0,0.0,0,0,26.56,DEPLOY,750.0
949,31.6283,1864.791,184.073,100.0,0.0,0,0,26.27,DEPLOY,750.0
950,31.6617,1866.498,184.703,100.0,0.0,0,0,25.98,DEPLOY,750.0
951,31.695,1868.212,185.389,100.0,0.0,0,0,25.68,DEPLOY,750.0
952,31.7283,1869.932,186.147,100.0,0.0,0,0,25.39,DEPLOY,750.0
953,31.7617,1871.659,186.997,100.0,0.0,0,0,25.1,DEPLOY,750.0
954,31.795,1873.395,187.928,100.0,0.0,0,0,24.81,DEPLOY,750.0
955,31.8283,1875.139,188.904,100.0,0.0,0,0,24.52,DEPLOY,750.0
956,31.8616,1876.892,189.885,100.0,0.0,0,0,24.23,DEPLOY,750.0
957,31.895,1878.654,190.867,100.0,0.0,0,0,23.93,DEPLOY,750.0
958,31.9283,1880.426,191.914,100.0,0.0,0,0,23.64,DEPLOY,750.0
959,31.9616,1882.208,193.058,100.0,0.0,0,0,23.35,DEPLOY,750.0
960,31.995,1884.002,194.296,100.0,0.0,0,0,23.06,DEPLOY,750.0
961,32.0283,1885.807,195.62,100.0,0.0,0,0,22.77,DEPLOY,750.0
962,32.0616,1887.624,197.02,100.0,0.0,0,0,22.48,DEPLOY,750.0
963,32.0949,1889.455,198.45,100.0,0.0,0,0,22.18,DEPLOY,750.0
964,32.1283,1891.299,199.872,100.0,0.0,0,0,21.89,DEPLOY,748.91
965,32.1616,1893.155,201.287,100.0,0.0,0,0,21.6,DEPLOY,745.4
966,32.1949,1895.025,202.623,100.0,0.0,0,0,21.31,DEPLOY,740.38
967,32.2282,1896.905,203.7,100.0,0.0,0,0,21.03,DEPLOY,735.59
968,32.2616,1898.795,204.65,100.0,0.0,0,0,20.75,DEPLOY,731.77
969,32.2949,1900.694,205.587,100.0,0.0,0,0,20.48,DEPLOY,727.54
970,32.3282,1902.601,206.506,100.0,0.0,0,0,20.2,DEPLOY,723.15
971,32.3616,1904.517,207.401,100.0,0.0,0,0,19.94,DEPLOY,718.73
972,32.3949,1906.442,208.269,100.0,0.0,0,0,19.67,DEPLOY,714.14
973,32.4282,1908.374,209.104,100.0,0.0,0,0,19.41,DEPLOY,709.43
974,32.4615,1910.313,209.903,100.0,0.0,0,0,19.16,DEPLOY,704.64
975,32.4949,1912.26,210.662,100.0,0.0,0,0,18.91,DEPLOY,699.81
976,32.5282,1914.214,211.376,100.0,0.0,0,0,18.66,DEPLOY,694.97
977,32.5615,1916.174,212.043,100.0,0.0,0,0,18.42,DEPLOY,690.16
978,32.5949,1918.14,212.66,100.0,0.0,0,0,18.19,DEPLOY,685.39
979,32.6282,1920.111,213.223,100.0,0.0,0,0,17.95,DEPLOY,680.73
980,32.6615,1922.087,213.731,100.0,0.0,0,0,17.73,DEPLOY,676.2
981,32.6948,1924.068,214.182,100.0,0.0,0,0,17.5,DEPLOY,671.86
982,32.7282,1926.053,214.576,100.0,0.0,0,0,17.29,DEPLOY,667.77
983,32.7615,1928.041,214.912,100.0,0.0,0,0,17.07,DEPLOY,663.74
984,32.7948,1930.032,215.19,100.0,0.0,0,0,16.86,DEPLOY,660.03
985,32.8282,1932.025,215.411,100.0,0.0,0,0,16.66,DEPLOY,656.74
986,32.8615,1934.02,215.575,100.0,0.0,0,0,16.45,DEPLOY,653.52
987,32.8948,1936.016,215.684,0.0,0.0,0,0,16.25,DEPLOY,-63.28
988,32.9281,1938.013,215.741,0.0,100.0,0,0,16.39,REGEN,-350.0
989,32.9615,1940.011,215.748,0.0,100.0,0,0,16.67,REGEN,-350.0
990,32.9948,1942.008,215.708,0.0,100.0,0,0,16.94,REGEN,-350.0
991,33.0281,1944.004,215.624,0.0,100.0,0,0,17.22,REGEN,-350.0
992,33.0614,1946.0,215.498,0.0,100.0,0,0,17.5,REGEN,-350.0
993,33.0948,1947.994,215.335,0.0,100.0,0,0,17.78,REGEN,-350.0
994,33.1281,1949.987,215.139,0.0,100.0,0,0,18.06,REGEN,-350.0
995,33.1614,1951.978,214.916,0.0,100.0,0,0,18.34,REGEN,-350.0
996,33.1948,1953.966,214.67,0.0,100.0,0,0,18.63,REGEN,-350.0
997,33.2281,1955.952,214.406,0.0,100.0,0,0,18.91,REGEN,-350.0
998,33.2614,1957.933,213.626,0.0,100.0,0,0,19.2,REGEN,-350.0
999,33.2947,1959.901,211.395,0.0,100.0,0,0,19.49,REGEN,-350.0
1000,33.3281,1961.845,208.73,0.0,100.0,0,0,19.78,REGEN,-350.0
1001,33.3614,1963.767,206.399,0.0,100.0,0,0,20.08,REGEN,-350.0
1002,33.3947,1965.669,204.552,0.0,100.0,0,0,20.37,REGEN,-350.0
1003,33.4281,1967.558,203.493,0.0,100.0,0,0,20.66,REGEN,-350.0
1004,33.4614,1969.439,202.949,0.0,100.0,0,0,20.95,REGEN,-350.0
1005,33.4947,1971.317,202.616,0.0,100.0,0,0,21.24,REGEN,-350.0
1006,33.528,1973.192,202.616,0.0,100.0,0,0,21.53,REGEN,-350.0
1007,33.5614,1975.068,202.61,0.0,100.0,0,0,21.83,REGEN,-92.19
1008,33.5947,1976.943,202.495,100.0,0.0,0,0,22.01,DEPLOY,741.02
1009,33.628,1978.816,202.041,100.0,0.0,0,0,21.73,DEPLOY,742.71
1010,33.6614,1980.687,202.092,100.0,0.0,0,0,21.44,DEPLOY,742.53
1011,33.6947,1982.559,202.448,100.0,0.0,0,0,21.16,DEPLOY,741.26
1012,33.728,1984.437,203.106,100.0,0.0,0,0,20.87,DEPLOY,738.91
1013,33.7613,1986.321,204.014,100.0,0.0,0,0,20.59,DEPLOY,735.66
1014,33.7947,1988.216,205.125,100.0,0.0,0,0,20.31,DEPLOY,731.7
1015,33.828,1990.121,206.399,100.0,0.0,0,0,20.03,DEPLOY,727.15
1016,33.8613,1992.038,207.76,100.0,0.0,0,0,19.76,DEPLOY,722.29
1017,33.8947,1993.968,209.131,100.0,0.0,0,0,19.49,DEPLOY,717.39
1018,33.928,1995.91,210.48,100.0,0.0,0,0,19.23,DEPLOY,712.56
1019,33.9613,1997.865,211.799,100.0,0.0,0,0,18.97,DEPLOY,707.85
1020,33.9946,1999.831,213.087,100.0,0.0,0,0,18.71,DEPLOY,703.26
1021,34.028,2001.81,214.343,100.0,0.0,0,0,18.46,DEPLOY,698.77
1022,34.0613,2003.8,215.57,100.0,0.0,0,0,18.21,DEPLOY,694.39
1023,34.0946,2005.801,216.768,100.0,0.0,0,0,17.96,DEPLOY,690.11
1024,34.1279,2007.813,217.938,100.0,0.0,0,0,17.72,DEPLOY,685.93
1025,34.1613,2009.836,219.081,100.0,0.0,0,0,17.48,DEPLOY,681.85
1026,34.1946,2011.87,220.197,100.0,0.0,0,0,17.25,DEPLOY,677.86
1027,34.2279,2013.913,221.285,100.0,0.0,0,0,17.02,DEPLOY,673.97
1028,34.2613,2015.966,222.229,100.0,0.0,0,0,16.79,DEPLOY,670.16
1029,34.2946,2018.027,223.095,100.0,0.0,0,0,16.56,DEPLOY,666.44
1030,34.3279,2020.097,223.959,100.0,0.0,0,0,16.34,DEPLOY,662.81
1031,34.3612,2022.174,224.825,100.0,0.0,0,0,16.12,DEPLOY,659.26
1032,34.3946,2024.259,225.691,100.0,0.0,0,0,15.91,DEPLOY,655.8
1033,34.4279,2026.353,226.551,100.0,0.0,0,0,15.7,DEPLOY,652.41
1034,34.4612,2028.454,227.4,100.0,0.0,0,0,15.49,DEPLOY,649.09
1035,34.4946,2030.563,228.236,100.0,0.0,0,0,15.28,DEPLOY,645.85
1036,34.5279,2032.679,229.052,100.0,0.0,0,0,15.08,DEPLOY,642.68
1037,34.5612,2034.804,229.843,100.0,0.0,0,0,14.88,DEPLOY,639.44
1038,34.5945,2036.935,230.605,100.0,0.0,0,0,14.68,DEPLOY,636.1
1039,34.6279,2039.074,231.333,100.0,0.0,0,0,14.48,DEPLOY,632.73
1040,34.6612,2041.219,232.02,100.0,0.0,0,0,14.29,DEPLOY,629.38
1041,34.6945,2043.37,232.663,100.0,0.0,0,0,14.1,DEPLOY,626.04
1042,34.7279,2045.526,233.256,100.0,0.0,0,0,13.91,DEPLOY,622.67
1043,34.7612,2047.688,233.792,100.0,0.0,0,0,13.73,DEPLOY,619.06
1044,34.7945,2049.855,234.266,100.0,0.0,0,0,13.55,DEPLOY,615.25
1045,34.8278,2052.026,234.674,100.0,0.0,0,0,13.37,DEPLOY,611.37
1046,34.8612,2054.2,235.008,100.0,0.0,0,0,13.2,DEPLOY,607.51
1047,34.8945,2056.376,235.266,100.0,0.0,0,0,13.03,DEPLOY,603.72
1048,34.9278,2058.555,235.44,100.0,0.0,0,0,12.87,DEPLOY,600.01
1049,34.9611,2060.735,235.523,100.0,0.0,0,0,12.7,DEPLOY,596.38
1050,34.9945,2062.916,235.512,100.0,0.0,0,0,12.55,DEPLOY,592.82
1051,35.0278,2065.095,235.406,100.0,0.0,0,0,12.39,DEPLOY,589.33
1052,35.0611,2067.274,235.201,100.0,0.0,0,0,12.24,DEPLOY,585.92
1053,35.0945,2069.45,234.895,100.0,0.0,0,0,12.09,DEPLOY,582.57
1054,35.1278,2071.623,234.486,100.0,0.0,0,0,11.95,DEPLOY,579.3
1055,35.1611,2073.791,233.972,100.0,0.0,0,0,11.81,DEPLOY,576.09
1056,35.1944,2075.954,233.355,100.0,0.0,0,0,11.67,DEPLOY,572.95
1057,35.2278,2078.111,232.632,100.0,0.0,0,0,11.54,DEPLOY,569.88
1058,35.2611,2080.261,231.807,100.0,0.0,0,0,11.41,DEPLOY,566.87
1059,35.2944,2082.403,230.879,100.0,0.0,0,0,11.28,DEPLOY,563.93
1060,35.3278,2084.536,229.853,0.0,0.0,0,0,11.15,DEPLOY,-314.33
1061,35.3611,2086.659,228.728,0.0,100.0,0,0,11.4,REGEN,-350.0
1062,35.3944,2088.771,227.503,0.0,100.0,0,0,11.67,REGEN,-350.0
1063,35.4277,2090.871,226.181,0.0,100.0,0,0,11.93,REGEN,-350.0
1064,35.4611,2092.958,224.748,0.0,100.0,0,0,12.19,REGEN,-350.0
1065,35.4944,2095.031,223.203,0.0,100.0,0,0,12.46,REGEN,-350.0
1066,35.5277,2097.09,221.543,0.0,100.0,0,0,12.73,REGEN,-350.0
1067,35.5611,2099.132,219.772,0.0,100.0,0,0,13.01,REGEN,-350.0
1068,35.5944,2101.158,217.894,0.0,100.0,0,0,13.29,REGEN,-350.0
1069,35.6277,2103.166,215.912,0.0,100.0,0,0,13.57,REGEN,-350.0
1070,35.661,2105.155,213.831,0.0,100.0,0,0,13.85,REGEN,-350.0
1071,35.6944,2107.125,211.659,0.0,100.0,0,0,14.13,REGEN,-350.0
1072,35.7277,2109.074,209.403,0.0,100.0,0,0,14.42,REGEN,-350.0
1073,35.761,2111.002,207.07,0.0,100.0,0,0,14.71,REGEN,-350.0
1074,35.7944,2112.908,204.559,0.0,100.0,0,0,15.0,REGEN,-350.0
1075,35.8277,2114.787,201.36,0.0,100.0,0,0,15.29,REGEN,-350.0
1076,35.861,2116.637,197.988,0.0,100.0,0,0,15.58,REGEN,-350.0
1077,35.8943,2118.454,194.732,0.0,100.0,0,0,15.87,REGEN,-350.0
1078,35.9277,2120.24,191.577,0.0,100.0,0,0,16.17,REGEN,-350.0
1079,35.961,2121.999,188.516,0.0,100.0,0,0,16.46,REGEN,-350.0
1080,35.9943,2123.729,185.543,0.0,100.0,0,0,16.75,REGEN,-350.0
1081,36.0276,2125.434,182.652,0.0,100.0,0,0,17.04,REGEN,-350.0
1082,36.061,2127.113,179.839,0.0,100.0,0,0,17.33,REGEN,-350.0
1083,36.0943,2128.767,177.098,0.0,100.0,0,0,17.62,REGEN,-350.0
1084,36.1276,2130.394,174.438,0.0,100.0,0,0,17.92,REGEN,-350.0
1085,36.161,2131.994,171.85,0.0,100.0,0,0,18.21,REGEN,-350.0
1086,36.1943,2133.573,169.322,0.0,100.0,0,0,18.5,REGEN,-350.0
1087,36.2276,2135.13,166.853,0.0,100.0,0,0,18.79,REGEN,-350.0
1088,36.2609,2136.667,164.438,0.0,100.0,0,0,19.08,REGEN,-350.0
1089,36.2943,2138.175,162.096,0.0,100.0,0,0,19.37,REGEN,-350.0
1090,36.3276,2139.664,159.806,0.0,100.0,0,0,19.67,REGEN,-350.0
1091,36.3609,2141.134,157.563,0.0,100.0,0,0,19.96,REGEN,-350.0
1092,36.3943,2142.586,155.367,0.0,100.0,0,0,20.25,REGEN,-350.0
1093,36.4276,2144.01,153.24,0.0,100.0,0,0,20.54,REGEN,-350.0
1094,36.4609,2145.419,151.155,0.0,100.0,0,0,20.83,REGEN,-350.0
1095,36.4942,2146.812,149.11,0.0,100.0,0,0,21.12,REGEN,-350.0
1096,36.5276,2148.181,147.117,0.0,100.0,0,0,21.42,REGEN,-350.0
1097,36.5609,2149.533,145.183,0.0,100.0,0,0,21.71,REGEN,-350.0
1098,36.5942,2150.871,143.294,0.0,100.0,0,0,22.0,REGEN,-350.0
1099,36.6276,2152.188,141.479,0.0,100.0,0,0,22.29,REGEN,-350.0
1100,36.6609,2153.488,139.718,0.0,100.0,0,0,22.58,REGEN,-350.0
1101,36.6942,2154.777,137.989,0.0,100.0,0,0,22.87,REGEN,-350.0
1102,36.7275,2156.044,136.298,0.0,100.0,0,0,23.16,REGEN,-350.0
1103,36.7609,2157.297,134.613,0.0,100.0,0,0,23.46,REGEN,-350.0
1104,36.7942,2158.539,132.934,0.0,100.0,0,0,23.75,REGEN,-350.0
1105,36.8275,2159.758,131.267,0.0,100.0,0,0,24.04,REGEN,-350.0
1106,36.8608,2160.968,129.609,0.0,100.0,0,0,24.33,REGEN,-350.0
1107,36.8942,2162.159,127.969,0.0,100.0,0,0,24.62,REGEN,-350.0
1108,36.9275,2163.335,126.353,0.0,100.0,0,0,24.91,REGEN,-350.0
1109,36.9608,2164.501,124.75,0.0,100.0,0,0,25.21,REGEN,-350.0
1110,36.9942,2165.644,123.181,0.0,100.0,0,0,25.5,REGEN,-350.0
1111,37.0275,2166.782,121.62,0.0,100.0,0,0,25.79,REGEN,-350.0
1112,37.0608,2167.897,120.097,0.0,100.0,0,0,26.08,REGEN,-350.0
1113,37.0941,2169.003,118.588,0.0,100.0,0,0,26.37,REGEN,-350.0
1114,37.1275,2170.093,117.106,0.0,100.0,0,0,26.66,REGEN,-350.0
1115,37.1608,2171.171,115.659,0.0,100.0,0,0,26.96,REGEN,-350.0
1116,37.1941,2172.236,114.246,0.0,100.0,0,0,27.25,REGEN,-350.0
1117,37.2275,2173.292,113.592,0.0,100.0,0,0,27.54,REGEN,-350.0
1118,37.2608,2174.343,113.4,0.0,100.0,0,0,27.83,REGEN,-350.0
1119,37.2941,2175.387,112.723,0.0,100.0,0,0,28.12,REGEN,-350.0
1120,37.3274,2176.429,111.856,0.0,100.0,0,0,28.41,REGEN,-350.0
1121,37.3608,2177.457,110.862,0.0,100.0,0,0,28.71,REGEN,-350.0
1122,37.3941,2178.482,109.836,0.0,100.0,0,0,29.0,REGEN,-350.0
1123,37.4274,2179.49,108.719,0.0,100.0,0,0,29.29,REGEN,-350.0
1124,37.4608,2180.495,107.585,0.0,100.0,0,0,29.58,REGEN,-350.0
1125,37.4941,2181.481,106.437,0.0,100.0,0,0,29.87,REGEN,-350.0
1126,37.5274,2182.465,105.286,0.0,100.0,0,0,30.16,REGEN,-350.0
1127,37.5607,2183.431,104.183,0.0,100.0,0,0,30.46,REGEN,-350.0
1128,37.5941,2184.393,103.092,0.0,100.0,0,0,30.75,REGEN,-350.0
1129,37.6274,2185.341,102.072,0.0,100.0,0,0,31.04,REGEN,-350.0
1130,37.6607,2186.283,101.079,0.0,100.0,0,0,31.33,REGEN,-350.0
1131,37.6941,2187.213,100.156,0.0,100.0,0,0,31.62,REGEN,-350.0
1132,37.7274,2188.137,99.277,0.0,100.0,0,0,31.91,REGEN,-350.0
1133,37.7607,2189.053,98.458,0.0,100.0,0,0,32.2,REGEN,-350.0
1134,37.794,2189.96,97.713,0.0,100.0,0,0,32.5,REGEN,-350.0
1135,37.8274,2190.863,97.012,0.0,100.0,0,0,32.79,REGEN,-350.0
1136,37.8607,2191.757,96.454,0.0,100.0,0,0,33.08,REGEN,-350.0
1137,37.894,2192.651,95.895,0.0,100.0,0,0,33.37,REGEN,-350.0
1138,37.9273,2193.537,95.773,0.0,100.0,0,0,33.66,REGEN,-350.0
1139,37.9607,2194.424,95.653,0.0,100.0,0,0,33.95,REGEN,-350.0
1140,37.994,2195.308,95.532,0.0,100.0,0,0,34.25,REGEN,-350.0
1141,38.0273,2196.192,95.412,0.0,100.0,0,0,34.54,REGEN,-350.0
1142,38.0607,2197.073,95.128,0.0,100.0,0,0,34.83,REGEN,-350.0
1143,38.094,2197.951,94.663,0.0,100.0,0,0,35.12,REGEN,-350.0
1144,38.1273,2198.827,94.173,0.0,100.0,0,0,35.41,REGEN,-350.0
1145,38.1606,2199.693,93.578,0.0,100.0,0,0,35.7,REGEN,-350.0
1146,38.194,2200.56,92.984,0.0,100.0,0,0,35.99,REGEN,-350.0
1147,38.2273,2201.415,92.407,0.0,100.0,0,0,36.28,REGEN,-350.0
1148,38.2606,2202.269,91.831,0.0,100.0,0,0,36.56,REGEN,-350.0
1149,38.294,2203.116,91.265,0.0,100.0,0,0,36.85,REGEN,-350.0
1150,38.3273,2203.958,90.705,0.0,100.0,0,0,37.14,REGEN,-350.0
1151,38.3606,2204.797,90.148,0.0,100.0,0,0,37.43,REGEN,-350.0
1152,38.3939,2205.627,89.605,0.0,100.0,0,0,37.72,REGEN,-350.0
1153,38.4273,2206.456,89.061,0.0,100.0,0,0,38.01,REGEN,-350.0
1154,38.4606,2207.275,88.429,0.0,100.0,0,0,38.31,REGEN,-350.0
1155,38.4939,2208.091,87.768,0.0,100.0,0,0,38.6,REGEN,-350.0
1156,38.5273,2208.902,87.11,0.0,100.0,0,0,38.89,REGEN,-350.0
1157,38.5606,2209.703,86.457,0.0,100.0,0,0,39.18,REGEN,-350.0
1158,38.5939,2210.504,85.805,0.0,100.0,0,0,39.47,REGEN,-350.0
1159,38.6272,2211.292,85.14,0.0,100.0,0,0,39.76,REGEN,-350.0
1160,38.6606,2212.077,84.471,0.0,100.0,0,0,40.05,REGEN,-350.0
1161,38.6939,2212.858,83.786,0.0,100.0,0,0,40.35,REGEN,-350.0
1162,38.7272,2213.627,83.055,0.0,100.0,0,0,40.64,REGEN,-350.0
1163,38.7605,2214.396,82.323,0.0,100.0,0,0,40.93,REGEN,-350.0
1164,38.7939,2215.152,81.589,0.0,100.0,0,0,41.22,REGEN,-350.0
1165,38.8272,2215.903,80.852,0.0,100.0,0,0,41.51,REGEN,-350.0
1166,38.8605,2216.654,80.115,0.0,100.0,0,0,41.8,REGEN,-350.0
1167,38.8939,2217.388,79.508,100.0,100.0,0,0,42.1,REGEN,51.01
1168,38.9272,2218.122,78.902,100.0,100.0,0,0,42.39,REGEN,454.47
1169,38.9605,2218.854,78.436,100.0,0.0,0,0,42.52,DEPLOY,750.0
1170,38.9938,2219.579,78.355,100.0,0.0,0,0,42.23,DEPLOY,750.0
1171,39.0272,2220.304,78.275,100.0,0.0,0,0,41.94,DEPLOY,750.0
1172,39.0605,2221.029,78.194,100.0,0.0,0,0,41.65,DEPLOY,750.0
1173,39.0938,2221.752,78.113,100.0,0.0,0,0,41.36,DEPLOY,750.0
1174,39.1272,2222.475,78.032,100.0,0.0,0,0,41.07,DEPLOY,750.0
1175,39.1605,2223.197,77.952,100.0,0.0,0,0,40.77,DEPLOY,750.0
1176,39.1938,2223.918,77.871,100.0,0.0,0,0,40.48,DEPLOY,750.0
1177,39.2271,2224.639,77.791,100.0,0.0,0,0,40.19,DEPLOY,750.0
1178,39.2605,2225.358,77.711,100.0,0.0,0,0,39.9,DEPLOY,750.0
1179,39.2938,2226.077,77.631,100.0,0.0,0,0,39.61,DEPLOY,750.0
1180,39.3271,2226.796,77.551,100.0,0.0,0,0,39.32,DEPLOY,750.0
1181,39.3605,2227.513,77.472,100.0,0.0,0,0,39.02,DEPLOY,750.0
1182,39.3938,2228.23,77.392,100.0,0.0,0,0,38.73,DEPLOY,750.0
1183,39.4271,2228.949,77.536,100.0,0.0,0,0,38.44,DEPLOY,750.0
1184,39.4604,2229.671,77.993,100.0,0.0,0,0,38.15,DEPLOY,750.0
1185,39.4938,2230.393,78.451,100.0,0.0,0,0,37.86,DEPLOY,750.0
1186,39.5271,2231.124,79.041,100.0,0.0,0,0,37.57,DEPLOY,750.0
1187,39.5604,2231.86,79.705,100.0,0.0,0,0,37.27,DEPLOY,750.0
1188,39.5938,2232.597,80.37,100.0,0.0,0,0,36.98,DEPLOY,750.0
1189,39.6271,2233.349,81.134,100.0,0.0,0,0,36.69,DEPLOY,750.0
1190,39.6604,2234.103,81.908,100.0,0.0,0,0,36.4,DEPLOY,750.0
1191,39.6937,2234.863,82.701,100.0,0.0,0,0,36.11,DEPLOY,750.0
1192,39.7271,2235.636,83.548,100.0,0.0,0,0,35.82,DEPLOY,750.0
1193,39.7604,2236.41,84.395,100.0,0.0,0,0,35.52,DEPLOY,750.0
1194,39.7937,2237.198,85.279,100.0,0.0,0,0,35.23,DEPLOY,750.0
1195,39.827,2237.992,86.179,100.0,0.0,0,0,34.94,DEPLOY,750.0
1196,39.8604,2238.79,87.086,100.0,0.0,0,0,34.65,DEPLOY,750.0
1197,39.8937,2239.605,88.025,100.0,0.0,0,0,34.36,DEPLOY,750.0
1198,39.927,2240.421,88.963,100.0,0.0,0,0,34.07,DEPLOY,750.0
1199,39.9604,2241.251,89.926,100.0,0.0,0,0,33.77,DEPLOY,750.0
1200,39.9937,2242.088,90.898,100.0,0.0,0,0,33.48,DEPLOY,750.0
1201,40.027,2242.932,91.88,100.0,0.0,0,0,33.19,DEPLOY,750.0
1202,40.0603,2243.79,92.887,100.0,0.0,0,0,32.9,DEPLOY,750.0
1203,40.0937,2244.649,93.893,100.0,0.0,0,0,32.61,DEPLOY,750.0
1204,40.127,2245.529,94.938,100.0,0.0,0,0,32.32,DEPLOY,750.0
1205,40.1603,2246.409,95.983,100.0,0.0,0,0,32.02,DEPLOY,750.0
1206,40.1937,2247.306,97.06,100.0,0.0,0,0,31.73,DEPLOY,750.0
1207,40.227,2248.208,98.149,100.0,0.0,0,0,31.44,DEPLOY,750.0
1208,40.2603,2249.122,99.259,100.0,0.0,0,0,31.15,DEPLOY,750.0
1209,40.2936,2250.047,100.391,100.0,0.0,0,0,30.86,DEPLOY,750.0
1210,40.327,2250.979,101.534,100.0,0.0,0,0,30.57,DEPLOY,750.0
1211,40.3603,2251.927,102.702,100.0,0.0,0,0,30.28,DEPLOY,750.0
1212,40.3936,2252.88,103.876,100.0,0.0,0,0,29.98,DEPLOY,750.0
1213,40.427,2253.851,105.073,100.0,0.0,0,0,29.69,DEPLOY,750.0
1214,40.4603,2254.825,106.275,100.0,0.0,0,0,29.4,DEPLOY,750.0
1215,40.4936,2255.819,107.5,100.0,0.0,0,0,29.11,DEPLOY,750.0
1216,40.5269,2256.815,108.717,100.0,0.0,0,0,28.82,DEPLOY,750.0
1217,40.5603,2257.831,109.886,100.0,0.0,0,0,28.53,DEPLOY,750.0
1218,40.5936,2258.85,111.073,100.0,0.0,0,0,28.23,DEPLOY,750.0
1219,40.6269,2259.888,112.339,100.0,0.0,0,0,27.94,DEPLOY,750.0
1220,40.6602,2260.931,113.619,100.0,0.0,0,0,27.65,DEPLOY,750.0
1221,40.6936,2261.991,114.944,100.0,0.0,0,0,27.36,DEPLOY,750.0
1222,40.7269,2263.06,116.276,100.0,0.0,0,0,27.07,DEPLOY,750.0
1223,40.7602,2264.144,117.621,100.0,0.0,0,0,26.78,DEPLOY,750.0
1224,40.7936,2265.239,118.977,100.0,0.0,0,0,26.48,DEPLOY,750.0
1225,40.8269,2266.345,120.342,100.0,0.0,0,0,26.19,DEPLOY,750.0
1226,40.8602,2267.468,121.722,100.0,0.0,0,0,25.9,DEPLOY,750.0
1227,40.8935,2268.597,123.108,100.0,0.0,0,0,25.61,DEPLOY,750.0
1228,40.9269,2269.747,124.512,100.0,0.0,0,0,25.32,DEPLOY,750.0
1229,40.9602,2270.903,125.91,100.0,0.0,0,0,25.03,DEPLOY,750.0
1230,40.9935,2272.077,127.279,100.0,0.0,0,0,24.73,DEPLOY,750.0
1231,41.0269,2273.262,128.608,100.0,0.0,0,0,24.44,DEPLOY,750.0
1232,41.0602,2274.456,129.895,100.0,0.0,0,0,24.15,DEPLOY,750.0
1233,41.0935,2275.667,131.183,100.0,0.0,0,0,23.86,DEPLOY,750.0
1234,41.1268,2276.885,132.47,100.0,0.0,0,0,23.57,DEPLOY,750.0
1235,41.1602,2278.119,133.758,100.0,0.0,0,0,23.28,DEPLOY,750.0
1236,41.1935,2279.364,135.047,100.0,0.0,0,0,22.99,DEPLOY,750.0
1237,41.2268,2280.617,136.337,100.0,0.0,0,0,22.7,DEPLOY,750.0
1238,41.2602,2281.888,137.628,100.0,0.0,0,0,22.41,DEPLOY,750.0
1239,41.2935,2283.167,138.918,100.0,0.0,0,0,22.12,DEPLOY,750.0
1240,41.3268,2284.458,140.209,100.0,0.0,0,0,21.83,DEPLOY,750.0
1241,41.3601,2285.764,141.5,100.0,0.0,0,0,21.54,DEPLOY,750.0
1242,41.3935,2287.079,142.791,100.0,0.0,0,0,21.24,DEPLOY,750.0
1243,41.4268,2288.406,144.082,100.0,0.0,0,0,20.95,DEPLOY,750.0
1244,41.4601,2289.748,145.372,100.0,0.0,0,0,20.66,DEPLOY,750.0
1245,41.4935,2291.098,146.662,100.0,0.0,0,0,20.37,DEPLOY,750.0
1246,41.5268,2292.461,147.951,100.0,0.0,0,0,20.08,DEPLOY,750.0
1247,41.5601,2293.839,149.23,100.0,0.0,0,0,19.79,DEPLOY,750.0
1248,41.5934,2295.225,150.505,100.0,0.0,0,0,19.49,DEPLOY,750.0
1249,41.6268,2296.623,151.776,100.0,0.0,0,0,19.2,DEPLOY,750.0
1250,41.6601,2298.036,153.05,100.0,0.0,0,0,18.91,DEPLOY,750.0
1251,41.6934,2299.459,154.325,100.0,0.0,0,0,18.62,DEPLOY,750.0
1252,41.7267,2300.892,155.601,100.0,0.0,0,0,18.33,DEPLOY,750.0
1253,41.7601,2302.339,156.879,100.0,0.0,0,0,18.04,DEPLOY,750.0
1254,41.7934,2303.798,158.157,100.0,0.0,0,0,17.75,DEPLOY,750.0
1255,41.8267,2305.268,159.436,100.0,0.0,0,0,17.45,DEPLOY,750.0
1256,41.8601,2306.748,160.716,100.0,0.0,0,0,17.16,DEPLOY,750.0
1257,41.8934,2308.243,161.996,100.0,0.0,0,0,16.87,DEPLOY,750.0
1258,41.9267,2309.75,163.277,100.0,0.0,0,0,16.58,DEPLOY,750.0
1259,41.96,2311.267,164.559,100.0,0.0,0,0,16.29,DEPLOY,750.0
1260,41.9934,2312.794,165.843,100.0,0.0,0,0,16.0,DEPLOY,750.0
1261,42.0267,2314.337,167.13,100.0,0.0,0,0,15.7,DEPLOY,750.0
1262,42.06,2315.891,168.42,100.0,0.0,0,0,15.41,DEPLOY,750.0
1263,42.0934,2317.456,169.713,100.0,0.0,0,0,15.12,DEPLOY,750.0
1264,42.1267,2319.032,171.009,100.0,0.0,0,0,14.83,DEPLOY,750.0
1265,42.16,2320.62,172.308,100.0,0.0,0,0,14.54,DEPLOY,750.0
1266,42.1933,2322.223,173.612,100.0,0.0,0,0,14.25,DEPLOY,750.0
1267,42.2267,2323.837,174.918,100.0,0.0,0,0,13.95,DEPLOY,750.0
1268,42.26,2325.462,176.227,100.0,0.0,0,0,13.66,DEPLOY,750.0
1269,42.2933,2327.099,177.538,100.0,0.0,0,0,13.37,DEPLOY,750.0
1270,42.3267,2328.747,178.852,100.0,0.0,0,0,13.08,DEPLOY,750.0
1271,42.36,2330.41,180.169,100.0,0.0,0,0,12.79,DEPLOY,750.0
1272,42.3933,2332.085,181.488,100.0,0.0,0,0,12.5,DEPLOY,750.0
1273,42.4266,2333.771,182.809,100.0,0.0,0,0,12.2,DEPLOY,750.0
1274,42.46,2335.47,184.132,100.0,0.0,0,0,11.91,DEPLOY,750.0
1275,42.4933,2337.18,185.455,100.0,0.0,0,0,11.62,DEPLOY,750.0
1276,42.5266,2338.902,186.78,100.0,0.0,0,0,11.33,DEPLOY,750.0
1277,42.5599,2340.637,188.107,100.0,0.0,0,0,11.04,DEPLOY,750.0
1278,42.5933,2342.386,189.436,100.0,0.0,0,0,10.75,DEPLOY,750.0
1279,42.6266,2344.146,190.767,100.0,0.0,0,0,10.45,DEPLOY,750.0
1280,42.6599,2345.919,192.101,100.0,0.0,0,0,10.16,DEPLOY,750.0
1281,42.6933,2347.703,193.438,100.0,0.0,0,0,9.87,DEPLOY,750.0
1282,42.7266,2349.5,194.779,100.0,0.0,0,0,9.58,DEPLOY,750.0
1283,42.7599,2351.309,196.123,100.0,0.0,0,0,9.29,DEPLOY,750.0
1284,42.7932,2353.131,197.47,100.0,0.0,0,0,9.0,DEPLOY,750.0
1285,42.8266,2354.965,198.819,100.0,0.0,0,0,8.7,DEPLOY,749.96
1286,42.8599,2356.811,200.17,100.0,0.0,0,0,8.41,DEPLOY,749.39
1287,42.8932,2358.671,201.523,100.0,0.0,0,0,8.12,DEPLOY,744.56
1288,42.9266,2360.543,202.879,100.0,0.0,0,0,7.83,DEPLOY,739.72
1289,42.9599,2362.428,204.236,100.0,0.0,0,0,7.55,DEPLOY,734.87
1290,42.9932,2364.325,205.594,100.0,0.0,0,0,7.27,DEPLOY,730.02
1291,43.0265,2366.235,206.947,100.0,0.0,0,0,7.0,DEPLOY,725.16
1292,43.0599,2368.157,208.28,100.0,0.0,0,0,6.73,DEPLOY,720.3
1293,43.0932,2370.091,209.604,100.0,0.0,0,0,6.46,DEPLOY,715.42
1294,43.1265,2372.038,210.925,100.0,0.0,0,0,6.2,DEPLOY,710.54
1295,43.1599,2373.997,212.242,100.0,0.0,0,0,5.94,DEPLOY,705.64
1296,43.1932,2375.968,213.554,100.0,0.0,0,0,5.68,DEPLOY,700.73
1297,43.2265,2377.951,214.861,100.0,0.0,0,0,5.43,DEPLOY,695.81
1298,43.2598,2379.946,216.162,100.0,0.0,0,0,5.19,DEPLOY,690.88
1299,43.2932,2381.953,217.456,100.0,0.0,0,0,4.95,DEPLOY,685.95
1300,43.3265,2383.972,218.744,100.0,0.0,0,0,4.71,DEPLOY,681.02
1301,43.3598,2386.003,220.023,100.0,0.0,0,0,4.47,DEPLOY,676.08
1302,43.3932,2388.046,221.295,100.0,0.0,0,0,4.25,DEPLOY,671.14
1303,43.4265,2390.1,222.557,100.0,0.0,0,0,4.02,DEPLOY,666.19
1304,43.4598,2392.167,223.809,100.0,0.0,0,0,3.8,DEPLOY,661.28
1305,43.4931,2394.244,225.051,100.0,0.0,0,0,3.58,DEPLOY,656.46
1306,43.5265,2396.333,226.283,100.0,0.0,0,0,3.37,DEPLOY,651.74
1307,43.5598,2398.434,227.503,100.0,0.0,0,0,3.16,DEPLOY,647.1
1308,43.5931,2400.545,228.712,100.0,0.0,0,0,2.96,DEPLOY,642.55
1309,43.6264,2402.668,229.909,100.0,0.0,0,0,2.76,DEPLOY,638.09
1310,43.6598,2404.802,231.093,100.0,0.0,0,0,2.56,DEPLOY,633.71
1311,43.6931,2406.947,232.264,100.0,0.0,0,0,2.37,DEPLOY,629.41
1312,43.7264,2409.103,233.422,100.0,0.0,0,0,2.18,DEPLOY,625.18
1313,43.7598,2411.269,234.566,100.0,0.0,0,0,1.99,DEPLOY,621.04
1314,43.7931,2413.446,235.696,100.0,0.0,0,0,1.81,DEPLOY,616.96
1315,43.8264,2415.633,236.813,100.0,0.0,0,0,1.63,DEPLOY,612.95
1316,43.8597,2417.831,237.915,100.0,0.0,0,0,1.45,DEPLOY,609.02
1317,43.8931,2420.038,239.003,100.0,0.0,0,0,1.28,DEPLOY,605.14
1318,43.9264,2422.256,240.076,100.0,0.0,0,0,1.11,DEPLOY,601.34
1319,43.9597,2424.483,241.134,100.0,0.0,0,0,0.94,DEPLOY,597.6
1320,43.9931,2426.72,242.176,100.0,0.0,0,0,0.78,DEPLOY,593.92
1321,44.0264,2428.967,243.202,100.0,0.0,0,0,0.62,DEPLOY,590.3
1322,44.0597,2431.223,244.213,100.0,0.0,0,0,0.46,DEPLOY,586.75
1323,44.093,2433.489,245.208,100.0,0.0,0,0,0.31,DEPLOY,583.25
1324,44.1264,2435.764,246.186,100.0,0.0,0,0,0.16,DEPLOY,579.81
1325,44.1597,2438.047,247.149,100.0,0.0,0,0,0.03,DEPLOY,576.42
1326,44.193,2440.339,248.095,100.0,0.0,0,0,0.0,DEPLOY,573.09
1327,44.2264,2442.64,249.024,100.0,0.0,0,0,0.0,DEPLOY,569.81
1328,44.2597,2444.95,249.934,100.0,0.0,0,0,0.0,DEPLOY,566.59
1329,44.293,2447.268,250.825,100.0,0.0,0,0,0.0,DEPLOY,563.42
1330,44.3263,2449.594,251.698,100.0,0.0,0,0,0.0,DEPLOY,560.29
1331,44.3597,2451.929,252.552,100.0,0.0,0,0,0.0,DEPLOY,557.22
1332,44.393,2454.27,253.385,100.0,0.0,0,0,0.0,DEPLOY,554.19
1333,44.4263,2456.62,254.196,100.0,0.0,0,0,0.0,DEPLOY,551.21
1334,44.4597,2458.977,254.983,100.0,0.0,0,0,0.0,DEPLOY,548.28
1335,44.493,2461.341,255.744,100.0,0.0,0,0,0.0,DEPLOY,545.4
1336,44.5263,2463.712,256.479,100.0,0.0,0,0,0.0,DEPLOY,542.56
1337,44.5596,2466.09,257.186,100.0,0.0,0,0,0.0,DEPLOY,539.76
1338,44.593,2468.474,257.862,100.0,0.0,0,0,0.0,DEPLOY,537.01
1339,44.6263,2470.864,258.504,100.0,0.0,0,0,0.0,DEPLOY,534.3
1340,44.6596,2473.26,259.107,100.0,0.0,0,0,0.0,DEPLOY,531.63
1341,44.6929,2475.661,259.671,100.0,0.0,0,0,0.0,DEPLOY,529.01
1342,44.7263,2478.068,260.193,100.0,0.0,0,0,0.0,DEPLOY,526.42
1343,44.7596,2480.479,260.669,100.0,0.0,0,0,0.0,DEPLOY,523.88
1344,44.7929,2482.894,261.093,100.0,0.0,0,0,0.0,DEPLOY,521.37
1345,44.8263,2485.313,261.458,100.0,0.0,0,0,0.0,DEPLOY,518.91
1346,44.8596,2487.735,261.765,100.0,0.0,0,0,0.0,DEPLOY,516.49
1347,44.8929,2490.159,262.01,100.0,0.0,0,0,0.0,DEPLOY,514.1
1348,44.9262,2492.586,262.189,100.0,0.0,0,0,0.0,DEPLOY,511.75
1349,44.9596,2495.014,262.29,100.0,0.0,0,0,0.0,DEPLOY,509.44
1350,44.9929,2497.442,262.311,100.0,0.0,0,0,0.0,DEPLOY,507.18
1351,45.0262,2499.87,262.252,100.0,0.0,0,0,0.0,DEPLOY,504.94
1352,45.0596,2502.297,262.111,100.0,0.0,0,0,0.0,DEPLOY,502.75
1353,45.0929,2504.723,261.881,100.0,0.0,0,0,0.0,DEPLOY,500.59
1354,45.1262,2507.146,261.547,100.0,0.0,0,0,0.0,DEPLOY,498.57
1355,45.1595,2509.565,261.119,100.0,0.0,0,0,0.0,DEPLOY,496.63
1356,45.1929,2511.98,260.595,100.0,0.0,0,0,0.0,DEPLOY,494.72
1357,45.2262,2514.39,259.972,100.0,0.0,0,0,0.0,DEPLOY,492.84
1358,45.2595,2516.794,259.248,100.0,0.0,0,0,0.0,DEPLOY,491.0
1359,45.2929,2519.189,258.411,100.0,0.0,0,0,0.0,DEPLOY,489.19
1360,45.3262,2521.577,257.474,100.0,0.0,0,0,0.0,DEPLOY,142.44
1361,45.3595,2523.956,256.438,0.0,100.0,0,0,0.14,REGEN,-350.0
1362,45.3928,2526.325,255.303,0.0,100.0,0,0,0.41,REGEN,-350.0
1363,45.4262,2528.684,254.069,0.0,100.0,0,0,0.68,REGEN,-350.0
1364,45.4595,2531.029,252.729,0.0,100.0,0,0,0.95,REGEN,-350.0
1365,45.4928,2533.362,251.296,0.0,100.0,0,0,1.22,REGEN,-350.0
1366,45.5261,2535.681,249.774,0.0,100.0,0,0,1.49,REGEN,-350.0
1367,45.5595,2537.986,248.159,0.0,100.0,0,0,1.75,REGEN,-350.0
1368,45.5928,2540.276,246.436,0.0,100.0,0,0,2.02,REGEN,-350.0
1369,45.6261,2542.549,244.604,0.0,100.0,0,0,2.29,REGEN,-350.0
1370,45.6595,2544.805,242.663,0.0,100.0,0,0,2.57,REGEN,-350.0
1371,45.6928,2547.042,240.608,0.0,100.0,0,0,2.85,REGEN,-350.0
1372,45.7261,2549.258,238.454,0.0,100.0,0,0,3.13,REGEN,-350.0
1373,45.7594,2551.455,236.204,0.0,100.0,0,0,3.41,REGEN,-350.0
1374,45.7928,2553.631,233.864,0.0,100.0,0,0,3.7,REGEN,-350.0
1375,45.8261,2555.785,231.442,0.0,100.0,0,0,3.98,REGEN,-350.0
1376,45.8594,2557.916,228.944,0.0,100.0,0,0,4.27,REGEN,-350.0
1377,45.8928,2560.021,225.901,0.0,100.0,0,0,4.56,REGEN,-350.0
1378,45.9261,2562.096,222.328,0.0,100.0,0,0,4.85,REGEN,-350.0
1379,45.9594,2564.138,218.751,0.0,100.0,0,0,5.15,REGEN,-350.0
1380,45.9927,2566.147,215.317,0.0,100.0,0,0,5.44,REGEN,-350.0
1381,46.0261,2568.125,212.014,0.0,100.0,0,0,5.73,REGEN,-350.0
1382,46.0594,2570.073,208.834,0.0,100.0,0,0,6.02,REGEN,-350.0
1383,46.0927,2571.992,205.766,0.0,100.0,0,0,6.31,REGEN,-350.0
1384,46.1261,2573.883,202.803,0.0,100.0,0,0,6.6,REGEN,-350.0
1385,46.1594,2575.747,199.936,0.0,100.0,0,0,6.9,REGEN,-350.0
1386,46.1927,2577.585,197.158,0.0,100.0,0,0,7.19,REGEN,-350.0
1387,46.226,2579.398,194.464,0.0,100.0,0,0,7.48,REGEN,-350.0
1388,46.2594,2581.187,191.847,0.0,100.0,0,0,7.77,REGEN,-350.0
1389,46.2927,2582.952,189.302,0.0,100.0,0,0,8.06,REGEN,-350.0
1390,46.326,2584.694,186.826,0.0,100.0,0,0,8.35,REGEN,-350.0
1391,46.3594,2586.411,184.418,0.0,100.0,0,0,8.65,REGEN,-350.0
1392,46.3927,2588.106,182.056,0.0,100.0,0,0,8.94,REGEN,-350.0
1393,46.426,2589.78,179.733,0.0,100.0,0,0,9.23,REGEN,-350.0
1394,46.4593,2591.434,177.439,0.0,100.0,0,0,9.52,REGEN,-350.0
1395,46.4927,2593.068,175.168,0.0,100.0,0,0,9.81,REGEN,-350.0
1396,46.526,2594.68,172.916,0.0,100.0,0,0,10.1,REGEN,-350.0
1397,46.5593,2596.268,170.679,0.0,100.0,0,0,10.4,REGEN,-350.0
1398,46.5926,2597.837,168.457,0.0,100.0,0,0,10.69,REGEN,-350.0
1399,46.626,2599.387,166.255,0.0,100.0,0,0,10.98,REGEN,-350.0
1400,46.6593,2600.918,164.078,0.0,100.0,0,0,11.27,REGEN,-350.0
1401,46.6926,2602.426,161.942,0.0,100.0,0,0,11.56,REGEN,-350.0
1402,46.726,2603.914,159.85,0.0,100.0,0,0,11.85,REGEN,-350.0
1403,46.7593,2605.385,157.793,0.0,100.0,0,0,12.14,REGEN,-350.0
1404,46.7926,2606.839,155.772,0.0,100.0,0,0,12.44,REGEN,-350.0
1405,46.8259,2608.27,153.805,0.0,100.0,0,0,12.73,REGEN,-350.0
1406,46.8593,2609.683,151.876,0.0,100.0,0,0,13.02,REGEN,-350.0
1407,46.8926,2611.083,149.979,0.0,100.0,0,0,13.31,REGEN,-350.0
1408,46.9259,2612.463,148.124,0.0,100.0,0,0,13.6,REGEN,-350.0
1409,46.9593,2613.823,146.311,0.0,100.0,0,0,13.89,REGEN,-350.0
1410,46.9926,2615.171,144.525,0.0,100.0,0,0,14.19,REGEN,-350.0
1411,47.0259,2616.502,142.775,0.0,100.0,0,0,14.48,REGEN,-350.0
1412,47.0592,2617.813,141.066,0.0,100.0,0,0,14.77,REGEN,-350.0
1413,47.0926,2619.113,139.382,0.0,100.0,0,0,15.06,REGEN,-350.0
1414,47.1259,2620.396,137.736,0.0,100.0,0,0,15.35,REGEN,-350.0
1415,47.1592,2621.662,136.125,0.0,100.0,0,0,15.64,REGEN,-350.0
1416,47.1926,2622.918,134.534,0.0,100.0,0,0,15.94,REGEN,-350.0
1417,47.2259,2624.153,132.98,0.0,100.0,0,0,16.23,REGEN,-350.0
1418,47.2592,2625.377,131.437,0.0,100.0,0,0,16.52,REGEN,-350.0
1419,47.2925,2626.589,129.907,0.0,100.0,0,0,16.81,REGEN,-350.0
1420,47.3259,2627.782,128.429,0.0,100.0,0,0,17.1,REGEN,-350.0
1421,47.3592,2628.967,126.967,0.0,100.0,0,0,17.39,REGEN,-350.0
1422,47.3925,2630.134,125.539,0.0,100.0,0,0,17.69,REGEN,-350.0
1423,47.4258,2631.29,124.131,0.0,100.0,0,0,17.98,REGEN,-350.0
1424,47.4592,2632.433,122.745,0.0,100.0,0,0,18.27,REGEN,-350.0
1425,47.4925,2633.562,121.481,0.0,100.0,0,0,18.56,REGEN,-350.0
1426,47.5258,2634.685,120.265,0.0,100.0,0,0,18.85,REGEN,-350.0
1427,47.5592,2635.79,119.268,0.0,100.0,0,0,19.14,REGEN,-350.0
1428,47.5925,2636.893,118.304,0.0,100.0,0,0,19.44,REGEN,-350.0
1429,47.6258,2637.982,117.457,0.0,100.0,0,0,19.73,REGEN,-350.0
1430,47.6591,2639.067,116.568,0.0,100.0,0,0,20.02,REGEN,-350.0
1431,47.6925,2640.14,115.567,0.0,100.0,0,0,20.31,REGEN,-350.0
1432,47.7258,2641.205,114.494,0.0,100.0,0,0,20.6,REGEN,-350.0
1433,47.7591,2642.259,113.317,0.0,100.0,0,0,20.89,REGEN,-350.0
1434,47.7925,2643.302,112.094,0.0,100.0,0,0,21.19,REGEN,-350.0
1435,47.8258,2644.334,110.827,0.0,100.0,0,0,21.48,REGEN,-350.0
1436,47.8591,2645.353,109.55,0.0,100.0,0,0,21.77,REGEN,-350.0
1437,47.8924,2646.363,108.264,0.0,100.0,0,0,22.06,REGEN,-350.0
1438,47.9258,2647.358,106.988,0.0,100.0,0,0,22.35,REGEN,-350.0
1439,47.9591,2648.343,105.717,0.0,100.0,0,0,22.64,REGEN,-350.0
1440,47.9924,2649.315,104.464,0.0,100.0,0,0,22.93,REGEN,-350.0
1441,48.0258,2650.277,103.223,0.0,100.0,0,0,23.23,REGEN,-350.0
1442,48.0591,2651.227,102.011,0.0,100.0,0,0,23.52,REGEN,-350.0
1443,48.0924,2652.165,100.828,0.0,100.0,0,0,23.81,REGEN,-350.0
1444,48.1257,2653.095,99.687,0.0,100.0,0,0,24.1,REGEN,-350.0
1445,48.1591,2654.011,98.625,0.0,100.0,0,0,24.39,REGEN,-350.0
1446,48.1924,2654.923,97.595,0.0,100.0,0,0,24.68,REGEN,-350.0
1447,48.2257,2655.819,96.743,0.0,100.0,0,0,24.98,REGEN,-350.0
1448,48.2591,2656.715,95.891,0.0,100.0,0,0,25.27,REGEN,-350.0
1449,48.2924,2657.598,95.295,0.0,100.0,0,0,25.56,REGEN,-350.0
1450,48.3257,2658.479,94.722,0.0,100.0,0,0,25.85,REGEN,-350.0
1451,48.359,2659.352,94.163,0.0,100.0,0,0,26.14,REGEN,-350.0
1452,48.3924,2660.221,93.613,0.0,100.0,0,0,26.43,REGEN,-350.0
1453,48.4257,2661.085,92.975,0.0,100.0,0,0,26.73,REGEN,-350.0
1454,48.459,2661.94,92.184,0.0,100.0,0,0,27.02,REGEN,-350.0
1455,48.4923,2662.794,91.389,0.0,100.0,0,0,27.31,REGEN,-350.0
1456,48.5257,2663.63,90.445,0.0,100.0,0,0,27.6,REGEN,-350.0
1457,48.559,2664.466,89.501,0.0,100.0,0,0,27.89,REGEN,-350.0
1458,48.5923,2665.288,88.541,0.0,100.0,0,0,28.18,REGEN,-350.0
1459,48.6257,2666.103,87.572,0.0,100.0,0,0,28.48,REGEN,-350.0
1460,48.659,2666.913,86.617,0.0,100.0,0,0,28.77,REGEN,-350.0
1461,48.6923,2667.706,85.731,0.0,100.0,0,0,29.06,REGEN,-350.0
1462,48.7256,2668.499,84.845,0.0,100.0,0,0,29.35,REGEN,-350.0
1463,48.759,2669.28,84.076,0.0,100.0,0,0,29.64,REGEN,-88.08
1464,48.7923,2670.054,83.38,100.0,100.0,0,0,29.93,REGEN,335.68
1465,48.8256,2670.828,82.695,100.0,0.0,0,0,30.21,DEPLOY,750.0
1466,48.859,2671.591,82.46,100.0,0.0,0,0,29.92,DEPLOY,750.0
1467,48.8923,2672.353,82.226,100.0,0.0,0,0,29.63,DEPLOY,750.0
1468,48.9256,2673.115,82.05,100.0,0.0,0,0,29.34,DEPLOY,750.0
1469,48.9589,2673.873,81.962,100.0,0.0,0,0,29.05,DEPLOY,750.0
1470,48.9923,2674.632,81.873,100.0,0.0,0,0,28.75,DEPLOY,750.0
1471,49.0256,2675.39,81.785,100.0,0.0,0,0,28.46,DEPLOY,750.0
1472,49.0589,2676.146,81.696,100.0,0.0,0,0,28.17,DEPLOY,750.0
1473,49.0923,2676.903,81.608,100.0,0.0,0,0,27.88,DEPLOY,750.0
1474,49.1256,2677.657,81.52,100.0,0.0,0,0,27.59,DEPLOY,750.0
1475,49.1589,2678.412,81.432,100.0,0.0,0,0,27.3,DEPLOY,750.0
1476,49.1922,2679.165,81.344,100.0,0.0,0,0,27.0,DEPLOY,750.0
1477,49.2256,2679.918,81.256,100.0,0.0,0,0,26.71,DEPLOY,750.0
1478,49.2589,2680.67,81.169,100.0,0.0,0,0,26.42,DEPLOY,750.0
1479,49.2922,2681.422,81.221,100.0,0.0,0,0,26.13,DEPLOY,750.0
1480,49.3255,2682.175,81.305,100.0,0.0,0,0,25.84,DEPLOY,750.0
1481,49.3589,2682.927,81.389,100.0,0.0,0,0,25.55,DEPLOY,750.0
1482,49.3922,2683.682,81.474,100.0,0.0,0,0,25.26,DEPLOY,750.0
1483,49.4255,2684.436,81.558,100.0,0.0,0,0,24.98,DEPLOY,750.0
1484,49.4589,2685.191,81.643,100.0,0.0,0,0,24.69,DEPLOY,750.0
1485,49.4922,2685.948,81.728,100.0,0.0,0,0,24.4,DEPLOY,750.0
1486,49.5255,2686.705,81.813,100.0,0.0,0,0,24.12,DEPLOY,750.0
1487,49.5588,2687.463,81.898,100.0,0.0,0,0,23.83,DEPLOY,750.0
1488,49.5922,2688.221,81.984,100.0,0.0,0,0,23.55,DEPLOY,750.0
1489,49.6255,2688.98,82.069,100.0,0.0,0,0,23.26,DEPLOY,750.0
1490,49.6588,2689.741,82.155,100.0,0.0,0,0,22.97,DEPLOY,750.0
1491,49.6922,2690.502,82.241,100.0,0.0,0,0,22.69,DEPLOY,750.0
1492,49.7255,2691.263,82.328,100.0,0.0,0,0,22.4,DEPLOY,750.0
1493,49.7588,2692.026,82.414,100.0,0.0,0,0,22.11,DEPLOY,750.0
1494,49.7921,2692.789,82.501,100.0,0.0,0,0,21.82,DEPLOY,750.0
1495,49.8255,2693.554,82.588,100.0,0.0,0,0,21.53,DEPLOY,750.0
1496,49.8588,2694.319,82.674,100.0,0.0,0,0,21.24,DEPLOY,750.0
1497,49.8921,2695.084,82.753,100.0,0.0,0,0,20.95,DEPLOY,750.0
1498,49.9255,2695.851,82.808,100.0,0.0,0,0,20.65,DEPLOY,750.0
1499,49.9588,2696.617,82.864,100.0,0.0,0,0,20.36,DEPLOY,750.0
1500,49.9921,2697.389,83.265,100.0,0.0,0,0,20.07,DEPLOY,750.0
1501,50.0254,2698.163,83.844,100.0,0.0,0,0,19.78,DEPLOY,750.0
1502,50.0588,2698.939,84.436,100.0,0.0,0,0,19.49,DEPLOY,750.0
1503,50.0921,2699.729,85.203,100.0,0.0,0,0,19.2,DEPLOY,750.0
1504,50.1254,2700.519,85.97,100.0,0.0,0,0,18.9,DEPLOY,750.0
1505,50.1588,2701.319,86.794,100.0,0.0,0,0,18.61,DEPLOY,750.0
1506,50.1921,2702.129,87.668,100.0,0.0,0,0,18.32,DEPLOY,750.0
1507,50.2254,2702.939,88.547,100.0,0.0,0,0,18.03,DEPLOY,750.0
1508,50.2587,2703.769,89.499,100.0,0.0,0,0,17.74,DEPLOY,750.0
1509,50.2921,2704.599,90.452,100.0,0.0,0,0,17.45,DEPLOY,750.0
1510,50.3254,2705.443,91.452,100.0,0.0,0,0,17.16,DEPLOY,750.0
1511,50.3587,2706.294,92.479,100.0,0.0,0,0,16.86,DEPLOY,750.0
1512,50.392,2707.153,93.531,100.0,0.0,0,0,16.57,DEPLOY,750.0
1513,50.4254,2708.027,94.642,100.0,0.0,0,0,16.28,DEPLOY,750.0
1514,50.4587,2708.902,95.754,100.0,0.0,0,0,15.99,DEPLOY,750.0
1515,50.492,2709.801,96.961,100.0,0.0,0,0,15.7,DEPLOY,750.0
1516,50.5254,2710.7,98.168,100.0,0.0,0,0,15.41,DEPLOY,750.0
1517,50.5587,2711.618,99.379,100.0,0.0,0,0,15.11,DEPLOY,750.0
1518,50.592,2712.541,100.59,100.0,0.0,0,0,14.82,DEPLOY,750.0
1519,50.6253,2713.48,101.797,100.0,0.0,0,0,14.53,DEPLOY,750.0
1520,50.6587,2714.427,102.999,100.0,0.0,0,0,14.24,DEPLOY,750.0
1521,50.692,2715.386,104.209,100.0,0.0,0,0,13.95,DEPLOY,750.0
1522,50.7253,2716.357,105.427,100.0,0.0,0,0,13.66,DEPLOY,750.0
1523,50.7587,2717.337,106.642,100.0,0.0,0,0,13.36,DEPLOY,750.0
1524,50.792,2718.331,107.854,100.0,0.0,0,0,13.07,DEPLOY,750.0
1525,50.8253,2719.334,109.067,100.0,0.0,0,0,12.78,DEPLOY,750.0
1526,50.8586,2720.35,110.28,100.0,0.0,0,0,12.49,DEPLOY,750.0
1527,50.892,2721.376,111.498,100.0,0.0,0,0,12.2,DEPLOY,750.0
1528,50.9253,2722.414,112.723,100.0,0.0,0,0,11.91,DEPLOY,750.0
1529,50.9586,2723.464,113.948,100.0,0.0,0,0,11.61,DEPLOY,750.0
1530,50.992,2724.523,115.173,100.0,0.0,0,0,11.32,DEPLOY,750.0
1531,51.0253,2725.597,116.401,100.0,0.0,0,0,11.03,DEPLOY,750.0
1532,51.0586,2726.677,117.63,100.0,0.0,0,0,10.74,DEPLOY,750.0
1533,51.0919,2727.775,118.864,100.0,0.0,0,0,10.45,DEPLOY,750.0
1534,51.1253,2728.876,120.098,100.0,0.0,0,0,10.16,DEPLOY,750.0
1535,51.1586,2729.998,121.337,100.0,0.0,0,0,9.86,DEPLOY,750.0
1536,51.1919,2731.125,122.576,100.0,0.0,0,0,9.57,DEPLOY,750.0
1537,51.2252,2732.267,123.817,100.0,0.0,0,0,9.28,DEPLOY,750.0
1538,51.2586,2733.419,125.06,100.0,0.0,0,0,8.99,DEPLOY,750.0
1539,51.2919,2734.581,126.304,100.0,0.0,0,0,8.7,DEPLOY,750.0
1540,51.3252,2735.758,127.549,100.0,0.0,0,0,8.41,DEPLOY,750.0
1541,51.3586,2736.941,128.795,100.0,0.0,0,0,8.11,DEPLOY,750.0
1542,51.3919,2738.142,130.043,100.0,0.0,0,0,7.82,DEPLOY,750.0
1543,51.4252,2739.351,131.292,100.0,0.0,0,0,7.53,DEPLOY,750.0
1544,51.4585,2740.572,132.542,100.0,0.0,0,0,7.24,DEPLOY,750.0
1545,51.4919,2741.806,133.795,100.0,0.0,0,0,6.95,DEPLOY,750.0
1546,51.5252,2743.048,135.048,100.0,0.0,0,0,6.66,DEPLOY,750.0
1547,51.5585,2744.306,136.303,100.0,0.0,0,0,6.37,DEPLOY,750.0
1548,51.5919,2745.574,137.559,100.0,0.0,0,0,6.07,DEPLOY,750.0
1549,51.6252,2746.85,138.817,100.0,0.0,0,0,5.78,DEPLOY,750.0
1550,51.6585,2748.144,140.077,100.0,0.0,0,0,5.49,DEPLOY,750.0
1551,51.6918,2749.446,141.337,100.0,0.0,0,0,5.2,DEPLOY,750.0
1552,51.7252,2750.759,142.6,100.0,0.0,0,0,4.91,DEPLOY,750.0
1553,51.7585,2752.087,143.864,100.0,0.0,0,0,4.62,DEPLOY,750.0
1554,51.7918,2753.424,145.129,100.0,0.0,0,0,4.32,DEPLOY,750.0
1555,51.8252,2754.772,146.396,100.0,0.0,0,0,4.03,DEPLOY,750.0
1556,51.8585,2756.135,147.665,100.0,0.0,0,0,3.74,DEPLOY,750.0
1557,51.8918,2757.508,148.935,100.0,0.0,0,0,3.45,DEPLOY,750.0
1558,51.9251,2758.89,150.206,100.0,0.0,0,0,3.16,DEPLOY,750.0
1559,51.9585,2760.289,151.48,100.0,0.0,0,0,2.87,DEPLOY,750.0
1560,51.9918,2761.697,152.755,100.0,0.0,0,0,2.57,DEPLOY,750.0
1561,52.0251,2763.116,154.032,100.0,0.0,0,0,2.28,DEPLOY,750.0
1562,52.0585,2764.548,155.311,100.0,0.0,0,0,1.99,DEPLOY,750.0
1563,52.0918,2765.993,156.592,100.0,0.0,0,0,1.7,DEPLOY,750.0
1564,52.1251,2767.448,157.875,100.0,0.0,0,0,1.41,DEPLOY,750.0
1565,52.1584,2768.914,159.16,100.0,0.0,0,0,1.12,DEPLOY,750.0
1566,52.1918,2770.395,160.448,100.0,0.0,0,0,0.82,DEPLOY,750.0
1567,52.2251,2771.887,161.737,100.0,0.0,0,0,0.53,DEPLOY,750.0
1568,52.2584,2773.39,163.028,100.0,0.0,0,0,0.25,DEPLOY,750.0
1569,52.2917,2774.903,164.32,100.0,0.0,0,0,0.0,DEPLOY,750.0
1570,52.3251,2776.432,165.614,100.0,0.0,0,0,0.0,DEPLOY,750.0
1571,52.3584,2777.972,166.909,100.0,0.0,0,0,0.0,DEPLOY,750.0
1572,52.3917,2779.523,168.204,100.0,0.0,0,0,0.0,DEPLOY,750.0
1573,52.4251,2781.085,169.502,100.0,0.0,0,0,0.0,DEPLOY,750.0
1574,52.4584,2782.66,170.801,100.0,0.0,0,0,0.0,DEPLOY,750.0
1575,52.4917,2784.248,172.102,100.0,0.0,0,0,0.0,DEPLOY,750.0
1576,52.525,2785.848,173.405,100.0,0.0,0,0,0.0,DEPLOY,750.0
1577,52.5584,2787.459,174.711,100.0,0.0,0,0,0.0,DEPLOY,750.0
1578,52.5917,2789.081,176.019,100.0,0.0,0,0,0.0,DEPLOY,750.0
1579,52.625,2790.717,177.33,100.0,0.0,0,0,0.0,DEPLOY,750.0
1580,52.6584,2792.366,178.644,100.0,0.0,0,0,0.0,DEPLOY,750.0
1581,52.6917,2794.026,179.959,100.0,0.0,0,0,0.0,DEPLOY,750.0
1582,52.725,2795.698,181.277,100.0,0.0,0,0,0.0,DEPLOY,750.0
1583,52.7583,2797.382,182.596,100.0,0.0,0,0,0.0,DEPLOY,750.0
1584,52.7917,2799.077,183.918,100.0,0.0,0,0,0.0,DEPLOY,750.0
1585,52.825,2800.786,185.242,100.0,0.0,0,0,0.0,DEPLOY,750.0
1586,52.8583,2802.508,186.568,100.0,0.0,0,0,0.0,DEPLOY,750.0
1587,52.8917,2804.242,187.897,100.0,0.0,0,0,0.0,DEPLOY,750.0
1588,52.925,2805.988,189.228,100.0,0.0,0,0,0.0,DEPLOY,750.0
1589,52.9583,2807.746,190.561,100.0,0.0,0,0,0.0,DEPLOY,750.0
1590,52.9916,2809.516,191.896,100.0,0.0,0,0,0.0,DEPLOY,750.0
1591,53.025,2811.298,193.233,100.0,0.0,0,0,0.0,DEPLOY,750.0
1592,53.0583,2813.092,194.572,100.0,0.0,0,0,0.0,DEPLOY,750.0
1593,53.0916,2814.899,195.913,100.0,0.0,0,0,0.0,DEPLOY,750.0
1594,53.1249,2816.72,197.257,100.0,0.0,0,0,0.0,DEPLOY,750.0
1595,53.1583,2818.553,198.603,100.0,0.0,0,0,0.0,DEPLOY,750.0
1596,53.1916,2820.398,199.951,100.0,0.0,0,0,0.0,DEPLOY,749.11
1597,53.2249,2822.256,201.302,100.0,0.0,0,0,0.0,DEPLOY,745.35
1598,53.2583,2824.126,202.655,100.0,0.0,0,0,0.0,DEPLOY,740.52
1599,53.2916,2826.008,204.011,100.0,0.0,0,0,0.0,DEPLOY,735.67
1600,53.3249,2827.903,205.37,100.0,0.0,0,0,0.0,DEPLOY,730.82
1601,53.3582,2829.81,206.723,100.0,0.0,0,0,0.0,DEPLOY,725.96
1602,53.3916,2831.73,208.061,100.0,0.0,0,0,0.0,DEPLOY,721.09
1603,53.4249,2833.663,209.386,100.0,0.0,0,0,0.0,DEPLOY,716.21
1604,53.4582,2835.607,210.707,100.0,0.0,0,0,0.0,DEPLOY,711.33
1605,53.4916,2837.564,212.024,100.0,0.0,0,0,0.0,DEPLOY,706.43
1606,53.5249,2839.533,213.337,100.0,0.0,0,0,0.0,DEPLOY,701.53
1607,53.5582,2841.514,214.644,100.0,0.0,0,0,0.0,DEPLOY,696.63
1608,53.5915,2843.507,215.946,100.0,0.0,0,0,0.0,DEPLOY,691.71
1609,53.6249,2845.512,217.241,100.0,0.0,0,0,0.0,DEPLOY,686.79
1610,53.6582,2847.529,218.529,100.0,0.0,0,0,0.0,DEPLOY,681.87
1611,53.6915,2849.558,219.81,100.0,0.0,0,0,0.0,DEPLOY,676.93
1612,53.7249,2851.599,221.082,100.0,0.0,0,0,0.0,DEPLOY,671.99
1613,53.7582,2853.652,222.345,100.0,0.0,0,0,0.0,DEPLOY,667.04
1614,53.7915,2855.716,223.599,100.0,0.0,0,0,0.0,DEPLOY,662.12
1615,53.8248,2857.792,224.842,100.0,0.0,0,0,0.0,DEPLOY,657.28
1616,53.8582,2859.879,226.075,100.0,0.0,0,0,0.0,DEPLOY,652.55
1617,53.8915,2861.978,227.297,100.0,0.0,0,0,0.0,DEPLOY,647.9
1618,53.9248,2864.088,228.507,100.0,0.0,0,0,0.0,DEPLOY,643.33
1619,53.9582,2866.208,229.706,100.0,0.0,0,0,0.0,DEPLOY,638.86
1620,53.9915,2868.34,230.892,100.0,0.0,0,0,0.0,DEPLOY,634.46
1621,54.0248,2870.483,232.066,100.0,0.0,0,0,0.0,DEPLOY,630.14
1622,54.0581,2872.637,233.226,100.0,0.0,0,0,0.0,DEPLOY,625.9
1623,54.0915,2874.801,234.374,100.0,0.0,0,0,0.0,DEPLOY,621.74
1624,54.1248,2876.976,235.507,100.0,0.0,0,0,0.0,DEPLOY,617.65
1625,54.1581,2879.162,236.626,100.0,0.0,0,0,0.0,DEPLOY,613.63
1626,54.1914,2881.358,237.731,100.0,0.0,0,0,0.0,DEPLOY,609.68
1627,54.2248,2883.564,238.821,100.0,0.0,0,0,0.0,DEPLOY,605.8
1628,54.2581,2885.78,239.898,100.0,0.0,0,0,0.0,DEPLOY,601.99
1629,54.2914,2888.006,240.959,100.0,0.0,0,0,0.0,DEPLOY,598.24
1630,54.3248,2890.241,242.006,100.0,0.0,0,0,0.0,DEPLOY,594.55
1631,54.3581,2892.486,243.039,100.0,0.0,0,0,0.0,DEPLOY,590.92
1632,54.3914,2894.741,244.057,100.0,0.0,0,0,0.0,DEPLOY,587.35
1633,54.4247,2897.004,245.06,100.0,0.0,0,0,0.0,DEPLOY,583.84
1634,54.4581,2899.278,246.048,100.0,0.0,0,0,0.0,DEPLOY,580.39
1635,54.4914,2901.561,247.021,100.0,0.0,0,0,0.0,DEPLOY,577.0
1636,54.5247,2903.852,247.979,100.0,0.0,0,0,0.0,DEPLOY,573.66
1637,54.5581,2906.152,248.924,100.0,0.0,0,0,0.0,DEPLOY,570.37
1638,54.5914,2908.461,249.854,100.0,0.0,0,0,0.0,DEPLOY,567.14
1639,54.6247,2910.778,250.77,100.0,0.0,0,0,0.0,DEPLOY,563.95
1640,54.658,2913.104,251.672,100.0,0.0,0,0,0.0,DEPLOY,560.82
1641,54.6914,2915.438,252.56,100.0,0.0,0,0,0.0,DEPLOY,557.74
1642,54.7247,2917.78,253.434,100.0,0.0,0,0,0.0,DEPLOY,554.7
1643,54.758,2920.131,254.295,100.0,0.0,0,0,0.0,DEPLOY,551.71
1644,54.7914,2922.488,255.142,100.0,0.0,0,0,0.0,DEPLOY,548.77
1645,54.8247,2924.854,255.978,100.0,0.0,0,0,0.0,DEPLOY,545.87
1646,54.858,2927.228,256.799,100.0,0.0,0,0,0.0,DEPLOY,543.02
1647,54.8913,2929.609,257.608,100.0,0.0,0,0,0.0,DEPLOY,540.21
1648,54.9247,2931.998,258.404,100.0,0.0,0,0,0.0,DEPLOY,537.45
1649,54.958,2934.394,259.189,100.0,0.0,0,0,0.0,DEPLOY,534.72
1650,54.9913,2936.796,259.962,100.0,0.0,0,0,0.0,DEPLOY,532.04
1651,55.0246,2939.207,260.723,100.0,0.0,0,0,0.0,DEPLOY,529.39
1652,55.058,2941.624,261.471,100.0,0.0,0,0,0.0,DEPLOY,526.79
1653,55.0913,2944.048,262.209,100.0,0.0,0,0,0.0,DEPLOY,524.23
1654,55.1246,2946.479,262.936,100.0,0.0,0,0,0.0,DEPLOY,521.7
1655,55.158,2948.916,263.653,100.0,0.0,0,0,0.0,DEPLOY,519.21
1656,55.1913,2951.361,264.358,100.0,0.0,0,0,0.0,DEPLOY,516.76
1657,55.2246,2953.811,265.052,100.0,0.0,0,0,0.0,DEPLOY,514.35
1658,55.2579,2956.268,265.737,100.0,0.0,0,0,0.0,DEPLOY,511.97
1659,55.2913,2958.731,266.411,100.0,0.0,0,0,0.0,DEPLOY,509.62
1660,55.3246,2961.201,267.076,100.0,0.0,0,0,0.0,DEPLOY,507.31
1661,55.3579,2963.677,267.73,100.0,0.0,0,0,0.0,DEPLOY,505.03
1662,55.3913,2966.158,268.375,100.0,0.0,0,0,0.0,DEPLOY,502.79
1663,55.4246,2968.645,269.012,100.0,0.0,0,0,0.0,DEPLOY,500.57
1664,55.4579,2971.139,269.638,100.0,0.0,0,0,0.0,DEPLOY,498.5
1665,55.4912,2973.638,270.256,100.0,0.0,0,0,0.0,DEPLOY,496.5
1666,55.5246,2976.143,270.864,100.0,0.0,0,0,0.0,DEPLOY,494.52
1667,55.5579,2978.653,271.465,100.0,0.0,0,0,0.0,DEPLOY,492.56
1668,55.5912,2981.169,272.057,100.0,0.0,0,0,0.0,DEPLOY,490.64
1669,55.6246,2983.691,272.64,100.0,0.0,0,0,0.0,DEPLOY,488.74
1670,55.6579,2986.217,273.215,100.0,0.0,0,0,0.0,DEPLOY,486.87
1671,55.6912,2988.749,273.782,100.0,0.0,0,0,0.0,DEPLOY,485.02
1672,55.7245,2991.286,274.341,100.0,0.0,0,0,0.0,DEPLOY,483.2
1673,55.7579,2993.829,274.892,100.0,0.0,0,0,0.0,DEPLOY,481.4
1674,55.7912,2996.376,275.436,100.0,0.0,0,0,0.0,DEPLOY,479.63
1675,55.8245,2998.928,275.972,100.0,0.0,0,0,0.0,DEPLOY,477.88
1676,55.8579,3001.486,276.501,100.0,0.0,0,0,0.0,DEPLOY,476.16
1677,55.8912,3004.048,277.022,100.0,0.0,0,0,0.0,DEPLOY,474.45
1678,55.9245,3006.615,277.536,100.0,0.0,0,0,0.0,DEPLOY,472.77
1679,55.9578,3009.187,278.044,100.0,0.0,0,0,0.0,DEPLOY,471.12
1680,55.9912,3011.763,278.544,100.0,0.0,0,0,0.0,DEPLOY,469.48
1681,56.0245,3014.344,279.038,100.0,0.0,0,0,0.0,DEPLOY,467.87
1682,56.0578,3016.929,279.525,100.0,0.0,0,0,0.0,DEPLOY,466.28
1683,56.0911,3019.52,280.005,100.0,0.0,0,0,0.0,DEPLOY,464.71
1684,56.1245,3022.114,280.479,100.0,0.0,0,0,0.0,DEPLOY,463.16
1685,56.1578,3024.713,280.947,100.0,0.0,0,0,0.0,DEPLOY,461.63
1686,56.1911,3027.316,281.408,100.0,0.0,0,0,0.0,DEPLOY,460.12
1687,56.2245,3029.923,281.863,100.0,0.0,0,0,0.0,DEPLOY,458.63
1688,56.2578,3032.535,282.312,100.0,0.0,0,0,0.0,DEPLOY,457.17
1689,56.2911,3035.15,282.756,100.0,0.0,0,0,0.0,DEPLOY,455.71
1690,56.3244,3037.77,283.193,100.0,0.0,0,0,0.0,DEPLOY,454.28
1691,56.3578,3040.394,283.625,100.0,0.0,0,0,0.0,DEPLOY,452.87
1692,56.3911,3043.021,284.051,100.0,0.0,0,0,0.0,DEPLOY,451.48
1693,56.4244,3045.653,284.471,100.0,0.0,0,0,0.0,DEPLOY,450.1
1694,56.4578,3048.289,284.885,100.0,0.0,0,0,0.0,DEPLOY,448.75
1695,56.4911,3050.928,285.295,100.0,0.0,0,0,0.0,DEPLOY,447.4
1696,56.5244,3053.571,285.699,100.0,0.0,0,0,0.0,DEPLOY,446.08
1697,56.5577,3056.218,286.097,100.0,0.0,0,0,0.0,DEPLOY,444.78
1698,56.5911,3058.868,286.491,100.0,0.0,0,0,0.0,DEPLOY,443.49
1699,56.6244,3061.522,286.879,100.0,0.0,0,0,0.0,DEPLOY,442.22
1700,56.6577,3064.18,287.262,100.0,0.0,0,0,0.0,DEPLOY,440.96
1701,56.6911,3066.841,287.641,100.0,0.0,0,0,0.0,DEPLOY,439.72
1702,56.7244,3069.506,288.014,100.0,0.0,0,0,0.0,DEPLOY,438.5
1703,56.7577,3072.174,288.383,100.0,0.0,0,0,0.0,DEPLOY,437.29
1704,56.791,3074.845,288.747,100.0,0.0,0,0,0.0,DEPLOY,436.1
1705,56.8244,3077.52,289.106,100.0,0.0,0,0,0.0,DEPLOY,434.92
1706,56.8577,3080.198,289.46,100.0,0.0,0,0,0.0,DEPLOY,433.76
1707,56.891,3082.88,289.81,100.0,0.0,0,0,0.0,DEPLOY,432.61
1708,56.9243,3085.564,290.155,100.0,0.0,0,0,0.0,DEPLOY,431.48
1709,56.9577,3088.252,290.496,100.0,0.0,0,0,0.0,DEPLOY,430.36
1710,56.991,3090.943,290.833,100.0,0.0,0,0,0.0,DEPLOY,429.25
1711,57.0243,3093.637,291.165,100.0,0.0,0,0,0.0,DEPLOY,428.16
1712,57.0577,3096.334,291.493,100.0,0.0,0,0,0.0,DEPLOY,427.09
1713,57.091,3099.034,291.816,100.0,0.0,0,0,0.0,DEPLOY,426.02
1714,57.1243,3101.737,292.136,100.0,0.0,0,0,0.0,DEPLOY,424.98
1715,57.1576,3104.443,292.451,100.0,0.0,0,0,0.0,DEPLOY,423.94
1716,57.191,3107.152,292.763,100.0,0.0,0,0,0.0,DEPLOY,422.92
1717,57.2243,3109.864,293.07,100.0,0.0,0,0,0.0,DEPLOY,421.91
1718,57.2576,3112.579,293.374,100.0,0.0,0,0,0.0,DEPLOY,420.91
1719,57.291,3115.296,293.673,100.0,0.0,0,0,0.0,DEPLOY,419.92
1720,57.3243,3118.016,293.969,100.0,0.0,0,0,0.0,DEPLOY,418.95
1721,57.3576,3120.739,294.261,100.0,0.0,0,0,0.0,DEPLOY,417.99
1722,57.3909,3123.464,294.55,100.0,0.0,0,0,0.0,DEPLOY,417.04
1723,57.4243,3126.193,294.835,100.0,0.0,0,0,0.0,DEPLOY,416.11
1724,57.4576,3128.923,295.116,100.0,0.0,0,0,0.0,DEPLOY,415.18
1725,57.4909,3131.657,295.394,100.0,0.0,0,0,0.0,DEPLOY,414.27
1726,57.5243,3134.393,295.668,100.0,0.0,0,0,0.0,DEPLOY,413.37
1727,57.5576,3137.131,295.939,100.0,0.0,0,0,0.0,NORMAL,408.91
1728,57.5909,3139.872,296.207,100.0,0.0,0,0,0.0,NORMAL,408.3
1729,57.6242,3142.616,296.472,100.0,0.0,0,0,0.0,NORMAL,407.69
1730,57.6576,3145.362,296.733,100.0,0.0,0,0,0.0,NORMAL,407.09
1731,57.6909,3148.11,296.992,100.0,0.0,0,0,0.0,NORMAL,406.5
1732,57.7242,3150.861,297.247,100.0,0.0,0,0,0.0,NORMAL,405.91
1733,57.7576,3153.614,297.499,100.0,0.0,0,0,0.0,NORMAL,405.33
1734,57.7909,3156.369,297.749,100.0,0.0,0,0,0.0,NORMAL,404.76
1735,57.8242,3159.127,297.995,100.0,0.0,0,0,0.0,NORMAL,404.19
1736,57.8575,3161.887,298.238,100.0,0.0,0,0,0.0,NORMAL,403.63
1737,57.8909,3164.649,298.479,100.0,0.0,0,0,0.0,NORMAL,403.07
1738,57.9242,3167.413,298.716,100.0,0.0,0,0,0.0,NORMAL,402.52
1739,57.9575,3170.18,298.951,100.0,0.0,0,0,0.0,NORMAL,401.97
1740,57.9908,3172.948,299.182,100.0,0.0,0,0,0.0,NORMAL,401.43
1741,58.0242,3175.719,299.41,100.0,0.0,0,0,0.0,NORMAL,400.9
1742,58.0575,3178.492,299.635,100.0,0.0,0,0,0.0,NORMAL,400.37
1743,58.0908,3181.267,299.856,100.0,0.0,0,0,0.0,NORMAL,400.0
1744,58.1242,3184.044,300.073,100.0,0.0,0,0,0.0,NORMAL,400.0
1745,58.1575,3186.823,300.286,100.0,0.0,0,0,0.0,NORMAL,400.0
1746,58.1908,3189.604,300.494,100.0,0.0,0,0,0.0,NORMAL,400.0
1747,58.2241,3192.387,300.696,100.0,0.0,0,0,0.0,NORMAL,400.0
1748,58.2575,3195.171,300.893,100.0,0.0,0,0,0.0,NORMAL,400.0
1749,58.2908,3197.958,301.082,100.0,0.0,0,0,0.0,NORMAL,400.0
1750,58.3241,3200.746,301.264,100.0,0.0,0,0,0.0,NORMAL,400.0
1751,58.3575,3203.536,301.436,100.0,0.0,0,0,0.0,NORMAL,400.0
1752,58.3908,3206.327,301.597,100.0,0.0,0,0,0.0,NORMAL,400.0
1753,58.4241,3209.12,301.747,100.0,0.0,0,0,0.0,NORMAL,400.0
1754,58.4574,3211.914,301.882,100.0,0.0,0,0,0.0,NORMAL,400.0
1755,58.4908,3214.71,302.001,100.0,0.0,0,0,0.0,NORMAL,400.0
1756,58.5241,3217.506,302.101,100.0,0.0,0,0,0.0,NORMAL,400.0
1757,58.5574,3220.303,302.179,100.0,0.0,0,0,0.0,NORMAL,400.0
1758,58.5908,3223.101,302.234,100.0,0.0,0,0,0.0,NORMAL,400.0
1759,58.6241,3225.899,302.259,100.0,0.0,0,0,0.0,NORMAL,400.0
1760,58.6574,3228.697,302.253,100.0,0.0,0,0,0.0,NORMAL,400.0
1761,58.6907,3231.495,302.211,100.0,0.0,0,0,0.0,NORMAL,400.0
1762,58.7241,3234.293,302.128,100.0,0.0,0,0,0.0,NORMAL,400.0
1763,58.7574,3237.089,302.004,100.0,0.0,0,0,0.0,NORMAL,400.0
1764,58.7907,3239.884,301.824,100.0,0.0,0,0,0.0,NORMAL,400.0
1765,58.824,3242.678,301.592,100.0,0.0,0,0,0.0,NORMAL,400.0
1766,58.8574,3245.468,301.299,100.0,0.0,0,0,0.0,NORMAL,400.0
1767,58.8907,3248.256,300.939,100.0,0.0,0,0,0.0,NORMAL,400.0
1768,58.924,3251.04,300.513,100.0,0.0,0,0,0.0,NORMAL,400.0
1769,58.9574,3253.82,300.002,100.0,0.0,0,0,0.0,NORMAL,400.0
1770,58.9907,3256.595,299.413,100.0,0.0,0,0,0.0,NORMAL,400.0
1771,59.024,3259.363,298.737,100.0,0.0,0,0,0.0,NORMAL,400.0
1772,59.0573,3262.125,297.965,100.0,0.0,0,0,0.0,NORMAL,400.0
1773,59.0907,3264.88,297.104,100.0,0.0,0,0,0.0,NORMAL,400.0
1774,59.124,3267.626,296.135,100.0,0.0,0,0,0.0,NORMAL,400.0
1775,59.1573,3270.363,295.064,100.0,0.0,0,0,0.0,NORMAL,400.0
1776,59.1907,3273.09,293.895,100.0,0.0,0,0,0.0,NORMAL,400.0
1777,59.224,3275.804,292.606,100.0,0.0,0,0,0.0,NORMAL,133.0
1778,59.2573,3278.506,291.214,0.0,100.0,0,0,0.15,REGEN,-350.0
1779,59.2906,3281.196,289.717,0.0,100.0,0,0,0.42,REGEN,-350.0
1780,59.324,3283.87,288.102,0.0,100.0,0,0,0.7,REGEN,-350.0
1781,59.3573,3286.529,286.387,0.0,100.0,0,0,0.97,REGEN,-350.0
1782,59.3906,3289.173,284.571,0.0,100.0,0,0,1.24,REGEN,-350.0
1783,59.424,3291.798,282.644,0.0,100.0,0,0,1.51,REGEN,-350.0
1784,59.4573,3294.405,280.626,0.0,100.0,0,0,1.78,REGEN,-350.0
1785,59.4906,3296.994,278.523,0.0,100.0,0,0,2.04,REGEN,-350.0
1786,59.5239,3299.562,276.312,0.0,100.0,0,0,2.31,REGEN,-350.0
1787,59.5573,3302.109,273.984,0.0,100.0,0,0,2.58,REGEN,-350.0
1788,59.5906,3304.634,271.536,0.0,100.0,0,0,2.85,REGEN,-350.0
1789,59.6239,3307.137,268.97,0.0,100.0,0,0,3.12,REGEN,-350.0
1790,59.6573,3309.614,266.273,0.0,100.0,0,0,3.4,REGEN,-350.0
1791,59.6906,3312.065,263.467,0.0,100.0,0,0,3.68,REGEN,-350.0
1792,59.7239,3314.491,260.559,0.0,100.0,0,0,3.96,REGEN,-350.0
1793,59.7572,3316.891,257.553,0.0,100.0,0,0,4.24,REGEN,-350.0
1794,59.7906,3319.261,254.455,0.0,100.0,0,0,4.53,REGEN,-350.0
1795,59.8239,3321.6,251.148,0.0,100.0,0,0,4.82,REGEN,-350.0
1796,59.8572,3323.905,246.931,0.0,100.0,0,0,5.11,REGEN,-350.0
1797,59.8905,3326.168,242.026,0.0,100.0,0,0,5.4,REGEN,-350.0
1798,59.9239,3328.387,237.286,0.0,100.0,0,0,5.7,REGEN,-350.0
1799,59.9572,3330.563,232.743,0.0,100.0,0,0,5.99,REGEN,-350.0
1800,59.9905,3332.698,228.416,0.0,100.0,0,0,6.28,REGEN,-350.0
1801,60.0239,3334.794,224.248,0.0,100.0,0,0,6.57,REGEN,-350.0
1802,60.0572,3336.852,220.3,0.0,100.0,0,0,6.86,REGEN,-350.0
1803,60.0905,3338.874,216.534,0.0,100.0,0,0,7.15,REGEN,-350.0
1804,60.1238,3340.862,212.932,0.0,100.0,0,0,7.44,REGEN,-350.0
1805,60.1572,3342.817,209.481,0.0,100.0,0,0,7.74,REGEN,-350.0
1806,60.1905,3344.74,206.171,0.0,100.0,0,0,8.03,REGEN,-350.0
1807,60.2238,3346.634,202.991,0.0,100.0,0,0,8.32,REGEN,-350.0
1808,60.2572,3348.498,199.931,0.0,100.0,0,0,8.61,REGEN,-350.0
1809,60.2905,3350.335,196.985,0.0,100.0,0,0,8.9,REGEN,-350.0
1810,60.3238,3352.145,194.149,0.0,100.0,0,0,9.19,REGEN,-350.0
1811,60.3571,3353.93,191.417,0.0,100.0,0,0,9.49,REGEN,-350.0
1812,60.3905,3355.69,188.785,0.0,100.0,0,0,9.78,REGEN,-350.0
1813,60.4238,3357.427,186.247,0.0,100.0,0,0,10.07,REGEN,-350.0
1814,60.4571,3359.142,183.796,0.0,100.0,0,0,10.36,REGEN,-350.0
1815,60.4905,3360.831,181.443,0.0,100.0,0,0,10.65,REGEN,-350.0
1816,60.5238,3362.499,179.169,0.0,100.0,0,0,10.94,REGEN,-350.0
1817,60.5571,3364.147,176.969,0.0,100.0,0,0,11.24,REGEN,-350.0
1818,60.5904,3365.776,174.841,0.0,100.0,0,0,11.53,REGEN,-350.0
1819,60.6238,3367.386,172.781,0.0,100.0,0,0,11.82,REGEN,-350.0
1820,60.6571,3368.978,170.793,0.0,100.0,0,0,12.11,REGEN,-350.0
1821,60.6904,3370.548,168.879,0.0,100.0,0,0,12.4,REGEN,-350.0
1822,60.7237,3372.102,167.018,0.0,100.0,0,0,12.69,REGEN,-350.0
1823,60.7571,3373.641,165.216,0.0,100.0,0,0,12.99,REGEN,-350.0
1824,60.7904,3375.165,163.489,0.0,100.0,0,0,13.28,REGEN,-350.0
1825,60.8237,3376.67,162.094,0.0,100.0,0,0,13.57,REGEN,-350.0
1826,60.8571,3378.162,160.557,0.0,100.0,0,0,13.86,REGEN,-350.0
1827,60.8904,3379.642,158.987,0.0,100.0,0,0,14.15,REGEN,-350.0
1828,60.9237,3381.109,157.465,0.0,100.0,0,0,14.44,REGEN,-350.0
1829,60.957,3382.558,156.039,0.0,100.0,0,0,14.74,REGEN,-350.0
1830,60.9904,3383.996,154.676,0.0,100.0,0,0,15.03,REGEN,-350.0
1831,61.0237,3385.423,153.373,0.0,100.0,0,0,15.32,REGEN,-350.0
1832,61.057,3386.837,152.146,0.0,100.0,0,0,15.61,REGEN,-350.0
1833,61.0904,3388.239,150.984,0.0,100.0,0,0,15.9,REGEN,-350.0
1834,61.1237,3389.633,149.867,0.0,100.0,0,0,16.19,REGEN,-350.0
1835,61.157,3391.016,148.8,0.0,100.0,0,0,16.49,REGEN,-350.0
1836,61.1903,3392.388,147.814,0.0,100.0,0,0,16.78,REGEN,-350.0
1837,61.2237,3393.752,146.873,0.0,100.0,0,0,17.07,REGEN,-350.0
1838,61.257,3395.109,145.978,0.0,100.0,0,0,17.36,REGEN,-350.0
1839,61.2903,3396.455,145.139,0.0,100.0,0,0,17.65,REGEN,-350.0
1840,61.3237,3397.795,144.311,0.0,100.0,0,0,17.94,REGEN,-350.0
1841,61.357,3399.129,143.495,0.0,100.0,0,0,18.23,REGEN,-350.0
1842,61.3903,3400.452,142.701,0.0,100.0,0,0,18.53,REGEN,-350.0
1843,61.4236,3401.77,141.938,0.0,100.0,0,0,18.82,REGEN,-350.0
1844,61.457,3403.082,141.208,0.0,100.0,0,0,19.11,REGEN,-350.0
1845,61.4903,3404.385,140.61,100.0,100.0,0,0,19.4,REGEN,336.1
1846,61.5236,3405.685,140.159,100.0,0.0,0,0,19.45,DEPLOY,750.0
1847,61.557,3406.982,139.901,100.0,0.0,0,0,19.16,DEPLOY,750.0
1848,61.5903,3408.275,139.642,100.0,0.0,0,0,18.86,DEPLOY,750.0
1849,61.6236,3409.567,139.384,100.0,0.0,0,0,18.57,DEPLOY,750.0
1850,61.6569,3410.857,139.127,100.0,0.0,0,0,18.28,DEPLOY,750.0
1851,61.6903,3412.143,138.872,100.0,0.0,0,0,17.99,DEPLOY,750.0
1852,61.7236,3413.428,138.662,100.0,0.0,0,0,17.7,DEPLOY,750.0
1853,61.7569,3414.712,138.616,100.0,0.0,0,0,17.41,DEPLOY,750.0
1854,61.7902,3415.997,138.933,100.0,0.0,0,0,17.11,DEPLOY,750.0
1855,61.8236,3417.285,139.462,100.0,0.0,0,0,16.82,DEPLOY,750.0
1856,61.8569,3418.581,140.205,100.0,0.0,0,0,16.53,DEPLOY,750.0
1857,61.8902,3419.883,140.977,100.0,0.0,0,0,16.24,DEPLOY,750.0
1858,61.9236,3421.189,141.769,100.0,0.0,0,0,15.95,DEPLOY,750.0
1859,61.9569,3422.507,142.452,100.0,0.0,0,0,15.66,DEPLOY,750.0
1860,61.9902,3423.828,143.025,100.0,0.0,0,0,15.36,DEPLOY,750.0
1861,62.0235,3425.153,143.49,100.0,0.0,0,0,15.07,DEPLOY,750.0
1862,62.0569,3426.483,143.757,100.0,0.0,0,0,14.78,DEPLOY,750.0
1863,62.0902,3427.815,144.042,100.0,0.0,0,0,14.49,DEPLOY,750.0
1864,62.1235,3429.15,144.345,100.0,0.0,0,0,14.2,DEPLOY,750.0
1865,62.1569,3430.489,144.808,100.0,0.0,0,0,13.91,DEPLOY,750.0
1866,62.1902,3431.832,145.33,100.0,0.0,0,0,13.61,DEPLOY,750.0
1867,62.2235,3433.179,145.909,100.0,0.0,0,0,13.32,DEPLOY,750.0
1868,62.2568,3434.534,146.506,100.0,0.0,0,0,13.03,DEPLOY,750.0
1869,62.2902,3435.893,147.065,100.0,0.0,0,0,12.74,DEPLOY,750.0
1870,62.3235,3437.256,147.583,100.0,0.0,0,0,12.45,DEPLOY,750.0
1871,62.3568,3438.624,147.981,100.0,0.0,0,0,12.16,DEPLOY,750.0
1872,62.3902,3439.996,148.279,100.0,0.0,0,0,11.87,DEPLOY,750.0
1873,62.4235,3441.369,148.488,100.0,0.0,0,0,11.57,DEPLOY,750.0
1874,62.4568,3442.744,148.562,100.0,0.0,0,0,11.28,DEPLOY,750.0
1875,62.4901,3444.12,148.704,100.0,0.0,0,0,10.99,DEPLOY,750.0
1876,62.5235,3445.498,148.946,100.0,0.0,0,0,10.7,DEPLOY,750.0
1877,62.5568,3446.879,149.41,100.0,0.0,0,0,10.41,DEPLOY,750.0
1878,62.5901,3448.266,150.066,100.0,0.0,0,0,10.12,DEPLOY,750.0
1879,62.6235,3449.659,150.834,100.0,0.0,0,0,9.82,DEPLOY,750.0
1880,62.6568,3451.058,151.712,100.0,0.0,0,0,9.53,DEPLOY,750.0
1881,62.6901,3452.469,152.69,100.0,0.0,0,0,9.24,DEPLOY,750.0
1882,62.7234,3453.887,153.713,100.0,0.0,0,0,8.95,DEPLOY,750.0
1883,62.7568,3455.314,154.778,100.0,0.0,0,0,8.66,DEPLOY,750.0
1884,62.7901,3456.753,155.89,100.0,0.0,0,0,8.37,DEPLOY,750.0
1885,62.8234,3458.202,157.007,100.0,0.0,0,0,8.07,DEPLOY,750.0
1886,62.8567,3459.66,158.093,100.0,0.0,0,0,7.78,DEPLOY,750.0
1887,62.8901,3461.127,159.115,100.0,0.0,0,0,7.49,DEPLOY,750.0
1888,62.9234,3462.606,160.175,100.0,0.0,0,0,7.2,DEPLOY,750.0
1889,62.9567,3464.094,161.203,100.0,0.0,0,0,6.91,DEPLOY,750.0
1890,62.9901,3465.59,162.2,100.0,0.0,0,0,6.62,DEPLOY,750.0
1891,63.0234,3467.095,163.176,100.0,0.0,0,0,6.32,DEPLOY,750.0
1892,63.0567,3468.612,164.152,100.0,0.0,0,0,6.03,DEPLOY,750.0
1893,63.09,3470.136,165.138,100.0,0.0,0,0,5.74,DEPLOY,750.0
1894,63.1234,3471.669,166.137,100.0,0.0,0,0,5.45,DEPLOY,750.0
1895,63.1567,3473.211,167.154,100.0,0.0,0,0,5.16,DEPLOY,750.0
1896,63.19,3474.764,168.213,100.0,0.0,0,0,4.87,DEPLOY,750.0
1897,63.2234,3476.328,169.322,100.0,0.0,0,0,4.57,DEPLOY,750.0
1898,63.2567,3477.9,170.488,100.0,0.0,0,0,4.28,DEPLOY,750.0
1899,63.29,3479.483,171.714,100.0,0.0,0,0,3.99,DEPLOY,750.0
1900,63.3233,3481.078,173.002,100.0,0.0,0,0,3.7,DEPLOY,750.0
1901,63.3567,3482.688,174.352,100.0,0.0,0,0,3.41,DEPLOY,750.0
1902,63.39,3484.309,175.742,100.0,0.0,0,0,3.12,DEPLOY,750.0
1903,63.4233,3485.942,177.168,100.0,0.0,0,0,2.82,DEPLOY,750.0
1904,63.4567,3487.588,178.624,100.0,0.0,0,0,2.53,DEPLOY,750.0
1905,63.49,3489.247,180.1,100.0,0.0,0,0,2.24,DEPLOY,750.0
1906,63.5233,3490.923,181.587,100.0,0.0,0,0,1.95,DEPLOY,750.0
1907,63.5566,3492.611,183.075,100.0,0.0,0,0,1.66,DEPLOY,750.0
1908,63.59,3494.313,184.55,100.0,0.0,0,0,1.37,DEPLOY,750.0
1909,63.6233,3496.028,185.915,100.0,0.0,0,0,1.08,DEPLOY,750.0
1910,63.6566,3497.755,187.171,100.0,0.0,0,0,0.78,DEPLOY,750.0
1911,63.6899,3499.493,188.427,100.0,0.0,0,0,0.49,DEPLOY,750.0
1912,63.7233,3501.242,189.683,100.0,0.0,0,0,0.21,DEPLOY,750.0
1913,63.7566,3503.004,190.939,100.0,0.0,0,0,0.02,DEPLOY,750.0
1914,63.7899,3504.779,192.192,100.0,0.0,0,0,0.0,DEPLOY,750.0
1915,63.8233,3506.564,193.445,100.0,0.0,0,0,0.0,DEPLOY,750.0
1916,63.8566,3508.361,194.696,100.0,0.0,0,0,0.0,DEPLOY,750.0
1917,63.8899,3510.169,195.945,100.0,0.0,0,0,0.0,DEPLOY,750.0
1918,63.9232,3511.989,197.191,100.0,0.0,0,0,0.0,DEPLOY,750.0
1919,63.9566,3513.82,198.433,100.0,0.0,0,0,0.0,DEPLOY,750.0
1920,63.9899,3515.662,199.672,100.0,0.0,0,0,0.0,DEPLOY,749.17
1921,64.0232,3517.516,200.906,100.0,0.0,0,0,0.0,DEPLOY,745.81
1922,64.0566,3519.382,202.126,100.0,0.0,0,0,0.0,DEPLOY,742.03
1923,64.0899,3521.258,203.273,100.0,0.0,0,0,0.0,DEPLOY,738.3
1924,64.1232,3523.146,204.57,100.0,0.0,0,0,0.0,DEPLOY,733.31
1925,64.1565,3525.045,205.779,100.0,0.0,0,0,0.0,DEPLOY,728.35
1926,64.1899,3526.956,206.975,100.0,0.0,0,0,0.0,DEPLOY,723.43
1927,64.2232,3528.878,208.163,100.0,0.0,0,0,0.0,DEPLOY,718.54
1928,64.2565,3530.811,209.34,100.0,0.0,0,0,0.0,DEPLOY,713.71
1929,64.2899,3532.754,210.506,100.0,0.0,0,0,0.0,DEPLOY,708.99
1930,64.3232,3534.708,211.663,100.0,0.0,0,0,0.0,DEPLOY,704.39
1931,64.3565,3536.673,212.808,100.0,0.0,0,0,0.0,DEPLOY,699.9
1932,64.3898,3538.649,213.943,100.0,0.0,0,0,0.0,DEPLOY,695.51
1933,64.4232,3540.635,215.067,100.0,0.0,0,0,0.0,DEPLOY,691.24
1934,64.4565,3542.631,216.179,100.0,0.0,0,0,0.0,DEPLOY,687.06
1935,64.4898,3544.637,217.281,100.0,0.0,0,0,0.0,DEPLOY,682.98
1936,64.5232,3546.654,218.372,100.0,0.0,0,0,0.0,DEPLOY,678.99
1937,64.5565,3548.68,219.452,100.0,0.0,0,0,0.0,DEPLOY,675.1
1938,64.5898,3550.717,220.52,100.0,0.0,0,0,0.0,DEPLOY,671.29
1939,64.6231,3552.763,221.578,100.0,0.0,0,0,0.0,DEPLOY,667.57
1940,64.6565,3554.819,222.626,100.0,0.0,0,0,0.0,DEPLOY,663.93
1941,64.6898,3556.885,223.663,100.0,0.0,0,0,0.0,DEPLOY,660.37
1942,64.7231,3558.96,224.689,100.0,0.0,0,0,0.0,DEPLOY,656.89
1943,64.7564,3561.045,225.706,100.0,0.0,0,0,0.0,DEPLOY,653.49
1944,64.7898,3563.139,226.713,100.0,0.0,0,0,0.0,DEPLOY,650.16
1945,64.8231,3565.242,227.711,100.0,0.0,0,0,0.0,DEPLOY,646.9
1946,64.8564,3567.355,228.7,100.0,0.0,0,0,0.0,DEPLOY,643.71
1947,64.8898,3569.477,229.68,100.0,0.0,0,0,0.0,DEPLOY,640.59
1948,64.9231,3571.608,230.653,100.0,0.0,0,0,0.0,DEPLOY,637.54
1949,64.9564,3573.748,231.618,100.0,0.0,0,0,0.0,DEPLOY,634.54
1950,64.9897,3575.897,232.576,100.0,0.0,0,0,0.0,DEPLOY,631.61
1951,65.0231,3578.055,233.527,100.0,0.0,0,0,0.0,DEPLOY,628.75
1952,65.0564,3580.221,234.472,100.0,0.0,0,0,0.0,DEPLOY,625.94
1953,65.0897,3582.396,235.412,100.0,0.0,0,0,0.0,DEPLOY,623.04
1954,65.1231,3584.58,236.345,100.0,0.0,0,0,0.0,DEPLOY,619.98
1955,65.1564,3586.772,237.273,100.0,0.0,0,0,0.0,DEPLOY,616.85
1956,65.1897,3588.972,238.165,100.0,0.0,0,0,0.0,DEPLOY,613.69
1957,65.223,3591.181,239.04,100.0,0.0,0,0,0.0,DEPLOY,610.57
1958,65.2564,3593.398,239.905,100.0,0.0,0,0,0.0,DEPLOY,607.48
1959,65.2897,3595.623,240.77,100.0,0.0,0,0,0.0,DEPLOY,604.39
1960,65.323,3597.857,241.657,100.0,0.0,0,0,0.0,DEPLOY,601.22
1961,65.3564,3600.098,242.608,100.0,0.0,0,0,0.0,DEPLOY,597.83
1962,65.3897,3602.349,243.594,100.0,0.0,0,0,0.0,DEPLOY,594.2
1963,65.423,3604.608,244.511,100.0,0.0,0,0,0.0,DEPLOY,590.55
1964,65.4563,3606.876,245.392,100.0,0.0,0,0,0.0,DEPLOY,586.97
1965,65.4897,3609.151,246.269,100.0,0.0,0,0,0.0,DEPLOY,583.45
1966,65.523,3611.435,247.139,100.0,0.0,0,0,0.0,DEPLOY,579.99
1967,65.5563,3613.728,248.003,100.0,0.0,0,0,0.0,DEPLOY,576.59
1968,65.5896,3616.028,248.86,100.0,0.0,0,0,0.0,DEPLOY,573.25
1969,65.623,3618.336,249.711,100.0,0.0,0,0,0.0,DEPLOY,569.96
1970,65.6563,3620.651,250.556,100.0,0.0,0,0,0.0,DEPLOY,566.72
1971,65.6896,3622.974,251.393,100.0,0.0,0,0,0.0,DEPLOY,563.54
1972,65.723,3625.305,252.222,100.0,0.0,0,0,0.0,DEPLOY,560.4
1973,65.7563,3627.644,253.042,100.0,0.0,0,0,0.0,DEPLOY,557.32
1974,65.7896,3629.991,253.854,100.0,0.0,0,0,0.0,DEPLOY,554.29
1975,65.8229,3632.345,254.657,100.0,0.0,0,0,0.0,DEPLOY,551.31
1976,65.8563,3634.706,255.45,100.0,0.0,0,0,0.0,DEPLOY,548.37
1977,65.8896,3637.074,256.234,100.0,0.0,0,0,0.0,DEPLOY,545.47
1978,65.9229,3639.45,257.006,100.0,0.0,0,0,0.0,DEPLOY,542.63
1979,65.9563,3641.833,257.767,100.0,0.0,0,0,0.0,DEPLOY,539.82
1980,65.9896,3644.223,258.516,100.0,0.0,0,0,0.0,DEPLOY,537.06
1981,66.0229,3646.62,259.254,100.0,0.0,0,0,0.0,DEPLOY,534.35
1982,66.0562,3649.023,259.979,100.0,0.0,0,0,0.0,DEPLOY,531.67
1983,66.0896,3651.433,260.69,100.0,0.0,0,0,0.0,DEPLOY,529.03
1984,66.1229,3653.85,261.386,100.0,0.0,0,0,0.0,DEPLOY,526.44
1985,66.1562,3656.273,262.068,100.0,0.0,0,0,0.0,DEPLOY,523.88
1986,66.1896,3658.702,262.736,100.0,0.0,0,0,0.0,DEPLOY,521.36
1987,66.2229,3661.137,263.388,100.0,0.0,0,0,0.0,DEPLOY,518.88
1988,66.2562,3663.579,264.022,100.0,0.0,0,0,0.0,DEPLOY,516.44
1989,66.2895,3666.026,264.64,100.0,0.0,0,0,0.0,DEPLOY,514.03
1990,66.3229,3668.479,265.241,100.0,0.0,0,0,0.0,DEPLOY,511.66
1991,66.3562,3670.937,265.824,100.0,0.0,0,0,0.0,DEPLOY,509.32
1992,66.3895,3673.4,266.389,100.0,0.0,0,0,0.0,DEPLOY,507.02
1993,66.4229,3675.869,266.933,100.0,0.0,0,0,0.0,DEPLOY,504.84
1994,66.4562,3678.343,267.459,100.0,0.0,0,0,0.0,DEPLOY,502.9
1995,66.4895,3680.821,267.966,100.0,0.0,0,0,0.0,DEPLOY,500.84
1996,66.5228,3683.304,268.452,100.0,0.0,0,0,0.0,DEPLOY,498.76
1997,66.5562,3685.792,268.917,100.0,0.0,0,0,0.0,DEPLOY,496.76
1998,66.5895,3688.283,269.361,100.0,0.0,0,0,0.0,DEPLOY,494.79
1999,66.6228,3690.779,269.785,100.0,0.0,0,0,0.0,DEPLOY,492.85
2000,66.6561,3693.278,270.188,100.0,0.0,0,0,0.0,DEPLOY,490.93
2001,66.6895,3695.782,270.568,100.0,0.0,0,0,0.0,DEPLOY,489.04
2002,66.7228,3698.288,270.928,100.0,0.0,0,0,0.0,DEPLOY,487.18
2003,66.7561,3700.798,271.268,100.0,0.0,0,0,0.0,DEPLOY,485.34
2004,66.7895,3703.311,271.588,100.0,0.0,0,0,0.0,DEPLOY,483.65
2005,66.8228,3705.826,271.885,100.0,0.0,0,0,0.0,DEPLOY,483.68
2006,66.8561,3708.345,272.163,100.0,0.0,0,0,0.0,DEPLOY,483.71
2007,66.8894,3710.866,272.424,100.0,0.0,0,0,0.0,DEPLOY,483.73
2008,66.9228,3713.389,272.665,100.0,0.0,0,0,0.0,DEPLOY,483.76
2009,66.9561,3715.914,272.886,100.0,0.0,0,0,0.0,DEPLOY,483.79
2010,66.9894,3718.441,273.091,100.0,0.0,0,0,0.0,DEPLOY,483.81
2011,67.0228,3720.97,273.279,100.0,0.0,0,0,0.0,DEPLOY,483.84
2012,67.0561,3723.501,273.45,100.0,0.0,0,0,0.0,DEPLOY,483.87
2013,67.0894,3726.034,273.605,100.0,0.0,0,0,0.0,DEPLOY,483.89
2014,67.1227,3728.567,273.746,100.0,0.0,0,0,0.0,DEPLOY,483.92
2015,67.1561,3731.102,273.874,100.0,0.0,0,0,0.0,DEPLOY,483.94
2016,67.1894,3733.638,273.987,100.0,0.0,0,0,0.0,DEPLOY,483.96
2017,67.2227,3736.175,274.088,100.0,0.0,0,0,0.0,DEPLOY,483.99
2018,67.2561,3738.713,274.178,100.0,0.0,0,0,0.0,DEPLOY,484.01
2019,67.2894,3741.252,274.258,100.0,0.0,0,0,0.0,DEPLOY,484.03
2020,67.3227,3743.791,274.327,100.0,0.0,0,0,0.0,DEPLOY,484.05
2021,67.356,3746.331,274.388,100.0,0.0,0,0,0.0,DEPLOY,484.08
2022,67.3894,3748.871,274.442,100.0,0.0,0,0,0.0,DEPLOY,484.1
2023,67.4227,3751.412,274.488,100.0,0.0,0,0,0.0,DEPLOY,484.12
2024,67.456,3753.954,274.527,100.0,0.0,0,0,0.0,DEPLOY,484.14
2025,67.4893,3756.495,274.561,100.0,0.0,0,0,0.0,DEPLOY,484.16
2026,67.5227,3759.037,274.59,100.0,0.0,0,0,0.0,DEPLOY,484.18
2027,67.556,3761.579,274.614,100.0,0.0,0,0,0.0,DEPLOY,484.2
2028,67.5893,3764.122,274.635,100.0,0.0,0,0,0.0,DEPLOY,484.22
2029,67.6227,3766.664,274.653,100.0,0.0,0,0,0.0,DEPLOY,484.24
2030,67.656,3769.207,274.668,100.0,0.0,0,0,0.0,DEPLOY,484.25
2031,67.6893,3771.75,274.681,100.0,0.0,0,0,0.0,DEPLOY,484.27
2032,67.7226,3774.293,274.693,100.0,0.0,0,0,0.0,DEPLOY,484.29
2033,67.756,3776.836,274.704,100.0,0.0,0,0,0.0,DEPLOY,484.31
2034,67.7893,3779.379,274.703,100.0,0.0,0,0,0.0,DEPLOY,484.32
2035,67.8226,3781.922,274.698,100.0,0.0,0,0,0.0,DEPLOY,484.34
2036,67.856,3784.466,274.693,100.0,0.0,0,0,0.0,DEPLOY,484.36
2037,67.8893,3787.009,274.688,100.0,0.0,0,0,0.0,DEPLOY,484.37
2038,67.9226,3789.552,274.683,100.0,0.0,0,0,0.0,DEPLOY,484.39
2039,67.9559,3792.095,274.678,100.0,0.0,0,0,0.0,DEPLOY,484.41
2040,67.9893,3794.637,274.674,100.0,0.0,0,0,0.0,DEPLOY,484.42
2041,68.0226,3797.18,274.669,100.0,0.0,0,0,0.0,DEPLOY,484.44
2042,68.0559,3799.723,274.665,100.0,0.0,0,0,0.0,DEPLOY,484.45
2043,68.0893,3802.266,274.66,100.0,0.0,0,0,0.0,DEPLOY,484.47
2044,68.1226,3804.809,274.656,100.0,0.0,0,0,0.0,DEPLOY,484.48
2045,68.1559,3807.351,274.652,100.0,0.0,0,0,0.0,DEPLOY,484.49
2046,68.1892,3809.894,274.647,100.0,0.0,0,0,0.0,DEPLOY,484.51
2047,68.2226,3812.437,274.643,100.0,0.0,0,0,0.0,DEPLOY,484.52
2048,68.2559,3814.979,274.639,100.0,0.0,0,0,0.0,DEPLOY,484.54
2049,68.2892,3817.522,274.635,100.0,0.0,0,0,0.0,DEPLOY,484.55
2050,68.3226,3820.064,274.631,100.0,0.0,0,0,0.0,DEPLOY,484.56
2051,68.3559,3822.607,274.628,100.0,0.0,0,0,0.0,DEPLOY,484.57
2052,68.3892,3825.149,274.624,100.0,0.0,0,0,0.0,DEPLOY,484.59
2053,68.4225,3827.691,274.62,100.0,0.0,0,0,0.0,DEPLOY,484.6
2054,68.4559,3830.234,274.617,100.0,0.0,0,0,0.0,DEPLOY,484.61
2055,68.4892,3832.776,274.613,100.0,0.0,0,0,0.0,DEPLOY,484.62
2056,68.5225,3835.318,274.61,100.0,0.0,0,0,0.0,DEPLOY,484.63
2057,68.5558,3837.861,274.606,100.0,0.0,0,0,0.0,DEPLOY,484.65
2058,68.5892,3840.403,274.603,100.0,0.0,0,0,0.0,DEPLOY,484.66
2059,68.6225,3842.945,274.599,100.0,0.0,0,0,0.0,DEPLOY,484.67
2060,68.6558,3845.488,274.694,100.0,0.0,0,0,0.0,DEPLOY,483.45
2061,68.6892,3848.031,274.801,100.0,0.0,0,0,0.0,DEPLOY,482.08
2062,68.7225,3850.576,274.909,100.0,0.0,0,0,0.0,DEPLOY,481.55
2063,68.7558,3853.121,275.016,100.0,0.0,0,0,0.0,DEPLOY,481.61
2064,68.7891,3855.668,275.123,100.0,0.0,0,0,0.0,DEPLOY,481.68
2065,68.8225,3858.215,275.23,100.0,0.0,0,0,0.0,DEPLOY,481.74
2066,68.8558,3860.764,275.338,100.0,0.0,0,0,0.0,DEPLOY,481.8
2067,68.8891,3863.313,275.456,100.0,0.0,0,0,0.0,DEPLOY,481.81
2068,68.9225,3865.866,275.925,100.0,0.0,0,0,0.0,DEPLOY,480.25
2069,68.9558,3868.423,276.453,100.0,0.0,0,0,0.0,DEPLOY,478.49
2070,68.9891,3870.984,276.975,100.0,0.0,0,0,0.0,DEPLOY,476.75
2071,69.0224,3873.551,277.489,100.0,0.0,0,0,0.0,DEPLOY,475.04
2072,69.0558,3876.123,277.996,100.0,0.0,0,0,0.0,DEPLOY,473.35
2073,69.0891,3878.698,278.496,100.0,0.0,0,0,0.0,DEPLOY,471.68
2074,69.1224,3881.278,278.804,100.0,0.0,0,0,0.0,DEPLOY,470.03
2075,69.1558,3883.86,278.931,100.0,0.0,0,0,0.0,DEPLOY,468.41
2076,69.1891,3886.443,279.033,100.0,0.0,0,0,0.0,DEPLOY,466.81
2077,69.2224,3889.026,279.106,100.0,0.0,0,0,0.0,DEPLOY,465.24
2078,69.2557,3891.61,279.142,100.0,0.0,0,0,0.0,DEPLOY,463.69
2079,69.2891,3894.194,279.135,100.0,0.0,0,0,0.0,DEPLOY,462.16
2080,69.3224,3896.778,279.084,100.0,0.0,0,0,0.0,DEPLOY,460.66
2081,69.3557,3899.362,278.982,100.0,0.0,0,0,0.0,DEPLOY,459.17
2082,69.389,3901.944,278.817,100.0,0.0,0,0,0.0,DEPLOY,457.71
2083,69.4224,3904.524,278.592,100.0,0.0,0,0,0.0,DEPLOY,456.27
2084,69.4557,3907.102,278.301,100.0,0.0,0,0,0.0,DEPLOY,454.86
2085,69.489,3909.676,277.93,100.0,0.0,0,0,0.0,DEPLOY,453.46
2086,69.5224,3912.247,277.48,100.0,0.0,0,0,0.0,DEPLOY,452.09
2087,69.5557,3914.814,276.951,100.0,0.0,0,0,0.0,DEPLOY,450.74
2088,69.589,3917.375,276.334,100.0,0.0,0,0,0.0,DEPLOY,449.41
2089,69.6223,3919.93,275.618,100.0,0.0,0,0,0.0,DEPLOY,448.11
2090,69.6557,3922.478,274.811,100.0,0.0,0,0,0.0,DEPLOY,446.82
2091,69.689,3925.018,273.913,100.0,0.0,0,0,0.0,DEPLOY,445.56
2092,69.7223,3927.549,272.911,100.0,0.0,0,0,0.0,DEPLOY,444.31
2093,69.7557,3930.07,271.808,100.0,0.0,0,0,0.0,DEPLOY,115.94
2094,69.789,3932.581,270.611,0.0,100.0,0,0,0.15,REGEN,-350.0
2095,69.8223,3935.081,269.319,0.0,100.0,0,0,0.42,REGEN,-350.0
2096,69.8556,3937.568,267.924,0.0,100.0,0,0,0.69,REGEN,-350.0
2097,69.889,3940.041,266.433,0.0,100.0,0,0,0.96,REGEN,-350.0
2098,69.9223,3942.5,264.854,0.0,100.0,0,0,1.23,REGEN,-350.0
2099,69.9556,3944.945,263.191,0.0,100.0,0,0,1.5,REGEN,-350.0
2100,69.989,3947.374,261.445,0.0,100.0,0,0,1.77,REGEN,-350.0
2101,70.0223,3949.785,259.598,0.0,100.0,0,0,2.04,REGEN,-350.0
2102,70.0556,3952.179,257.647,0.0,100.0,0,0,2.31,REGEN,-350.0
2103,70.0889,3954.555,255.592,0.0,100.0,0,0,2.58,REGEN,-350.0
2104,70.1223,3956.911,253.435,0.0,100.0,0,0,2.85,REGEN,-350.0
2105,70.1556,3959.248,251.182,0.0,100.0,0,0,3.13,REGEN,-350.0
2106,70.1889,3961.562,248.824,0.0,100.0,0,0,3.42,REGEN,-350.0
2107,70.2223,3963.853,246.381,0.0,100.0,0,0,3.7,REGEN,-350.0
2108,70.2556,3966.122,243.859,0.0,100.0,0,0,3.99,REGEN,-350.0
2109,70.2889,3968.367,241.092,0.0,100.0,0,0,4.28,REGEN,-350.0
2110,70.3222,3970.582,237.206,0.0,100.0,0,0,4.57,REGEN,-350.0
2111,70.3556,3972.758,232.856,0.0,100.0,0,0,4.86,REGEN,-350.0
2112,70.3889,3974.895,228.724,0.0,100.0,0,0,5.15,REGEN,-350.0
2113,70.4222,3976.995,224.806,0.0,100.0,0,0,5.44,REGEN,-350.0
2114,70.4555,3979.059,221.093,0.0,100.0,0,0,5.73,REGEN,-350.0
2115,70.4889,3981.09,217.577,0.0,100.0,0,0,6.03,REGEN,-350.0
2116,70.5222,3983.089,214.254,0.0,100.0,0,0,6.32,REGEN,-350.0
2117,70.5555,3985.058,211.126,0.0,100.0,0,0,6.61,REGEN,-350.0
2118,70.5889,3986.998,208.192,0.0,100.0,0,0,6.9,REGEN,-350.0
2119,70.6222,3988.913,205.453,0.0,100.0,0,0,7.19,REGEN,-350.0
2120,70.6555,3990.802,202.912,0.0,100.0,0,0,7.48,REGEN,-350.0
2121,70.6888,3992.67,200.57,0.0,100.0,0,0,7.78,REGEN,-350.0
2122,70.7222,3994.516,198.412,0.0,100.0,0,0,8.07,REGEN,-350.0
2123,70.7555,3996.343,196.372,0.0,100.0,0,0,8.36,REGEN,-350.0
2124,70.7888,3998.152,194.361,0.0,100.0,0,0,8.65,REGEN,-350.0
2125,70.8222,3999.942,192.323,0.0,100.0,0,0,8.94,REGEN,-350.0
2126,70.8555,4001.714,190.26,0.0,100.0,0,0,9.23,REGEN,-350.0
2127,70.8888,4003.467,188.233,0.0,100.0,0,0,9.53,REGEN,-350.0
2128,70.9221,4005.201,186.345,0.0,100.0,0,0,9.82,REGEN,-350.0
2129,70.9555,4006.918,184.728,0.0,100.0,0,0,10.11,REGEN,-350.0
2130,70.9888,4008.621,183.385,0.0,100.0,0,0,10.4,REGEN,-350.0
2131,71.0221,4010.314,182.298,0.0,100.0,0,0,10.69,REGEN,-350.0
2132,71.0555,4011.996,181.148,0.0,100.0,0,0,10.98,REGEN,-350.0
2133,71.0888,4013.667,179.729,0.0,100.0,0,0,11.28,REGEN,-350.0
2134,71.1221,4015.325,178.183,0.0,100.0,0,0,11.57,REGEN,-350.0
2135,71.1554,4016.966,176.518,0.0,100.0,0,0,11.86,REGEN,-350.0
2136,71.1888,4018.591,174.771,0.0,100.0,0,0,12.15,REGEN,-350.0
2137,71.2221,4020.2,172.965,0.0,100.0,0,0,12.44,REGEN,-350.0
2138,71.2554,4021.793,171.129,0.0,100.0,0,0,12.73,REGEN,-350.0
2139,71.2887,4023.371,169.295,0.0,100.0,0,0,13.03,REGEN,-350.0
2140,71.3221,4024.929,167.558,0.0,100.0,0,0,13.32,REGEN,-350.0
2141,71.3554,4026.472,165.936,0.0,100.0,0,0,13.61,REGEN,-350.0
2142,71.3887,4028.001,164.368,0.0,100.0,0,0,13.9,REGEN,-350.0
2143,71.4221,4029.517,162.821,0.0,100.0,0,0,14.19,REGEN,-350.0
2144,71.4554,4031.017,161.25,0.0,100.0,0,0,14.48,REGEN,-350.0
2145,71.4887,4032.5,159.669,0.0,100.0,0,0,14.78,REGEN,-350.0
2146,71.522,4033.971,158.111,0.0,100.0,0,0,15.07,REGEN,-350.0
2147,71.5554,4035.43,156.591,0.0,100.0,0,0,15.36,REGEN,-350.0
2148,71.5887,4036.872,155.172,0.0,100.0,0,0,15.65,REGEN,-350.0
2149,71.622,4038.302,153.869,0.0,100.0,0,0,15.94,REGEN,-350.0
2150,71.6554,4039.722,152.708,0.0,100.0,0,0,16.23,REGEN,-350.0
2151,71.6887,4041.132,151.752,0.0,100.0,0,0,16.52,REGEN,-350.0
2152,71.722,4042.535,151.384,0.0,100.0,0,0,16.82,REGEN,-350.0
2153,71.7553,4043.935,151.083,0.0,100.0,0,0,17.11,REGEN,-350.0
2154,71.7887,4045.333,150.781,0.0,100.0,0,0,17.4,REGEN,-319.26
2155,71.822,4046.727,150.452,100.0,100.0,0,0,17.69,REGEN,447.5
2156,71.8553,4048.112,149.278,100.0,0.0,0,0,17.63,DEPLOY,750.0
2157,71.8887,4049.488,147.513,100.0,0.0,0,0,17.34,DEPLOY,750.0
2158,71.922,4050.843,145.53,100.0,0.0,0,0,17.05,DEPLOY,750.0
2159,71.9553,4052.18,143.59,100.0,0.0,0,0,16.75,DEPLOY,750.0
2160,71.9886,4053.505,141.957,100.0,0.0,0,0,16.46,DEPLOY,750.0
2161,72.022,4054.818,141.692,100.0,0.0,0,0,16.17,DEPLOY,750.0
2162,72.0553,4056.129,141.427,100.0,0.0,0,0,15.88,DEPLOY,750.0
2163,72.0886,4057.437,141.163,100.0,0.0,0,0,15.59,DEPLOY,750.0
2164,72.122,4058.742,140.9,100.0,0.0,0,0,15.3,DEPLOY,750.0
2165,72.1553,4060.046,140.637,100.0,0.0,0,0,15.01,DEPLOY,750.0
2166,72.1886,4061.347,140.388,100.0,0.0,0,0,14.71,DEPLOY,750.0
2167,72.2219,4062.647,140.37,100.0,0.0,0,0,14.42,DEPLOY,750.0
2168,72.2553,4063.946,140.351,100.0,0.0,0,0,14.13,DEPLOY,750.0
2169,72.2886,4065.245,140.332,100.0,0.0,0,0,13.84,DEPLOY,750.0
2170,72.3219,4066.544,140.314,100.0,0.0,0,0,13.56,DEPLOY,750.0
2171,72.3552,4067.843,140.295,100.0,0.0,0,0,13.27,DEPLOY,750.0
2172,72.3886,4069.142,140.276,100.0,0.0,0,0,12.98,DEPLOY,750.0
2173,72.4219,4070.44,140.257,100.0,0.0,0,0,12.69,DEPLOY,750.0
2174,72.4552,4071.739,140.239,100.0,0.0,0,0,12.4,DEPLOY,750.0
2175,72.4886,4073.037,140.22,100.0,0.0,0,0,12.11,DEPLOY,750.0
2176,72.5219,4074.335,140.201,100.0,0.0,0,0,11.82,DEPLOY,750.0
2177,72.5552,4075.635,140.462,100.0,0.0,0,0,11.53,DEPLOY,750.0
2178,72.5885,4076.94,141.471,100.0,0.0,0,0,11.23,DEPLOY,750.0
2179,72.6219,4078.257,142.713,100.0,0.0,0,0,10.94,DEPLOY,750.0
2180,72.6552,4079.583,144.018,100.0,0.0,0,0,10.65,DEPLOY,750.0
2181,72.6885,4080.922,145.258,100.0,0.0,0,0,10.36,DEPLOY,750.0
2182,72.7219,4082.272,146.228,100.0,0.0,0,0,10.07,DEPLOY,750.0
2183,72.7552,4083.628,146.961,100.0,0.0,0,0,9.78,DEPLOY,750.0
2184,72.7885,4084.99,147.287,100.0,0.0,0,0,9.49,DEPLOY,750.0
2185,72.8218,4086.355,147.554,100.0,0.0,0,0,9.19,DEPLOY,750.0
2186,72.8552,4087.722,147.91,100.0,0.0,0,0,8.9,DEPLOY,750.0
2187,72.8885,4089.094,148.494,100.0,0.0,0,0,8.61,DEPLOY,750.0
2188,72.9218,4090.474,149.269,100.0,0.0,0,0,8.32,DEPLOY,750.0
2189,72.9552,4091.859,150.12,100.0,0.0,0,0,8.03,DEPLOY,750.0
2190,72.9885,4093.252,151.037,100.0,0.0,0,0,7.74,DEPLOY,750.0
2191,73.0218,4094.656,152.02,100.0,0.0,0,0,7.44,DEPLOY,750.0
2192,73.0551,4096.068,152.996,100.0,0.0,0,0,7.15,DEPLOY,750.0
2193,73.0885,4097.488,153.972,100.0,0.0,0,0,6.86,DEPLOY,750.0
2194,73.1218,4098.919,154.989,100.0,0.0,0,0,6.57,DEPLOY,750.0
2195,73.1551,4100.36,156.16,100.0,0.0,0,0,6.28,DEPLOY,750.0
2196,73.1884,4101.811,157.395,100.0,0.0,0,0,5.99,DEPLOY,750.0
2197,73.2218,4103.272,158.648,100.0,0.0,0,0,5.69,DEPLOY,750.0
2198,73.2551,4104.748,159.912,100.0,0.0,0,0,5.4,DEPLOY,750.0
2199,73.2884,4106.235,161.176,100.0,0.0,0,0,5.11,DEPLOY,750.0
2200,73.3218,4107.732,162.439,100.0,0.0,0,0,4.82,DEPLOY,750.0
2201,73.3551,4109.24,163.696,100.0,0.0,0,0,4.53,DEPLOY,750.0
2202,73.3884,4110.763,164.933,100.0,0.0,0,0,4.24,DEPLOY,750.0
2203,73.4217,4112.296,166.155,100.0,0.0,0,0,3.94,DEPLOY,750.0
2204,73.4551,4113.839,167.364,100.0,0.0,0,0,3.65,DEPLOY,750.0
2205,73.4884,4115.393,168.565,100.0,0.0,0,0,3.36,DEPLOY,750.0
2206,73.5217,4116.96,169.779,100.0,0.0,0,0,3.07,DEPLOY,750.0
2207,73.5551,4118.538,171.02,100.0,0.0,0,0,2.78,DEPLOY,750.0
2208,73.5884,4120.128,172.291,100.0,0.0,0,0,2.49,DEPLOY,750.0
2209,73.6217,4121.728,173.596,100.0,0.0,0,0,2.19,DEPLOY,750.0
2210,73.655,4123.34,174.936,100.0,0.0,0,0,1.9,DEPLOY,750.0
2211,73.6884,4124.967,176.324,100.0,0.0,0,0,1.61,DEPLOY,750.0
2212,73.7217,4126.607,177.75,100.0,0.0,0,0,1.32,DEPLOY,750.0
2213,73.755,4128.259,179.215,100.0,0.0,0,0,1.03,DEPLOY,750.0
2214,73.7884,4129.925,180.71,100.0,0.0,0,0,0.74,DEPLOY,750.0
2215,73.8217,4131.604,182.211,100.0,0.0,0,0,0.44,DEPLOY,750.0
2216,73.855,4133.297,183.659,100.0,0.0,0,0,0.15,DEPLOY,750.0
2217,73.8883,4135.004,184.963,100.0,0.0,0,0,0.02,DEPLOY,750.0
2218,73.9217,4136.723,186.271,100.0,0.0,0,0,0.0,DEPLOY,750.0
2219,73.955,4138.454,187.582,100.0,0.0,0,0,0.0,DEPLOY,750.0
2220,73.9883,4140.196,188.898,100.0,0.0,0,0,0.0,DEPLOY,750.0
2221,74.0217,4141.951,190.216,100.0,0.0,0,0,0.0,DEPLOY,750.0
2222,74.055,4143.718,191.514,100.0,0.0,0,0,0.0,DEPLOY,750.0
2223,74.0883,4145.496,192.754,100.0,0.0,0,0,0.0,DEPLOY,750.0
2224,74.1216,4147.286,194.025,100.0,0.0,0,0,0.0,DEPLOY,750.0
2225,74.155,4149.088,195.326,100.0,0.0,0,0,0.0,DEPLOY,750.0
2226,74.1883,4150.903,196.645,100.0,0.0,0,0,0.0,DEPLOY,750.0
2227,74.2216,4152.73,197.978,100.0,0.0,0,0,0.0,DEPLOY,750.0
2228,74.2549,4154.57,199.321,100.0,0.0,0,0,0.0,DEPLOY,750.0
2229,74.2883,4156.421,200.671,100.0,0.0,0,0,0.0,DEPLOY,747.38
2230,74.3216,4158.285,202.025,100.0,0.0,0,0,0.0,DEPLOY,742.77
2231,74.3549,4160.162,203.382,100.0,0.0,0,0,0.0,DEPLOY,737.92
2232,74.3883,4162.051,204.742,100.0,0.0,0,0,0.0,DEPLOY,733.07
2233,74.4216,4163.952,206.104,100.0,0.0,0,0,0.0,DEPLOY,728.2
2234,74.4549,4165.867,207.468,100.0,0.0,0,0,0.0,DEPLOY,723.33
2235,74.4882,4167.793,208.822,100.0,0.0,0,0,0.0,DEPLOY,718.45
2236,74.5216,4169.733,210.145,100.0,0.0,0,0,0.0,DEPLOY,713.56
2237,74.5549,4171.684,211.462,100.0,0.0,0,0,0.0,DEPLOY,708.67
2238,74.5882,4173.648,212.775,100.0,0.0,0,0,0.0,DEPLOY,703.76
2239,74.6216,4175.624,214.083,100.0,0.0,0,0,0.0,DEPLOY,698.85
2240,74.6549,4177.612,215.385,100.0,0.0,0,0,0.0,DEPLOY,693.94
2241,74.6882,4179.612,216.682,100.0,0.0,0,0,0.0,DEPLOY,689.01
2242,74.7215,4181.624,217.972,100.0,0.0,0,0,0.0,DEPLOY,684.07
2243,74.7549,4183.647,219.254,100.0,0.0,0,0,0.0,DEPLOY,679.13
2244,74.7882,4185.683,220.529,100.0,0.0,0,0,0.0,DEPLOY,674.18
2245,74.8215,4187.731,221.795,100.0,0.0,0,0,0.0,DEPLOY,669.22
2246,74.8549,4189.79,223.052,100.0,0.0,0,0,0.0,DEPLOY,664.28
2247,74.8882,4191.861,224.299,100.0,0.0,0,0,0.0,DEPLOY,659.4
2248,74.9215,4193.943,225.535,100.0,0.0,0,0,0.0,DEPLOY,654.62
2249,74.9548,4196.037,226.761,100.0,0.0,0,0,0.0,DEPLOY,649.94
2250,74.9882,4198.142,227.976,100.0,0.0,0,0,0.0,DEPLOY,645.34
2251,75.0215,4200.258,229.179,100.0,0.0,0,0,0.0,DEPLOY,640.82
2252,75.0548,4202.385,230.371,100.0,0.0,0,0,0.0,DEPLOY,636.39
2253,75.0881,4204.523,231.549,100.0,0.0,0,0,0.0,DEPLOY,632.04
2254,75.1215,4206.672,232.715,100.0,0.0,0,0,0.0,DEPLOY,627.77
2255,75.1548,4208.832,233.868,100.0,0.0,0,0,0.0,DEPLOY,623.57
2256,75.1881,4211.002,235.008,100.0,0.0,0,0,0.0,DEPLOY,619.44
2257,75.2215,4213.183,236.133,100.0,0.0,0,0,0.0,DEPLOY,615.39
2258,75.2548,4215.374,237.245,100.0,0.0,0,0,0.0,DEPLOY,611.41
2259,75.2881,4217.575,238.342,100.0,0.0,0,0,0.0,DEPLOY,607.5
2260,75.3214,4219.787,239.424,100.0,0.0,0,0,0.0,DEPLOY,603.66
2261,75.3548,4222.009,240.492,100.0,0.0,0,0,0.0,DEPLOY,599.88
2262,75.3881,4224.24,241.546,100.0,0.0,0,0,0.0,DEPLOY,596.17
2263,75.4214,4226.481,242.584,100.0,0.0,0,0,0.0,DEPLOY,592.51
2264,75.4548,4228.732,243.609,100.0,0.0,0,0,0.0,DEPLOY,588.92
2265,75.4881,4230.991,244.618,100.0,0.0,0,0,0.0,DEPLOY,585.38
2266,75.5214,4233.26,245.614,100.0,0.0,0,0,0.0,DEPLOY,581.91
2267,75.5547,4235.539,246.593,100.0,0.0,0,0,0.0,DEPLOY,578.49
2268,75.5881,4237.826,247.558,100.0,0.0,0,0,0.0,DEPLOY,575.12
2269,75.6214,4240.123,248.508,100.0,0.0,0,0,0.0,DEPLOY,571.81
2270,75.6547,4242.428,249.445,100.0,0.0,0,0,0.0,DEPLOY,568.56
2271,75.6881,4244.741,250.367,100.0,0.0,0,0,0.0,DEPLOY,565.35
2272,75.7214,4247.063,251.276,100.0,0.0,0,0,0.0,DEPLOY,562.19
2273,75.7547,4249.393,252.17,100.0,0.0,0,0,0.0,DEPLOY,559.09
2274,75.788,4251.732,253.05,100.0,0.0,0,0,0.0,DEPLOY,556.03
2275,75.8214,4254.079,253.916,100.0,0.0,0,0,0.0,DEPLOY,553.02
2276,75.8547,4256.434,254.77,100.0,0.0,0,0,0.0,DEPLOY,550.06
2277,75.888,4258.796,255.61,100.0,0.0,0,0,0.0,DEPLOY,547.15
2278,75.9214,4261.166,256.438,100.0,0.0,0,0,0.0,DEPLOY,544.27
2279,75.9547,4263.544,257.253,100.0,0.0,0,0,0.0,DEPLOY,541.44
2280,75.988,4265.93,258.054,100.0,0.0,0,0,0.0,DEPLOY,538.66
2281,76.0213,4268.322,258.844,100.0,0.0,0,0,0.0,DEPLOY,535.92
2282,76.0547,4270.722,259.622,100.0,0.0,0,0,0.0,DEPLOY,533.22
2283,76.088,4273.129,260.388,100.0,0.0,0,0,0.0,DEPLOY,530.56
2284,76.1213,4275.543,261.143,100.0,0.0,0,0,0.0,DEPLOY,527.94
2285,76.1546,4277.964,261.885,100.0,0.0,0,0,0.0,DEPLOY,525.36
2286,76.188,4280.392,262.617,100.0,0.0,0,0,0.0,DEPLOY,522.81
2287,76.2213,4282.827,263.338,100.0,0.0,0,0,0.0,DEPLOY,520.31
2288,76.2546,4285.268,264.048,100.0,0.0,0,0,0.0,DEPLOY,517.84
2289,76.288,4287.716,264.747,100.0,0.0,0,0,0.0,DEPLOY,515.41
2290,76.3213,4290.17,265.436,100.0,0.0,0,0,0.0,DEPLOY,513.01
2291,76.3546,4292.63,266.115,100.0,0.0,0,0,0.0,DEPLOY,510.65
2292,76.3879,4295.097,266.784,100.0,0.0,0,0,0.0,DEPLOY,508.32
2293,76.4213,4297.57,267.443,100.0,0.0,0,0,0.0,DEPLOY,506.03
2294,76.4546,4300.049,268.092,100.0,0.0,0,0,0.0,DEPLOY,503.77
2295,76.4879,4302.534,268.732,100.0,0.0,0,0,0.0,DEPLOY,501.55
2296,76.5213,4305.025,269.363,100.0,0.0,0,0,0.0,DEPLOY,499.4
2297,76.5546,4307.521,269.985,100.0,0.0,0,0,0.0,DEPLOY,497.38
2298,76.5879,4310.024,270.597,100.0,0.0,0,0,0.0,DEPLOY,495.39
2299,76.6212,4312.532,271.201,100.0,0.0,0,0,0.0,DEPLOY,493.42
2300,76.6546,4315.045,271.797,100.0,0.0,0,0,0.0,DEPLOY,491.48
2301,76.6879,4317.564,272.384,100.0,0.0,0,0,0.0,DEPLOY,489.57
2302,76.7212,4320.088,272.962,100.0,0.0,0,0,0.0,DEPLOY,487.69
2303,76.7546,4322.618,273.532,100.0,0.0,0,0,0.0,DEPLOY,485.83
2304,76.7879,4325.153,274.095,100.0,0.0,0,0,0.0,DEPLOY,484.0
2305,76.8212,4327.693,274.65,100.0,0.0,0,0,0.0,DEPLOY,482.19
2306,76.8545,4330.238,275.197,100.0,0.0,0,0,0.0,DEPLOY,480.41
2307,76.8879,4332.788,275.736,100.0,0.0,0,0,0.0,DEPLOY,478.65
2308,76.9212,4335.343,276.269,100.0,0.0,0,0,0.0,DEPLOY,476.91
2309,76.9545,4337.904,276.793,100.0,0.0,0,0,0.0,DEPLOY,475.2
2310,76.9878,4340.468,277.31,100.0,0.0,0,0,0.0,DEPLOY,473.51
2311,77.0212,4343.038,277.821,100.0,0.0,0,0,0.0,DEPLOY,471.85
2312,77.0545,4345.612,278.324,100.0,0.0,0,0,0.0,DEPLOY,470.2
2313,77.0878,4348.191,278.821,100.0,0.0,0,0,0.0,DEPLOY,468.58
2314,77.1212,4350.775,279.311,100.0,0.0,0,0,0.0,DEPLOY,466.98
2315,77.1545,4353.363,279.794,100.0,0.0,0,0,0.0,DEPLOY,465.4
2316,77.1878,4355.955,280.271,100.0,0.0,0,0,0.0,DEPLOY,463.84
2317,77.2211,4358.552,280.741,100.0,0.0,0,0,0.0,DEPLOY,462.3
2318,77.2545,4361.153,281.206,100.0,0.0,0,0,0.0,DEPLOY,460.79
2319,77.2878,4363.759,281.663,100.0,0.0,0,0,0.0,DEPLOY,459.29
2320,77.3211,4366.369,282.115,100.0,0.0,0,0,0.0,DEPLOY,457.81
2321,77.3545,4368.982,282.561,100.0,0.0,0,0,0.0,DEPLOY,456.35
2322,77.3878,4371.6,283.001,100.0,0.0,0,0,0.0,DEPLOY,454.91
2323,77.4211,4374.222,283.435,100.0,0.0,0,0,0.0,DEPLOY,453.49
2324,77.4544,4376.848,283.863,100.0,0.0,0,0,0.0,DEPLOY,452.09
2325,77.4878,4379.478,284.286,100.0,0.0,0,0,0.0,DEPLOY,450.71
2326,77.5211,4382.112,284.703,100.0,0.0,0,0,0.0,DEPLOY,449.34
2327,77.5544,4384.75,285.115,100.0,0.0,0,0,0.0,DEPLOY,447.99
2328,77.5878,4387.391,285.522,100.0,0.0,0,0,0.0,DEPLOY,446.66
2329,77.6211,4390.036,285.922,100.0,0.0,0,0,0.0,DEPLOY,445.35
2330,77.6544,4392.685,286.318,100.0,0.0,0,0,0.0,DEPLOY,444.05
2331,77.6877,4395.337,286.709,100.0,0.0,0,0,0.0,DEPLOY,442.77
2332,77.7211,4397.994,287.094,100.0,0.0,0,0,0.0,DEPLOY,441.51
2333,77.7544,4400.653,287.475,100.0,0.0,0,0,0.0,DEPLOY,440.27
2334,77.7877,4403.316,287.851,100.0,0.0,0,0,0.0,DEPLOY,439.03
2335,77.8211,4405.983,288.221,100.0,0.0,0,0,0.0,DEPLOY,437.82
2336,77.8544,4408.653,288.588,100.0,0.0,0,0,0.0,DEPLOY,436.62
2337,77.8877,4411.326,288.949,100.0,0.0,0,0,0.0,DEPLOY,435.44
2338,77.921,4414.003,289.306,100.0,0.0,0,0,0.0,DEPLOY,434.27
2339,77.9544,4416.683,289.658,100.0,0.0,0,0,0.0,DEPLOY,433.11
2340,77.9877,4419.366,290.006,100.0,0.0,0,0,0.0,DEPLOY,431.97
2341,78.021,4422.053,290.348,100.0,0.0,0,0,0.0,DEPLOY,430.85
2342,78.0543,4424.742,290.687,100.0,0.0,0,0,0.0,DEPLOY,429.74
2343,78.0877,4427.435,291.022,100.0,0.0,0,0,0.0,DEPLOY,428.64
2344,78.121,4430.131,291.352,100.0,0.0,0,0,0.0,DEPLOY,427.56
2345,78.1543,4432.829,291.678,100.0,0.0,0,0,0.0,DEPLOY,426.49
2346,78.1877,4435.531,292.0,100.0,0.0,0,0,0.0,DEPLOY,425.44
2347,78.221,4438.236,292.318,100.0,0.0,0,0,0.0,DEPLOY,424.39
2348,78.2543,4440.944,292.632,100.0,0.0,0,0,0.0,DEPLOY,423.37
2349,78.2876,4443.654,292.942,100.0,0.0,0,0,0.0,DEPLOY,422.35
2350,78.321,4446.368,293.248,100.0,0.0,0,0,0.0,DEPLOY,421.35
2351,78.3543,4449.084,293.55,100.0,0.0,0,0,0.0,DEPLOY,420.36
2352,78.3876,4451.803,293.848,100.0,0.0,0,0,0.0,DEPLOY,419.38
2353,78.421,4454.525,294.143,100.0,0.0,0,0,0.0,DEPLOY,418.41
2354,78.4543,4457.249,294.434,100.0,0.0,0,0,0.0,DEPLOY,417.46
2355,78.4876,4459.976,294.722,100.0,0.0,0,0,0.0,DEPLOY,416.52
2356,78.5209,4462.706,295.006,100.0,0.0,0,0,0.0,DEPLOY,415.59
2357,78.5543,4465.438,295.286,100.0,0.0,0,0,0.0,DEPLOY,414.67
2358,78.5876,4468.173,295.563,100.0,0.0,0,0,0.0,DEPLOY,413.76
2359,78.6209,4470.911,295.837,100.0,0.0,0,0,0.0,DEPLOY,412.87
2360,78.6543,4473.651,296.108,100.0,0.0,0,0,0.0,DEPLOY,411.98
2361,78.6876,4476.393,296.375,100.0,0.0,0,0,0.0,DEPLOY,411.11
2362,78.7209,4479.138,296.639,100.0,0.0,0,0,0.0,DEPLOY,410.24
2363,78.7542,4481.886,296.9,100.0,0.0,0,0,0.0,DEPLOY,409.39
2364,78.7876,4484.636,297.158,100.0,0.0,0,0,0.0,DEPLOY,408.55
2365,78.8209,4487.388,297.414,100.0,0.0,0,0,0.0,DEPLOY,407.72
2366,78.8542,4490.143,297.666,100.0,0.0,0,0,0.0,DEPLOY,406.9
2367,78.8876,4492.899,297.915,100.0,0.0,0,0,0.0,DEPLOY,406.09
2368,78.9209,4495.659,298.162,100.0,0.0,0,0,0.0,DEPLOY,405.29
2369,78.9542,4498.42,298.406,100.0,0.0,0,0,0.0,DEPLOY,404.5
2370,78.9875,4501.184,298.648,100.0,0.0,0,0,0.0,DEPLOY,403.72
2371,79.0209,4503.95,298.887,100.0,0.0,0,0,0.0,DEPLOY,402.94
2372,79.0542,4506.718,299.123,100.0,0.0,0,0,0.0,DEPLOY,402.18
2373,79.0875,4509.488,299.357,100.0,0.0,0,0,0.0,DEPLOY,401.43
2374,79.1208,4512.261,299.589,100.0,0.0,0,0,0.0,DEPLOY,400.69
2375,79.1542,4515.035,299.818,100.0,0.0,0,0,0.0,DEPLOY,400.07
2376,79.1875,4517.812,300.046,100.0,0.0,0,0,0.0,DEPLOY,400.0
2377,79.2208,4520.591,300.271,100.0,0.0,0,0,0.0,DEPLOY,400.0
2378,79.2542,4523.371,300.494,100.0,0.0,0,0,0.0,DEPLOY,400.0
2379,79.2875,4526.155,300.715,100.0,0.0,0,0,0.0,DEPLOY,400.0
2380,79.3208,4528.939,300.934,100.0,0.0,0,0,0.0,DEPLOY,400.0
2381,79.3541,4531.726,301.151,100.0,0.0,0,0,0.0,DEPLOY,400.0
2382,79.3875,4534.515,301.367,100.0,0.0,0,0,0.0,DEPLOY,400.0
2383,79.4208,4537.306,301.58,100.0,0.0,0,0,0.0,DEPLOY,400.0
2384,79.4541,4540.099,301.792,100.0,0.0,0,0,0.0,DEPLOY,400.0
2385,79.4875,4542.894,302.003,100.0,0.0,0,0,0.0,DEPLOY,400.0
2386,79.5208,4545.691,302.211,100.0,0.0,0,0,0.0,DEPLOY,400.0
2387,79.5541,4548.49,302.418,100.0,0.0,0,0,0.0,DEPLOY,400.0
2388,79.5874,4551.291,302.624,100.0,0.0,0,0,0.0,DEPLOY,400.0
2389,79.6208,4554.093,302.828,100.0,0.0,0,0,0.0,DEPLOY,400.0
2390,79.6541,4556.898,303.03,100.0,0.0,0,0,0.0,DEPLOY,400.0
2391,79.6874,4559.704,303.231,100.0,0.0,0,0,0.0,DEPLOY,400.0
2392,79.7208,4562.512,303.431,100.0,0.0,0,0,0.0,DEPLOY,400.0
2393,79.7541,4565.322,303.629,100.0,0.0,0,0,0.0,DEPLOY,400.0
2394,79.7874,4568.134,303.826,100.0,0.0,0,0,0.0,DEPLOY,400.0
2395,79.8207,4570.948,304.022,100.0,0.0,0,0,0.0,DEPLOY,400.0
2396,79.8541,4573.763,304.216,100.0,0.0,0,0,0.0,DEPLOY,400.0
2397,79.8874,4576.58,304.409,100.0,0.0,0,0,0.0,DEPLOY,400.0
2398,79.9207,4579.399,304.601,100.0,0.0,0,0,0.0,DEPLOY,400.0
2399,79.954,4582.22,304.791,100.0,0.0,0,0,0.0,DEPLOY,400.0
2400,79.9874,4585.043,304.98,100.0,0.0,0,0,0.0,DEPLOY,400.0
2401,80.0207,4587.867,305.168,100.0,0.0,0,0,0.0,DEPLOY,400.0
2402,80.054,4590.693,305.354,100.0,0.0,0,0,0.0,DEPLOY,400.0
2403,80.0874,4593.521,305.539,100.0,0.0,0,0,0.0,DEPLOY,400.0
2404,80.1207,4596.35,305.722,100.0,0.0,0,0,0.0,DEPLOY,400.0
2405,80.154,4599.182,305.904,100.0,0.0,0,0,0.0,DEPLOY,400.0
2406,80.1873,4602.014,306.084,100.0,0.0,0,0,0.0,DEPLOY,400.0
2407,80.2207,4604.849,306.262,100.0,0.0,0,0,0.0,DEPLOY,400.0
2408,80.254,4607.685,306.437,100.0,0.0,0,0,0.0,DEPLOY,400.0
2409,80.2873,4610.523,306.61,100.0,0.0,0,0,0.0,DEPLOY,400.0
2410,80.3207,4613.362,306.781,100.0,0.0,0,0,0.0,DEPLOY,400.0
2411,80.354,4616.203,306.948,100.0,0.0,0,0,0.0,DEPLOY,400.0
2412,80.3873,4619.045,307.112,100.0,0.0,0,0,0.0,DEPLOY,400.0
2413,80.4206,4621.889,307.271,100.0,0.0,0,0,0.0,DEPLOY,400.0
2414,80.454,4624.735,307.426,100.0,0.0,0,0,0.0,DEPLOY,400.0
2415,80.4873,4627.581,307.575,100.0,0.0,0,0,0.0,DEPLOY,400.0
2416,80.5206,4630.43,307.717,100.0,0.0,0,0,0.0,DEPLOY,400.0
2417,80.554,4633.279,307.851,100.0,0.0,0,0,0.0,DEPLOY,400.0
2418,80.5873,4636.13,307.975,100.0,0.0,0,0,0.0,DEPLOY,400.0
2419,80.6206,4638.981,308.09,100.0,0.0,0,0,0.0,DEPLOY,400.0
2420,80.6539,4641.834,308.191,100.0,0.0,0,0,0.0,DEPLOY,400.0
2421,80.6873,4644.688,308.277,100.0,0.0,0,0,0.0,DEPLOY,400.0
2422,80.7206,4647.542,308.348,100.0,0.0,0,0,0.0,DEPLOY,400.0
2423,80.7539,4650.397,308.397,100.0,0.0,0,0,0.0,DEPLOY,400.0
2424,80.7873,4653.252,308.425,100.0,0.0,0,0,0.0,DEPLOY,400.0
2425,80.8206,4656.107,308.425,100.0,0.0,0,0,0.0,DEPLOY,400.0
2426,80.8539,4658.963,308.397,100.0,0.0,0,0,0.0,DEPLOY,400.0
2427,80.8872,4661.817,308.335,100.0,0.0,0,0,0.0,DEPLOY,400.0
2428,80.9206,4664.671,308.234,100.0,0.0,0,0,0.0,DEPLOY,400.0
2429,80.9539,4667.524,308.095,100.0,0.0,0,0,0.0,NORMAL,400.0
2430,80.9872,4670.376,307.902,100.0,0.0,0,0,0.0,NORMAL,400.0
2431,81.0205,4673.225,307.661,100.0,0.0,0,0,0.0,NORMAL,400.0
2432,81.0539,4676.072,307.36,100.0,0.0,0,0,0.0,NORMAL,400.0
2433,81.0872,4678.916,306.996,100.0,0.0,0,0,0.0,NORMAL,400.0
2434,81.1205,4681.756,306.564,100.0,0.0,0,0,0.0,NORMAL,400.0
2435,81.1539,4684.592,306.054,100.0,0.0,0,0,0.0,NORMAL,400.0
2436,81.1872,4687.423,305.47,100.0,0.0,0,0,0.0,NORMAL,400.0
2437,81.2205,4690.247,304.791,100.0,0.0,0,0,0.0,NORMAL,400.0
2438,81.2538,4693.066,304.027,100.0,0.0,0,0,0.0,NORMAL,400.0
2439,81.2872,4695.876,303.166,100.0,0.0,0,0,0.0,NORMAL,400.0
2440,81.3205,4698.678,302.202,100.0,0.0,0,0,0.0,NORMAL,400.0
2441,81.3538,4701.472,301.142,100.0,0.0,0,0,0.0,NORMAL,335.69
2442,81.3872,4704.254,299.962,100.0,0.0,0,0,0.05,SUPERCLIP,335.0
2443,81.4205,4707.025,298.68,100.0,0.0,0,0,0.1,SUPERCLIP,335.0
2444,81.4538,4709.784,297.285,0.0,100.0,0,0,0.18,REGEN,-350.0
2445,81.4871,4712.528,295.773,0.0,100.0,0,0,0.46,REGEN,-350.0
2446,81.5205,4715.26,294.156,0.0,100.0,0,0,0.73,REGEN,-350.0
2447,81.5538,4717.975,292.419,0.0,100.0,0,0,1.01,REGEN,-350.0
2448,81.5871,4720.673,290.574,0.0,100.0,0,0,1.28,REGEN,-350.0
2449,81.6205,4723.355,288.628,0.0,100.0,0,0,1.55,REGEN,-350.0
2450,81.6538,4726.017,286.57,0.0,100.0,0,0,1.82,REGEN,-350.0
2451,81.6871,4728.66,284.416,0.0,100.0,0,0,2.09,REGEN,-350.0
2452,81.7204,4731.283,282.174,0.0,100.0,0,0,2.35,REGEN,-350.0
2453,81.7538,4733.884,279.816,0.0,100.0,0,0,2.62,REGEN,-350.0
2454,81.7871,4736.463,277.325,0.0,100.0,0,0,2.88,REGEN,-350.0
2455,81.8204,4739.018,274.709,0.0,100.0,0,0,3.15,REGEN,-350.0
2456,81.8537,4741.55,271.969,0.0,100.0,0,0,3.43,REGEN,-350.0
2457,81.8871,4744.053,269.091,0.0,100.0,0,0,3.71,REGEN,-350.0
2458,81.9204,4746.53,266.098,0.0,100.0,0,0,3.98,REGEN,-350.0
2459,81.9537,4748.98,262.998,0.0,100.0,0,0,4.27,REGEN,-350.0
2460,81.9871,4751.401,259.795,0.0,100.0,0,0,4.55,REGEN,-350.0
2461,82.0204,4753.79,256.489,0.0,100.0,0,0,4.84,REGEN,-350.0
2462,82.0537,4756.148,253.092,0.0,100.0,0,0,5.13,REGEN,-350.0
2463,82.087,4758.472,249.063,0.0,100.0,0,0,5.42,REGEN,-350.0
2464,82.1204,4760.755,244.15,0.0,100.0,0,0,5.71,REGEN,-350.0
2465,82.1537,4762.994,239.248,0.0,100.0,0,0,6.0,REGEN,-350.0
2466,82.187,4765.187,234.492,0.0,100.0,0,0,6.29,REGEN,-350.0
2467,82.2204,4767.338,229.923,0.0,100.0,0,0,6.59,REGEN,-350.0
2468,82.2537,4769.447,225.537,0.0,100.0,0,0,6.88,REGEN,-350.0
2469,82.287,4771.516,221.324,0.0,100.0,0,0,7.17,REGEN,-350.0
2470,82.3203,4773.546,217.272,0.0,100.0,0,0,7.46,REGEN,-350.0
2471,82.3537,4775.54,213.367,0.0,100.0,0,0,7.75,REGEN,-350.0
2472,82.387,4777.497,209.601,0.0,100.0,0,0,8.04,REGEN,-350.0
2473,82.4203,4779.42,205.967,0.0,100.0,0,0,8.33,REGEN,-350.0
2474,82.4537,4781.31,202.455,0.0,100.0,0,0,8.63,REGEN,-350.0
2475,82.487,4783.168,199.057,0.0,100.0,0,0,8.92,REGEN,-350.0
2476,82.5203,4784.994,195.765,0.0,100.0,0,0,9.21,REGEN,-350.0
2477,82.5536,4786.791,192.574,0.0,100.0,0,0,9.5,REGEN,-350.0
2478,82.587,4788.559,189.477,0.0,100.0,0,0,9.79,REGEN,-350.0
2479,82.6203,4790.299,186.471,0.0,100.0,0,0,10.08,REGEN,-350.0
2480,82.6536,4792.013,183.551,0.0,100.0,0,0,10.38,REGEN,-350.0
2481,82.687,4793.701,180.713,0.0,100.0,0,0,10.67,REGEN,-350.0
2482,82.7203,4795.361,177.963,0.0,100.0,0,0,10.96,REGEN,-350.0
2483,82.7536,4796.994,175.301,0.0,100.0,0,0,11.25,REGEN,-350.0
2484,82.7869,4798.604,172.714,0.0,100.0,0,0,11.54,REGEN,-350.0
2485,82.8203,4800.192,170.193,0.0,100.0,0,0,11.83,REGEN,-350.0
2486,82.8536,4801.758,167.733,0.0,100.0,0,0,12.13,REGEN,-350.0
2487,82.8869,4803.3,165.339,0.0,100.0,0,0,12.42,REGEN,-350.0
2488,82.9202,4804.818,163.032,0.0,100.0,0,0,12.71,REGEN,-350.0
2489,82.9536,4806.316,160.787,0.0,100.0,0,0,13.0,REGEN,-350.0
2490,82.9869,4807.797,158.599,0.0,100.0,0,0,13.29,REGEN,-350.0
2491,83.0202,4809.255,156.482,0.0,100.0,0,0,13.58,REGEN,-350.0
2492,83.0536,4810.692,154.437,0.0,100.0,0,0,13.88,REGEN,-350.0
2493,83.0869,4812.113,152.448,0.0,100.0,0,0,14.17,REGEN,-350.0
2494,83.1202,4813.519,150.515,0.0,100.0,0,0,14.46,REGEN,-350.0
2495,83.1535,4814.901,148.683,0.0,100.0,0,0,14.75,REGEN,-350.0
2496,83.1869,4816.269,146.915,0.0,100.0,0,0,15.04,REGEN,-350.0
2497,83.2202,4817.624,145.246,0.0,100.0,0,0,15.33,REGEN,-350.0
2498,83.2535,4818.962,144.186,0.0,100.0,0,0,15.63,REGEN,-350.0
2499,83.2869,4820.29,142.933,0.0,100.0,0,0,15.92,REGEN,-350.0
2500,83.3202,4821.61,141.546,0.0,100.0,0,0,16.21,REGEN,-350.0
2501,83.3535,4822.912,140.269,0.0,100.0,0,0,16.5,REGEN,-350.0
2502,83.3868,4824.205,139.062,0.0,100.0,0,0,16.79,REGEN,-350.0
2503,83.4202,4825.49,137.919,0.0,100.0,0,0,17.08,REGEN,-350.0
2504,83.4535,4826.76,136.907,0.0,100.0,0,0,17.38,REGEN,-350.0
2505,83.4868,4828.023,135.956,0.0,100.0,0,0,17.67,REGEN,-350.0
2506,83.5202,4829.279,135.091,0.0,100.0,0,0,17.96,REGEN,-350.0
2507,83.5535,4830.524,134.303,0.0,100.0,0,0,18.25,REGEN,-350.0
2508,83.5868,4831.766,133.529,0.0,100.0,0,0,18.54,REGEN,-350.0
2509,83.6201,4832.997,132.728,0.0,100.0,0,0,18.83,REGEN,-350.0
2510,83.6535,4834.222,131.887,0.0,100.0,0,0,19.12,REGEN,-350.0
2511,83.6868,4835.44,131.016,0.0,100.0,0,0,19.42,REGEN,-350.0
2512,83.7201,4836.647,130.149,0.0,100.0,0,0,19.71,REGEN,-350.0
2513,83.7534,4837.85,129.354,0.0,100.0,0,0,20.0,REGEN,-179.84
2514,83.7868,4839.044,128.762,100.0,100.0,0,0,20.29,REGEN,476.87
2515,83.8201,4840.235,128.389,100.0,0.0,0,0,20.24,DEPLOY,750.0
2516,83.8534,4841.423,128.172,100.0,0.0,0,0,19.95,DEPLOY,750.0
2517,83.8868,4842.608,127.955,100.0,0.0,0,0,19.66,DEPLOY,750.0
2518,83.9201,4843.792,127.738,100.0,0.0,0,0,19.37,DEPLOY,750.0
2519,83.9534,4844.973,127.523,100.0,0.0,0,0,19.08,DEPLOY,750.0
2520,83.9867,4846.153,127.308,100.0,0.0,0,0,18.78,DEPLOY,750.0
2521,84.0201,4847.331,127.093,100.0,0.0,0,0,18.49,DEPLOY,750.0
2522,84.0534,4848.509,127.261,100.0,0.0,0,0,18.2,DEPLOY,750.0
2523,84.0867,4849.688,127.512,100.0,0.0,0,0,17.91,DEPLOY,750.0
2524,84.1201,4850.87,127.765,100.0,0.0,0,0,17.62,DEPLOY,750.0
2525,84.1534,4852.054,128.017,100.0,0.0,0,0,17.33,DEPLOY,750.0
2526,84.1867,4853.24,128.271,100.0,0.0,0,0,17.04,DEPLOY,750.0
2527,84.22,4854.429,128.524,100.0,0.0,0,0,16.75,DEPLOY,750.0
2528,84.2534,4855.619,128.779,100.0,0.0,0,0,16.46,DEPLOY,750.0
2529,84.2867,4856.813,129.034,100.0,0.0,0,0,16.18,DEPLOY,750.0
2530,84.32,4858.009,129.289,100.0,0.0,0,0,15.89,DEPLOY,750.0
2531,84.3534,4859.207,129.545,100.0,0.0,0,0,15.6,DEPLOY,750.0
2532,84.3867,4860.408,129.801,100.0,0.0,0,0,15.31,DEPLOY,750.0
2533,84.42,4861.61,130.058,100.0,0.0,0,0,15.03,DEPLOY,750.0
2534,84.4533,4862.816,130.315,100.0,0.0,0,0,14.73,DEPLOY,750.0
2535,84.4867,4864.022,130.475,100.0,0.0,0,0,14.44,DEPLOY,750.0
2536,84.52,4865.23,130.485,100.0,0.0,0,0,14.15,DEPLOY,750.0
2537,84.5533,4866.438,130.495,100.0,0.0,0,0,13.86,DEPLOY,750.0
2538,84.5867,4867.647,130.504,100.0,0.0,0,0,13.57,DEPLOY,750.0
2539,84.62,4868.855,130.514,100.0,0.0,0,0,13.28,DEPLOY,750.0
2540,84.6533,4870.063,130.524,100.0,0.0,0,0,12.99,DEPLOY,750.0
2541,84.6866,4871.271,130.533,100.0,0.0,0,0,12.71,DEPLOY,750.0
2542,84.72,4872.48,130.543,100.0,0.0,0,0,12.41,DEPLOY,750.0
2543,84.7533,4873.689,130.553,100.0,0.0,0,0,12.12,DEPLOY,750.0
2544,84.7866,4874.897,130.562,100.0,0.0,0,0,11.83,DEPLOY,750.0
2545,84.8199,4876.107,130.738,100.0,0.0,0,0,11.54,DEPLOY,750.0
2546,84.8533,4877.319,131.108,100.0,0.0,0,0,11.25,DEPLOY,750.0
2547,84.8866,4878.535,131.509,100.0,0.0,0,0,10.96,DEPLOY,750.0
2548,84.9199,4879.754,131.913,100.0,0.0,0,0,10.67,DEPLOY,750.0
2549,84.9533,4880.977,132.297,100.0,0.0,0,0,10.37,DEPLOY,750.0
2550,84.9866,4882.204,132.707,100.0,0.0,0,0,10.08,DEPLOY,750.0
2551,85.0199,4883.434,133.14,100.0,0.0,0,0,9.79,DEPLOY,750.0
2552,85.0532,4884.671,133.719,100.0,0.0,0,0,9.5,DEPLOY,750.0
2553,85.0866,4885.911,134.363,100.0,0.0,0,0,9.21,DEPLOY,750.0
2554,85.1199,4887.158,135.131,100.0,0.0,0,0,8.92,DEPLOY,750.0
2555,85.1532,4888.414,135.982,100.0,0.0,0,0,8.63,DEPLOY,750.0
2556,85.1866,4889.675,136.877,100.0,0.0,0,0,8.33,DEPLOY,750.0
2557,85.2199,4890.949,137.817,100.0,0.0,0,0,8.04,DEPLOY,750.0
2558,85.2532,4892.228,138.654,100.0,0.0,0,0,7.75,DEPLOY,750.0
2559,85.2865,4893.514,139.395,100.0,0.0,0,0,7.46,DEPLOY,750.0
2560,85.3199,4894.809,140.036,100.0,0.0,0,0,7.17,DEPLOY,750.0
2561,85.3532,4896.108,140.675,100.0,0.0,0,0,6.88,DEPLOY,750.0
2562,85.3865,4897.412,141.316,100.0,0.0,0,0,6.59,DEPLOY,750.0
2563,85.4199,4898.725,141.961,100.0,0.0,0,0,6.3,DEPLOY,750.0
2564,85.4532,4900.041,142.609,100.0,0.0,0,0,6.01,DEPLOY,750.0
2565,85.4865,4901.364,143.259,100.0,0.0,0,0,5.72,DEPLOY,750.0
2566,85.5198,4902.697,144.317,100.0,0.0,0,0,5.43,DEPLOY,750.0
2567,85.5532,4904.038,145.536,100.0,0.0,0,0,5.14,DEPLOY,750.0
2568,85.5865,4905.39,146.918,100.0,0.0,0,0,4.84,DEPLOY,750.0
2569,85.6198,4906.76,148.422,100.0,0.0,0,0,4.55,DEPLOY,750.0
2570,85.6531,4908.14,149.829,100.0,0.0,0,0,4.26,DEPLOY,750.0
2571,85.6865,4909.53,151.073,100.0,0.0,0,0,3.97,DEPLOY,750.0
2572,85.7198,4910.937,152.312,100.0,0.0,0,0,3.68,DEPLOY,750.0
2573,85.7531,4912.353,153.539,100.0,0.0,0,0,3.39,DEPLOY,750.0
2574,85.7865,4913.778,154.749,100.0,0.0,0,0,3.09,DEPLOY,750.0
2575,85.8198,4915.217,155.92,100.0,0.0,0,0,2.8,DEPLOY,750.0
2576,85.8531,4916.668,157.346,100.0,0.0,0,0,2.51,DEPLOY,750.0
2577,85.8864,4918.131,158.815,100.0,0.0,0,0,2.22,DEPLOY,750.0
2578,85.9198,4919.606,160.222,100.0,0.0,0,0,1.93,DEPLOY,750.0
2579,85.9531,4921.097,161.499,100.0,0.0,0,0,1.64,DEPLOY,750.0
2580,85.9864,4922.598,162.696,100.0,0.0,0,0,1.34,DEPLOY,750.0
2581,86.0198,4924.109,163.856,100.0,0.0,0,0,1.05,DEPLOY,750.0
2582,86.0531,4925.63,165.021,100.0,0.0,0,0,0.76,DEPLOY,750.0
2583,86.0864,4927.165,166.314,100.0,0.0,0,0,0.47,DEPLOY,750.0
2584,86.1197,4928.712,167.715,100.0,0.0,0,0,0.18,DEPLOY,750.0
2585,86.1531,4930.271,169.196,100.0,0.0,0,0,0.01,DEPLOY,750.0
2586,86.1864,4931.843,170.732,100.0,0.0,0,0,0.0,DEPLOY,750.0
2587,86.2197,4933.431,172.29,100.0,0.0,0,0,0.0,DEPLOY,750.0
2588,86.2531,4935.034,173.838,100.0,0.0,0,0,0.0,DEPLOY,750.0
2589,86.2864,4936.651,175.243,100.0,0.0,0,0,0.0,DEPLOY,750.0
2590,86.3197,4938.279,176.568,100.0,0.0,0,0,0.0,DEPLOY,750.0
2591,86.353,4939.919,177.878,100.0,0.0,0,0,0.0,DEPLOY,750.0
2592,86.3864,4941.57,179.189,100.0,0.0,0,0,0.0,DEPLOY,750.0
2593,86.4197,4943.236,180.5,100.0,0.0,0,0,0.0,DEPLOY,750.0
2594,86.453,4944.914,181.81,100.0,0.0,0,0,0.0,DEPLOY,750.0
2595,86.4864,4946.604,183.121,100.0,0.0,0,0,0.0,DEPLOY,750.0
2596,86.5197,4948.305,184.432,100.0,0.0,0,0,0.0,DEPLOY,750.0
2597,86.553,4950.018,185.745,100.0,0.0,0,0,0.0,DEPLOY,750.0
2598,86.5863,4951.743,187.058,100.0,0.0,0,0,0.0,DEPLOY,750.0
2599,86.6197,4953.48,188.372,100.0,0.0,0,0,0.0,DEPLOY,750.0
2600,86.653,4955.231,189.686,100.0,0.0,0,0,0.0,DEPLOY,750.0
2601,86.6863,4956.994,191.001,100.0,0.0,0,0,0.0,DEPLOY,750.0
2602,86.7196,4958.768,192.29,100.0,0.0,0,0,0.0,DEPLOY,750.0
2603,86.753,4960.554,193.538,100.0,0.0,0,0,0.0,DEPLOY,750.0
2604,86.7863,4962.351,194.767,100.0,0.0,0,0,0.0,DEPLOY,750.0
2605,86.8196,4964.16,196.011,100.0,0.0,0,0,0.0,DEPLOY,750.0
2606,86.853,4965.98,197.27,100.0,0.0,0,0,0.0,DEPLOY,750.0
2607,86.8863,4967.812,198.541,100.0,0.0,0,0,0.0,DEPLOY,750.0
2608,86.9196,4969.655,199.825,100.0,0.0,0,0,0.0,DEPLOY,749.83
2609,86.9529,4971.511,201.122,100.0,0.0,0,0,0.0,DEPLOY,745.97
2610,86.9863,4973.38,202.432,100.0,0.0,0,0,0.0,DEPLOY,741.32
2611,87.0196,4975.26,203.752,100.0,0.0,0,0,0.0,DEPLOY,736.6
2612,87.0529,4977.153,205.082,100.0,0.0,0,0,0.0,DEPLOY,731.85
2613,87.0863,4979.058,206.421,100.0,0.0,0,0,0.0,DEPLOY,727.07
2614,87.1196,4980.975,207.769,100.0,0.0,0,0,0.0,DEPLOY,722.25
2615,87.1529,4982.905,209.123,100.0,0.0,0,0,0.0,DEPLOY,717.42
2616,87.1862,4984.847,210.484,100.0,0.0,0,0,0.0,DEPLOY,712.56
2617,87.2196,4986.802,211.851,100.0,0.0,0,0,0.0,DEPLOY,707.68
2618,87.2529,4988.77,213.198,100.0,0.0,0,0,0.0,DEPLOY,702.78
2619,87.2862,4990.75,214.505,100.0,0.0,0,0,0.0,DEPLOY,697.87
2620,87.3196,4992.741,215.79,100.0,0.0,0,0,0.0,DEPLOY,692.95
2621,87.3529,4994.745,217.071,100.0,0.0,0,0,0.0,DEPLOY,688.02
2622,87.3862,4996.761,218.346,100.0,0.0,0,0,0.0,DEPLOY,683.08
2623,87.4195,4998.788,219.614,100.0,0.0,0,0,0.0,DEPLOY,678.13
2624,87.4529,5000.827,220.876,100.0,0.0,0,0,0.0,DEPLOY,673.17
2625,87.4862,5002.877,222.13,100.0,0.0,0,0,0.0,DEPLOY,668.21
2626,87.5195,5004.939,223.375,100.0,0.0,0,0,0.0,DEPLOY,663.28
2627,87.5528,5007.013,224.612,100.0,0.0,0,0,0.0,DEPLOY,658.42
2628,87.5862,5009.098,225.839,100.0,0.0,0,0,0.0,DEPLOY,653.66
2629,87.6195,5011.194,227.056,100.0,0.0,0,0,0.0,DEPLOY,648.98
2630,87.6528,5013.302,228.262,100.0,0.0,0,0,0.0,DEPLOY,644.4
2631,87.6862,5015.42,229.458,100.0,0.0,0,0,0.0,DEPLOY,639.9
2632,87.7195,5017.55,230.642,100.0,0.0,0,0,0.0,DEPLOY,635.48
2633,87.7528,5019.69,231.814,100.0,0.0,0,0,0.0,DEPLOY,631.15
2634,87.7861,5021.842,232.974,100.0,0.0,0,0,0.0,DEPLOY,626.89
2635,87.8195,5024.005,234.12,100.0,0.0,0,0,0.0,DEPLOY,622.71
2636,87.8528,5026.177,235.254,100.0,0.0,0,0,0.0,DEPLOY,618.61
2637,87.8861,5028.361,236.374,100.0,0.0,0,0,0.0,DEPLOY,614.57
2638,87.9195,5030.554,237.48,100.0,0.0,0,0,0.0,DEPLOY,610.61
2639,87.9528,5032.758,238.573,100.0,0.0,0,0,0.0,DEPLOY,606.71
2640,87.9861,5034.971,239.651,100.0,0.0,0,0,0.0,DEPLOY,602.88
2641,88.0194,5037.195,240.716,100.0,0.0,0,0,0.0,DEPLOY,599.11
2642,88.0528,5039.428,241.766,100.0,0.0,0,0,0.0,DEPLOY,595.41
2643,88.0861,5041.671,242.801,100.0,0.0,0,0,0.0,DEPLOY,591.76
2644,88.1194,5043.923,243.821,100.0,0.0,0,0,0.0,DEPLOY,588.19
2645,88.1528,5046.186,244.826,100.0,0.0,0,0,0.0,DEPLOY,584.67
2646,88.1861,5048.457,245.817,100.0,0.0,0,0,0.0,DEPLOY,581.2
2647,88.2194,5050.737,246.794,100.0,0.0,0,0,0.0,DEPLOY,577.79
2648,88.2527,5053.026,247.756,100.0,0.0,0,0,0.0,DEPLOY,574.44
2649,88.2861,5055.324,248.704,100.0,0.0,0,0,0.0,DEPLOY,571.14
2650,88.3194,5057.63,249.638,100.0,0.0,0,0,0.0,DEPLOY,567.89
2651,88.3527,5059.946,250.556,100.0,0.0,0,0,0.0,DEPLOY,564.7
2652,88.3861,5062.27,251.461,100.0,0.0,0,0,0.0,DEPLOY,561.55
2653,88.4194,5064.602,252.352,100.0,0.0,0,0,0.0,DEPLOY,558.46
2654,88.4527,5066.943,253.229,100.0,0.0,0,0,0.0,DEPLOY,555.41
2655,88.486,5069.291,254.094,100.0,0.0,0,0,0.0,DEPLOY,552.41
2656,88.5194,5071.647,254.945,100.0,0.0,0,0,0.0,DEPLOY,549.46
2657,88.5527,5074.011,255.782,100.0,0.0,0,0,0.0,DEPLOY,546.55
2658,88.586,5076.383,256.606,100.0,0.0,0,0,0.0,DEPLOY,543.69
2659,88.6193,5078.762,257.418,100.0,0.0,0,0,0.0,DEPLOY,540.87
2660,88.6527,5081.149,258.218,100.0,0.0,0,0,0.0,DEPLOY,538.09
2661,88.686,5083.543,259.006,100.0,0.0,0,0,0.0,DEPLOY,535.36
2662,88.7193,5085.945,259.781,100.0,0.0,0,0,0.0,DEPLOY,532.67
2663,88.7527,5088.353,260.544,100.0,0.0,0,0,0.0,DEPLOY,530.02
2664,88.786,5090.769,261.296,100.0,0.0,0,0,0.0,DEPLOY,527.4
2665,88.8193,5093.191,262.037,100.0,0.0,0,0,0.0,DEPLOY,524.83
2666,88.8526,5095.62,262.767,100.0,0.0,0,0,0.0,DEPLOY,522.29
2667,88.886,5098.056,263.485,100.0,0.0,0,0,0.0,DEPLOY,519.8
2668,88.9193,5100.499,264.192,100.0,0.0,0,0,0.0,DEPLOY,517.34
2669,88.9526,5102.948,264.889,100.0,0.0,0,0,0.0,DEPLOY,514.91
2670,88.986,5105.403,265.577,100.0,0.0,0,0,0.0,DEPLOY,512.52
2671,89.0193,5107.865,266.253,100.0,0.0,0,0,0.0,DEPLOY,510.17
2672,89.0526,5110.333,266.92,100.0,0.0,0,0,0.0,DEPLOY,507.85
2673,89.0859,5112.808,267.577,100.0,0.0,0,0,0.0,DEPLOY,505.57
2674,89.1193,5115.288,268.225,100.0,0.0,0,0,0.0,DEPLOY,503.31
2675,89.1526,5117.774,268.863,100.0,0.0,0,0,0.0,DEPLOY,501.09
2676,89.1859,5120.266,269.491,100.0,0.0,0,0,0.0,DEPLOY,498.98
2677,89.2193,5122.764,270.111,100.0,0.0,0,0,0.0,DEPLOY,496.97
2678,89.2526,5125.267,270.722,100.0,0.0,0,0,0.0,DEPLOY,494.98
2679,89.2859,5127.776,271.325,100.0,0.0,0,0,0.0,DEPLOY,493.02
2680,89.3192,5130.291,271.918,100.0,0.0,0,0,0.0,DEPLOY,491.09
2681,89.3526,5132.811,272.503,100.0,0.0,0,0,0.0,DEPLOY,489.19
2682,89.3859,5135.336,273.08,100.0,0.0,0,0,0.0,DEPLOY,487.31
2683,89.4192,5137.867,273.649,100.0,0.0,0,0,0.0,DEPLOY,485.45
2684,89.4525,5140.403,274.21,100.0,0.0,0,0,0.0,DEPLOY,483.63
2685,89.4859,5142.944,274.763,100.0,0.0,0,0,0.0,DEPLOY,481.82
2686,89.5192,5145.49,275.309,100.0,0.0,0,0,0.0,DEPLOY,480.04
2687,89.5525,5148.042,275.846,100.0,0.0,0,0,0.0,DEPLOY,478.29
2688,89.5859,5150.598,276.377,100.0,0.0,0,0,0.0,DEPLOY,476.56
2689,89.6192,5153.159,276.9,100.0,0.0,0,0,0.0,DEPLOY,474.85
2690,89.6525,5155.724,277.416,100.0,0.0,0,0,0.0,DEPLOY,473.17
2691,89.6858,5158.295,277.925,100.0,0.0,0,0,0.0,DEPLOY,471.51
2692,89.7192,5160.871,278.427,100.0,0.0,0,0,0.0,DEPLOY,469.87
2693,89.7525,5163.45,278.922,100.0,0.0,0,0,0.0,DEPLOY,468.25
2694,89.7858,5166.035,279.411,100.0,0.0,0,0,0.0,DEPLOY,466.65
2695,89.8192,5168.624,279.893,100.0,0.0,0,0,0.0,DEPLOY,465.08
2696,89.8525,5171.217,280.368,100.0,0.0,0,0,0.0,DEPLOY,463.52
2697,89.8858,5173.815,280.837,100.0,0.0,0,0,0.0,DEPLOY,461.99
2698,89.9191,5176.417,281.3,100.0,0.0,0,0,0.0,DEPLOY,460.48
2699,89.9525,5179.024,281.757,100.0,0.0,0,0,0.0,DEPLOY,458.98
2700,89.9858,5181.634,282.208,100.0,0.0,0,0,0.0,DEPLOY,457.51
2701,90.0191,5184.249,282.652,100.0,0.0,0,0,0.0,DEPLOY,456.06
2702,90.0525,5186.868,283.09,100.0,0.0,0,0,0.0,DEPLOY,454.62
2703,90.0858,5189.49,283.524,100.0,0.0,0,0,0.0,DEPLOY,453.2
2704,90.1191,5192.117,283.951,100.0,0.0,0,0,0.0,DEPLOY,451.81
2705,90.1524,5194.748,284.372,100.0,0.0,0,0,0.0,DEPLOY,450.43
2706,90.1858,5197.382,284.788,100.0,0.0,0,0,0.0,DEPLOY,449.06
2707,90.2191,5200.021,285.199,100.0,0.0,0,0,0.0,DEPLOY,447.72
2708,90.2524,5202.663,285.604,100.0,0.0,0,0,0.0,DEPLOY,446.39
2709,90.2858,5205.309,286.004,100.0,0.0,0,0,0.0,DEPLOY,445.08
2710,90.3191,5207.958,286.399,100.0,0.0,0,0,0.0,DEPLOY,443.79
2711,90.3524,5210.612,286.788,100.0,0.0,0,0,0.0,DEPLOY,442.51
2712,90.3857,5213.268,287.173,100.0,0.0,0,0,0.0,DEPLOY,441.25
2713,90.4191,5215.929,287.553,100.0,0.0,0,0,0.0,DEPLOY,440.01
2714,90.4524,5218.593,287.927,100.0,0.0,0,0,0.0,DEPLOY,438.78
2715,90.4857,5221.26,288.297,100.0,0.0,0,0,0.0,DEPLOY,437.57
2716,90.519,5223.931,288.662,100.0,0.0,0,0,0.0,DEPLOY,436.38
2717,90.5524,5226.605,289.023,100.0,0.0,0,0,0.0,DEPLOY,435.2
2718,90.5857,5229.282,289.378,100.0,0.0,0,0,0.0,DEPLOY,434.03
2719,90.619,5231.963,289.73,100.0,0.0,0,0,0.0,DEPLOY,432.88
2720,90.6524,5234.647,290.076,100.0,0.0,0,0,0.0,DEPLOY,431.74
2721,90.6857,5237.334,290.418,100.0,0.0,0,0,0.0,DEPLOY,430.62
2722,90.719,5240.024,290.756,100.0,0.0,0,0,0.0,DEPLOY,429.51
2723,90.7523,5242.717,291.09,100.0,0.0,0,0,0.0,DEPLOY,428.42
2724,90.7857,5245.413,291.419,100.0,0.0,0,0,0.0,DEPLOY,427.34
2725,90.819,5248.113,291.744,100.0,0.0,0,0,0.0,DEPLOY,426.27
2726,90.8523,5250.815,292.065,100.0,0.0,0,0,0.0,DEPLOY,425.22
2727,90.8857,5253.521,292.382,100.0,0.0,0,0,0.0,DEPLOY,424.18
2728,90.919,5256.229,292.694,100.0,0.0,0,0,0.0,DEPLOY,423.16
2729,90.9523,5258.94,293.003,100.0,0.0,0,0,0.0,DEPLOY,422.14
2730,90.9856,5261.654,293.308,100.0,0.0,0,0,0.0,DEPLOY,421.14
2731,91.019,5264.371,293.608,100.0,0.0,0,0,0.0,DEPLOY,420.15
2732,91.0523,5267.09,293.905,100.0,0.0,0,0,0.0,DEPLOY,419.18
2733,91.0856,5269.813,294.198,100.0,0.0,0,0,0.0,DEPLOY,418.21
2734,91.119,5272.538,294.487,100.0,0.0,0,0,0.0,DEPLOY,417.26
2735,91.1523,5275.265,294.772,100.0,0.0,0,0,0.0,DEPLOY,416.32
2736,91.1856,5277.995,295.054,100.0,0.0,0,0,0.0,DEPLOY,415.4
2737,91.2189,5280.728,295.331,100.0,0.0,0,0,0.0,DEPLOY,414.48
2738,91.2523,5283.464,295.605,100.0,0.0,0,0,0.0,DEPLOY,413.58
2739,91.2856,5286.202,295.874,100.0,0.0,0,0,0.0,DEPLOY,412.68
2740,91.3189,5288.942,296.14,100.0,0.0,0,0,0.0,DEPLOY,411.8
2741,91.3522,5291.685,296.402,100.0,0.0,0,0,0.0,DEPLOY,410.93
2742,91.3856,5294.43,296.659,100.0,0.0,0,0,0.0,DEPLOY,410.07
2743,91.4189,5297.178,296.913,100.0,0.0,0,0,0.0,DEPLOY,409.22
2744,91.4522,5299.927,297.163,100.0,0.0,0,0,0.0,DEPLOY,408.38
2745,91.4856,5302.68,297.407,100.0,0.0,0,0,0.0,DEPLOY,407.55
2746,91.5189,5305.434,297.648,100.0,0.0,0,0,0.0,DEPLOY,406.73
2747,91.5522,5308.191,297.884,100.0,0.0,0,0,0.0,DEPLOY,405.92
2748,91.5855,5310.95,298.116,100.0,0.0,0,0,0.0,DEPLOY,405.13
2749,91.6189,5313.71,298.343,100.0,0.0,0,0,0.0,DEPLOY,404.34
2750,91.6522,5316.474,298.564,100.0,0.0,0,0,0.0,DEPLOY,403.56
2751,91.6855,5319.239,298.781,100.0,0.0,0,0,0.0,DEPLOY,402.79
2752,91.7189,5322.006,298.992,100.0,0.0,0,0,0.0,DEPLOY,402.03
2753,91.7522,5324.775,299.198,100.0,0.0,0,0,0.0,DEPLOY,401.28
2754,91.7855,5327.545,299.398,100.0,0.0,0,0,0.0,DEPLOY,400.54
2755,91.8188,5330.318,299.592,100.0,0.0,0,0,0.0,DEPLOY,400.0
2756,91.8522,5333.093,299.78,100.0,0.0,0,0,0.0,DEPLOY,400.0
2757,91.8855,5335.869,299.963,100.0,0.0,0,0,0.0,DEPLOY,400.0
2758,91.9188,5338.647,300.138,100.0,0.0,0,0,0.0,DEPLOY,400.0
2759,91.9522,5341.426,300.307,100.0,0.0,0,0,0.0,DEPLOY,400.0
2760,91.9855,5344.207,300.47,100.0,0.0,0,0,0.0,DEPLOY,400.0
2761,92.0188,5346.989,300.625,100.0,0.0,0,0,0.0,DEPLOY,400.0
2762,92.0521,5349.773,300.775,100.0,0.0,0,0,0.0,DEPLOY,400.0
2763,92.0855,5352.558,300.916,100.0,0.0,0,0,0.0,DEPLOY,400.0
2764,92.1188,5355.345,301.051,100.0,0.0,0,0,0.0,DEPLOY,400.0
2765,92.1521,5358.132,301.179,100.0,0.0,0,0,0.0,DEPLOY,400.0
2766,92.1855,5360.921,301.3,100.0,0.0,0,0,0.0,DEPLOY,400.0
