frame,time_s,distance,speed,throttle,brake,gear,rpm,soc_pct,mode,power_kw
0,0.0,0.0,313.331,100.0,0.0,0,0,100.0,DEPLOY,750.0
1,0.0333,0.901,313.414,100.0,0.0,0,0,99.91,DEPLOY,750.0
2,0.0667,3.807,313.802,100.0,0.0,0,0,99.62,DEPLOY,750.0
3,0.1,6.717,314.259,100.0,0.0,0,0,99.33,DEPLOY,750.0
4,0.1333,9.631,314.711,100.0,0.0,0,0,99.03,DEPLOY,750.0
5,0.1666,12.55,315.159,100.0,0.0,0,0,98.74,DEPLOY,750.0
6,0.2,15.472,315.602,100.0,0.0,0,0,98.45,DEPLOY,750.0
7,0.2333,18.399,316.041,100.0,0.0,0,0,98.16,DEPLOY,750.0
8,0.2666,21.33,316.476,100.0,0.0,0,0,97.87,DEPLOY,750.0
9,0.3,24.264,316.907,100.0,0.0,0,0,97.57,DEPLOY,750.0
10,0.3333,27.203,317.332,100.0,0.0,0,0,97.28,DEPLOY,750.0
11,0.3666,30.145,317.755,100.0,0.0,0,0,96.99,DEPLOY,750.0
12,0.3999,33.091,318.172,100.0,0.0,0,0,96.7,DEPLOY,750.0
13,0.4333,36.041,318.586,100.0,0.0,0,0,96.41,DEPLOY,750.0
14,0.4666,38.995,318.995,100.0,0.0,0,0,96.11,DEPLOY,750.0
15,0.4999,41.953,319.401,100.0,0.0,0,0,95.82,DEPLOY,750.0
16,0.5332,44.914,319.802,100.0,0.0,0,0,95.53,DEPLOY,750.0
17,0.5666,47.879,320.199,100.0,0.0,0,0,95.24,DEPLOY,750.0
18,0.5999,50.848,320.593,100.0,0.0,0,0,94.95,DEPLOY,750.0
19,0.6332,53.82,320.982,100.0,0.0,0,0,94.66,DEPLOY,750.0
20,0.6666,56.796,321.368,100.0,0.0,0,0,94.36,DEPLOY,750.0
21,0.6999,59.775,321.75,100.0,0.0,0,0,94.07,DEPLOY,750.0
22,0.7332,62.758,322.128,100.0,0.0,0,0,93.78,DEPLOY,750.0
23,0.7665,65.744,322.503,100.0,0.0,0,0,93.49,DEPLOY,750.0
24,0.7999,68.734,322.873,100.0,0.0,0,0,93.2,DEPLOY,750.0
25,0.8332,71.727,323.24,100.0,0.0,0,0,92.9,DEPLOY,750.0
26,0.8665,74.723,323.604,100.0,0.0,0,0,92.61,DEPLOY,750.0
27,0.8999,77.723,323.964,100.0,0.0,0,0,92.32,DEPLOY,750.0
28,0.9332,80.726,324.32,100.0,0.0,0,0,92.03,DEPLOY,750.0
29,0.9665,83.732,324.673,100.0,0.0,0,0,91.74,DEPLOY,750.0
30,0.9998,86.742,325.022,100.0,0.0,0,0,91.45,DEPLOY,750.0
31,1.0332,89.754,325.368,100.0,0.0,0,0,91.15,DEPLOY,750.0
32,1.0665,92.77,325.711,100.0,0.0,0,0,90.86,DEPLOY,750.0
33,1.0998,95.789,326.05,100.0,0.0,0,0,90.57,DEPLOY,750.0
34,1.1332,98.811,326.385,100.0,0.0,0,0,90.28,DEPLOY,750.0
35,1.1665,101.837,326.718,100.0,0.0,0,0,89.99,DEPLOY,750.0
36,1.1998,104.865,327.047,100.0,0.0,0,0,89.69,DEPLOY,750.0
37,1.2331,107.896,327.373,100.0,0.0,0,0,89.4,DEPLOY,750.0
38,1.2665,110.93,327.696,100.0,0.0,0,0,89.11,DEPLOY,750.0
39,1.2998,113.967,328.016,100.0,0.0,0,0,88.82,DEPLOY,750.0
40,1.3331,117.004,328.106,100.0,0.0,0,0,88.64,SUPERCLIP,335.0
41,1.3665,120.038,327.711,100.0,0.0,0,0,88.69,SUPERCLIP,335.0
42,1.3998,123.067,327.32,100.0,0.0,0,0,88.75,SUPERCLIP,335.0
43,1.4331,126.093,326.931,100.0,0.0,0,0,88.8,SUPERCLIP,335.0
44,1.4664,129.116,326.545,100.0,0.0,0,0,88.85,SUPERCLIP,335.0
45,1.4998,132.135,326.163,100.0,0.0,0,0,88.91,SUPERCLIP,335.0
46,1.5331,135.15,325.783,100.0,0.0,0,0,88.96,SUPERCLIP,335.0
47,1.5664,138.162,325.406,100.0,0.0,0,0,89.02,SUPERCLIP,335.0
48,1.5997,141.171,325.032,100.0,0.0,0,0,89.07,SUPERCLIP,335.0
49,1.6331,144.176,324.661,100.0,0.0,0,0,89.12,SUPERCLIP,335.0
50,1.6664,147.177,324.292,100.0,0.0,0,0,89.18,SUPERCLIP,335.0
51,1.6997,150.176,323.927,100.0,0.0,0,0,89.23,SUPERCLIP,335.0
52,1.7331,153.171,323.564,100.0,0.0,0,0,89.29,SUPERCLIP,335.0
53,1.7664,156.162,323.204,100.0,0.0,0,0,89.34,SUPERCLIP,335.0
54,1.7997,159.15,322.847,100.0,0.0,0,0,89.39,SUPERCLIP,335.0
55,1.833,162.136,322.492,100.0,0.0,0,0,89.45,SUPERCLIP,335.0
56,1.8664,165.117,322.14,100.0,0.0,0,0,89.5,SUPERCLIP,335.0
57,1.8997,168.096,321.791,100.0,0.0,0,0,89.56,SUPERCLIP,335.0
58,1.933,171.071,321.444,100.0,0.0,0,0,89.61,SUPERCLIP,335.0
59,1.9664,174.043,321.1,100.0,0.0,0,0,89.67,SUPERCLIP,335.0
60,1.9997,177.012,320.759,100.0,0.0,0,0,89.72,SUPERCLIP,335.0
61,2.033,179.978,320.42,100.0,0.0,0,0,89.77,SUPERCLIP,335.0
62,2.0663,182.941,320.084,100.0,0.0,0,0,89.83,SUPERCLIP,335.0
63,2.0997,185.9,319.751,100.0,0.0,0,0,89.88,SUPERCLIP,335.0
64,2.133,188.857,319.42,100.0,0.0,0,0,89.94,SUPERCLIP,335.0
65,2.1663,191.811,319.091,100.0,0.0,0,0,89.99,SUPERCLIP,335.0
66,2.1997,194.761,318.765,100.0,0.0,0,0,90.04,SUPERCLIP,335.0
67,2.233,197.709,318.441,100.0,0.0,0,0,90.1,SUPERCLIP,335.0
68,2.2663,200.653,318.12,100.0,0.0,0,0,90.15,SUPERCLIP,335.0
69,2.2996,203.595,317.801,100.0,0.0,0,0,90.21,SUPERCLIP,335.0
70,2.333,206.533,317.485,100.0,0.0,0,0,90.26,SUPERCLIP,335.0
71,2.3663,209.469,317.171,100.0,0.0,0,0,90.31,SUPERCLIP,335.0
72,2.3996,212.402,316.86,100.0,0.0,0,0,90.37,SUPERCLIP,335.0
73,2.4329,215.332,316.55,100.0,0.0,0,0,90.42,SUPERCLIP,335.0
74,2.4663,218.259,316.244,100.0,0.0,0,0,90.48,SUPERCLIP,335.0
75,2.4996,221.184,315.939,100.0,0.0,0,0,90.53,SUPERCLIP,335.0
76,2.5329,224.105,315.637,100.0,0.0,0,0,90.59,SUPERCLIP,335.0
77,2.5663,227.024,315.337,100.0,0.0,0,0,90.64,SUPERCLIP,335.0
78,2.5996,229.94,315.039,100.0,0.0,0,0,90.69,SUPERCLIP,335.0
79,2.6329,232.853,314.744,100.0,0.0,0,0,90.75,SUPERCLIP,335.0
80,2.6662,235.764,314.451,100.0,0.0,0,0,90.8,SUPERCLIP,335.0
81,2.6996,238.672,314.16,100.0,0.0,0,0,90.86,SUPERCLIP,335.0
82,2.7329,241.577,313.871,100.0,0.0,0,0,90.91,SUPERCLIP,335.0
83,2.7662,244.48,313.584,100.0,0.0,0,0,90.96,SUPERCLIP,335.0
84,2.7996,247.38,313.3,100.0,0.0,0,0,91.02,SUPERCLIP,335.0
85,2.8329,250.277,313.018,100.0,0.0,0,0,91.07,SUPERCLIP,335.0
86,2.8662,253.172,312.737,100.0,0.0,0,0,91.13,SUPERCLIP,335.0
87,2.8995,256.064,312.459,100.0,0.0,0,0,91.18,SUPERCLIP,335.0
88,2.9329,258.954,312.183,100.0,0.0,0,0,91.23,SUPERCLIP,335.0
89,2.9662,261.841,311.909,100.0,0.0,0,0,91.29,SUPERCLIP,335.0
90,2.9995,264.726,311.638,100.0,0.0,0,0,91.34,SUPERCLIP,335.0
91,3.0329,267.608,311.368,100.0,0.0,0,0,91.4,SUPERCLIP,335.0
92,3.0662,270.487,311.1,100.0,0.0,0,0,91.45,SUPERCLIP,335.0
93,3.0995,273.364,310.835,100.0,0.0,0,0,91.51,SUPERCLIP,335.0
94,3.1328,276.239,310.571,100.0,0.0,0,0,91.56,SUPERCLIP,335.0
95,3.1662,279.111,310.309,100.0,0.0,0,0,91.61,SUPERCLIP,335.0
96,3.1995,281.981,310.049,100.0,0.0,0,0,91.67,SUPERCLIP,335.0
97,3.2328,284.849,309.792,100.0,0.0,0,0,91.72,SUPERCLIP,335.0
98,3.2661,287.714,309.536,100.0,0.0,0,0,91.78,SUPERCLIP,335.0
99,3.2995,290.577,309.282,100.0,0.0,0,0,91.83,SUPERCLIP,335.0
100,3.3328,293.437,309.03,100.0,0.0,0,0,91.88,SUPERCLIP,335.0
101,3.3661,296.295,308.78,100.0,0.0,0,0,91.94,SUPERCLIP,335.0
102,3.3995,299.151,308.531,100.0,0.0,0,0,91.99,SUPERCLIP,335.0
103,3.4328,302.005,308.285,100.0,0.0,0,0,92.05,SUPERCLIP,335.0
104,3.4661,304.856,308.04,100.0,0.0,0,0,92.1,SUPERCLIP,335.0
105,3.4994,307.705,307.798,100.0,0.0,0,0,92.15,SUPERCLIP,335.0
106,3.5328,310.552,307.557,100.0,0.0,0,0,92.21,SUPERCLIP,335.0
107,3.5661,313.397,307.318,100.0,0.0,0,0,92.26,SUPERCLIP,335.0
108,3.5994,316.239,307.081,100.0,0.0,0,0,92.32,SUPERCLIP,335.0
109,3.6328,319.079,306.845,100.0,0.0,0,0,92.37,SUPERCLIP,335.0
110,3.6661,321.918,306.611,100.0,0.0,0,0,92.43,SUPERCLIP,335.0
111,3.6994,324.754,306.379,100.0,0.0,0,0,92.48,SUPERCLIP,335.0
112,3.7327,327.587,306.149,100.0,0.0,0,0,92.53,SUPERCLIP,335.0
113,3.7661,330.419,305.921,100.0,0.0,0,0,92.59,SUPERCLIP,335.0
114,3.7994,333.249,305.694,100.0,0.0,0,0,92.64,SUPERCLIP,335.0
115,3.8327,336.076,305.469,100.0,0.0,0,0,92.7,SUPERCLIP,335.0
116,3.8661,338.902,305.246,100.0,0.0,0,0,92.75,SUPERCLIP,335.0
117,3.8994,341.725,305.024,100.0,0.0,0,0,92.8,SUPERCLIP,335.0
118,3.9327,344.547,304.804,100.0,0.0,0,0,92.86,SUPERCLIP,335.0
119,3.966,347.366,304.585,100.0,0.0,0,0,92.91,SUPERCLIP,335.0
120,3.9994,350.183,304.369,100.0,0.0,0,0,92.97,SUPERCLIP,335.0
121,4.0327,352.999,304.154,100.0,0.0,0,0,93.02,SUPERCLIP,335.0
122,4.066,355.812,303.94,100.0,0.0,0,0,93.08,SUPERCLIP,335.0
123,4.0994,358.623,303.728,100.0,0.0,0,0,93.13,SUPERCLIP,335.0
124,4.1327,361.433,303.518,100.0,0.0,0,0,93.18,SUPERCLIP,335.0
125,4.166,364.241,303.309,100.0,0.0,0,0,93.24,SUPERCLIP,335.0
126,4.1993,367.046,303.102,100.0,0.0,0,0,93.29,SUPERCLIP,335.0
127,4.2327,369.85,302.896,100.0,0.0,0,0,93.35,SUPERCLIP,335.0
128,4.266,372.652,302.692,100.0,0.0,0,0,93.4,SUPERCLIP,335.0
129,4.2993,375.452,302.49,100.0,0.0,0,0,93.45,SUPERCLIP,335.0
130,4.3326,378.25,302.289,100.0,0.0,0,0,93.51,SUPERCLIP,335.0
131,4.366,381.046,302.089,100.0,0.0,0,0,93.56,SUPERCLIP,335.0
132,4.3993,383.841,301.891,100.0,0.0,0,0,93.62,SUPERCLIP,335.0
133,4.4326,386.633,301.695,100.0,0.0,0,0,93.67,SUPERCLIP,335.0
134,4.466,389.424,301.499,100.0,0.0,0,0,93.72,SUPERCLIP,335.0
135,4.4993,392.213,301.306,100.0,0.0,0,0,93.78,SUPERCLIP,335.0
136,4.5326,395.0,301.114,100.0,0.0,0,0,93.83,SUPERCLIP,335.0
137,4.5659,397.786,300.923,100.0,0.0,0,0,93.89,SUPERCLIP,335.0
138,4.5993,400.57,300.734,100.0,0.0,0,0,93.94,SUPERCLIP,335.0
139,4.6326,403.352,300.546,100.0,0.0,0,0,94.0,SUPERCLIP,335.0
140,4.6659,406.132,300.359,100.0,0.0,0,0,94.05,SUPERCLIP,335.0
141,4.6993,408.911,300.174,100.0,0.0,0,0,94.1,SUPERCLIP,335.0
142,4.7326,411.687,299.991,100.0,0.0,0,0,94.16,SUPERCLIP,335.0
143,4.7659,414.463,299.808,100.0,0.0,0,0,94.21,SUPERCLIP,335.0
144,4.7992,417.236,299.627,100.0,0.0,0,0,94.27,SUPERCLIP,335.0
145,4.8326,420.008,299.448,100.0,0.0,0,0,94.32,SUPERCLIP,335.0
146,4.8659,422.778,299.269,100.0,0.0,0,0,94.37,SUPERCLIP,335.0
147,4.8992,425.547,299.092,100.0,0.0,0,0,94.43,SUPERCLIP,335.0
148,4.9326,428.314,298.917,100.0,0.0,0,0,94.48,SUPERCLIP,335.0
149,4.9659,431.079,298.743,100.0,0.0,0,0,94.54,SUPERCLIP,335.0
150,4.9992,433.843,298.57,100.0,0.0,0,0,94.59,SUPERCLIP,335.0
151,5.0325,436.605,298.398,100.0,0.0,0,0,94.64,SUPERCLIP,335.0
152,5.0659,439.366,298.227,100.0,0.0,0,0,94.7,SUPERCLIP,335.0
153,5.0992,442.125,298.058,100.0,0.0,0,0,94.75,SUPERCLIP,335.0
154,5.1325,444.882,297.89,100.0,0.0,0,0,94.81,SUPERCLIP,335.0
155,5.1658,447.638,297.724,100.0,0.0,0,0,94.86,SUPERCLIP,335.0
156,5.1992,450.392,297.558,100.0,0.0,0,0,94.92,SUPERCLIP,335.0
157,5.2325,453.145,297.394,100.0,0.0,0,0,94.97,SUPERCLIP,335.0
158,5.2658,455.897,297.231,100.0,0.0,0,0,95.02,SUPERCLIP,335.0
159,5.2992,458.646,297.07,100.0,0.0,0,0,95.08,SUPERCLIP,335.0
160,5.3325,461.395,296.909,100.0,0.0,0,0,95.13,SUPERCLIP,335.0
161,5.3658,464.142,296.75,100.0,0.0,0,0,95.19,SUPERCLIP,335.0
162,5.3991,466.887,296.592,100.0,0.0,0,0,95.24,SUPERCLIP,335.0
163,5.4325,469.631,296.435,100.0,0.0,0,0,95.29,SUPERCLIP,335.0
164,5.4658,472.374,296.279,100.0,0.0,0,0,95.35,SUPERCLIP,335.0
165,5.4991,475.115,296.125,100.0,0.0,0,0,95.4,SUPERCLIP,335.0
166,5.5325,477.855,295.971,100.0,0.0,0,0,95.46,SUPERCLIP,335.0
167,5.5658,480.593,295.819,100.0,0.0,0,0,95.51,SUPERCLIP,335.0
168,5.5991,483.33,295.668,100.0,0.0,0,0,95.57,SUPERCLIP,335.0
169,5.6324,486.065,295.518,100.0,0.0,0,0,95.62,SUPERCLIP,335.0
170,5.6658,488.799,295.369,100.0,0.0,0,0,95.67,SUPERCLIP,335.0
171,5.6991,491.532,295.221,100.0,0.0,0,0,95.73,SUPERCLIP,335.0
172,5.7324,494.264,295.074,100.0,0.0,0,0,95.78,SUPERCLIP,335.0
173,5.7658,496.994,294.929,100.0,0.0,0,0,95.84,SUPERCLIP,335.0
174,5.7991,499.723,294.784,100.0,0.0,0,0,95.89,SUPERCLIP,335.0
175,5.8324,502.45,294.641,100.0,0.0,0,0,95.94,SUPERCLIP,335.0
176,5.8657,505.176,294.499,100.0,0.0,0,0,96.0,SUPERCLIP,335.0
177,5.8991,507.901,294.357,100.0,0.0,0,0,96.05,SUPERCLIP,335.0
178,5.9324,510.624,294.217,100.0,0.0,0,0,96.11,SUPERCLIP,335.0
179,5.9657,513.347,294.078,100.0,0.0,0,0,96.16,SUPERCLIP,335.0
180,5.9991,516.068,293.94,100.0,0.0,0,0,96.21,SUPERCLIP,335.0
181,6.0324,518.787,293.803,100.0,0.0,0,0,96.27,SUPERCLIP,335.0
182,6.0657,521.506,293.667,100.0,0.0,0,0,96.32,SUPERCLIP,335.0
183,6.099,524.223,293.531,100.0,0.0,0,0,96.38,SUPERCLIP,335.0
184,6.1324,526.939,293.397,100.0,0.0,0,0,96.43,SUPERCLIP,335.0
185,6.1657,529.653,293.264,100.0,0.0,0,0,96.49,SUPERCLIP,335.0
186,6.199,532.367,293.132,100.0,0.0,0,0,96.54,SUPERCLIP,335.0
187,6.2323,535.079,293.001,100.0,0.0,0,0,96.59,SUPERCLIP,335.0
188,6.2657,537.79,292.871,100.0,0.0,0,0,96.65,SUPERCLIP,335.0
189,6.299,540.5,292.742,100.0,0.0,0,0,96.7,SUPERCLIP,335.0
190,6.3323,543.209,292.614,100.0,0.0,0,0,96.76,SUPERCLIP,335.0
191,6.3657,545.916,292.487,100.0,0.0,0,0,96.81,SUPERCLIP,335.0
192,6.399,548.622,292.36,100.0,0.0,0,0,96.86,SUPERCLIP,335.0
193,6.4323,551.328,292.235,100.0,0.0,0,0,96.92,SUPERCLIP,335.0
194,6.4656,554.032,292.111,100.0,0.0,0,0,96.97,SUPERCLIP,335.0
195,6.499,556.735,291.987,100.0,0.0,0,0,97.03,SUPERCLIP,335.0
196,6.5323,559.436,291.865,100.0,0.0,0,0,97.08,SUPERCLIP,335.0
197,6.5656,562.137,291.743,100.0,0.0,0,0,97.14,SUPERCLIP,335.0
198,6.599,564.836,291.622,100.0,0.0,0,0,97.19,SUPERCLIP,335.0
199,6.6323,567.535,291.502,100.0,0.0,0,0,97.24,SUPERCLIP,335.0
200,6.6656,570.232,291.383,100.0,0.0,0,0,97.3,SUPERCLIP,335.0
201,6.6989,572.928,291.265,100.0,0.0,0,0,97.35,SUPERCLIP,335.0
202,6.7323,575.623,291.148,100.0,0.0,0,0,97.41,SUPERCLIP,335.0
203,6.7656,578.318,291.032,100.0,0.0,0,0,97.46,SUPERCLIP,335.0
204,6.7989,581.011,290.917,100.0,0.0,0,0,97.51,SUPERCLIP,335.0
205,6.8323,583.702,290.802,100.0,0.0,0,0,97.57,SUPERCLIP,335.0
206,6.8656,586.401,290.688,100.0,0.0,0,0,97.62,SUPERCLIP,268.57
207,6.8989,589.233,302.185,0.0,100.0,0,0,97.77,REGEN,-350.0
208,6.9322,592.132,313.196,0.0,100.0,0,0,98.06,REGEN,-350.0
209,6.9656,595.032,313.196,0.0,100.0,0,0,98.35,REGEN,-350.0
210,6.9989,597.931,313.196,0.0,100.0,0,0,98.64,REGEN,-350.0
211,7.0322,600.831,313.196,0.0,100.0,0,0,98.94,REGEN,-350.0
212,7.0655,603.73,313.196,0.0,100.0,0,0,99.23,REGEN,-350.0
213,7.0989,606.63,313.196,0.0,100.0,0,0,99.52,REGEN,-350.0
214,7.1322,609.529,313.196,0.0,100.0,0,0,99.81,REGEN,-350.0
215,7.1655,612.429,313.196,0.0,100.0,0,0,100.0,REGEN,-350.0
216,7.1989,615.326,313.196,0.0,100.0,0,0,100.0,REGEN,-350.0
217,7.2322,618.206,311.734,0.0,100.0,0,0,100.0,REGEN,-350.0
218,7.2655,621.057,308.653,0.0,100.0,0,0,100.0,REGEN,-350.0
219,7.2988,623.884,305.805,0.0,100.0,0,0,100.0,REGEN,-350.0
220,7.3322,626.685,303.187,0.0,100.0,0,0,100.0,REGEN,-350.0
221,7.3655,629.463,300.648,0.0,100.0,0,0,100.0,REGEN,-350.0
222,7.3988,632.219,298.116,0.0,100.0,0,0,100.0,REGEN,-350.0
223,7.4322,634.947,295.489,0.0,100.0,0,0,100.0,REGEN,-350.0
224,7.4655,637.653,292.851,0.0,100.0,0,0,100.0,REGEN,-350.0
225,7.4988,640.337,290.401,0.0,100.0,0,0,100.0,REGEN,-350.0
226,7.5321,642.998,288.274,0.0,100.0,0,0,100.0,REGEN,-350.0
227,7.5655,645.626,284.993,0.0,100.0,0,0,100.0,REGEN,-350.0
228,7.5988,648.215,280.65,0.0,100.0,0,0,100.0,REGEN,-350.0
229,7.6321,650.761,276.434,0.0,100.0,0,0,100.0,REGEN,-350.0
230,7.6655,653.27,272.285,0.0,100.0,0,0,100.0,REGEN,-350.0
231,7.6988,655.741,268.154,0.0,100.0,0,0,100.0,REGEN,-350.0
232,7.7321,658.174,264.019,0.0,100.0,0,0,100.0,REGEN,-350.0
233,7.7654,660.575,260.142,0.0,100.0,0,0,100.0,REGEN,-350.0
234,7.7988,662.954,257.864,0.0,100.0,0,0,100.0,REGEN,-350.0
235,7.8321,665.311,255.462,0.0,100.0,0,0,100.0,REGEN,-350.0
236,7.8654,667.644,252.943,0.0,100.0,0,0,100.0,REGEN,-350.0
237,7.8987,669.953,250.323,0.0,100.0,0,0,100.0,REGEN,-350.0
238,7.9321,672.236,247.608,0.0,100.0,0,0,100.0,REGEN,-350.0
239,7.9654,674.491,244.81,0.0,100.0,0,0,100.0,REGEN,-350.0
240,7.9987,676.72,241.968,0.0,100.0,0,0,100.0,REGEN,-350.0
241,8.0321,678.922,239.101,0.0,100.0,0,0,100.0,REGEN,-350.0
242,8.0654,681.097,236.219,0.0,100.0,0,0,100.0,REGEN,-350.0
243,8.0987,683.246,233.333,0.0,100.0,0,0,100.0,REGEN,-350.0
244,8.132,685.367,230.465,0.0,100.0,0,0,100.0,REGEN,-350.0
245,8.1654,687.464,227.66,0.0,100.0,0,0,100.0,REGEN,-350.0
246,8.1987,689.535,224.943,0.0,100.0,0,0,100.0,REGEN,-350.0
247,8.232,691.582,222.325,0.0,100.0,0,0,100.0,REGEN,-350.0
248,8.2654,693.606,219.814,0.0,100.0,0,0,100.0,REGEN,-350.0
249,8.2987,695.606,217.382,0.0,100.0,0,0,100.0,REGEN,-350.0
250,8.332,697.583,214.905,0.0,100.0,0,0,100.0,REGEN,-350.0
251,8.3653,699.536,212.334,0.0,100.0,0,0,100.0,REGEN,-350.0
252,8.3987,701.464,209.7,0.0,100.0,0,0,100.0,REGEN,-350.0
253,8.432,703.367,207.048,0.0,100.0,0,0,100.0,REGEN,-350.0
254,8.4653,705.245,204.393,0.0,100.0,0,0,100.0,REGEN,-350.0
255,8.4987,707.097,201.721,0.0,100.0,0,0,100.0,REGEN,-350.0
256,8.532,708.925,199.018,0.0,100.0,0,0,100.0,REGEN,-350.0
257,8.5653,710.727,196.292,0.0,100.0,0,0,100.0,REGEN,-350.0
258,8.5986,712.504,193.566,0.0,100.0,0,0,100.0,REGEN,-350.0
259,8.632,714.257,190.866,0.0,100.0,0,0,100.0,REGEN,-350.0
260,8.6653,715.981,188.2,0.0,100.0,0,0,100.0,REGEN,-350.0
261,8.6986,717.68,185.526,0.0,100.0,0,0,100.0,REGEN,-350.0
262,8.732,719.354,182.85,0.0,100.0,0,0,100.0,REGEN,-350.0
263,8.7653,721.005,180.206,0.0,100.0,0,0,100.0,REGEN,-350.0
264,8.7986,722.634,177.615,0.0,100.0,0,0,100.0,REGEN,-350.0
265,8.8319,724.24,175.081,0.0,100.0,0,0,100.0,REGEN,-350.0
266,8.8653,725.817,172.602,0.0,100.0,0,0,100.0,REGEN,-350.0
267,8.8986,727.374,170.172,0.0,100.0,0,0,100.0,REGEN,-350.0
268,8.9319,728.909,167.804,0.0,100.0,0,0,100.0,REGEN,-350.0
269,8.9652,730.422,165.443,0.0,100.0,0,0,100.0,REGEN,-350.0
270,8.9986,731.904,162.643,0.0,100.0,0,0,100.0,REGEN,-350.0
271,9.0319,733.361,159.939,0.0,100.0,0,0,100.0,REGEN,-350.0
272,9.0652,734.797,157.309,0.0,100.0,0,0,100.0,REGEN,-350.0
273,9.0986,736.212,154.75,0.0,100.0,0,0,100.0,REGEN,-350.0
274,9.1319,737.596,152.298,0.0,100.0,0,0,100.0,REGEN,-350.0
275,9.1652,738.963,149.905,0.0,100.0,0,0,100.0,REGEN,-350.0
276,9.1985,740.313,147.568,0.0,100.0,0,0,100.0,REGEN,-350.0
277,9.2319,741.633,145.328,0.0,100.0,0,0,100.0,REGEN,-350.0
278,9.2652,742.937,143.14,0.0,100.0,0,0,100.0,REGEN,-350.0
279,9.2985,744.227,140.999,0.0,100.0,0,0,100.0,REGEN,-350.0
280,9.3319,745.488,138.944,0.0,100.0,0,0,100.0,REGEN,-350.0
281,9.3652,746.736,136.922,0.0,100.0,0,0,100.0,REGEN,-350.0
282,9.3985,747.966,134.952,0.0,100.0,0,0,100.0,REGEN,-350.0
283,9.4318,749.174,133.038,0.0,100.0,0,0,100.0,REGEN,-350.0
284,9.4652,750.373,131.147,0.0,100.0,0,0,100.0,REGEN,-350.0
285,9.4985,751.545,129.315,0.0,100.0,0,0,100.0,REGEN,-350.0
286,9.5318,752.707,127.504,0.0,100.0,0,0,100.0,REGEN,-350.0
287,9.5652,753.85,125.728,0.0,100.0,0,0,100.0,REGEN,-350.0
288,9.5985,754.976,123.984,0.0,100.0,0,0,100.0,REGEN,-350.0
289,9.6318,756.09,122.257,0.0,100.0,0,0,100.0,REGEN,-350.0
290,9.6651,757.181,120.566,0.0,100.0,0,0,100.0,REGEN,-350.0
291,9.6985,758.267,118.881,0.0,100.0,0,0,100.0,REGEN,-350.0
292,9.7318,759.324,117.232,0.0,100.0,0,0,100.0,REGEN,-350.0
293,9.7651,760.378,115.587,0.0,100.0,0,0,100.0,REGEN,-350.0
294,9.7984,761.406,113.976,0.0,100.0,0,0,100.0,REGEN,-350.0
295,9.8318,762.43,112.372,0.0,100.0,0,0,100.0,REGEN,-350.0
296,9.8651,763.429,110.806,0.0,100.0,0,0,100.0,REGEN,-350.0
297,9.8984,764.423,109.246,0.0,100.0,0,0,100.0,REGEN,-350.0
298,9.9318,765.393,107.719,0.0,100.0,0,0,100.0,REGEN,-350.0
299,9.9651,766.36,106.196,0.0,100.0,0,0,100.0,REGEN,-350.0
300,9.9984,767.301,104.715,0.0,100.0,0,0,100.0,REGEN,-350.0
301,10.0317,768.241,103.233,0.0,100.0,0,0,100.0,REGEN,-350.0
302,10.0651,769.154,101.799,0.0,100.0,0,0,100.0,REGEN,-350.0
303,10.0984,770.065,100.368,0.0,100.0,0,0,100.0,REGEN,-350.0
304,10.1317,770.955,98.971,0.0,100.0,0,0,100.0,REGEN,-350.0
305,10.1651,771.837,97.585,0.0,100.0,0,0,100.0,REGEN,-350.0
306,10.1984,772.708,96.253,0.0,100.0,0,0,100.0,REGEN,-350.0
307,10.2317,773.565,94.976,0.0,100.0,0,0,100.0,REGEN,-350.0
308,10.265,774.418,93.728,0.0,100.0,0,0,100.0,REGEN,-350.0
309,10.2984,775.253,92.629,0.0,100.0,0,0,100.0,REGEN,-350.0
310,10.3317,776.088,91.53,0.0,100.0,0,0,100.0,REGEN,-350.0
311,10.365,776.905,90.553,0.0,100.0,0,0,100.0,REGEN,-350.0
312,10.3984,777.716,89.615,0.0,100.0,0,0,100.0,REGEN,-350.0
313,10.4317,778.52,88.653,0.0,100.0,0,0,100.0,REGEN,-350.0
314,10.465,779.305,87.632,0.0,100.0,0,0,100.0,REGEN,-350.0
315,10.4983,780.09,86.61,0.0,100.0,0,0,100.0,REGEN,-350.0
316,10.5317,780.858,85.506,0.0,100.0,0,0,100.0,REGEN,-350.0
317,10.565,781.619,84.372,0.0,100.0,0,0,100.0,REGEN,-350.0
318,10.5983,782.379,83.278,0.0,100.0,0,0,100.0,REGEN,-350.0
319,10.6317,783.131,82.507,0.0,100.0,0,0,100.0,REGEN,-350.0
320,10.665,783.883,81.737,0.0,100.0,0,0,100.0,REGEN,-350.0
321,10.6983,784.635,81.266,0.0,100.0,0,0,100.0,REGEN,-350.0
322,10.7316,785.387,81.172,0.0,100.0,0,0,100.0,REGEN,-350.0
323,10.765,786.139,81.077,0.0,100.0,0,0,100.0,REGEN,-350.0
324,10.7983,786.889,81.056,0.0,100.0,0,0,100.0,REGEN,-350.0
325,10.8316,787.638,81.056,0.0,100.0,0,0,100.0,REGEN,-350.0
326,10.8649,788.388,81.056,0.0,100.0,0,0,100.0,REGEN,-350.0
327,10.8983,789.133,81.056,0.0,100.0,0,0,100.0,REGEN,-350.0
328,10.9316,789.879,81.056,0.0,100.0,0,0,100.0,REGEN,-350.0
329,10.9649,790.619,80.933,0.0,100.0,0,0,100.0,REGEN,-179.76
330,10.9983,791.351,80.642,100.0,100.0,0,0,100.0,REGEN,221.63
331,11.0316,792.082,80.352,100.0,100.0,0,0,100.0,REGEN,623.02
332,11.0649,792.804,79.612,100.0,0.0,0,0,99.8,DEPLOY,480.56
333,11.0982,793.522,78.664,100.0,0.0,0,0,99.52,DEPLOY,86.44
334,11.1316,794.239,77.716,0.0,0.0,0,0,99.23,DEPLOY,-307.68
335,11.1649,794.955,77.537,0.0,100.0,0,0,99.46,REGEN,-350.0
336,11.1982,795.67,77.451,0.0,100.0,0,0,99.74,REGEN,-350.0
337,11.2316,796.385,77.373,0.0,100.0,0,0,100.0,REGEN,-350.0
338,11.2649,797.102,77.373,0.0,100.0,0,0,100.0,REGEN,-350.0
339,11.2982,797.82,77.373,0.0,100.0,0,0,100.0,REGEN,-350.0
340,11.3315,798.534,77.373,0.0,100.0,0,0,100.0,REGEN,-234.92
341,11.3649,799.24,77.373,100.0,100.0,0,0,100.0,REGEN,153.0
342,11.3982,799.946,77.373,100.0,100.0,0,0,100.0,REGEN,540.92
343,11.4315,800.635,76.976,100.0,0.0,0,0,99.87,DEPLOY,750.0
344,11.4649,801.304,76.113,100.0,0.0,0,0,99.6,DEPLOY,750.0
345,11.4982,801.973,75.251,100.0,0.0,0,0,99.32,DEPLOY,750.0
346,11.5315,802.63,74.087,100.0,0.0,0,0,99.04,DEPLOY,750.0
347,11.5648,803.275,72.59,100.0,0.0,0,0,98.76,DEPLOY,750.0
348,11.5982,803.92,71.093,100.0,0.0,0,0,98.48,DEPLOY,750.0
349,11.6315,804.567,70.119,100.0,0.0,0,0,98.19,DEPLOY,750.0
350,11.6648,805.218,70.048,100.0,0.0,0,0,97.9,DEPLOY,750.0
351,11.6981,805.869,69.978,100.0,0.0,0,0,97.61,DEPLOY,750.0
352,11.7315,806.518,69.907,100.0,0.0,0,0,97.32,DEPLOY,750.0
353,11.7648,807.165,69.837,100.0,0.0,0,0,97.03,DEPLOY,750.0
354,11.7981,807.811,69.766,100.0,0.0,0,0,96.73,DEPLOY,750.0
355,11.8315,808.456,69.696,100.0,0.0,0,0,96.44,DEPLOY,750.0
356,11.8648,809.093,69.627,100.0,0.0,0,0,96.15,DEPLOY,750.0
357,11.8981,809.73,69.558,100.0,0.0,0,0,95.87,DEPLOY,750.0
358,11.9314,810.368,69.488,100.0,0.0,0,0,95.58,DEPLOY,750.0
359,11.9648,811.026,69.417,100.0,0.0,0,0,95.28,DEPLOY,750.0
360,11.9981,811.684,69.346,100.0,0.0,0,0,94.98,DEPLOY,750.0
361,12.0314,812.342,69.275,100.0,0.0,0,0,94.68,DEPLOY,750.0
362,12.0648,813.03,70.289,100.0,0.0,0,0,94.37,DEPLOY,750.0
363,12.0981,813.719,71.316,100.0,0.0,0,0,94.07,DEPLOY,750.0
364,12.1314,814.41,72.378,100.0,0.0,0,0,93.76,DEPLOY,750.0
365,12.1647,815.134,73.846,100.0,0.0,0,0,93.45,DEPLOY,750.0
366,12.1981,815.858,75.314,100.0,0.0,0,0,93.15,DEPLOY,750.0
367,12.2314,816.593,76.797,100.0,0.0,0,0,92.84,DEPLOY,750.0
368,12.2647,817.35,78.315,100.0,0.0,0,0,92.54,DEPLOY,750.0
369,12.2981,818.106,79.832,100.0,0.0,0,0,92.23,DEPLOY,750.0
370,12.3314,818.873,81.065,100.0,0.0,0,0,91.93,DEPLOY,750.0
371,12.3647,819.643,82.159,100.0,0.0,0,0,91.64,DEPLOY,750.0
372,12.398,820.414,83.18,100.0,0.0,0,0,91.34,DEPLOY,750.0
373,12.4314,821.185,83.271,100.0,0.0,0,0,91.05,DEPLOY,750.0
374,12.4647,821.955,83.361,100.0,0.0,0,0,90.76,DEPLOY,750.0
375,12.498,822.726,83.362,100.0,0.0,0,0,90.47,DEPLOY,750.0
376,12.5313,823.497,83.261,100.0,0.0,0,0,90.17,DEPLOY,750.0
377,12.5647,824.268,83.161,100.0,0.0,0,0,89.88,DEPLOY,750.0
378,12.598,825.045,83.212,100.0,0.0,0,0,89.59,DEPLOY,750.0
379,12.6313,825.822,83.285,100.0,0.0,0,0,89.29,DEPLOY,750.0
380,12.6647,826.605,83.478,100.0,0.0,0,0,89.0,DEPLOY,750.0
381,12.698,827.398,83.958,100.0,0.0,0,0,88.7,DEPLOY,750.0
382,12.7313,828.192,84.438,100.0,0.0,0,0,88.4,DEPLOY,750.0
383,12.7646,829.006,85.325,100.0,0.0,0,0,88.1,DEPLOY,750.0
384,12.798,829.826,86.333,100.0,0.0,0,0,87.8,DEPLOY,750.0
385,12.8313,830.656,87.445,100.0,0.0,0,0,87.5,DEPLOY,750.0
386,12.8646,831.507,88.771,100.0,0.0,0,0,87.2,DEPLOY,750.0
387,12.898,832.359,90.097,100.0,0.0,0,0,86.89,DEPLOY,750.0
388,12.9313,833.241,91.617,100.0,0.0,0,0,86.59,DEPLOY,750.0
389,12.9646,834.124,93.141,100.0,0.0,0,0,86.29,DEPLOY,750.0
390,12.9979,835.031,94.752,100.0,0.0,0,0,85.99,DEPLOY,750.0
391,13.0313,835.948,96.398,100.0,0.0,0,0,85.68,DEPLOY,750.0
392,13.0646,836.883,98.106,100.0,0.0,0,0,85.38,DEPLOY,750.0
393,13.0979,837.835,99.87,100.0,0.0,0,0,85.08,DEPLOY,750.0
394,13.1313,838.801,101.674,100.0,0.0,0,0,84.77,DEPLOY,750.0
395,13.1646,839.788,103.532,100.0,0.0,0,0,84.47,DEPLOY,750.0
396,13.1979,840.788,105.416,100.0,0.0,0,0,84.17,DEPLOY,750.0
397,13.2312,841.809,107.341,100.0,0.0,0,0,83.87,DEPLOY,750.0
398,13.2646,842.845,109.295,100.0,0.0,0,0,83.57,DEPLOY,750.0
399,13.2979,843.902,111.287,100.0,0.0,0,0,83.26,DEPLOY,750.0
400,13.3312,844.976,113.306,100.0,0.0,0,0,82.96,DEPLOY,750.0
401,13.3646,846.067,115.349,100.0,0.0,0,0,82.66,DEPLOY,750.0
402,13.3979,847.182,117.42,100.0,0.0,0,0,82.36,DEPLOY,750.0
403,13.4312,848.307,119.504,100.0,0.0,0,0,82.06,DEPLOY,750.0
404,13.4645,849.461,121.624,100.0,0.0,0,0,81.76,DEPLOY,750.0
405,13.4979,850.625,123.721,100.0,0.0,0,0,81.46,DEPLOY,750.0
406,13.5312,851.813,125.708,100.0,0.0,0,0,81.16,DEPLOY,750.0
407,13.5645,853.017,127.715,100.0,0.0,0,0,80.86,DEPLOY,750.0
408,13.5978,854.235,129.738,100.0,0.0,0,0,80.56,DEPLOY,750.0
409,13.6312,855.48,131.783,100.0,0.0,0,0,80.26,DEPLOY,750.0
410,13.6645,856.737,133.832,100.0,0.0,0,0,79.97,DEPLOY,750.0
411,13.6978,858.015,135.889,100.0,0.0,0,0,79.67,DEPLOY,750.0
412,13.7312,859.314,137.952,100.0,0.0,0,0,79.37,DEPLOY,750.0
413,13.7645,860.626,140.019,100.0,0.0,0,0,79.07,DEPLOY,750.0
414,13.7978,861.962,142.091,100.0,0.0,0,0,78.77,DEPLOY,750.0
415,13.8311,863.317,144.168,100.0,0.0,0,0,78.47,DEPLOY,750.0
416,13.8645,864.686,146.248,100.0,0.0,0,0,78.18,DEPLOY,750.0
417,13.8978,866.078,148.332,100.0,0.0,0,0,77.88,DEPLOY,750.0
418,13.9311,867.49,150.42,100.0,0.0,0,0,77.58,DEPLOY,750.0
419,13.9645,868.918,152.509,100.0,0.0,0,0,77.28,DEPLOY,750.0
420,13.9978,870.362,154.598,100.0,0.0,0,0,76.99,DEPLOY,750.0
421,14.0311,871.833,156.683,100.0,0.0,0,0,76.69,DEPLOY,750.0
422,14.0644,873.319,158.764,100.0,0.0,0,0,76.39,DEPLOY,750.0
423,14.0978,874.822,160.84,100.0,0.0,0,0,76.1,DEPLOY,750.0
424,14.1311,876.344,162.909,100.0,0.0,0,0,75.8,DEPLOY,750.0
425,14.1644,877.888,164.97,100.0,0.0,0,0,75.5,DEPLOY,750.0
426,14.1978,879.45,167.033,100.0,0.0,0,0,75.21,DEPLOY,750.0
427,14.2311,881.03,169.096,100.0,0.0,0,0,74.91,DEPLOY,750.0
428,14.2644,882.627,171.162,100.0,0.0,0,0,74.62,DEPLOY,750.0
429,14.2977,884.244,173.231,100.0,0.0,0,0,74.32,DEPLOY,750.0
430,14.3311,885.882,175.306,100.0,0.0,0,0,74.02,DEPLOY,750.0
431,14.3644,887.539,177.386,100.0,0.0,0,0,73.73,DEPLOY,750.0
432,14.3977,889.213,179.47,100.0,0.0,0,0,73.43,DEPLOY,750.0
433,14.431,890.906,181.55,100.0,0.0,0,0,73.14,DEPLOY,750.0
434,14.4644,892.617,183.608,100.0,0.0,0,0,72.84,DEPLOY,750.0
435,14.4977,894.347,185.63,100.0,0.0,0,0,72.55,DEPLOY,750.0
436,14.531,896.096,187.616,100.0,0.0,0,0,72.25,DEPLOY,750.0
437,14.5644,897.863,189.57,100.0,0.0,0,0,71.96,DEPLOY,750.0
438,14.5977,899.647,191.494,100.0,0.0,0,0,71.66,DEPLOY,750.0
439,14.631,901.448,193.388,100.0,0.0,0,0,71.37,DEPLOY,750.0
440,14.6643,903.266,195.253,100.0,0.0,0,0,71.07,DEPLOY,750.0
441,14.6977,905.1,197.09,100.0,0.0,0,0,70.78,DEPLOY,750.0
442,14.731,906.95,198.9,100.0,0.0,0,0,70.48,DEPLOY,750.0
443,14.7643,908.817,200.682,100.0,0.0,0,0,70.19,DEPLOY,750.0
444,14.7977,910.7,202.439,100.0,0.0,0,0,69.89,DEPLOY,750.0
445,14.831,912.598,204.17,100.0,0.0,0,0,69.6,DEPLOY,750.0
446,14.8643,914.512,205.876,100.0,0.0,0,0,69.31,DEPLOY,750.0
447,14.8976,916.442,207.557,100.0,0.0,0,0,69.01,DEPLOY,750.0
448,14.931,918.387,209.215,100.0,0.0,0,0,68.72,DEPLOY,750.0
449,14.9643,920.347,210.85,100.0,0.0,0,0,68.42,DEPLOY,750.0
450,14.9976,922.321,212.462,100.0,0.0,0,0,68.13,DEPLOY,750.0
451,15.031,924.31,214.053,100.0,0.0,0,0,67.84,DEPLOY,750.0
452,15.0643,926.313,215.622,100.0,0.0,0,0,67.54,DEPLOY,750.0
453,15.0976,928.331,217.17,100.0,0.0,0,0,67.25,DEPLOY,750.0
454,15.1309,930.362,218.698,100.0,0.0,0,0,66.96,DEPLOY,750.0
455,15.1643,932.407,220.206,100.0,0.0,0,0,66.66,DEPLOY,750.0
456,15.1976,934.466,221.694,100.0,0.0,0,0,66.37,DEPLOY,750.0
457,15.2309,936.538,223.162,100.0,0.0,0,0,66.08,DEPLOY,750.0
458,15.2643,938.624,224.612,100.0,0.0,0,0,65.78,DEPLOY,750.0
459,15.2976,940.723,226.043,100.0,0.0,0,0,65.49,DEPLOY,750.0
460,15.3309,942.834,227.457,100.0,0.0,0,0,65.2,DEPLOY,750.0
461,15.3642,944.959,228.852,100.0,0.0,0,0,64.9,DEPLOY,750.0
462,15.3976,947.096,230.231,100.0,0.0,0,0,64.61,DEPLOY,750.0
463,15.4309,949.245,231.592,100.0,0.0,0,0,64.32,DEPLOY,750.0
464,15.4642,951.407,232.937,100.0,0.0,0,0,64.02,DEPLOY,750.0
465,15.4975,953.581,234.265,100.0,0.0,0,0,63.73,DEPLOY,750.0
466,15.5309,955.767,235.577,100.0,0.0,0,0,63.44,DEPLOY,750.0
467,15.5642,957.964,236.874,100.0,0.0,0,0,63.14,DEPLOY,750.0
468,15.5975,960.173,238.155,100.0,0.0,0,0,62.85,DEPLOY,750.0
469,15.6309,962.394,239.421,100.0,0.0,0,0,62.56,DEPLOY,750.0
470,15.6642,964.627,240.671,100.0,0.0,0,0,62.26,DEPLOY,750.0
471,15.6975,966.871,241.907,100.0,0.0,0,0,61.97,DEPLOY,750.0
472,15.7308,969.127,243.127,100.0,0.0,0,0,61.68,DEPLOY,750.0
473,15.7642,971.393,244.334,100.0,0.0,0,0,61.39,DEPLOY,750.0
474,15.7975,973.67,245.527,100.0,0.0,0,0,61.09,DEPLOY,750.0
475,15.8308,975.958,246.706,100.0,0.0,0,0,60.8,DEPLOY,750.0
476,15.8642,978.256,247.872,100.0,0.0,0,0,60.51,DEPLOY,750.0
477,15.8975,980.565,249.024,100.0,0.0,0,0,60.21,DEPLOY,750.0
478,15.9308,982.885,250.163,100.0,0.0,0,0,59.92,DEPLOY,750.0
479,15.9641,985.216,251.288,100.0,0.0,0,0,59.63,DEPLOY,750.0
480,15.9975,987.556,252.401,100.0,0.0,0,0,59.34,DEPLOY,750.0
481,16.0308,989.906,253.502,100.0,0.0,0,0,59.04,DEPLOY,750.0
482,16.0641,992.266,254.59,100.0,0.0,0,0,58.75,DEPLOY,750.0
483,16.0975,994.636,255.666,100.0,0.0,0,0,58.46,DEPLOY,750.0
484,16.1308,997.017,256.73,100.0,0.0,0,0,58.17,DEPLOY,750.0
485,16.1641,999.407,257.781,100.0,0.0,0,0,57.87,DEPLOY,750.0
486,16.1974,1001.806,258.822,100.0,0.0,0,0,57.58,DEPLOY,750.0
487,16.2308,1004.214,259.851,100.0,0.0,0,0,57.29,DEPLOY,750.0
488,16.2641,1006.632,260.868,100.0,0.0,0,0,56.99,DEPLOY,750.0
489,16.2974,1009.06,261.874,100.0,0.0,0,0,56.7,DEPLOY,750.0
490,16.3307,1011.497,262.869,100.0,0.0,0,0,56.41,DEPLOY,750.0
491,16.3641,1013.942,263.853,100.0,0.0,0,0,56.12,DEPLOY,750.0
492,16.3974,1016.396,264.827,100.0,0.0,0,0,55.82,DEPLOY,750.0
493,16.4307,1018.86,265.79,100.0,0.0,0,0,55.53,DEPLOY,750.0
494,16.4641,1021.332,266.742,100.0,0.0,0,0,55.24,DEPLOY,750.0
495,16.4974,1023.813,267.684,100.0,0.0,0,0,54.95,DEPLOY,750.0
496,16.5307,1026.302,268.617,100.0,0.0,0,0,54.65,DEPLOY,750.0
497,16.564,1028.8,269.538,100.0,0.0,0,0,54.36,DEPLOY,750.0
498,16.5974,1031.306,270.45,100.0,0.0,0,0,54.07,DEPLOY,750.0
499,16.6307,1033.821,271.352,100.0,0.0,0,0,53.78,DEPLOY,750.0
500,16.664,1036.343,272.245,100.0,0.0,0,0,53.49,DEPLOY,750.0
501,16.6974,1038.874,273.128,100.0,0.0,0,0,53.19,DEPLOY,750.0
502,16.7307,1041.414,274.001,100.0,0.0,0,0,52.9,DEPLOY,750.0
503,16.764,1043.96,274.866,100.0,0.0,0,0,52.61,DEPLOY,750.0
504,16.7973,1046.515,275.721,100.0,0.0,0,0,52.32,DEPLOY,750.0
505,16.8307,1049.078,276.567,100.0,0.0,0,0,52.02,DEPLOY,750.0
506,16.864,1051.648,277.404,100.0,0.0,0,0,51.73,DEPLOY,750.0
507,16.8973,1054.226,278.233,100.0,0.0,0,0,51.44,DEPLOY,750.0
508,16.9307,1056.811,279.052,100.0,0.0,0,0,51.15,DEPLOY,750.0
509,16.964,1059.404,279.863,100.0,0.0,0,0,50.85,DEPLOY,750.0
510,16.9973,1062.005,280.665,100.0,0.0,0,0,50.56,DEPLOY,750.0
511,17.0306,1064.612,281.46,100.0,0.0,0,0,50.27,DEPLOY,750.0
512,17.064,1067.227,282.245,100.0,0.0,0,0,49.98,DEPLOY,750.0
513,17.0973,1069.849,283.023,100.0,0.0,0,0,49.69,DEPLOY,750.0
514,17.1306,1072.478,283.793,100.0,0.0,0,0,49.39,DEPLOY,750.0
515,17.1639,1075.114,284.554,100.0,0.0,0,0,49.1,DEPLOY,750.0
516,17.1973,1077.758,285.307,100.0,0.0,0,0,48.81,DEPLOY,750.0
517,17.2306,1080.407,286.053,100.0,0.0,0,0,48.52,DEPLOY,750.0
518,17.2639,1083.064,286.791,100.0,0.0,0,0,48.22,DEPLOY,750.0
519,17.2973,1085.728,287.521,100.0,0.0,0,0,47.93,DEPLOY,750.0
520,17.3306,1088.398,288.245,100.0,0.0,0,0,47.64,DEPLOY,750.0
521,17.3639,1091.075,288.96,100.0,0.0,0,0,47.35,DEPLOY,750.0
522,17.3972,1093.758,289.667,100.0,0.0,0,0,47.06,DEPLOY,750.0
523,17.4306,1096.447,290.369,100.0,0.0,0,0,46.76,DEPLOY,750.0
524,17.4639,1099.144,291.062,100.0,0.0,0,0,46.47,DEPLOY,750.0
525,17.4972,1101.846,291.748,100.0,0.0,0,0,46.18,DEPLOY,750.0
526,17.5306,1104.555,292.428,100.0,0.0,0,0,45.89,DEPLOY,750.0
527,17.5639,1107.27,293.1,100.0,0.0,0,0,45.6,DEPLOY,750.0
528,17.5972,1109.991,293.765,100.0,0.0,0,0,45.3,DEPLOY,750.0
529,17.6305,1112.718,294.424,100.0,0.0,0,0,45.01,DEPLOY,750.0
530,17.6639,1115.451,295.076,100.0,0.0,0,0,44.72,DEPLOY,750.0
531,17.6972,1118.19,295.722,100.0,0.0,0,0,44.43,DEPLOY,750.0
532,17.7305,1120.935,296.36,100.0,0.0,0,0,44.13,DEPLOY,750.0
533,17.7639,1123.686,296.992,100.0,0.0,0,0,43.84,DEPLOY,750.0
534,17.7972,1126.442,297.619,100.0,0.0,0,0,43.55,DEPLOY,750.0
535,17.8305,1129.205,298.238,100.0,0.0,0,0,43.26,DEPLOY,750.0
536,17.8638,1131.973,298.851,100.0,0.0,0,0,42.97,DEPLOY,750.0
537,17.8972,1134.746,299.458,100.0,0.0,0,0,42.67,DEPLOY,750.0
538,17.9305,1137.525,300.059,100.0,0.0,0,0,42.38,DEPLOY,750.0
539,17.9638,1140.31,300.654,100.0,0.0,0,0,42.09,DEPLOY,750.0
540,17.9972,1143.1,301.242,100.0,0.0,0,0,41.8,DEPLOY,750.0
541,18.0305,1145.895,301.825,100.0,0.0,0,0,41.51,DEPLOY,750.0
542,18.0638,1148.696,302.402,100.0,0.0,0,0,41.21,DEPLOY,750.0
543,18.0971,1151.502,302.973,100.0,0.0,0,0,40.92,DEPLOY,750.0
544,18.1305,1154.313,303.538,100.0,0.0,0,0,40.63,DEPLOY,750.0
545,18.1638,1157.13,304.098,100.0,0.0,0,0,40.34,DEPLOY,750.0
546,18.1971,1159.951,304.652,100.0,0.0,0,0,40.05,DEPLOY,750.0
547,18.2304,1162.777,305.2,100.0,0.0,0,0,39.75,DEPLOY,750.0
548,18.2638,1165.609,305.743,100.0,0.0,0,0,39.46,DEPLOY,750.0
549,18.2971,1168.445,306.281,100.0,0.0,0,0,39.17,DEPLOY,750.0
550,18.3304,1171.287,306.813,100.0,0.0,0,0,38.88,DEPLOY,750.0
551,18.3638,1174.133,307.339,100.0,0.0,0,0,38.59,DEPLOY,750.0
552,18.3971,1176.984,307.861,100.0,0.0,0,0,38.29,DEPLOY,726.06
553,18.4304,1179.839,308.292,100.0,0.0,0,0,38.04,NORMAL,650.0
554,18.4637,1182.697,308.621,100.0,0.0,0,0,37.83,NORMAL,650.0
555,18.4971,1185.557,308.947,100.0,0.0,0,0,37.62,NORMAL,650.0
556,18.5304,1188.421,309.271,100.0,0.0,0,0,37.42,NORMAL,650.0
557,18.5637,1191.288,309.591,100.0,0.0,0,0,37.21,NORMAL,650.0
558,18.5971,1194.158,309.908,100.0,0.0,0,0,37.0,NORMAL,650.0
559,18.6304,1197.03,310.222,100.0,0.0,0,0,36.79,NORMAL,650.0
560,18.6637,1199.906,310.534,100.0,0.0,0,0,36.58,NORMAL,650.0
561,18.697,1202.784,310.842,100.0,0.0,0,0,36.37,NORMAL,650.0
562,18.7304,1205.665,311.148,100.0,0.0,0,0,36.17,NORMAL,650.0
563,18.7637,1208.549,311.45,100.0,0.0,0,0,35.96,NORMAL,650.0
564,18.797,1211.435,311.75,100.0,0.0,0,0,35.75,NORMAL,650.0
565,18.8304,1214.325,312.047,100.0,0.0,0,0,35.54,NORMAL,650.0
566,18.8637,1217.217,312.341,100.0,0.0,0,0,35.33,NORMAL,650.0
567,18.897,1220.112,312.633,100.0,0.0,0,0,35.12,NORMAL,650.0
568,18.9303,1223.009,312.921,100.0,0.0,0,0,34.91,NORMAL,650.0
569,18.9637,1225.909,313.207,100.0,0.0,0,0,34.71,NORMAL,650.0
570,18.997,1228.812,313.49,100.0,0.0,0,0,34.5,NORMAL,650.0
571,19.0303,1231.717,313.771,100.0,0.0,0,0,34.29,NORMAL,650.0
572,19.0636,1234.625,314.049,100.0,0.0,0,0,34.08,NORMAL,650.0
573,19.097,1237.536,314.324,100.0,0.0,0,0,33.87,NORMAL,650.0
574,19.1303,1240.448,314.597,100.0,0.0,0,0,33.66,NORMAL,650.0
575,19.1636,1243.364,314.868,100.0,0.0,0,0,33.46,NORMAL,650.0
576,19.197,1246.282,315.135,100.0,0.0,0,0,33.25,NORMAL,650.0
577,19.2303,1249.202,315.401,100.0,0.0,0,0,33.04,NORMAL,650.0
578,19.2636,1252.125,315.663,100.0,0.0,0,0,32.83,NORMAL,650.0
579,19.2969,1255.05,315.924,100.0,0.0,0,0,32.62,NORMAL,650.0
580,19.3303,1257.978,316.182,100.0,0.0,0,0,32.41,NORMAL,650.0
581,19.3636,1260.908,316.437,100.0,0.0,0,0,32.21,NORMAL,650.0
582,19.3969,1263.84,316.69,100.0,0.0,0,0,32.0,NORMAL,650.0
583,19.4303,1266.775,316.941,100.0,0.0,0,0,31.79,NORMAL,650.0
584,19.4636,1269.711,317.189,100.0,0.0,0,0,31.58,NORMAL,650.0
585,19.4969,1272.651,317.435,100.0,0.0,0,0,31.37,NORMAL,650.0
586,19.5302,1275.592,317.679,100.0,0.0,0,0,31.16,NORMAL,650.0
587,19.5636,1278.52,317.919,0.0,0.0,0,0,30.96,NORMAL,-339.51
588,19.5969,1281.42,313.196,0.0,100.0,0,0,31.24,REGEN,-350.0
589,19.6302,1284.318,313.196,0.0,100.0,0,0,31.53,REGEN,-350.0
590,19.6636,1287.193,311.666,0.0,100.0,0,0,31.82,REGEN,-350.0
591,19.6969,1290.032,307.469,0.0,100.0,0,0,32.11,REGEN,-350.0
592,19.7302,1292.833,303.333,0.0,100.0,0,0,32.4,REGEN,-350.0
593,19.7635,1295.593,299.261,0.0,100.0,0,0,32.69,REGEN,-350.0
594,19.7969,1298.319,295.243,0.0,100.0,0,0,32.98,REGEN,-350.0
595,19.8302,1301.006,291.286,0.0,100.0,0,0,33.27,REGEN,-350.0
596,19.8635,1303.657,287.385,0.0,100.0,0,0,33.56,REGEN,-350.0
597,19.8968,1306.274,283.535,0.0,100.0,0,0,33.84,REGEN,-350.0
598,19.9302,1308.854,279.739,0.0,100.0,0,0,34.13,REGEN,-350.0
599,19.9635,1311.397,275.997,0.0,100.0,0,0,34.42,REGEN,-350.0
600,19.9968,1313.908,272.303,0.0,100.0,0,0,34.71,REGEN,-350.0
601,20.0302,1316.387,268.656,0.0,100.0,0,0,35.0,REGEN,-350.0
602,20.0635,1318.829,265.059,0.0,100.0,0,0,35.29,REGEN,-350.0
603,20.0968,1321.238,261.509,0.0,100.0,0,0,35.58,REGEN,-350.0
604,20.1301,1323.615,258.004,0.0,100.0,0,0,35.86,REGEN,-350.0
605,20.1635,1325.961,254.541,0.0,100.0,0,0,36.15,REGEN,-350.0
606,20.1968,1328.275,251.121,0.0,100.0,0,0,36.44,REGEN,-350.0
607,20.2301,1330.558,247.742,0.0,100.0,0,0,36.73,REGEN,-350.0
608,20.2635,1332.808,244.407,0.0,100.0,0,0,37.02,REGEN,-350.0
609,20.2968,1335.027,241.112,0.0,100.0,0,0,37.3,REGEN,-350.0
610,20.3301,1337.215,237.856,0.0,100.0,0,0,37.59,REGEN,-350.0
611,20.3634,1339.375,234.638,0.0,100.0,0,0,37.88,REGEN,-350.0
612,20.3968,1341.504,231.456,0.0,100.0,0,0,38.17,REGEN,-350.0
613,20.4301,1343.605,228.309,0.0,100.0,0,0,38.46,REGEN,-350.0
614,20.4634,1345.676,225.198,0.0,100.0,0,0,38.74,REGEN,-350.0
615,20.4968,1347.718,222.12,0.0,100.0,0,0,39.03,REGEN,-350.0
616,20.5301,1349.733,219.077,0.0,100.0,0,0,39.32,REGEN,-350.0
617,20.5634,1351.719,216.068,0.0,100.0,0,0,39.61,REGEN,-350.0
618,20.5967,1353.677,213.095,0.0,100.0,0,0,39.89,REGEN,-350.0
619,20.6301,1355.608,210.162,0.0,100.0,0,0,40.18,REGEN,-350.0
620,20.6634,1357.512,207.273,0.0,100.0,0,0,40.47,REGEN,-350.0
621,20.6967,1359.39,204.432,0.0,100.0,0,0,40.76,REGEN,-350.0
622,20.7301,1361.242,201.636,0.0,100.0,0,0,41.04,REGEN,-350.0
623,20.7634,1363.068,198.884,0.0,100.0,0,0,41.33,REGEN,-350.0
624,20.7967,1364.87,196.183,0.0,100.0,0,0,41.62,REGEN,-350.0
625,20.83,1366.649,193.555,0.0,100.0,0,0,41.91,REGEN,-350.0
626,20.8634,1368.398,191.075,0.0,100.0,0,0,42.19,REGEN,-350.0
627,20.8967,1370.121,187.984,0.0,100.0,0,0,42.48,REGEN,-350.0
628,20.93,1371.82,185.391,0.0,100.0,0,0,42.77,REGEN,-350.0
629,20.9633,1373.497,182.916,0.0,100.0,0,0,43.05,REGEN,-350.0
630,20.9967,1375.15,180.354,0.0,100.0,0,0,43.34,REGEN,-350.0
631,21.03,1376.78,177.763,0.0,100.0,0,0,43.63,REGEN,-350.0
632,21.0633,1378.385,175.221,0.0,100.0,0,0,43.91,REGEN,-350.0
633,21.0967,1379.962,172.779,0.0,100.0,0,0,44.2,REGEN,-350.0
634,21.13,1381.515,170.051,0.0,100.0,0,0,44.48,REGEN,-350.0
635,21.1633,1383.044,167.21,0.0,100.0,0,0,44.77,REGEN,-350.0
636,21.1966,1384.553,164.55,0.0,100.0,0,0,45.05,REGEN,-350.0
637,21.23,1386.034,162.235,0.0,100.0,0,0,45.34,REGEN,-350.0
638,21.2633,1387.498,160.066,0.0,100.0,0,0,45.63,REGEN,-350.0
639,21.2966,1388.943,157.956,0.0,100.0,0,0,45.91,REGEN,-350.0
640,21.33,1390.367,155.781,0.0,100.0,0,0,46.2,REGEN,-350.0
641,21.3633,1391.766,153.538,0.0,100.0,0,0,46.48,REGEN,-350.0
642,21.3966,1393.148,151.308,0.0,100.0,0,0,46.77,REGEN,-350.0
643,21.4299,1394.514,149.115,0.0,100.0,0,0,47.06,REGEN,-350.0
644,21.4633,1395.854,147.089,0.0,100.0,0,0,47.34,REGEN,-350.0
645,21.4966,1397.181,145.156,0.0,100.0,0,0,47.63,REGEN,-350.0
646,21.5299,1398.495,143.324,0.0,100.0,0,0,47.91,REGEN,-350.0
647,21.5633,1399.787,141.631,0.0,100.0,0,0,48.2,REGEN,-350.0
648,21.5966,1401.069,139.999,0.0,100.0,0,0,48.49,REGEN,-350.0
649,21.6299,1402.337,138.449,0.0,100.0,0,0,48.77,REGEN,-350.0
650,21.6632,1403.59,137.018,0.0,100.0,0,0,49.06,REGEN,-350.0
651,21.6966,1404.835,135.655,0.0,100.0,0,0,49.35,REGEN,-350.0
652,21.7299,1406.069,134.448,0.0,100.0,0,0,49.64,REGEN,-350.0
653,21.7632,1407.295,133.406,0.0,100.0,0,0,49.92,REGEN,-350.0
654,21.7965,1408.518,132.485,0.0,100.0,0,0,50.21,REGEN,-350.0
655,21.8299,1409.734,131.963,100.0,100.0,0,0,50.5,REGEN,277.84
656,21.8632,1410.95,131.539,100.0,0.0,0,0,50.62,DEPLOY,750.0
657,21.8965,1412.162,131.292,100.0,0.0,0,0,50.33,DEPLOY,750.0
658,21.9299,1413.373,131.045,100.0,0.0,0,0,50.04,DEPLOY,750.0
659,21.9632,1414.582,130.798,100.0,0.0,0,0,49.75,DEPLOY,750.0
660,21.9965,1415.79,130.552,100.0,0.0,0,0,49.46,DEPLOY,750.0
661,22.0298,1416.999,130.418,100.0,0.0,0,0,49.17,DEPLOY,750.0
662,22.0632,1418.21,130.511,100.0,0.0,0,0,48.88,DEPLOY,750.0
663,22.0965,1419.427,130.823,100.0,0.0,0,0,48.58,DEPLOY,750.0
664,22.1298,1420.647,131.244,100.0,0.0,0,0,48.29,DEPLOY,750.0
665,22.1632,1421.876,131.83,100.0,0.0,0,0,47.99,DEPLOY,750.0
666,22.1965,1423.11,132.476,100.0,0.0,0,0,47.7,DEPLOY,750.0
667,22.2298,1424.351,133.209,100.0,0.0,0,0,47.41,DEPLOY,750.0
668,22.2631,1425.603,134.045,100.0,0.0,0,0,47.11,DEPLOY,750.0
669,22.2965,1426.861,134.931,100.0,0.0,0,0,46.82,DEPLOY,750.0
670,22.3298,1428.13,135.91,100.0,0.0,0,0,46.52,DEPLOY,750.0
671,22.3631,1429.41,136.974,100.0,0.0,0,0,46.23,DEPLOY,750.0
672,22.3965,1430.698,138.098,100.0,0.0,0,0,45.93,DEPLOY,750.0
673,22.4298,1432.003,139.344,100.0,0.0,0,0,45.63,DEPLOY,750.0
674,22.4631,1433.319,140.664,100.0,0.0,0,0,45.34,DEPLOY,750.0
675,22.4964,1434.645,142.053,100.0,0.0,0,0,45.04,DEPLOY,750.0
676,22.5298,1435.992,143.592,100.0,0.0,0,0,44.75,DEPLOY,750.0
677,22.5631,1437.352,145.206,100.0,0.0,0,0,44.45,DEPLOY,750.0
678,22.5964,1438.725,146.896,100.0,0.0,0,0,44.15,DEPLOY,750.0
679,22.6298,1440.12,148.702,100.0,0.0,0,0,43.86,DEPLOY,750.0
680,22.6631,1441.532,150.587,100.0,0.0,0,0,43.56,DEPLOY,750.0
681,22.6964,1442.96,152.557,100.0,0.0,0,0,43.26,DEPLOY,750.0
682,22.7297,1444.407,154.66,100.0,0.0,0,0,42.96,DEPLOY,750.0
683,22.7631,1445.876,156.675,100.0,0.0,0,0,42.67,DEPLOY,750.0
684,22.7964,1447.361,158.719,100.0,0.0,0,0,42.37,DEPLOY,750.0
685,22.8297,1448.863,160.803,100.0,0.0,0,0,42.07,DEPLOY,750.0
686,22.863,1450.383,162.865,100.0,0.0,0,0,41.78,DEPLOY,750.0
687,22.8964,1451.898,164.499,100.0,0.0,0,0,41.49,DEPLOY,44.52
688,22.9297,1453.396,163.957,0.0,100.0,0,0,41.5,REGEN,-350.0
689,22.963,1454.874,161.502,0.0,100.0,0,0,41.79,REGEN,-350.0
690,22.9964,1456.325,158.932,0.0,100.0,0,0,42.07,REGEN,-350.0
691,23.0297,1457.75,156.508,0.0,100.0,0,0,42.36,REGEN,-350.0
692,23.063,1459.156,154.105,0.0,100.0,0,0,42.64,REGEN,-350.0
693,23.0963,1460.543,151.679,0.0,100.0,0,0,42.93,REGEN,-350.0
694,23.1297,1461.899,149.267,0.0,100.0,0,0,43.21,REGEN,-350.0
695,23.163,1463.239,146.933,0.0,100.0,0,0,43.5,REGEN,-350.0
696,23.1963,1464.563,144.686,0.0,100.0,0,0,43.78,REGEN,-350.0
697,23.2297,1465.86,142.637,0.0,100.0,0,0,44.07,REGEN,-350.0
698,23.263,1467.146,140.685,0.0,100.0,0,0,44.35,REGEN,-350.0
699,23.2963,1468.417,138.859,0.0,100.0,0,0,44.64,REGEN,-350.0
700,23.3296,1469.668,137.201,0.0,100.0,0,0,44.92,REGEN,-350.0
701,23.363,1470.912,135.632,0.0,100.0,0,0,45.21,REGEN,-350.0
702,23.3963,1472.142,134.24,0.0,100.0,0,0,45.5,REGEN,-350.0
703,23.4296,1473.365,133.058,100.0,100.0,0,0,45.79,REGEN,56.78
704,23.463,1474.585,132.012,100.0,100.0,0,0,46.08,REGEN,727.19
705,23.4963,1475.802,131.736,100.0,0.0,0,0,45.81,DEPLOY,750.0
706,23.5296,1477.017,131.488,100.0,0.0,0,0,45.51,DEPLOY,750.0
707,23.5629,1478.229,131.239,100.0,0.0,0,0,45.22,DEPLOY,750.0
708,23.5963,1479.441,130.991,100.0,0.0,0,0,44.93,DEPLOY,750.0
709,23.6296,1480.652,130.75,100.0,0.0,0,0,44.64,DEPLOY,750.0
710,23.6629,1481.872,130.842,100.0,0.0,0,0,44.35,DEPLOY,750.0
711,23.6962,1483.099,131.309,100.0,0.0,0,0,44.05,DEPLOY,750.0
712,23.7296,1484.338,132.394,100.0,0.0,0,0,43.76,DEPLOY,750.0
713,23.7629,1485.594,133.756,100.0,0.0,0,0,43.46,DEPLOY,750.0
714,23.7962,1486.86,135.242,100.0,0.0,0,0,43.16,DEPLOY,750.0
715,23.8296,1488.145,136.909,100.0,0.0,0,0,42.87,DEPLOY,750.0
716,23.8629,1489.444,138.593,100.0,0.0,0,0,42.57,DEPLOY,750.0
717,23.8962,1490.754,140.274,100.0,0.0,0,0,42.27,DEPLOY,750.0
718,23.9295,1492.082,141.811,100.0,0.0,0,0,41.98,DEPLOY,750.0
719,23.9629,1493.421,143.245,100.0,0.0,0,0,41.68,DEPLOY,750.0
720,23.9962,1494.768,144.59,100.0,0.0,0,0,41.38,DEPLOY,750.0
721,24.0295,1496.129,145.801,100.0,0.0,0,0,41.09,DEPLOY,750.0
722,24.0629,1497.498,146.907,100.0,0.0,0,0,40.8,DEPLOY,750.0
723,24.0962,1498.873,147.918,100.0,0.0,0,0,40.5,DEPLOY,750.0
724,24.1295,1500.257,148.771,100.0,0.0,0,0,40.21,DEPLOY,750.0
725,24.1628,1501.644,149.459,100.0,0.0,0,0,39.91,DEPLOY,750.0
726,24.1962,1503.033,149.968,100.0,0.0,0,0,39.62,DEPLOY,750.0
727,24.2295,1504.422,150.182,100.0,0.0,0,0,39.33,DEPLOY,750.0
728,24.2628,1505.807,149.944,100.0,0.0,0,0,39.04,DEPLOY,750.0
729,24.2962,1507.189,149.621,100.0,0.0,0,0,38.75,DEPLOY,750.0
730,24.3295,1508.569,149.299,100.0,0.0,0,0,38.46,DEPLOY,750.0
731,24.3628,1509.949,148.978,100.0,0.0,0,0,38.17,DEPLOY,750.0
732,24.3961,1511.331,148.934,100.0,0.0,0,0,37.87,DEPLOY,750.0
733,24.4295,1512.718,149.2,100.0,0.0,0,0,37.58,DEPLOY,750.0
734,24.4628,1514.117,149.997,100.0,0.0,0,0,37.29,DEPLOY,750.0
735,24.4961,1515.526,150.989,100.0,0.0,0,0,36.99,DEPLOY,750.0
736,24.5294,1516.944,152.151,100.0,0.0,0,0,36.7,DEPLOY,750.0
737,24.5628,1518.378,153.508,100.0,0.0,0,0,36.4,DEPLOY,750.0
738,24.5961,1519.828,155.027,100.0,0.0,0,0,36.11,DEPLOY,750.0
739,24.6294,1521.292,156.656,100.0,0.0,0,0,35.81,DEPLOY,750.0
740,24.6628,1522.77,158.389,100.0,0.0,0,0,35.51,DEPLOY,750.0
741,24.6961,1524.27,160.246,100.0,0.0,0,0,35.22,DEPLOY,750.0
742,24.7294,1525.788,162.195,100.0,0.0,0,0,34.92,DEPLOY,750.0
743,24.7627,1527.324,164.225,100.0,0.0,0,0,34.62,DEPLOY,750.0
744,24.7961,1528.877,166.33,100.0,0.0,0,0,34.33,DEPLOY,750.0
745,24.8294,1530.451,168.507,100.0,0.0,0,0,34.03,DEPLOY,750.0
746,24.8627,1532.044,170.461,100.0,0.0,0,0,33.74,DEPLOY,750.0
747,24.8961,1533.654,172.414,100.0,0.0,0,0,33.44,DEPLOY,750.0
748,24.9294,1535.282,174.407,100.0,0.0,0,0,33.14,DEPLOY,750.0
749,24.9627,1536.928,176.436,100.0,0.0,0,0,32.85,DEPLOY,750.0
750,24.996,1538.593,178.515,100.0,0.0,0,0,32.55,DEPLOY,750.0
751,25.0294,1540.279,180.616,100.0,0.0,0,0,32.26,DEPLOY,750.0
752,25.0627,1541.984,182.686,100.0,0.0,0,0,31.96,DEPLOY,750.0
753,25.096,1543.706,184.722,100.0,0.0,0,0,31.67,DEPLOY,750.0
754,25.1294,1545.447,186.726,100.0,0.0,0,0,31.37,DEPLOY,750.0
755,25.1627,1547.204,188.696,100.0,0.0,0,0,31.08,DEPLOY,750.0
756,25.196,1548.979,190.636,100.0,0.0,0,0,30.78,DEPLOY,750.0
757,25.2293,1550.772,192.545,100.0,0.0,0,0,30.49,DEPLOY,750.0
758,25.2627,1552.582,194.423,100.0,0.0,0,0,30.19,DEPLOY,750.0
759,25.296,1554.409,196.271,100.0,0.0,0,0,29.9,DEPLOY,750.0
760,25.3293,1556.253,198.092,100.0,0.0,0,0,29.6,DEPLOY,750.0
761,25.3627,1558.114,199.885,100.0,0.0,0,0,29.31,DEPLOY,750.0
762,25.396,1559.99,201.652,100.0,0.0,0,0,29.01,DEPLOY,750.0
763,25.4293,1561.882,203.394,100.0,0.0,0,0,28.72,DEPLOY,750.0
764,25.4626,1563.789,205.11,100.0,0.0,0,0,28.43,DEPLOY,750.0
765,25.496,1565.712,206.803,100.0,0.0,0,0,28.13,DEPLOY,750.0
766,25.5293,1567.65,208.471,100.0,0.0,0,0,27.84,DEPLOY,750.0
767,25.5626,1569.603,210.116,100.0,0.0,0,0,27.54,DEPLOY,750.0
768,25.5959,1571.571,211.739,100.0,0.0,0,0,27.25,DEPLOY,750.0
769,25.6293,1573.553,213.339,100.0,0.0,0,0,26.96,DEPLOY,750.0
770,25.6626,1575.55,214.918,100.0,0.0,0,0,26.66,DEPLOY,750.0
771,25.6959,1577.561,216.476,100.0,0.0,0,0,26.37,DEPLOY,750.0
772,25.7293,1579.586,218.012,100.0,0.0,0,0,26.08,DEPLOY,750.0
773,25.7626,1581.625,219.529,100.0,0.0,0,0,25.78,DEPLOY,750.0
774,25.7959,1583.678,221.026,100.0,0.0,0,0,25.49,DEPLOY,750.0
775,25.8292,1585.744,222.504,100.0,0.0,0,0,25.19,DEPLOY,750.0
776,25.8626,1587.823,223.962,100.0,0.0,0,0,24.9,DEPLOY,750.0
777,25.8959,1589.916,225.402,100.0,0.0,0,0,24.61,DEPLOY,750.0
778,25.9292,1592.021,226.824,100.0,0.0,0,0,24.31,DEPLOY,750.0
779,25.9626,1594.14,228.228,100.0,0.0,0,0,24.02,DEPLOY,750.0
780,25.9959,1596.271,229.614,100.0,0.0,0,0,23.73,DEPLOY,750.0
781,26.0292,1598.414,230.984,100.0,0.0,0,0,23.43,DEPLOY,750.0
782,26.0625,1600.57,232.336,100.0,0.0,0,0,23.14,DEPLOY,750.0
783,26.0959,1602.739,233.672,100.0,0.0,0,0,22.85,DEPLOY,750.0
784,26.1292,1604.919,234.991,100.0,0.0,0,0,22.56,DEPLOY,750.0
785,26.1625,1607.112,236.294,100.0,0.0,0,0,22.26,DEPLOY,750.0
786,26.1959,1609.317,237.582,100.0,0.0,0,0,21.97,DEPLOY,750.0
787,26.2292,1611.533,238.854,100.0,0.0,0,0,21.68,DEPLOY,750.0
788,26.2625,1613.76,240.111,100.0,0.0,0,0,21.38,DEPLOY,750.0
789,26.2958,1615.999,241.353,100.0,0.0,0,0,21.09,DEPLOY,750.0
790,26.3292,1618.249,242.581,100.0,0.0,0,0,20.8,DEPLOY,750.0
791,26.3625,1620.51,243.795,100.0,0.0,0,0,20.5,DEPLOY,750.0
792,26.3958,1622.782,244.994,100.0,0.0,0,0,20.21,DEPLOY,750.0
793,26.4291,1625.065,246.179,100.0,0.0,0,0,19.92,DEPLOY,750.0
794,26.4625,1627.36,247.35,100.0,0.0,0,0,19.63,DEPLOY,750.0
795,26.4958,1629.664,248.508,100.0,0.0,0,0,19.33,DEPLOY,750.0
796,26.5291,1631.979,249.653,100.0,0.0,0,0,19.04,DEPLOY,750.0
797,26.5625,1634.304,250.785,100.0,0.0,0,0,18.75,DEPLOY,750.0
798,26.5958,1636.639,251.904,100.0,0.0,0,0,18.45,DEPLOY,750.0
799,26.6291,1638.986,253.01,100.0,0.0,0,0,18.16,DEPLOY,750.0
800,26.6624,1641.342,254.103,100.0,0.0,0,0,17.87,DEPLOY,750.0
801,26.6958,1643.708,255.184,100.0,0.0,0,0,17.58,DEPLOY,750.0
802,26.7291,1646.083,256.253,100.0,0.0,0,0,17.28,DEPLOY,750.0
803,26.7624,1648.468,257.311,100.0,0.0,0,0,16.99,DEPLOY,750.0
804,26.7958,1650.863,258.357,100.0,0.0,0,0,16.7,DEPLOY,750.0
805,26.8291,1653.268,259.39,100.0,0.0,0,0,16.41,DEPLOY,750.0
806,26.8624,1655.682,260.412,100.0,0.0,0,0,16.11,DEPLOY,750.0
807,26.8957,1658.105,261.424,100.0,0.0,0,0,15.82,DEPLOY,750.0
808,26.9291,1660.537,262.424,100.0,0.0,0,0,15.53,DEPLOY,750.0
809,26.9624,1662.979,263.413,100.0,0.0,0,0,15.24,DEPLOY,750.0
810,26.9957,1665.43,264.391,100.0,0.0,0,0,14.94,DEPLOY,750.0
811,27.0291,1667.889,265.359,100.0,0.0,0,0,14.65,DEPLOY,750.0
812,27.0624,1670.357,266.316,100.0,0.0,0,0,14.36,DEPLOY,750.0
813,27.0957,1672.834,267.263,100.0,0.0,0,0,14.07,DEPLOY,750.0
814,27.129,1675.32,268.199,100.0,0.0,0,0,13.77,DEPLOY,750.0
815,27.1624,1677.814,269.125,100.0,0.0,0,0,13.48,DEPLOY,750.0
816,27.1957,1680.316,270.042,100.0,0.0,0,0,13.19,DEPLOY,750.0
817,27.229,1682.827,270.949,100.0,0.0,0,0,12.9,DEPLOY,750.0
818,27.2624,1685.346,271.845,100.0,0.0,0,0,12.6,DEPLOY,750.0
819,27.2957,1687.874,272.732,100.0,0.0,0,0,12.31,DEPLOY,750.0
820,27.329,1690.409,273.611,100.0,0.0,0,0,12.02,DEPLOY,750.0
821,27.3623,1692.952,274.479,100.0,0.0,0,0,11.73,DEPLOY,750.0
822,27.3957,1695.504,275.338,100.0,0.0,0,0,11.43,DEPLOY,750.0
823,27.429,1698.063,276.188,100.0,0.0,0,0,11.14,DEPLOY,750.0
824,27.4623,1700.629,277.03,100.0,0.0,0,0,10.85,DEPLOY,750.0
825,27.4956,1703.204,277.862,100.0,0.0,0,0,10.56,DEPLOY,750.0
826,27.529,1705.786,278.685,100.0,0.0,0,0,10.27,DEPLOY,750.0
827,27.5623,1708.375,279.5,100.0,0.0,0,0,9.97,DEPLOY,750.0
828,27.5956,1710.972,280.306,100.0,0.0,0,0,9.68,DEPLOY,750.0
829,27.629,1713.577,281.104,100.0,0.0,0,0,9.39,DEPLOY,750.0
830,27.6623,1716.189,281.894,100.0,0.0,0,0,9.1,DEPLOY,750.0
831,27.6956,1718.807,282.675,100.0,0.0,0,0,8.8,DEPLOY,750.0
832,27.7289,1721.433,283.448,100.0,0.0,0,0,8.51,DEPLOY,750.0
833,27.7623,1724.066,284.213,100.0,0.0,0,0,8.22,DEPLOY,750.0
834,27.7956,1726.706,284.97,100.0,0.0,0,0,7.93,DEPLOY,750.0
835,27.8289,1729.353,285.719,100.0,0.0,0,0,7.64,DEPLOY,750.0
836,27.8623,1732.007,286.461,100.0,0.0,0,0,7.34,DEPLOY,750.0
837,27.8956,1734.667,287.195,100.0,0.0,0,0,7.05,DEPLOY,750.0
838,27.9289,1737.335,287.921,100.0,0.0,0,0,6.76,DEPLOY,750.0
839,27.9622,1740.008,288.639,100.0,0.0,0,0,6.47,DEPLOY,750.0
840,27.9956,1742.688,289.351,100.0,0.0,0,0,6.17,DEPLOY,750.0
841,28.0289,1745.376,290.055,100.0,0.0,0,0,5.88,DEPLOY,750.0
842,28.0622,1748.069,290.751,100.0,0.0,0,0,5.59,DEPLOY,750.0
843,28.0956,1750.768,291.441,100.0,0.0,0,0,5.3,DEPLOY,750.0
844,28.1289,1753.474,292.123,100.0,0.0,0,0,5.01,DEPLOY,750.0
845,28.1622,1756.186,292.799,100.0,0.0,0,0,4.71,DEPLOY,750.0
846,28.1955,1758.905,293.468,100.0,0.0,0,0,4.42,DEPLOY,750.0
847,28.2289,1761.629,294.129,100.0,0.0,0,0,4.13,DEPLOY,750.0
848,28.2622,1764.36,294.784,100.0,0.0,0,0,3.84,DEPLOY,750.0
849,28.2955,1767.096,295.433,100.0,0.0,0,0,3.55,DEPLOY,750.0
850,28.3288,1769.838,296.074,100.0,0.0,0,0,3.25,DEPLOY,750.0
851,28.3622,1772.586,296.71,100.0,0.0,0,0,2.96,DEPLOY,750.0
852,28.3955,1775.341,297.338,100.0,0.0,0,0,2.67,DEPLOY,750.0
853,28.4288,1778.1,297.96,100.0,0.0,0,0,2.38,DEPLOY,750.0
854,28.4622,1780.865,298.577,100.0,0.0,0,0,2.09,DEPLOY,750.0
855,28.4955,1783.637,299.186,100.0,0.0,0,0,1.79,DEPLOY,750.0
856,28.5288,1786.413,299.79,100.0,0.0,0,0,1.5,DEPLOY,750.0
857,28.5621,1789.195,300.387,100.0,0.0,0,0,1.21,DEPLOY,750.0
858,28.5955,1791.983,300.979,100.0,0.0,0,0,0.92,DEPLOY,750.0
859,28.6288,1794.776,301.564,100.0,0.0,0,0,0.63,DEPLOY,750.0
860,28.6621,1797.574,302.144,100.0,0.0,0,0,0.33,DEPLOY,750.0
861,28.6955,1800.378,302.717,100.0,0.0,0,0,0.04,DEPLOY,750.0
862,28.7288,1803.187,303.285,100.0,0.0,0,0,0.0,DEPLOY,750.0
863,28.7621,1806.001,303.847,100.0,0.0,0,0,0.0,DEPLOY,750.0
864,28.7954,1808.82,304.404,100.0,0.0,0,0,0.0,DEPLOY,750.0
865,28.8288,1811.644,304.955,100.0,0.0,0,0,0.0,DEPLOY,750.0
866,28.8621,1814.473,305.5,100.0,0.0,0,0,0.0,DEPLOY,750.0
867,28.8954,1817.308,306.04,100.0,0.0,0,0,0.0,DEPLOY,750.0
868,28.9288,1820.147,306.575,100.0,0.0,0,0,0.0,DEPLOY,750.0
869,28.9621,1822.991,307.104,100.0,0.0,0,0,0.0,DEPLOY,750.0
870,28.9954,1825.84,307.627,100.0,0.0,0,0,0.0,DEPLOY,750.0
871,29.0287,1828.694,308.146,100.0,0.0,0,0,0.0,DEPLOY,750.0
872,29.0621,1831.552,308.659,100.0,0.0,0,0,0.0,DEPLOY,750.0
873,29.0954,1834.415,309.168,100.0,0.0,0,0,0.0,DEPLOY,750.0
874,29.1287,1837.283,309.671,100.0,0.0,0,0,0.0,DEPLOY,750.0
875,29.162,1840.155,310.169,100.0,0.0,0,0,0.0,DEPLOY,750.0
876,29.1954,1843.032,310.662,100.0,0.0,0,0,0.0,DEPLOY,750.0
877,29.2287,1845.914,311.15,100.0,0.0,0,0,0.0,DEPLOY,750.0
878,29.262,1848.8,311.634,100.0,0.0,0,0,0.0,DEPLOY,750.0
879,29.2954,1851.69,312.112,100.0,0.0,0,0,0.0,DEPLOY,750.0
880,29.3287,1854.585,312.586,100.0,0.0,0,0,0.0,DEPLOY,750.0
881,29.362,1857.484,313.055,100.0,0.0,0,0,0.0,DEPLOY,750.0
882,29.3953,1860.387,313.519,100.0,0.0,0,0,0.0,DEPLOY,750.0
883,29.4287,1863.295,313.979,100.0,0.0,0,0,0.0,DEPLOY,750.0
884,29.462,1866.206,314.434,100.0,0.0,0,0,0.0,DEPLOY,750.0
885,29.4953,1869.122,314.885,100.0,0.0,0,0,0.0,DEPLOY,750.0
886,29.5287,1872.042,315.331,100.0,0.0,0,0,0.0,DEPLOY,750.0
887,29.562,1874.966,315.773,100.0,0.0,0,0,0.0,DEPLOY,750.0
888,29.5953,1877.895,316.21,100.0,0.0,0,0,0.0,DEPLOY,750.0
889,29.6286,1880.826,316.643,100.0,0.0,0,0,0.0,DEPLOY,750.0
890,29.662,1883.763,317.072,100.0,0.0,0,0,0.0,DEPLOY,750.0
891,29.6953,1886.703,317.496,100.0,0.0,0,0,0.0,DEPLOY,750.0
892,29.7286,1889.647,317.916,100.0,0.0,0,0,0.0,DEPLOY,750.0
893,29.762,1892.594,318.333,100.0,0.0,0,0,0.0,DEPLOY,750.0
894,29.7953,1895.545,318.699,100.0,0.0,0,0,0.0,NORMAL,650.0
895,29.8286,1898.498,318.931,100.0,0.0,0,0,0.0,NORMAL,650.0
896,29.8619,1901.453,319.161,100.0,0.0,0,0,0.0,NORMAL,650.0
897,29.8953,1904.41,319.388,100.0,0.0,0,0,0.0,NORMAL,650.0
898,29.9286,1907.37,319.614,100.0,0.0,0,0,0.0,NORMAL,650.0
899,29.9619,1910.331,319.837,100.0,0.0,0,0,0.0,NORMAL,650.0
900,29.9953,1913.294,320.058,100.0,0.0,0,0,0.0,NORMAL,650.0
901,30.0286,1916.26,320.278,100.0,0.0,0,0,0.0,NORMAL,650.0
902,30.0619,1919.227,320.495,100.0,0.0,0,0,0.0,NORMAL,650.0
903,30.0952,1922.197,320.71,100.0,0.0,0,0,0.0,NORMAL,650.0
904,30.1286,1925.168,320.923,100.0,0.0,0,0,0.0,NORMAL,650.0
905,30.1619,1928.141,321.134,100.0,0.0,0,0,0.0,NORMAL,650.0
906,30.1952,1931.117,321.344,100.0,0.0,0,0,0.0,NORMAL,650.0
907,30.2285,1934.094,321.551,100.0,0.0,0,0,0.0,NORMAL,650.0
908,30.2619,1937.073,321.756,100.0,0.0,0,0,0.0,NORMAL,650.0
909,30.2952,1940.054,321.959,100.0,0.0,0,0,0.0,NORMAL,650.0
910,30.3285,1943.037,322.161,100.0,0.0,0,0,0.0,NORMAL,650.0
911,30.3619,1946.021,322.361,100.0,0.0,0,0,0.0,NORMAL,650.0
912,30.3952,1949.008,322.558,100.0,0.0,0,0,0.0,NORMAL,650.0
913,30.4285,1951.996,322.754,100.0,0.0,0,0,0.0,NORMAL,650.0
914,30.4618,1954.986,322.948,100.0,0.0,0,0,0.0,NORMAL,650.0
915,30.4952,1957.978,323.141,100.0,0.0,0,0,0.0,NORMAL,650.0
916,30.5285,1960.972,323.331,100.0,0.0,0,0,0.0,NORMAL,650.0
917,30.5618,1963.967,323.52,100.0,0.0,0,0,0.0,NORMAL,650.0
918,30.5952,1966.964,323.707,100.0,0.0,0,0,0.0,NORMAL,650.0
919,30.6285,1969.963,323.892,100.0,0.0,0,0,0.0,NORMAL,650.0
920,30.6618,1972.963,324.076,100.0,0.0,0,0,0.0,NORMAL,650.0
921,30.6951,1975.966,324.257,100.0,0.0,0,0,0.0,NORMAL,650.0
922,30.7285,1978.93,323.784,0.0,100.0,0,0,0.01,REGEN,-350.0
923,30.7618,1981.829,313.196,0.0,100.0,0,0,0.3,REGEN,-350.0
924,30.7951,1984.729,313.196,0.0,100.0,0,0,0.59,REGEN,-350.0
925,30.8285,1987.625,313.196,0.0,100.0,0,0,0.88,REGEN,-350.0
926,30.8618,1990.499,311.161,0.0,100.0,0,0,1.17,REGEN,-350.0
927,30.8951,1993.332,307.021,0.0,100.0,0,0,1.46,REGEN,-350.0
928,30.9284,1996.127,302.853,0.0,100.0,0,0,1.75,REGEN,-350.0
929,30.9618,1998.886,298.75,0.0,100.0,0,0,2.04,REGEN,-350.0
930,30.9951,2001.604,294.722,0.0,100.0,0,0,2.33,REGEN,-350.0
931,31.0284,2004.287,290.757,0.0,100.0,0,0,2.62,REGEN,-350.0
932,31.0617,2006.935,286.867,0.0,100.0,0,0,2.9,REGEN,-350.0
933,31.0951,2009.545,283.083,0.0,100.0,0,0,3.19,REGEN,-350.0
934,31.1284,2012.123,279.463,0.0,100.0,0,0,3.48,REGEN,-350.0
935,31.1617,2014.673,276.109,0.0,100.0,0,0,3.77,REGEN,-350.0
936,31.1951,2017.192,273.058,0.0,100.0,0,0,4.06,REGEN,-350.0
937,31.2284,2019.686,270.252,0.0,100.0,0,0,4.35,REGEN,-350.0
938,31.2617,2022.154,267.739,0.0,100.0,0,0,4.64,REGEN,-350.0
939,31.295,2024.589,264.069,0.0,100.0,0,0,4.93,REGEN,-350.0
940,31.3284,2026.986,260.126,0.0,100.0,0,0,5.21,REGEN,-350.0
941,31.3617,2029.347,256.424,0.0,100.0,0,0,5.5,REGEN,-350.0
942,31.395,2031.676,252.93,0.0,100.0,0,0,5.79,REGEN,-350.0
943,31.4284,2033.976,249.627,0.0,100.0,0,0,6.08,REGEN,-350.0
944,31.4617,2036.248,246.501,0.0,100.0,0,0,6.37,REGEN,-350.0
945,31.495,2038.493,243.54,0.0,100.0,0,0,6.66,REGEN,-350.0
946,31.5283,2040.712,240.724,0.0,100.0,0,0,6.94,REGEN,-350.0
947,31.5617,2042.907,238.049,0.0,100.0,0,0,7.23,REGEN,-350.0
948,31.595,2045.076,235.494,0.0,100.0,0,0,7.52,REGEN,-350.0
949,31.6283,2047.223,233.026,0.0,100.0,0,0,7.81,REGEN,-350.0
950,31.6617,2049.345,230.507,0.0,100.0,0,0,8.1,REGEN,-350.0
951,31.695,2051.44,227.725,0.0,100.0,0,0,8.39,REGEN,-350.0
952,31.7283,2053.506,224.715,0.0,100.0,0,0,8.68,REGEN,-350.0
953,31.7616,2055.542,221.539,0.0,100.0,0,0,8.96,REGEN,-350.0
954,31.795,2057.547,218.244,0.0,100.0,0,0,9.25,REGEN,-350.0
955,31.8283,2059.52,214.889,0.0,100.0,0,0,9.54,REGEN,-350.0
956,31.8616,2061.462,211.554,0.0,100.0,0,0,9.82,REGEN,-350.0
957,31.895,2063.374,208.278,0.0,100.0,0,0,10.11,REGEN,-350.0
958,31.9283,2065.256,205.061,0.0,100.0,0,0,10.4,REGEN,-350.0
959,31.9616,2067.109,201.903,0.0,100.0,0,0,10.68,REGEN,-350.0
960,31.9949,2068.934,198.801,0.0,100.0,0,0,10.97,REGEN,-350.0
961,32.0283,2070.729,195.759,0.0,100.0,0,0,11.26,REGEN,-350.0
962,32.0616,2072.494,192.776,0.0,100.0,0,0,11.54,REGEN,-350.0
963,32.0949,2074.233,189.848,0.0,100.0,0,0,11.83,REGEN,-350.0
964,32.1282,2075.945,186.975,0.0,100.0,0,0,12.12,REGEN,-350.0
965,32.1616,2077.633,184.155,0.0,100.0,0,0,12.4,REGEN,-350.0
966,32.1949,2079.295,181.389,0.0,100.0,0,0,12.69,REGEN,-350.0
967,32.2282,2080.934,178.674,0.0,100.0,0,0,12.98,REGEN,-350.0
968,32.2616,2082.543,176.023,0.0,100.0,0,0,13.26,REGEN,-350.0
969,32.2949,2084.129,173.427,0.0,100.0,0,0,13.55,REGEN,-350.0
970,32.3282,2085.692,170.88,0.0,100.0,0,0,13.83,REGEN,-350.0
971,32.3615,2087.234,168.378,0.0,100.0,0,0,14.12,REGEN,-350.0
972,32.3949,2088.754,165.925,0.0,100.0,0,0,14.41,REGEN,-350.0
973,32.4282,2090.246,163.53,0.0,100.0,0,0,14.69,REGEN,-350.0
974,32.4615,2091.719,161.178,0.0,100.0,0,0,14.98,REGEN,-350.0
975,32.4949,2093.173,158.872,0.0,100.0,0,0,15.26,REGEN,-350.0
976,32.5282,2094.605,156.627,0.0,100.0,0,0,15.55,REGEN,-350.0
977,32.5615,2096.013,154.439,0.0,100.0,0,0,15.84,REGEN,-350.0
978,32.5948,2097.405,152.278,0.0,100.0,0,0,16.12,REGEN,-350.0
979,32.6282,2098.779,150.138,0.0,100.0,0,0,16.41,REGEN,-350.0
980,32.6615,2100.126,148.013,0.0,100.0,0,0,16.69,REGEN,-350.0
981,32.6948,2101.458,145.92,0.0,100.0,0,0,16.98,REGEN,-350.0
982,32.7282,2102.775,143.861,0.0,100.0,0,0,17.26,REGEN,-350.0
983,32.7615,2104.07,142.007,0.0,100.0,0,0,17.55,REGEN,-350.0
984,32.7948,2105.353,140.271,0.0,100.0,0,0,17.84,REGEN,-350.0
985,32.8281,2106.622,138.703,0.0,100.0,0,0,18.12,REGEN,-350.0
986,32.8615,2107.864,136.94,0.0,100.0,0,0,18.41,REGEN,-350.0
987,32.8948,2109.094,135.051,0.0,100.0,0,0,18.69,REGEN,-350.0
988,32.9281,2110.295,132.82,0.0,100.0,0,0,18.97,REGEN,-350.0
989,32.9614,2111.477,130.521,0.0,100.0,0,0,19.26,REGEN,-350.0
990,32.9948,2112.644,128.161,0.0,100.0,0,0,19.54,REGEN,-350.0
991,33.0281,2113.797,126.138,100.0,100.0,0,0,19.83,REGEN,159.88
992,33.0614,2114.946,124.308,100.0,0.0,0,0,20.08,DEPLOY,750.0
993,33.0948,2116.092,124.088,100.0,0.0,0,0,19.79,DEPLOY,750.0
994,33.1281,2117.237,123.867,100.0,0.0,0,0,19.49,DEPLOY,750.0
995,33.1614,2118.378,123.647,100.0,0.0,0,0,19.2,DEPLOY,750.0
996,33.1947,2119.519,123.427,100.0,0.0,0,0,18.91,DEPLOY,750.0
997,33.2281,2120.66,123.208,100.0,0.0,0,0,18.62,DEPLOY,750.0
998,33.2614,2121.81,123.261,100.0,0.0,0,0,18.33,DEPLOY,750.0
999,33.2947,2122.964,123.462,100.0,0.0,0,0,18.03,DEPLOY,750.0
1000,33.3281,2124.136,124.707,100.0,0.0,0,0,17.74,DEPLOY,750.0
1001,33.3614,2125.316,125.979,100.0,0.0,0,0,17.44,DEPLOY,750.0
1002,33.3947,2126.507,127.297,100.0,0.0,0,0,17.14,DEPLOY,750.0
1003,33.428,2127.711,128.549,100.0,0.0,0,0,16.85,DEPLOY,750.0
1004,33.4614,2128.919,129.763,100.0,0.0,0,0,16.55,DEPLOY,750.0
1005,33.4947,2130.14,130.771,100.0,0.0,0,0,16.26,DEPLOY,750.0
1006,33.528,2131.361,131.577,100.0,0.0,0,0,15.96,DEPLOY,750.0
1007,33.5614,2132.583,132.075,100.0,0.0,0,0,15.67,DEPLOY,750.0
1008,33.5947,2133.807,132.005,100.0,0.0,0,0,15.38,DEPLOY,750.0
1009,33.628,2135.035,131.879,100.0,0.0,0,0,15.09,DEPLOY,750.0
1010,33.6613,2136.276,132.65,100.0,0.0,0,0,14.79,DEPLOY,750.0
1011,33.6947,2137.528,133.689,100.0,0.0,0,0,14.5,DEPLOY,750.0
1012,33.728,2138.79,134.985,100.0,0.0,0,0,14.2,DEPLOY,750.0
1013,33.7613,2140.074,136.544,100.0,0.0,0,0,13.9,DEPLOY,750.0
1014,33.7946,2141.369,138.19,100.0,0.0,0,0,13.6,DEPLOY,750.0
1015,33.828,2142.68,139.946,100.0,0.0,0,0,13.31,DEPLOY,750.0
1016,33.8613,2144.012,141.797,100.0,0.0,0,0,13.01,DEPLOY,750.0
1017,33.8946,2145.356,143.624,100.0,0.0,0,0,12.71,DEPLOY,750.0
1018,33.928,2146.714,145.37,100.0,0.0,0,0,12.42,DEPLOY,750.0
1019,33.9613,2148.087,146.875,100.0,0.0,0,0,12.12,DEPLOY,750.0
1020,33.9946,2149.47,148.26,100.0,0.0,0,0,11.83,DEPLOY,750.0
1021,34.0279,2150.864,149.528,100.0,0.0,0,0,11.53,DEPLOY,750.0
1022,34.0613,2152.275,150.872,100.0,0.0,0,0,11.24,DEPLOY,750.0
1023,34.0946,2153.698,152.279,100.0,0.0,0,0,10.94,DEPLOY,750.0
1024,34.1279,2155.133,153.766,100.0,0.0,0,0,10.64,DEPLOY,750.0
1025,34.1613,2156.587,155.414,100.0,0.0,0,0,10.35,DEPLOY,750.0
1026,34.1946,2158.059,157.222,100.0,0.0,0,0,10.05,DEPLOY,750.0
1027,34.2279,2159.546,159.106,100.0,0.0,0,0,9.76,DEPLOY,750.0
1028,34.2612,2161.047,161.007,100.0,0.0,0,0,9.46,DEPLOY,750.0
1029,34.2946,2162.56,162.709,100.0,0.0,0,0,9.16,DEPLOY,750.0
1030,34.3279,2164.061,163.497,100.0,0.0,0,0,8.87,DEPLOY,109.17
1031,34.3612,2165.547,162.532,0.0,100.0,0,0,8.84,REGEN,-350.0
1032,34.3946,2167.016,159.789,0.0,100.0,0,0,9.13,REGEN,-350.0
1033,34.4279,2168.461,158.209,0.0,100.0,0,0,9.41,REGEN,-350.0
1034,34.4612,2169.883,156.074,0.0,100.0,0,0,9.7,REGEN,-350.0
1035,34.4945,2171.287,153.71,0.0,100.0,0,0,9.98,REGEN,-350.0
1036,34.5279,2172.669,151.37,0.0,100.0,0,0,10.27,REGEN,-350.0
1037,34.5612,2174.023,148.999,0.0,100.0,0,0,10.55,REGEN,-350.0
1038,34.5945,2175.36,146.653,0.0,100.0,0,0,10.84,REGEN,-350.0
1039,34.6279,2176.675,144.365,0.0,100.0,0,0,11.12,REGEN,-350.0
1040,34.6612,2177.959,141.852,0.0,100.0,0,0,11.41,REGEN,-350.0
1041,34.6945,2179.227,139.329,0.0,100.0,0,0,11.69,REGEN,-350.0
1042,34.7278,2180.469,136.913,0.0,100.0,0,0,11.97,REGEN,-350.0
1043,34.7612,2181.687,134.558,0.0,100.0,0,0,12.26,REGEN,-350.0
1044,34.7945,2182.894,132.237,0.0,100.0,0,0,12.54,REGEN,-350.0
1045,34.8278,2184.066,130.011,0.0,100.0,0,0,12.82,REGEN,-350.0
1046,34.8611,2185.228,127.826,0.0,100.0,0,0,13.11,REGEN,-350.0
1047,34.8945,2186.368,125.746,0.0,100.0,0,0,13.39,REGEN,-350.0
1048,34.9278,2187.49,123.756,0.0,100.0,0,0,13.67,REGEN,-350.0
1049,34.9611,2188.599,121.847,0.0,100.0,0,0,13.96,REGEN,-350.0
1050,34.9945,2189.687,120.071,0.0,100.0,0,0,14.24,REGEN,-350.0
1051,35.0278,2190.767,118.345,0.0,100.0,0,0,14.53,REGEN,-350.0
1052,35.0611,2191.825,116.799,0.0,100.0,0,0,14.81,REGEN,-350.0
1053,35.0944,2192.881,115.279,0.0,100.0,0,0,15.1,REGEN,-350.0
1054,35.1278,2193.916,114.0,0.0,100.0,0,0,15.38,REGEN,-350.0
1055,35.1611,2194.951,112.739,0.0,100.0,0,0,15.67,REGEN,-350.0
1056,35.1944,2195.972,111.75,0.0,100.0,0,0,15.96,REGEN,-350.0
1057,35.2278,2196.993,110.801,0.0,100.0,0,0,16.24,REGEN,-305.36
1058,35.2611,2198.009,110.31,100.0,100.0,0,0,16.53,REGEN,252.76
1059,35.2944,2199.024,109.854,100.0,0.0,0,0,16.76,DEPLOY,750.0
1060,35.3277,2200.037,109.682,100.0,0.0,0,0,16.47,DEPLOY,750.0
1061,35.3611,2201.049,109.51,100.0,0.0,0,0,16.18,DEPLOY,750.0
1062,35.3944,2202.058,109.337,100.0,0.0,0,0,15.89,DEPLOY,750.0
1063,35.4277,2203.067,109.165,100.0,0.0,0,0,15.6,DEPLOY,750.0
1064,35.4611,2204.076,108.994,100.0,0.0,0,0,15.31,DEPLOY,750.0
1065,35.4944,2205.087,108.876,100.0,0.0,0,0,15.01,DEPLOY,750.0
1066,35.5277,2206.101,109.031,100.0,0.0,0,0,14.72,DEPLOY,750.0
1067,35.561,2207.117,109.236,100.0,0.0,0,0,14.43,DEPLOY,750.0
1068,35.5944,2208.139,109.648,100.0,0.0,0,0,14.13,DEPLOY,750.0
1069,35.6277,2209.164,110.075,100.0,0.0,0,0,13.84,DEPLOY,750.0
1070,35.661,2210.195,110.55,100.0,0.0,0,0,13.54,DEPLOY,750.0
1071,35.6943,2211.229,111.041,100.0,0.0,0,0,13.25,DEPLOY,750.0
1072,35.7277,2212.27,111.567,100.0,0.0,0,0,12.96,DEPLOY,750.0
1073,35.761,2213.316,112.125,100.0,0.0,0,0,12.66,DEPLOY,750.0
1074,35.7943,2214.369,112.734,100.0,0.0,0,0,12.37,DEPLOY,750.0
1075,35.8277,2215.427,113.377,100.0,0.0,0,0,12.07,DEPLOY,750.0
1076,35.861,2216.492,114.058,100.0,0.0,0,0,11.78,DEPLOY,750.0
1077,35.8943,2217.566,114.796,100.0,0.0,0,0,11.48,DEPLOY,750.0
1078,35.9276,2218.645,115.572,100.0,0.0,0,0,11.19,DEPLOY,750.0
1079,35.961,2219.735,116.416,100.0,0.0,0,0,10.89,DEPLOY,750.0
1080,35.9943,2220.83,117.285,100.0,0.0,0,0,10.59,DEPLOY,750.0
1081,36.0276,2221.939,118.233,100.0,0.0,0,0,10.3,DEPLOY,750.0
1082,36.061,2223.052,119.198,100.0,0.0,0,0,10.0,DEPLOY,750.0
1083,36.0943,2224.181,120.242,100.0,0.0,0,0,9.71,DEPLOY,750.0
1084,36.1276,2225.316,121.309,100.0,0.0,0,0,9.41,DEPLOY,750.0
1085,36.1609,2226.463,122.424,100.0,0.0,0,0,9.11,DEPLOY,750.0
1086,36.1943,2227.621,123.569,100.0,0.0,0,0,8.82,DEPLOY,750.0
1087,36.2276,2228.786,124.735,100.0,0.0,0,0,8.52,DEPLOY,750.0
1088,36.2609,2229.969,125.941,100.0,0.0,0,0,8.22,DEPLOY,750.0
1089,36.2943,2231.157,127.16,100.0,0.0,0,0,7.93,DEPLOY,750.0
1090,36.3276,2232.361,128.414,100.0,0.0,0,0,7.63,DEPLOY,750.0
1091,36.3609,2233.575,129.688,100.0,0.0,0,0,7.33,DEPLOY,750.0
1092,36.3942,2234.799,130.982,100.0,0.0,0,0,7.04,DEPLOY,750.0
1093,36.4276,2236.041,132.31,100.0,0.0,0,0,6.74,DEPLOY,750.0
1094,36.4609,2237.29,133.655,100.0,0.0,0,0,6.45,DEPLOY,750.0
1095,36.4942,2238.555,135.027,100.0,0.0,0,0,6.15,DEPLOY,750.0
1096,36.5276,2239.833,136.428,100.0,0.0,0,0,5.85,DEPLOY,750.0
1097,36.5609,2241.121,137.847,100.0,0.0,0,0,5.56,DEPLOY,750.0
1098,36.5942,2242.426,139.3,100.0,0.0,0,0,5.26,DEPLOY,750.0
1099,36.6275,2243.744,140.778,100.0,0.0,0,0,4.96,DEPLOY,750.0
1100,36.6609,2245.072,142.275,100.0,0.0,0,0,4.67,DEPLOY,750.0
1101,36.6942,2246.42,143.81,100.0,0.0,0,0,4.37,DEPLOY,750.0
1102,36.7275,2247.781,145.371,100.0,0.0,0,0,4.08,DEPLOY,750.0
1103,36.7608,2249.153,146.953,100.0,0.0,0,0,3.78,DEPLOY,750.0
1104,36.7942,2250.543,148.572,100.0,0.0,0,0,3.48,DEPLOY,750.0
1105,36.8275,2251.95,150.219,100.0,0.0,0,0,3.19,DEPLOY,750.0
1106,36.8608,2253.368,151.882,100.0,0.0,0,0,2.89,DEPLOY,750.0
1107,36.8942,2254.802,153.557,100.0,0.0,0,0,2.59,DEPLOY,750.0
1108,36.9275,2256.256,155.242,100.0,0.0,0,0,2.3,DEPLOY,750.0
1109,36.9608,2257.723,156.949,100.0,0.0,0,0,2.0,DEPLOY,750.0
1110,36.9941,2259.204,158.692,100.0,0.0,0,0,1.71,DEPLOY,750.0
1111,37.0275,2260.705,160.527,100.0,0.0,0,0,1.41,DEPLOY,750.0
1112,37.0608,2262.225,162.455,100.0,0.0,0,0,1.11,DEPLOY,750.0
1113,37.0941,2263.76,164.389,100.0,0.0,0,0,0.82,DEPLOY,750.0
1114,37.1275,2265.309,166.241,100.0,0.0,0,0,0.52,DEPLOY,750.0
1115,37.1608,2266.871,167.852,100.0,0.0,0,0,0.23,DEPLOY,750.0
1116,37.1941,2268.447,169.029,100.0,0.0,0,0,0.05,DEPLOY,750.0
1117,37.2274,2270.039,170.468,100.0,0.0,0,0,0.0,DEPLOY,750.0
1118,37.2608,2271.647,172.254,100.0,0.0,0,0,0.0,DEPLOY,750.0
1119,37.2941,2273.274,174.333,100.0,0.0,0,0,0.0,DEPLOY,750.0
1120,37.3274,2274.919,176.453,100.0,0.0,0,0,0.0,DEPLOY,750.0
1121,37.3608,2276.587,178.524,100.0,0.0,0,0,0.0,DEPLOY,750.0
1122,37.3941,2278.27,180.476,100.0,0.0,0,0,0.0,DEPLOY,750.0
1123,37.4274,2279.97,182.361,100.0,0.0,0,0,0.0,DEPLOY,750.0
1124,37.4607,2281.686,184.211,100.0,0.0,0,0,0.0,DEPLOY,750.0
1125,37.4941,2283.419,186.037,100.0,0.0,0,0,0.0,DEPLOY,750.0
1126,37.5274,2285.168,187.838,100.0,0.0,0,0,0.0,DEPLOY,750.0
1127,37.5607,2286.934,189.673,100.0,0.0,0,0,0.0,DEPLOY,750.0
1128,37.594,2288.719,191.542,100.0,0.0,0,0,0.0,DEPLOY,750.0
1129,37.6274,2290.52,193.427,100.0,0.0,0,0,0.0,DEPLOY,750.0
1130,37.6607,2292.339,195.291,100.0,0.0,0,0,0.0,DEPLOY,750.0
1131,37.694,2294.174,197.126,100.0,0.0,0,0,0.0,DEPLOY,750.0
1132,37.7274,2296.025,198.935,100.0,0.0,0,0,0.0,DEPLOY,750.0
1133,37.7607,2297.892,200.716,100.0,0.0,0,0,0.0,DEPLOY,750.0
1134,37.794,2299.776,202.472,100.0,0.0,0,0,0.0,DEPLOY,750.0
1135,37.8273,2301.675,204.202,100.0,0.0,0,0,0.0,DEPLOY,750.0
1136,37.8607,2303.589,205.907,100.0,0.0,0,0,0.0,DEPLOY,750.0
1137,37.894,2305.519,207.588,100.0,0.0,0,0,0.0,DEPLOY,750.0
1138,37.9273,2307.464,209.246,100.0,0.0,0,0,0.0,DEPLOY,750.0
1139,37.9607,2309.424,210.881,100.0,0.0,0,0,0.0,DEPLOY,750.0
1140,37.994,2311.398,212.493,100.0,0.0,0,0,0.0,DEPLOY,750.0
1141,38.0273,2313.388,214.083,100.0,0.0,0,0,0.0,DEPLOY,750.0
1142,38.0606,2315.391,215.652,100.0,0.0,0,0,0.0,DEPLOY,750.0
1143,38.094,2317.409,217.199,100.0,0.0,0,0,0.0,DEPLOY,750.0
1144,38.1273,2319.441,218.727,100.0,0.0,0,0,0.0,DEPLOY,750.0
1145,38.1606,2321.486,220.234,100.0,0.0,0,0,0.0,DEPLOY,750.0
1146,38.194,2323.545,221.721,100.0,0.0,0,0,0.0,DEPLOY,750.0
1147,38.2273,2325.618,223.19,100.0,0.0,0,0,0.0,DEPLOY,750.0
1148,38.2606,2327.703,224.64,100.0,0.0,0,0,0.0,DEPLOY,750.0
1149,38.2939,2329.802,226.071,100.0,0.0,0,0,0.0,DEPLOY,750.0
1150,38.3273,2331.914,227.484,100.0,0.0,0,0,0.0,DEPLOY,750.0
1151,38.3606,2334.039,228.88,100.0,0.0,0,0,0.0,DEPLOY,750.0
1152,38.3939,2336.176,230.258,100.0,0.0,0,0,0.0,DEPLOY,750.0
1153,38.4272,2338.325,231.619,100.0,0.0,0,0,0.0,DEPLOY,750.0
1154,38.4606,2340.487,232.964,100.0,0.0,0,0,0.0,DEPLOY,750.0
1155,38.4939,2342.661,234.292,100.0,0.0,0,0,0.0,DEPLOY,750.0
1156,38.5272,2344.846,235.604,100.0,0.0,0,0,0.0,DEPLOY,750.0
1157,38.5606,2347.044,236.901,100.0,0.0,0,0,0.0,DEPLOY,750.0
1158,38.5939,2349.254,238.181,100.0,0.0,0,0,0.0,DEPLOY,750.0
1159,38.6272,2351.476,239.445,100.0,0.0,0,0,0.0,DEPLOY,750.0
1160,38.6605,2353.709,240.695,100.0,0.0,0,0,0.0,DEPLOY,750.0
1161,38.6939,2355.953,241.931,100.0,0.0,0,0,0.0,DEPLOY,750.0
1162,38.7272,2358.209,243.151,100.0,0.0,0,0,0.0,DEPLOY,750.0
1163,38.7605,2360.475,244.358,100.0,0.0,0,0,0.0,DEPLOY,750.0
1164,38.7939,2362.752,245.551,100.0,0.0,0,0,0.0,DEPLOY,750.0
1165,38.8272,2365.04,246.73,100.0,0.0,0,0,0.0,DEPLOY,750.0
1166,38.8605,2367.339,247.895,100.0,0.0,0,0,0.0,DEPLOY,750.0
1167,38.8938,2369.649,249.046,100.0,0.0,0,0,0.0,DEPLOY,750.0
1168,38.9272,2371.969,250.185,100.0,0.0,0,0,0.0,DEPLOY,750.0
1169,38.9605,2374.299,251.31,100.0,0.0,0,0,0.0,DEPLOY,750.0
1170,38.9938,2376.639,252.424,100.0,0.0,0,0,0.0,DEPLOY,750.0
1171,39.0272,2378.988,253.524,100.0,0.0,0,0,0.0,DEPLOY,750.0
1172,39.0605,2381.345,254.264,100.0,0.0,0,0,0.0,DEPLOY,750.0
1173,39.0938,2383.708,254.993,100.0,0.0,0,0,0.0,DEPLOY,750.0
1174,39.1271,2386.078,255.712,100.0,0.0,0,0,0.0,DEPLOY,750.0
1175,39.1605,2388.453,256.421,100.0,0.0,0,0,0.0,DEPLOY,750.0
1176,39.1938,2390.836,257.12,100.0,0.0,0,0,0.0,DEPLOY,750.0
1177,39.2271,2393.225,257.81,100.0,0.0,0,0,0.0,DEPLOY,750.0
1178,39.2605,2395.62,258.489,100.0,0.0,0,0,0.0,DEPLOY,750.0
1179,39.2938,2398.021,259.16,100.0,0.0,0,0,0.0,DEPLOY,750.0
1180,39.3271,2400.429,259.821,100.0,0.0,0,0,0.0,DEPLOY,750.0
1181,39.3604,2402.842,260.473,100.0,0.0,0,0,0.0,DEPLOY,750.0
1182,39.3938,2405.261,261.116,100.0,0.0,0,0,0.0,DEPLOY,750.0
1183,39.4271,2407.686,261.75,100.0,0.0,0,0,0.0,DEPLOY,750.0
1184,39.4604,2410.117,262.376,100.0,0.0,0,0,0.0,DEPLOY,750.0
1185,39.4937,2412.554,262.993,100.0,0.0,0,0,0.0,DEPLOY,750.0
1186,39.5271,2414.996,263.602,100.0,0.0,0,0,0.0,DEPLOY,750.0
1187,39.5604,2417.444,264.202,100.0,0.0,0,0,0.0,DEPLOY,750.0
1188,39.5937,2419.897,264.793,100.0,0.0,0,0,0.0,DEPLOY,750.0
1189,39.6271,2422.355,265.377,100.0,0.0,0,0,0.0,DEPLOY,750.0
1190,39.6604,2424.819,265.953,100.0,0.0,0,0,0.0,DEPLOY,750.0
1191,39.6937,2427.288,266.521,100.0,0.0,0,0,0.0,DEPLOY,750.0
1192,39.727,2429.755,266.939,100.0,0.0,0,0,0.0,DEPLOY,343.21
1193,39.7604,2432.198,265.165,0.0,100.0,0,0,0.14,REGEN,-350.0
1194,39.7937,2434.609,261.509,0.0,100.0,0,0,0.43,REGEN,-350.0
1195,39.827,2436.989,258.0,0.0,100.0,0,0,0.72,REGEN,-350.0
1196,39.8604,2439.335,254.672,0.0,100.0,0,0,1.01,REGEN,-350.0
1197,39.8937,2441.65,251.414,0.0,100.0,0,0,1.29,REGEN,-350.0
1198,39.927,2443.933,248.034,0.0,100.0,0,0,1.58,REGEN,-350.0
1199,39.9603,2446.184,244.55,0.0,100.0,0,0,1.87,REGEN,-350.0
1200,39.9937,2448.404,241.089,0.0,100.0,0,0,2.16,REGEN,-350.0
1201,40.027,2450.593,237.724,0.0,100.0,0,0,2.45,REGEN,-350.0
1202,40.0603,2452.755,234.592,0.0,100.0,0,0,2.73,REGEN,-350.0
1203,40.0937,2454.893,231.899,0.0,100.0,0,0,3.02,REGEN,-350.0
1204,40.127,2457.013,229.759,0.0,100.0,0,0,3.31,REGEN,-350.0
1205,40.1603,2459.117,227.955,0.0,100.0,0,0,3.6,REGEN,-350.0
1206,40.1936,2461.207,226.399,0.0,100.0,0,0,3.89,REGEN,-350.0
1207,40.227,2463.289,225.192,0.0,100.0,0,0,4.18,REGEN,-350.0
1208,40.2603,2465.369,224.586,0.0,100.0,0,0,4.47,REGEN,-350.0
1209,40.2936,2467.447,224.586,0.0,100.0,0,0,4.76,REGEN,-120.77
1210,40.3269,2469.523,224.414,100.0,0.0,0,0,4.92,DEPLOY,750.0
1211,40.3603,2471.599,223.995,100.0,0.0,0,0,4.63,DEPLOY,750.0
1212,40.3936,2473.681,224.526,100.0,0.0,0,0,4.33,DEPLOY,750.0
1213,40.4269,2475.773,225.447,100.0,0.0,0,0,4.04,DEPLOY,750.0
1214,40.4603,2477.876,226.572,100.0,0.0,0,0,3.75,DEPLOY,750.0
1215,40.4936,2479.988,227.7,100.0,0.0,0,0,3.45,DEPLOY,750.0
1216,40.5269,2482.111,228.81,100.0,0.0,0,0,3.16,DEPLOY,750.0
1217,40.5602,2484.244,229.904,100.0,0.0,0,0,2.87,DEPLOY,750.0
1218,40.5936,2486.387,230.983,100.0,0.0,0,0,2.58,DEPLOY,750.0
1219,40.6269,2488.542,232.248,100.0,0.0,0,0,2.28,DEPLOY,750.0
1220,40.6602,2490.709,233.585,100.0,0.0,0,0,1.99,DEPLOY,750.0
1221,40.6936,2492.889,234.906,100.0,0.0,0,0,1.7,DEPLOY,750.0
1222,40.7269,2495.08,236.211,100.0,0.0,0,0,1.4,DEPLOY,750.0
1223,40.7602,2497.284,237.499,100.0,0.0,0,0,1.11,DEPLOY,750.0
1224,40.7935,2499.5,238.772,100.0,0.0,0,0,0.82,DEPLOY,750.0
1225,40.8269,2501.727,240.03,100.0,0.0,0,0,0.52,DEPLOY,750.0
1226,40.8602,2503.965,241.273,100.0,0.0,0,0,0.23,DEPLOY,750.0
1227,40.8935,2506.214,242.501,100.0,0.0,0,0,0.04,DEPLOY,750.0
1228,40.9269,2508.475,243.716,100.0,0.0,0,0,0.0,DEPLOY,750.0
1229,40.9602,2510.746,244.916,100.0,0.0,0,0,0.0,DEPLOY,750.0
1230,40.9935,2513.028,246.103,100.0,0.0,0,0,0.0,DEPLOY,750.0
1231,41.0268,2515.321,247.275,100.0,0.0,0,0,0.0,DEPLOY,750.0
1232,41.0602,2517.626,248.433,100.0,0.0,0,0,0.0,DEPLOY,750.0
1233,41.0935,2519.94,249.578,100.0,0.0,0,0,0.0,DEPLOY,750.0
1234,41.1268,2522.265,250.711,100.0,0.0,0,0,0.0,DEPLOY,750.0
1235,41.1602,2524.6,251.831,100.0,0.0,0,0,0.0,DEPLOY,750.0
1236,41.1935,2526.944,252.938,100.0,0.0,0,0,0.0,DEPLOY,750.0
1237,41.2268,2529.3,254.033,100.0,0.0,0,0,0.0,DEPLOY,750.0
1238,41.2601,2531.665,255.114,100.0,0.0,0,0,0.0,DEPLOY,750.0
1239,41.2935,2534.041,256.184,100.0,0.0,0,0,0.0,DEPLOY,750.0
1240,41.3268,2536.425,257.242,100.0,0.0,0,0,0.0,DEPLOY,750.0
1241,41.3601,2538.819,258.289,100.0,0.0,0,0,0.0,DEPLOY,750.0
1242,41.3934,2541.223,259.324,100.0,0.0,0,0,0.0,DEPLOY,750.0
1243,41.4268,2543.637,260.346,100.0,0.0,0,0,0.0,DEPLOY,750.0
1244,41.4601,2546.059,261.358,100.0,0.0,0,0,0.0,DEPLOY,750.0
1245,41.4934,2548.491,262.359,100.0,0.0,0,0,0.0,DEPLOY,750.0
1246,41.5268,2550.932,263.349,100.0,0.0,0,0,0.0,DEPLOY,750.0
1247,41.5601,2553.382,264.328,100.0,0.0,0,0,0.0,DEPLOY,750.0
1248,41.5934,2555.841,265.296,100.0,0.0,0,0,0.0,DEPLOY,750.0
1249,41.6267,2558.308,266.254,100.0,0.0,0,0,0.0,DEPLOY,750.0
1250,41.6601,2560.784,267.201,100.0,0.0,0,0,0.0,DEPLOY,750.0
1251,41.6934,2563.269,268.139,100.0,0.0,0,0,0.0,DEPLOY,750.0
1252,41.7267,2565.763,269.065,100.0,0.0,0,0,0.0,DEPLOY,750.0
1253,41.7601,2568.265,269.982,100.0,0.0,0,0,0.0,DEPLOY,750.0
1254,41.7934,2570.768,270.887,0.0,0.0,0,0,0.0,DEPLOY,-185.03
1255,41.8267,2573.25,269.203,0.0,100.0,0,0,0.25,REGEN,-350.0
1256,41.86,2575.696,265.588,0.0,100.0,0,0,0.54,REGEN,-350.0
1257,41.8934,2578.11,262.003,0.0,100.0,0,0,0.83,REGEN,-350.0
1258,41.9267,2580.492,258.453,0.0,100.0,0,0,1.12,REGEN,-350.0
1259,41.96,2582.842,254.946,0.0,100.0,0,0,1.41,REGEN,-350.0
1260,41.9934,2585.16,251.488,0.0,100.0,0,0,1.7,REGEN,-350.0
1261,42.0267,2587.443,248.084,0.0,100.0,0,0,1.98,REGEN,-350.0
1262,42.06,2589.696,244.731,0.0,100.0,0,0,2.27,REGEN,-350.0
1263,42.0933,2591.918,241.43,0.0,100.0,0,0,2.56,REGEN,-350.0
1264,42.1267,2594.111,238.181,0.0,100.0,0,0,2.85,REGEN,-350.0
1265,42.16,2596.274,234.981,0.0,100.0,0,0,3.14,REGEN,-350.0
1266,42.1933,2598.407,231.83,0.0,100.0,0,0,3.42,REGEN,-350.0
1267,42.2266,2600.512,228.724,0.0,100.0,0,0,3.71,REGEN,-350.0
1268,42.26,2602.588,225.664,0.0,100.0,0,0,4.0,REGEN,-350.0
1269,42.2933,2604.636,222.653,0.0,100.0,0,0,4.29,REGEN,-350.0
1270,42.3266,2606.657,219.689,0.0,100.0,0,0,4.58,REGEN,-350.0
1271,42.36,2608.65,216.771,0.0,100.0,0,0,4.86,REGEN,-350.0
1272,42.3933,2610.616,213.897,0.0,100.0,0,0,5.15,REGEN,-350.0
1273,42.4266,2612.556,211.066,0.0,100.0,0,0,5.44,REGEN,-350.0
1274,42.4599,2614.47,208.294,0.0,100.0,0,0,5.73,REGEN,-350.0
1275,42.4933,2616.359,205.592,0.0,100.0,0,0,6.01,REGEN,-350.0
1276,42.5266,2618.224,202.938,0.0,100.0,0,0,6.3,REGEN,-350.0
1277,42.5599,2620.062,200.269,0.0,100.0,0,0,6.59,REGEN,-350.0
1278,42.5933,2621.876,197.559,0.0,100.0,0,0,6.88,REGEN,-350.0
1279,42.6266,2623.664,194.862,0.0,100.0,0,0,7.16,REGEN,-350.0
1280,42.6599,2625.426,192.146,0.0,100.0,0,0,7.45,REGEN,-350.0
1281,42.6932,2627.164,189.092,0.0,100.0,0,0,7.74,REGEN,-350.0
1282,42.7266,2628.874,186.594,0.0,100.0,0,0,8.02,REGEN,-350.0
1283,42.7599,2630.556,183.999,0.0,100.0,0,0,8.31,REGEN,-350.0
1284,42.7932,2632.214,181.117,0.0,100.0,0,0,8.6,REGEN,-350.0
1285,42.8266,2633.849,178.362,0.0,100.0,0,0,8.88,REGEN,-350.0
1286,42.8599,2635.461,175.918,0.0,100.0,0,0,9.17,REGEN,-350.0
1287,42.8932,2637.05,173.538,0.0,100.0,0,0,9.45,REGEN,-350.0
1288,42.9265,2638.606,170.665,0.0,100.0,0,0,9.74,REGEN,-350.0
1289,42.9599,2640.137,167.864,0.0,100.0,0,0,10.03,REGEN,-350.0
1290,42.9932,2641.645,165.102,0.0,100.0,0,0,10.31,REGEN,-350.0
1291,43.0265,2643.13,162.337,0.0,100.0,0,0,10.6,REGEN,-350.0
1292,43.0598,2644.583,159.555,0.0,100.0,0,0,10.88,REGEN,-350.0
1293,43.0932,2646.015,157.041,0.0,100.0,0,0,11.17,REGEN,-350.0
1294,43.1265,2647.429,154.665,0.0,100.0,0,0,11.45,REGEN,-350.0
1295,43.1598,2648.818,152.257,0.0,100.0,0,0,11.74,REGEN,-350.0
1296,43.1932,2650.182,149.966,0.0,100.0,0,0,12.02,REGEN,-350.0
1297,43.2265,2651.53,147.676,0.0,100.0,0,0,12.31,REGEN,-350.0
1298,43.2598,2652.859,145.327,0.0,100.0,0,0,12.59,REGEN,-350.0
1299,43.2931,2654.176,143.414,0.0,100.0,0,0,12.88,REGEN,-350.0
1300,43.3265,2655.489,142.052,0.0,100.0,0,0,13.17,REGEN,-350.0
1301,43.3598,2656.799,141.764,0.0,100.0,0,0,13.46,REGEN,-350.0
1302,43.3931,2658.099,141.478,0.0,100.0,0,0,13.75,REGEN,-350.0
1303,43.4265,2659.392,140.971,0.0,100.0,0,0,14.04,REGEN,-350.0
1304,43.4598,2660.667,139.714,0.0,100.0,0,0,14.32,REGEN,-350.0
1305,43.4931,2661.924,138.03,0.0,100.0,0,0,14.61,REGEN,-350.0
1306,43.5264,2663.171,136.133,0.0,100.0,0,0,14.89,REGEN,-350.0
1307,43.5598,2664.394,134.374,0.0,100.0,0,0,15.18,REGEN,-350.0
1308,43.5931,2665.609,132.718,0.0,100.0,0,0,15.47,REGEN,-350.0
1309,43.6264,2666.81,131.206,0.0,100.0,0,0,15.75,REGEN,-350.0
1310,43.6598,2667.999,129.902,0.0,100.0,0,0,16.04,REGEN,-350.0
1311,43.6931,2669.183,128.692,0.0,100.0,0,0,16.33,REGEN,-308.67
1312,43.7264,2670.36,127.844,100.0,100.0,0,0,16.62,REGEN,338.02
1313,43.7597,2671.536,127.22,100.0,0.0,0,0,16.7,DEPLOY,750.0
1314,43.7931,2672.709,126.989,100.0,0.0,0,0,16.41,DEPLOY,750.0
1315,43.8264,2673.879,126.758,100.0,0.0,0,0,16.11,DEPLOY,750.0
1316,43.8597,2675.049,126.526,100.0,0.0,0,0,15.82,DEPLOY,750.0
1317,43.8931,2676.217,126.296,100.0,0.0,0,0,15.53,DEPLOY,750.0
1318,43.9264,2677.386,126.144,100.0,0.0,0,0,15.24,DEPLOY,750.0
1319,43.9597,2678.559,126.25,100.0,0.0,0,0,14.95,DEPLOY,750.0
1320,43.993,2679.736,126.556,100.0,0.0,0,0,14.66,DEPLOY,750.0
1321,44.0264,2680.916,127.043,100.0,0.0,0,0,14.36,DEPLOY,750.0
1322,44.0597,2682.097,127.42,100.0,0.0,0,0,14.07,DEPLOY,750.0
1323,44.093,2683.278,127.695,100.0,0.0,0,0,13.78,DEPLOY,750.0
1324,44.1263,2684.457,127.46,100.0,0.0,0,0,13.49,DEPLOY,750.0
1325,44.1597,2685.641,127.359,100.0,0.0,0,0,13.19,DEPLOY,750.0
1326,44.193,2686.831,127.429,100.0,0.0,0,0,12.9,DEPLOY,750.0
1327,44.2263,2688.04,128.487,100.0,0.0,0,0,12.6,DEPLOY,750.0
1328,44.2597,2689.259,129.927,100.0,0.0,0,0,12.31,DEPLOY,750.0
1329,44.293,2690.504,131.891,100.0,0.0,0,0,12.01,DEPLOY,750.0
1330,44.3263,2691.757,133.88,100.0,0.0,0,0,11.71,DEPLOY,750.0
1331,44.3596,2693.018,135.894,100.0,0.0,0,0,11.41,DEPLOY,750.0
1332,44.393,2694.277,136.161,100.0,0.0,0,0,11.12,DEPLOY,750.0
1333,44.4263,2695.535,136.145,100.0,0.0,0,0,10.83,DEPLOY,750.0
1334,44.4596,2696.79,135.879,100.0,0.0,0,0,10.54,DEPLOY,750.0
1335,44.493,2698.044,135.613,100.0,0.0,0,0,10.25,DEPLOY,750.0
1336,44.5263,2699.3,135.394,100.0,0.0,0,0,9.96,DEPLOY,750.0
1337,44.5596,2700.566,135.471,100.0,0.0,0,0,9.66,DEPLOY,750.0
1338,44.5929,2701.846,136.386,100.0,0.0,0,0,9.37,DEPLOY,750.0
1339,44.6263,2703.137,137.974,100.0,0.0,0,0,9.07,DEPLOY,750.0
1340,44.6596,2704.457,139.969,100.0,0.0,0,0,8.77,DEPLOY,750.0
1341,44.6929,2705.79,142.001,100.0,0.0,0,0,8.47,DEPLOY,750.0
1342,44.7263,2707.138,144.07,100.0,0.0,0,0,8.18,DEPLOY,750.0
1343,44.7596,2708.513,146.146,100.0,0.0,0,0,7.88,DEPLOY,750.0
1344,44.7929,2709.902,148.187,100.0,0.0,0,0,7.58,DEPLOY,750.0
1345,44.8262,2711.307,150.203,100.0,0.0,0,0,7.28,DEPLOY,750.0
1346,44.8596,2712.735,152.25,100.0,0.0,0,0,6.99,DEPLOY,750.0
1347,44.8929,2714.182,154.332,100.0,0.0,0,0,6.69,DEPLOY,750.0
1348,44.9262,2715.646,156.425,100.0,0.0,0,0,6.39,DEPLOY,750.0
1349,44.9595,2717.126,158.513,100.0,0.0,0,0,6.1,DEPLOY,750.0
1350,44.9929,2718.625,160.562,100.0,0.0,0,0,5.8,DEPLOY,750.0
1351,45.0262,2720.115,161.867,100.0,0.0,0,0,5.51,DEPLOY,211.66
1352,45.0595,2721.591,161.63,0.0,100.0,0,0,5.4,REGEN,-350.0
1353,45.0929,2723.043,158.85,0.0,100.0,0,0,5.68,REGEN,-350.0
1354,45.1262,2724.462,156.195,0.0,100.0,0,0,5.97,REGEN,-350.0
1355,45.1595,2725.863,153.62,0.0,100.0,0,0,6.25,REGEN,-350.0
1356,45.1928,2727.244,151.119,0.0,100.0,0,0,6.54,REGEN,-350.0
1357,45.2262,2728.597,148.741,0.0,100.0,0,0,6.82,REGEN,-350.0
1358,45.2595,2729.931,146.446,0.0,100.0,0,0,7.11,REGEN,-350.0
1359,45.2928,2731.251,144.221,0.0,100.0,0,0,7.39,REGEN,-350.0
1360,45.3262,2732.544,142.159,0.0,100.0,0,0,7.68,REGEN,-350.0
1361,45.3595,2733.824,140.208,0.0,100.0,0,0,7.96,REGEN,-350.0
1362,45.3928,2735.092,138.352,0.0,100.0,0,0,8.25,REGEN,-350.0
1363,45.4261,2736.338,136.711,0.0,100.0,0,0,8.54,REGEN,-350.0
1364,45.4595,2737.577,135.164,0.0,100.0,0,0,8.82,REGEN,-350.0
1365,45.4928,2738.803,133.773,0.0,100.0,0,0,9.11,REGEN,-350.0
1366,45.5261,2740.015,132.551,0.0,100.0,0,0,9.4,REGEN,-350.0
1367,45.5595,2741.22,131.382,0.0,100.0,0,0,9.68,REGEN,-350.0
1368,45.5928,2742.404,130.041,0.0,100.0,0,0,9.97,REGEN,-350.0
1369,45.6261,2743.579,128.624,0.0,100.0,0,0,10.26,REGEN,-350.0
1370,45.6594,2744.738,127.078,0.0,100.0,0,0,10.54,REGEN,-350.0
1371,45.6928,2745.882,125.573,0.0,100.0,0,0,10.83,REGEN,-350.0
1372,45.7261,2747.019,124.09,0.0,100.0,0,0,11.11,REGEN,-350.0
1373,45.7594,2748.137,122.764,0.0,100.0,0,0,11.4,REGEN,-350.0
1374,45.7928,2749.251,121.474,0.0,100.0,0,0,11.69,REGEN,-350.0
1375,45.8261,2750.349,120.328,0.0,100.0,0,0,11.97,REGEN,-350.0
1376,45.8594,2751.442,119.228,0.0,100.0,0,0,12.26,REGEN,-350.0
1377,45.8927,2752.525,118.249,0.0,100.0,0,0,12.55,REGEN,-350.0
1378,45.9261,2753.604,117.354,0.0,100.0,0,0,12.84,REGEN,-102.07
1379,45.9594,2754.678,116.576,100.0,100.0,0,0,13.13,REGEN,488.25
1380,45.9927,2755.751,116.124,100.0,0.0,0,0,13.09,DEPLOY,750.0
1381,46.026,2756.822,115.931,100.0,0.0,0,0,12.8,DEPLOY,750.0
1382,46.0594,2757.891,115.738,100.0,0.0,0,0,12.51,DEPLOY,750.0
1383,46.0927,2758.959,115.546,100.0,0.0,0,0,12.22,DEPLOY,750.0
1384,46.126,2760.023,115.354,100.0,0.0,0,0,11.93,DEPLOY,750.0
1385,46.1594,2761.088,115.162,100.0,0.0,0,0,11.64,DEPLOY,750.0
1386,46.1927,2762.155,114.971,100.0,0.0,0,0,11.35,DEPLOY,750.0
1387,46.226,2763.223,114.822,100.0,0.0,0,0,11.05,DEPLOY,750.0
1388,46.2593,2764.303,115.376,100.0,0.0,0,0,10.76,DEPLOY,750.0
1389,46.2927,2765.386,115.99,100.0,0.0,0,0,10.46,DEPLOY,750.0
1390,46.326,2766.482,116.845,100.0,0.0,0,0,10.17,DEPLOY,750.0
1391,46.3593,2767.586,117.802,100.0,0.0,0,0,9.87,DEPLOY,750.0
1392,46.3927,2768.702,118.931,100.0,0.0,0,0,9.57,DEPLOY,750.0
1393,46.426,2769.833,120.21,100.0,0.0,0,0,9.28,DEPLOY,750.0
1394,46.4593,2770.973,121.597,100.0,0.0,0,0,8.98,DEPLOY,750.0
1395,46.4926,2772.135,123.143,100.0,0.0,0,0,8.68,DEPLOY,750.0
1396,46.526,2773.303,124.724,100.0,0.0,0,0,8.38,DEPLOY,750.0
1397,46.5593,2774.493,126.319,100.0,0.0,0,0,8.08,DEPLOY,750.0
1398,46.5926,2775.692,127.883,100.0,0.0,0,0,7.79,DEPLOY,750.0
1399,46.626,2776.905,129.404,100.0,0.0,0,0,7.49,DEPLOY,750.0
1400,46.6593,2778.137,130.94,100.0,0.0,0,0,7.19,DEPLOY,750.0
1401,46.6926,2779.38,132.538,100.0,0.0,0,0,6.89,DEPLOY,750.0
1402,46.7259,2780.645,134.44,100.0,0.0,0,0,6.6,DEPLOY,750.0
1403,46.7593,2781.928,136.375,100.0,0.0,0,0,6.3,DEPLOY,750.0
1404,46.7926,2783.223,138.336,100.0,0.0,0,0,6.0,DEPLOY,750.0
1405,46.8259,2784.546,140.382,100.0,0.0,0,0,5.7,DEPLOY,750.0
1406,46.8592,2785.883,142.391,100.0,0.0,0,0,5.4,DEPLOY,750.0
1407,46.8926,2787.234,144.372,100.0,0.0,0,0,5.11,DEPLOY,750.0
1408,46.9259,2788.611,146.449,100.0,0.0,0,0,4.81,DEPLOY,750.0
1409,46.9592,2790.003,148.518,100.0,0.0,0,0,4.51,DEPLOY,750.0
1410,46.9926,2791.411,150.566,100.0,0.0,0,0,4.21,DEPLOY,750.0
1411,47.0259,2792.841,152.527,100.0,0.0,0,0,3.92,DEPLOY,750.0
1412,47.0592,2794.29,154.573,100.0,0.0,0,0,3.62,DEPLOY,750.0
1413,47.0925,2795.756,156.653,100.0,0.0,0,0,3.32,DEPLOY,750.0
1414,47.1259,2797.239,158.748,100.0,0.0,0,0,3.03,DEPLOY,750.0
1415,47.1592,2798.747,160.845,100.0,0.0,0,0,2.73,DEPLOY,750.0
1416,47.1925,2800.272,162.944,100.0,0.0,0,0,2.43,DEPLOY,750.0
1417,47.2259,2801.815,165.046,100.0,0.0,0,0,2.14,DEPLOY,750.0
1418,47.2592,2803.375,167.15,100.0,0.0,0,0,1.84,DEPLOY,750.0
1419,47.2925,2804.957,169.258,100.0,0.0,0,0,1.54,DEPLOY,750.0
1420,47.3258,2806.559,171.369,100.0,0.0,0,0,1.25,DEPLOY,750.0
1421,47.3592,2808.18,173.481,100.0,0.0,0,0,0.95,DEPLOY,750.0
1422,47.3925,2809.819,175.592,100.0,0.0,0,0,0.66,DEPLOY,750.0
1423,47.4258,2811.476,177.704,100.0,0.0,0,0,0.36,DEPLOY,750.0
1424,47.4592,2813.153,179.816,100.0,0.0,0,0,0.07,DEPLOY,750.0
1425,47.4925,2814.851,181.898,100.0,0.0,0,0,0.01,DEPLOY,750.0
1426,47.5258,2816.567,183.946,100.0,0.0,0,0,0.0,DEPLOY,750.0
1427,47.5591,2818.301,185.961,100.0,0.0,0,0,0.0,DEPLOY,750.0
1428,47.5925,2820.052,187.944,100.0,0.0,0,0,0.0,DEPLOY,750.0
1429,47.6258,2821.821,189.895,100.0,0.0,0,0,0.0,DEPLOY,750.0
1430,47.6591,2823.607,191.815,100.0,0.0,0,0,0.0,DEPLOY,750.0
1431,47.6924,2825.41,193.706,100.0,0.0,0,0,0.0,DEPLOY,750.0
1432,47.7258,2827.23,195.567,100.0,0.0,0,0,0.0,DEPLOY,750.0
1433,47.7591,2829.067,197.398,100.0,0.0,0,0,0.0,DEPLOY,750.0
1434,47.7924,2830.922,199.202,100.0,0.0,0,0,0.0,DEPLOY,750.0
1435,47.8258,2832.792,200.979,100.0,0.0,0,0,0.0,DEPLOY,750.0
1436,47.8591,2834.678,202.73,100.0,0.0,0,0,0.0,DEPLOY,750.0
1437,47.8924,2836.579,204.456,100.0,0.0,0,0,0.0,DEPLOY,750.0
1438,47.9257,2838.496,206.157,100.0,0.0,0,0,0.0,DEPLOY,750.0
1439,47.9591,2840.429,207.834,100.0,0.0,0,0,0.0,DEPLOY,750.0
1440,47.9924,2842.376,209.488,100.0,0.0,0,0,0.0,DEPLOY,750.0
1441,48.0257,2844.338,211.119,100.0,0.0,0,0,0.0,DEPLOY,750.0
1442,48.0591,2846.315,212.728,100.0,0.0,0,0,0.0,DEPLOY,750.0
1443,48.0924,2848.306,214.315,100.0,0.0,0,0,0.0,DEPLOY,750.0
1444,48.1257,2850.312,215.881,100.0,0.0,0,0,0.0,DEPLOY,750.0
1445,48.159,2852.332,217.426,100.0,0.0,0,0,0.0,DEPLOY,750.0
1446,48.1924,2854.365,218.95,100.0,0.0,0,0,0.0,DEPLOY,750.0
1447,48.2257,2856.413,220.455,100.0,0.0,0,0,0.0,DEPLOY,750.0
1448,48.259,2858.474,221.939,100.0,0.0,0,0,0.0,DEPLOY,750.0
1449,48.2924,2860.548,223.405,100.0,0.0,0,0,0.0,DEPLOY,750.0
1450,48.3257,2862.636,224.852,100.0,0.0,0,0,0.0,DEPLOY,750.0
1451,48.359,2864.736,226.281,100.0,0.0,0,0,0.0,DEPLOY,750.0
1452,48.3923,2866.85,227.692,100.0,0.0,0,0,0.0,DEPLOY,750.0
1453,48.4257,2868.976,229.085,100.0,0.0,0,0,0.0,DEPLOY,750.0
1454,48.459,2871.114,230.461,100.0,0.0,0,0,0.0,DEPLOY,750.0
1455,48.4923,2873.266,231.82,100.0,0.0,0,0,0.0,DEPLOY,750.0
1456,48.5257,2875.43,233.162,100.0,0.0,0,0,0.0,DEPLOY,750.0
1457,48.559,2877.606,234.487,100.0,0.0,0,0,0.0,DEPLOY,750.0
1458,48.5923,2879.794,235.796,100.0,0.0,0,0,0.0,DEPLOY,750.0
1459,48.6256,2881.994,237.089,100.0,0.0,0,0,0.0,DEPLOY,750.0
1460,48.659,2884.206,238.368,100.0,0.0,0,0,0.0,DEPLOY,750.0
1461,48.6923,2886.429,239.631,100.0,0.0,0,0,0.0,DEPLOY,750.0
1462,48.7256,2888.663,240.879,100.0,0.0,0,0,0.0,DEPLOY,750.0
1463,48.7589,2890.908,242.113,100.0,0.0,0,0,0.0,DEPLOY,750.0
1464,48.7923,2893.165,243.332,100.0,0.0,0,0,0.0,DEPLOY,750.0
1465,48.8256,2895.433,244.536,100.0,0.0,0,0,0.0,DEPLOY,750.0
1466,48.8589,2897.713,245.726,100.0,0.0,0,0,0.0,DEPLOY,750.0
1467,48.8923,2900.003,246.902,100.0,0.0,0,0,0.0,DEPLOY,750.0
1468,48.9256,2902.303,248.066,100.0,0.0,0,0,0.0,DEPLOY,750.0
1469,48.9589,2904.614,249.215,100.0,0.0,0,0,0.0,DEPLOY,750.0
1470,48.9922,2906.935,250.353,100.0,0.0,0,0,0.0,DEPLOY,750.0
1471,49.0256,2909.266,251.477,100.0,0.0,0,0,0.0,DEPLOY,750.0
1472,49.0589,2911.609,252.587,100.0,0.0,0,0,0.0,DEPLOY,750.0
1473,49.0922,2913.961,253.685,100.0,0.0,0,0,0.0,DEPLOY,750.0
1474,49.1256,2916.323,254.771,100.0,0.0,0,0,0.0,DEPLOY,750.0
1475,49.1589,2918.695,255.845,100.0,0.0,0,0,0.0,DEPLOY,750.0
1476,49.1922,2921.076,256.907,100.0,0.0,0,0,0.0,DEPLOY,750.0
1477,49.2255,2923.468,257.957,100.0,0.0,0,0,0.0,DEPLOY,750.0
1478,49.2589,2925.869,258.995,100.0,0.0,0,0,0.0,DEPLOY,750.0
1479,49.2922,2928.28,260.022,100.0,0.0,0,0,0.0,DEPLOY,750.0
1480,49.3255,2930.699,261.037,100.0,0.0,0,0,0.0,DEPLOY,750.0
1481,49.3589,2933.127,262.042,100.0,0.0,0,0,0.0,DEPLOY,750.0
1482,49.3922,2935.566,263.035,100.0,0.0,0,0,0.0,DEPLOY,750.0
1483,49.4255,2938.013,264.017,100.0,0.0,0,0,0.0,DEPLOY,750.0
1484,49.4588,2940.469,264.989,100.0,0.0,0,0,0.0,DEPLOY,750.0
1485,49.4922,2942.934,265.95,100.0,0.0,0,0,0.0,DEPLOY,750.0
1486,49.5255,2945.407,266.901,100.0,0.0,0,0,0.0,DEPLOY,750.0
1487,49.5588,2947.89,267.841,100.0,0.0,0,0,0.0,DEPLOY,750.0
1488,49.5921,2950.381,268.771,100.0,0.0,0,0,0.0,DEPLOY,750.0
1489,49.6255,2952.88,269.692,100.0,0.0,0,0,0.0,DEPLOY,750.0
1490,49.6588,2955.387,270.602,100.0,0.0,0,0,0.0,DEPLOY,750.0
1491,49.6921,2957.903,271.502,100.0,0.0,0,0,0.0,DEPLOY,750.0
1492,49.7255,2960.428,272.393,100.0,0.0,0,0,0.0,DEPLOY,750.0
1493,49.7588,2962.959,273.275,100.0,0.0,0,0,0.0,DEPLOY,750.0
1494,49.7921,2965.5,274.147,100.0,0.0,0,0,0.0,DEPLOY,750.0
1495,49.8254,2968.048,275.01,100.0,0.0,0,0,0.0,DEPLOY,750.0
1496,49.8588,2970.604,275.863,100.0,0.0,0,0,0.0,DEPLOY,750.0
1497,49.8921,2973.168,276.708,100.0,0.0,0,0,0.0,DEPLOY,750.0
1498,49.9254,2975.74,277.544,100.0,0.0,0,0,0.0,DEPLOY,750.0
1499,49.9588,2978.316,278.369,100.0,0.0,0,0,0.0,DEPLOY,160.5
1500,49.9921,2980.879,277.729,0.0,100.0,0,0,0.19,REGEN,-350.0
1501,50.0254,2983.411,274.543,0.0,100.0,0,0,0.47,REGEN,-350.0
1502,50.0587,2985.908,270.978,0.0,100.0,0,0,0.76,REGEN,-350.0
1503,50.0921,2988.372,267.345,0.0,100.0,0,0,1.05,REGEN,-350.0
1504,50.1254,2990.804,263.731,0.0,100.0,0,0,1.34,REGEN,-350.0
1505,50.1587,2993.205,260.246,0.0,100.0,0,0,1.63,REGEN,-350.0
1506,50.1921,2995.574,257.056,0.0,100.0,0,0,1.92,REGEN,-350.0
1507,50.2254,2997.917,254.237,0.0,100.0,0,0,2.21,REGEN,-350.0
1508,50.2587,3000.228,251.118,0.0,100.0,0,0,2.49,REGEN,-350.0
1509,50.292,3002.506,247.371,0.0,100.0,0,0,2.78,REGEN,-350.0
1510,50.3254,3004.754,243.947,0.0,100.0,0,0,3.07,REGEN,-350.0
1511,50.3587,3006.973,240.821,0.0,100.0,0,0,3.36,REGEN,-350.0
1512,50.392,3009.166,237.935,0.0,100.0,0,0,3.65,REGEN,-350.0
1513,50.4254,3011.333,235.233,0.0,100.0,0,0,3.93,REGEN,-350.0
1514,50.4587,3013.471,232.374,0.0,100.0,0,0,4.22,REGEN,-350.0
1515,50.492,3015.579,229.296,0.0,100.0,0,0,4.51,REGEN,-350.0
1516,50.5253,3017.657,226.04,0.0,100.0,0,0,4.8,REGEN,-350.0
1517,50.5587,3019.703,222.627,0.0,100.0,0,0,5.09,REGEN,-350.0
1518,50.592,3021.722,219.368,0.0,100.0,0,0,5.37,REGEN,-350.0
1519,50.6253,3023.718,216.911,0.0,100.0,0,0,5.66,REGEN,-350.0
1520,50.6586,3025.689,214.311,0.0,100.0,0,0,5.95,REGEN,-350.0
1521,50.692,3027.635,211.612,0.0,100.0,0,0,6.24,REGEN,-350.0
1522,50.7253,3029.554,208.85,0.0,100.0,0,0,6.52,REGEN,-350.0
1523,50.7586,3031.448,206.051,0.0,100.0,0,0,6.81,REGEN,-350.0
1524,50.792,3033.315,203.238,0.0,100.0,0,0,7.1,REGEN,-350.0
1525,50.8253,3035.155,200.452,0.0,100.0,0,0,7.39,REGEN,-350.0
1526,50.8586,3036.969,197.709,0.0,100.0,0,0,7.67,REGEN,-350.0
1527,50.8919,3038.758,195.013,0.0,100.0,0,0,7.96,REGEN,-350.0
1528,50.9253,3040.524,192.382,0.0,100.0,0,0,8.25,REGEN,-350.0
1529,50.9586,3042.266,189.828,0.0,100.0,0,0,8.54,REGEN,-350.0
1530,50.9919,3043.984,187.359,0.0,100.0,0,0,8.82,REGEN,-350.0
1531,51.0253,3045.676,184.789,0.0,100.0,0,0,9.11,REGEN,-350.0
1532,51.0586,3047.341,181.718,0.0,100.0,0,0,9.39,REGEN,-350.0
1533,51.0919,3048.975,178.769,0.0,100.0,0,0,9.68,REGEN,-350.0
1534,51.1252,3050.582,175.924,0.0,100.0,0,0,9.97,REGEN,-350.0
1535,51.1586,3052.166,173.17,0.0,100.0,0,0,10.25,REGEN,-350.0
1536,51.1919,3053.727,170.504,0.0,100.0,0,0,10.54,REGEN,-350.0
1537,51.2252,3055.266,167.922,0.0,100.0,0,0,10.82,REGEN,-350.0
1538,51.2586,3056.776,165.454,0.0,100.0,0,0,11.11,REGEN,-350.0
1539,51.2919,3058.266,163.06,0.0,100.0,0,0,11.4,REGEN,-350.0
1540,51.3252,3059.737,160.736,0.0,100.0,0,0,11.68,REGEN,-350.0
1541,51.3585,3061.189,158.485,0.0,100.0,0,0,11.97,REGEN,-350.0
1542,51.3919,3062.615,156.329,0.0,100.0,0,0,12.25,REGEN,-350.0
1543,51.4252,3064.025,154.233,0.0,100.0,0,0,12.54,REGEN,-350.0
1544,51.4585,3065.42,152.192,0.0,100.0,0,0,12.83,REGEN,-350.0
1545,51.4918,3066.791,150.237,0.0,100.0,0,0,13.11,REGEN,-350.0
1546,51.5252,3068.147,148.341,0.0,100.0,0,0,13.4,REGEN,-350.0
1547,51.5585,3069.489,146.492,0.0,100.0,0,0,13.68,REGEN,-350.0
1548,51.5918,3070.811,144.719,0.0,100.0,0,0,13.97,REGEN,-350.0
1549,51.6252,3072.118,143.002,0.0,100.0,0,0,14.26,REGEN,-350.0
1550,51.6585,3073.414,141.326,0.0,100.0,0,0,14.54,REGEN,-350.0
1551,51.6918,3074.689,139.728,0.0,100.0,0,0,14.83,REGEN,-350.0
1552,51.7251,3075.953,138.178,0.0,100.0,0,0,15.12,REGEN,-350.0
1553,51.7585,3077.207,136.669,0.0,100.0,0,0,15.4,REGEN,-350.0
1554,51.7918,3078.44,135.235,0.0,100.0,0,0,15.69,REGEN,-350.0
1555,51.8251,3079.667,133.829,0.0,100.0,0,0,15.98,REGEN,-350.0
1556,51.8585,3080.879,132.471,0.0,100.0,0,0,16.26,REGEN,-350.0
1557,51.8918,3082.078,131.163,0.0,100.0,0,0,16.55,REGEN,-350.0
1558,51.9251,3083.27,129.878,0.0,100.0,0,0,16.84,REGEN,-350.0
1559,51.9584,3084.444,128.661,0.0,100.0,0,0,17.12,REGEN,-350.0
1560,51.9918,3085.613,127.464,0.0,100.0,0,0,17.41,REGEN,-350.0
1561,52.0251,3086.769,126.315,0.0,100.0,0,0,17.7,REGEN,-350.0
1562,52.0584,3087.915,125.206,0.0,100.0,0,0,17.99,REGEN,-350.0
1563,52.0918,3089.054,124.129,0.0,100.0,0,0,18.27,REGEN,-350.0
1564,52.1251,3090.179,123.094,0.0,100.0,0,0,18.56,REGEN,-350.0
1565,52.1584,3091.301,122.071,0.0,100.0,0,0,18.85,REGEN,-350.0
1566,52.1917,3092.407,121.095,0.0,100.0,0,0,19.14,REGEN,-350.0
1567,52.2251,3093.51,120.13,0.0,100.0,0,0,19.42,REGEN,-350.0
1568,52.2584,3094.6,119.205,0.0,100.0,0,0,19.71,REGEN,-350.0
1569,52.2917,3095.685,118.291,0.0,100.0,0,0,20.0,REGEN,-350.0
1570,52.325,3096.76,117.396,0.0,100.0,0,0,20.29,REGEN,-350.0
1571,52.3584,3097.828,116.516,0.0,100.0,0,0,20.57,REGEN,-350.0
1572,52.3917,3098.888,115.651,0.0,100.0,0,0,20.86,REGEN,-350.0
1573,52.425,3099.939,114.803,0.0,100.0,0,0,21.15,REGEN,-350.0
1574,52.4584,3100.984,113.967,0.0,100.0,0,0,21.44,REGEN,-350.0
1575,52.4917,3102.019,113.134,0.0,100.0,0,0,21.72,REGEN,-350.0
1576,52.525,3103.049,112.301,0.0,100.0,0,0,22.01,REGEN,-350.0
1577,52.5583,3104.068,111.474,0.0,100.0,0,0,22.3,REGEN,-350.0
1578,52.5917,3105.083,110.648,0.0,100.0,0,0,22.59,REGEN,-350.0
1579,52.625,3106.086,109.823,0.0,100.0,0,0,22.87,REGEN,-350.0
1580,52.6583,3107.085,108.999,0.0,100.0,0,0,23.16,REGEN,-350.0
1581,52.6917,3108.073,108.168,0.0,100.0,0,0,23.45,REGEN,-350.0
1582,52.725,3109.056,107.334,0.0,100.0,0,0,23.73,REGEN,-350.0
1583,52.7583,3110.028,106.498,0.0,100.0,0,0,24.02,REGEN,-350.0
1584,52.7916,3110.995,105.66,0.0,100.0,0,0,24.31,REGEN,-350.0
1585,52.825,3111.951,104.817,0.0,100.0,0,0,24.59,REGEN,-350.0
1586,52.8583,3112.902,103.973,0.0,100.0,0,0,24.88,REGEN,-350.0
1587,52.8916,3113.843,103.125,0.0,100.0,0,0,25.17,REGEN,-350.0
1588,52.925,3114.777,102.275,0.0,100.0,0,0,25.45,REGEN,-350.0
1589,52.9583,3115.703,101.426,0.0,100.0,0,0,25.74,REGEN,-350.0
1590,52.9916,3116.62,100.576,0.0,100.0,0,0,26.03,REGEN,-350.0
1591,53.0249,3117.533,99.737,0.0,100.0,0,0,26.31,REGEN,-350.0
1592,53.0583,3118.434,98.928,0.0,100.0,0,0,26.6,REGEN,-350.0
1593,53.0916,3119.335,98.12,0.0,100.0,0,0,26.89,REGEN,-350.0
1594,53.1249,3120.222,97.406,0.0,100.0,0,0,27.17,REGEN,-350.0
1595,53.1583,3121.11,96.692,0.0,100.0,0,0,27.46,REGEN,-350.0
1596,53.1916,3121.988,96.086,0.0,100.0,0,0,27.75,REGEN,-350.0
1597,53.2249,3122.864,95.514,0.0,100.0,0,0,28.04,REGEN,-350.0
1598,53.2582,3123.736,94.959,0.0,100.0,0,0,28.32,REGEN,-350.0
1599,53.2916,3124.605,94.422,0.0,100.0,0,0,28.61,REGEN,-350.0
1600,53.3249,3125.473,93.954,0.0,100.0,0,0,28.9,REGEN,-350.0
1601,53.3582,3126.341,93.828,0.0,100.0,0,0,29.19,REGEN,-350.0
1602,53.3915,3127.208,93.701,0.0,100.0,0,0,29.49,REGEN,-350.0
1603,53.4249,3128.075,93.683,0.0,100.0,0,0,29.78,REGEN,-350.0
1604,53.4582,3128.943,93.683,0.0,100.0,0,0,30.07,REGEN,-350.0
1605,53.4915,3129.81,93.683,0.0,100.0,0,0,30.36,REGEN,-350.0
1606,53.5249,3130.677,93.683,0.0,100.0,0,0,30.65,REGEN,-350.0
1607,53.5582,3131.543,93.683,0.0,100.0,0,0,30.94,REGEN,-350.0
1608,53.5915,3132.406,93.683,0.0,100.0,0,0,31.23,REGEN,-350.0
1609,53.6248,3133.268,93.683,0.0,100.0,0,0,31.52,REGEN,-350.0
1610,53.6582,3134.118,93.277,100.0,100.0,0,0,31.81,REGEN,76.64
1611,53.6915,3134.966,92.833,100.0,100.0,0,0,32.1,REGEN,542.66
1612,53.7248,3135.804,92.173,100.0,0.0,0,0,32.07,DEPLOY,750.0
1613,53.7582,3136.633,91.338,100.0,0.0,0,0,31.78,DEPLOY,750.0
1614,53.7915,3137.459,90.496,100.0,0.0,0,0,31.5,DEPLOY,750.0
1615,53.8248,3138.269,89.611,100.0,0.0,0,0,31.21,DEPLOY,750.0
1616,53.8581,3139.079,88.726,100.0,0.0,0,0,30.93,DEPLOY,750.0
1617,53.8915,3139.882,87.945,100.0,0.0,0,0,30.64,DEPLOY,750.0
1618,53.9248,3140.682,87.217,100.0,0.0,0,0,30.35,DEPLOY,750.0
1619,53.9581,3141.48,86.57,100.0,0.0,0,0,30.06,DEPLOY,750.0
1620,53.9915,3142.275,86.346,100.0,0.0,0,0,29.77,DEPLOY,750.0
1621,54.0248,3143.071,86.123,100.0,0.0,0,0,29.48,DEPLOY,750.0
1622,54.0581,3143.864,85.975,100.0,0.0,0,0,29.19,DEPLOY,750.0
1623,54.0914,3144.657,85.87,100.0,0.0,0,0,28.9,DEPLOY,750.0
1624,54.1248,3145.45,85.764,100.0,0.0,0,0,28.61,DEPLOY,750.0
1625,54.1581,3146.237,85.659,100.0,0.0,0,0,28.32,DEPLOY,750.0
1626,54.1914,3147.024,85.554,100.0,0.0,0,0,28.03,DEPLOY,750.0
1627,54.2247,3147.808,85.297,100.0,0.0,0,0,27.74,DEPLOY,750.0
1628,54.2581,3148.588,84.93,100.0,0.0,0,0,27.45,DEPLOY,750.0
1629,54.2914,3149.368,84.565,100.0,0.0,0,0,27.16,DEPLOY,750.0
1630,54.3247,3150.152,84.362,100.0,0.0,0,0,26.87,DEPLOY,750.0
1631,54.3581,3150.936,84.159,100.0,0.0,0,0,26.58,DEPLOY,750.0
1632,54.3914,3151.722,84.274,100.0,0.0,0,0,26.29,DEPLOY,750.0
1633,54.4247,3152.511,84.766,100.0,0.0,0,0,25.99,DEPLOY,750.0
1634,54.458,3153.3,85.258,100.0,0.0,0,0,25.7,DEPLOY,750.0
1635,54.4914,3154.085,85.201,100.0,0.0,0,0,25.41,DEPLOY,750.0
1636,54.5247,3154.871,85.097,100.0,0.0,0,0,25.12,DEPLOY,750.0
1637,54.558,3155.658,84.992,100.0,0.0,0,0,24.83,DEPLOY,750.0
1638,54.5914,3156.446,84.888,100.0,0.0,0,0,24.53,DEPLOY,750.0
1639,54.6247,3157.234,84.784,100.0,0.0,0,0,24.24,DEPLOY,750.0
1640,54.658,3158.031,84.994,100.0,0.0,0,0,23.95,DEPLOY,750.0
1641,54.6913,3158.83,85.268,100.0,0.0,0,0,23.65,DEPLOY,750.0
1642,54.7247,3159.636,85.684,100.0,0.0,0,0,23.35,DEPLOY,750.0
1643,54.758,3160.454,86.393,100.0,0.0,0,0,23.06,DEPLOY,750.0
1644,54.7913,3161.272,87.102,100.0,0.0,0,0,22.76,DEPLOY,750.0
1645,54.8247,3162.113,88.09,100.0,0.0,0,0,22.46,DEPLOY,750.0
1646,54.858,3162.956,89.116,100.0,0.0,0,0,22.16,DEPLOY,750.0
1647,54.8913,3163.813,90.253,100.0,0.0,0,0,21.85,DEPLOY,750.0
1648,54.9246,3164.684,91.5,100.0,0.0,0,0,21.55,DEPLOY,750.0
1649,54.958,3165.562,92.788,100.0,0.0,0,0,21.25,DEPLOY,750.0
1650,54.9913,3166.464,94.234,100.0,0.0,0,0,20.95,DEPLOY,750.0
1651,55.0246,3167.366,95.679,100.0,0.0,0,0,20.65,DEPLOY,750.0
1652,55.058,3168.301,97.301,100.0,0.0,0,0,20.35,DEPLOY,750.0
1653,55.0913,3169.236,98.924,100.0,0.0,0,0,20.04,DEPLOY,750.0
1654,55.1246,3170.2,100.665,100.0,0.0,0,0,19.74,DEPLOY,750.0
1655,55.1579,3171.169,102.427,100.0,0.0,0,0,19.44,DEPLOY,750.0
1656,55.1913,3172.166,104.282,100.0,0.0,0,0,19.14,DEPLOY,750.0
1657,55.2246,3173.17,106.163,100.0,0.0,0,0,18.83,DEPLOY,750.0
1658,55.2579,3174.202,108.127,100.0,0.0,0,0,18.53,DEPLOY,750.0
1659,55.2912,3175.242,110.113,100.0,0.0,0,0,18.23,DEPLOY,750.0
1660,55.3246,3176.312,112.165,100.0,0.0,0,0,17.93,DEPLOY,750.0
1661,55.3579,3177.388,114.228,100.0,0.0,0,0,17.63,DEPLOY,750.0
1662,55.3912,3178.497,116.352,100.0,0.0,0,0,17.33,DEPLOY,750.0
1663,55.4246,3179.612,118.454,100.0,0.0,0,0,17.03,DEPLOY,750.0
1664,55.4579,3180.754,120.465,100.0,0.0,0,0,16.73,DEPLOY,750.0
1665,55.4912,3181.91,122.488,100.0,0.0,0,0,16.43,DEPLOY,750.0
1666,55.5245,3183.083,124.526,100.0,0.0,0,0,16.13,DEPLOY,750.0
1667,55.5579,3184.28,126.576,100.0,0.0,0,0,15.83,DEPLOY,750.0
1668,55.5912,3185.487,128.629,100.0,0.0,0,0,15.53,DEPLOY,750.0
1669,55.6245,3186.722,130.683,100.0,0.0,0,0,15.23,DEPLOY,750.0
1670,55.6579,3187.971,132.73,100.0,0.0,0,0,14.93,DEPLOY,750.0
1671,55.6912,3189.235,134.769,100.0,0.0,0,0,14.63,DEPLOY,750.0
1672,55.7245,3190.524,136.777,100.0,0.0,0,0,14.33,DEPLOY,750.0
1673,55.7578,3191.826,138.765,100.0,0.0,0,0,14.03,DEPLOY,750.0
1674,55.7912,3193.146,140.72,100.0,0.0,0,0,13.74,DEPLOY,750.0
1675,55.8245,3194.491,142.824,100.0,0.0,0,0,13.44,DEPLOY,750.0
1676,55.8578,3195.839,144.921,100.0,0.0,0,0,13.14,DEPLOY,502.5
1677,55.8912,3197.187,146.94,0.0,0.0,0,0,12.85,DEPLOY,-238.58
1678,55.9245,3198.509,145.411,0.0,100.0,0,0,13.05,REGEN,-350.0
1679,55.9578,3199.815,143.225,0.0,100.0,0,0,13.33,REGEN,-350.0
1680,55.9911,3201.099,140.98,0.0,100.0,0,0,13.62,REGEN,-350.0
1681,56.0245,3202.361,138.832,0.0,100.0,0,0,13.9,REGEN,-350.0
1682,56.0578,3203.609,136.734,0.0,100.0,0,0,14.19,REGEN,-350.0
1683,56.0911,3204.834,134.739,0.0,100.0,0,0,14.47,REGEN,-350.0
1684,56.1244,3206.043,132.81,0.0,100.0,0,0,14.76,REGEN,-350.0
1685,56.1578,3207.239,130.936,0.0,100.0,0,0,15.04,REGEN,-350.0
1686,56.1911,3208.411,129.167,0.0,100.0,0,0,15.33,REGEN,-350.0
1687,56.2244,3209.575,127.429,0.0,100.0,0,0,15.61,REGEN,-350.0
1688,56.2578,3210.718,125.778,0.0,100.0,0,0,15.9,REGEN,-350.0
1689,56.2911,3211.85,124.165,0.0,100.0,0,0,16.18,REGEN,-350.0
1690,56.3244,3212.967,122.609,0.0,100.0,0,0,16.47,REGEN,-350.0
1691,56.3577,3214.069,121.108,0.0,100.0,0,0,16.75,REGEN,-350.0
1692,56.3911,3215.162,119.641,0.0,100.0,0,0,17.04,REGEN,-350.0
1693,56.4244,3216.237,118.242,0.0,100.0,0,0,17.32,REGEN,-350.0
1694,56.4577,3217.307,116.861,0.0,100.0,0,0,17.61,REGEN,-350.0
1695,56.4911,3218.359,115.625,0.0,100.0,0,0,17.9,REGEN,-350.0
1696,56.5244,3219.41,114.406,0.0,100.0,0,0,18.18,REGEN,-344.84
1697,56.5577,3220.452,113.486,100.0,100.0,0,0,18.47,REGEN,227.46
1698,56.591,3221.493,112.631,100.0,0.0,0,0,18.71,DEPLOY,750.0
1699,56.6244,3222.53,112.45,100.0,0.0,0,0,18.42,DEPLOY,750.0
1700,56.6577,3223.568,112.269,100.0,0.0,0,0,18.13,DEPLOY,750.0
1701,56.691,3224.603,112.088,100.0,0.0,0,0,17.84,DEPLOY,750.0
1702,56.7244,3225.637,111.907,100.0,0.0,0,0,17.55,DEPLOY,750.0
1703,56.7577,3226.668,111.728,100.0,0.0,0,0,17.26,DEPLOY,750.0
1704,56.791,3227.7,111.548,100.0,0.0,0,0,16.97,DEPLOY,750.0
1705,56.8243,3228.731,111.369,100.0,0.0,0,0,16.67,DEPLOY,750.0
1706,56.8577,3229.764,111.305,100.0,0.0,0,0,16.38,DEPLOY,750.0
1707,56.891,3230.802,111.463,100.0,0.0,0,0,16.09,DEPLOY,750.0
1708,56.9243,3231.844,111.781,100.0,0.0,0,0,15.79,DEPLOY,750.0
1709,56.9576,3232.893,112.325,100.0,0.0,0,0,15.5,DEPLOY,750.0
1710,56.991,3233.949,112.971,100.0,0.0,0,0,15.2,DEPLOY,750.0
1711,57.0243,3235.012,113.716,100.0,0.0,0,0,14.91,DEPLOY,750.0
1712,57.0576,3236.086,114.556,100.0,0.0,0,0,14.61,DEPLOY,750.0
1713,57.091,3237.165,115.453,100.0,0.0,0,0,14.32,DEPLOY,750.0
1714,57.1243,3238.258,116.444,100.0,0.0,0,0,14.02,DEPLOY,750.0
1715,57.1576,3239.355,117.463,100.0,0.0,0,0,13.72,DEPLOY,750.0
1716,57.1909,3240.471,118.588,100.0,0.0,0,0,13.43,DEPLOY,750.0
1717,57.2243,3241.591,119.735,100.0,0.0,0,0,13.13,DEPLOY,750.0
1718,57.2576,3242.729,120.969,100.0,0.0,0,0,12.83,DEPLOY,750.0
1719,57.2909,3243.875,122.236,100.0,0.0,0,0,12.54,DEPLOY,750.0
1720,57.3243,3245.033,123.555,100.0,0.0,0,0,12.24,DEPLOY,750.0
1721,57.3576,3246.207,124.922,100.0,0.0,0,0,11.94,DEPLOY,750.0
1722,57.3909,3247.388,126.313,100.0,0.0,0,0,11.64,DEPLOY,750.0
1723,57.4242,3248.591,127.772,100.0,0.0,0,0,11.35,DEPLOY,750.0
1724,57.4576,3249.802,129.253,100.0,0.0,0,0,11.05,DEPLOY,750.0
1725,57.4909,3251.029,130.779,100.0,0.0,0,0,10.75,DEPLOY,750.0
1726,57.5242,3252.272,132.348,100.0,0.0,0,0,10.46,DEPLOY,750.0
1727,57.5576,3253.525,133.942,100.0,0.0,0,0,10.16,DEPLOY,750.0
1728,57.5909,3254.8,135.594,100.0,0.0,0,0,9.86,DEPLOY,750.0
1729,57.6242,3256.088,137.279,100.0,0.0,0,0,9.56,DEPLOY,750.0
1730,57.6575,3257.388,138.993,100.0,0.0,0,0,9.27,DEPLOY,750.0
1731,57.6909,3258.712,140.768,100.0,0.0,0,0,8.97,DEPLOY,750.0
1732,57.7242,3260.048,142.573,100.0,0.0,0,0,8.67,DEPLOY,750.0
1733,57.7575,3261.398,144.413,100.0,0.0,0,0,8.37,DEPLOY,750.0
1734,57.7909,3262.774,146.321,100.0,0.0,0,0,8.08,DEPLOY,750.0
1735,57.8242,3264.164,148.267,100.0,0.0,0,0,7.78,DEPLOY,750.0
1736,57.8575,3265.569,150.253,100.0,0.0,0,0,7.48,DEPLOY,750.0
1737,57.8908,3266.998,152.3,100.0,0.0,0,0,7.19,DEPLOY,750.0
1738,57.9242,3268.446,154.39,100.0,0.0,0,0,6.89,DEPLOY,750.0
1739,57.9575,3269.91,156.516,100.0,0.0,0,0,6.59,DEPLOY,750.0
1740,57.9908,3271.391,158.682,100.0,0.0,0,0,6.3,DEPLOY,750.0
1741,58.0241,3272.896,160.605,100.0,0.0,0,0,6.0,DEPLOY,750.0
1742,58.0575,3274.417,162.568,100.0,0.0,0,0,5.7,DEPLOY,750.0
1743,58.0908,3275.954,164.578,100.0,0.0,0,0,5.41,DEPLOY,750.0
1744,58.1241,3277.51,166.63,100.0,0.0,0,0,5.11,DEPLOY,750.0
1745,58.1575,3279.088,168.721,100.0,0.0,0,0,4.81,DEPLOY,750.0
1746,58.1908,3280.686,170.835,100.0,0.0,0,0,4.52,DEPLOY,750.0
1747,58.2241,3282.301,172.964,100.0,0.0,0,0,4.22,DEPLOY,750.0
1748,58.2574,3283.936,175.102,100.0,0.0,0,0,3.93,DEPLOY,750.0
1749,58.2908,3285.589,177.243,100.0,0.0,0,0,3.63,DEPLOY,750.0
1750,58.3241,3287.263,179.373,100.0,0.0,0,0,3.33,DEPLOY,750.0
1751,58.3574,3288.957,181.463,100.0,0.0,0,0,3.04,DEPLOY,750.0
1752,58.3908,3290.669,183.519,100.0,0.0,0,0,2.74,DEPLOY,750.0
1753,58.4241,3292.398,185.541,100.0,0.0,0,0,2.45,DEPLOY,750.0
1754,58.4574,3294.146,187.531,100.0,0.0,0,0,2.15,DEPLOY,750.0
1755,58.4907,3295.911,189.489,100.0,0.0,0,0,1.86,DEPLOY,750.0
1756,58.5241,3297.693,191.416,100.0,0.0,0,0,1.56,DEPLOY,750.0
1757,58.5574,3299.492,193.313,100.0,0.0,0,0,1.27,DEPLOY,750.0
1758,58.5907,3301.309,195.179,100.0,0.0,0,0,0.97,DEPLOY,750.0
1759,58.6241,3303.144,197.015,100.0,0.0,0,0,0.68,DEPLOY,750.0
1760,58.6574,3304.994,198.825,100.0,0.0,0,0,0.38,DEPLOY,750.0
1761,58.6907,3306.861,200.607,100.0,0.0,0,0,0.09,DEPLOY,750.0
1762,58.724,3308.744,202.364,100.0,0.0,0,0,0.0,DEPLOY,750.0
1763,58.7574,3310.642,204.095,100.0,0.0,0,0,0.0,DEPLOY,750.0
1764,58.7907,3312.556,205.802,100.0,0.0,0,0,0.0,DEPLOY,750.0
1765,58.824,3314.485,207.484,100.0,0.0,0,0,0.0,DEPLOY,750.0
1766,58.8573,3316.429,209.143,100.0,0.0,0,0,0.0,DEPLOY,750.0
1767,58.8907,3318.388,210.779,100.0,0.0,0,0,0.0,DEPLOY,750.0
1768,58.924,3320.362,212.393,100.0,0.0,0,0,0.0,DEPLOY,750.0
1769,58.9573,3322.35,213.984,100.0,0.0,0,0,0.0,DEPLOY,750.0
1770,58.9907,3324.352,215.554,100.0,0.0,0,0,0.0,DEPLOY,750.0
1771,59.024,3326.369,217.103,100.0,0.0,0,0,0.0,DEPLOY,750.0
1772,59.0573,3328.4,218.632,100.0,0.0,0,0,0.0,DEPLOY,750.0
1773,59.0906,3330.445,220.141,100.0,0.0,0,0,0.0,DEPLOY,750.0
1774,59.124,3332.503,221.63,100.0,0.0,0,0,0.0,DEPLOY,750.0
1775,59.1573,3334.574,223.099,100.0,0.0,0,0,0.0,DEPLOY,750.0
1776,59.1906,3336.659,224.55,100.0,0.0,0,0,0.0,DEPLOY,750.0
1777,59.224,3338.757,225.983,100.0,0.0,0,0,0.0,DEPLOY,750.0
1778,59.2573,3340.868,227.397,100.0,0.0,0,0,0.0,DEPLOY,750.0
1779,59.2906,3342.991,228.794,100.0,0.0,0,0,0.0,DEPLOY,750.0
1780,59.3239,3345.128,230.174,100.0,0.0,0,0,0.0,DEPLOY,750.0
1781,59.3573,3347.276,231.536,100.0,0.0,0,0,0.0,DEPLOY,750.0
1782,59.3906,3349.437,232.882,100.0,0.0,0,0,0.0,DEPLOY,750.0
1783,59.4239,3351.611,234.211,100.0,0.0,0,0,0.0,DEPLOY,750.0
1784,59.4573,3353.796,235.523,100.0,0.0,0,0,0.0,DEPLOY,750.0
1785,59.4906,3355.994,236.82,100.0,0.0,0,0,0.0,DEPLOY,750.0
1786,59.5239,3358.203,238.101,100.0,0.0,0,0,0.0,DEPLOY,750.0
1787,59.5572,3360.424,239.367,100.0,0.0,0,0,0.0,DEPLOY,750.0
1788,59.5906,3362.656,240.618,100.0,0.0,0,0,0.0,DEPLOY,750.0
1789,59.6239,3364.899,241.855,100.0,0.0,0,0,0.0,DEPLOY,750.0
1790,59.6572,3367.153,243.077,100.0,0.0,0,0,0.0,DEPLOY,750.0
1791,59.6905,3369.419,244.285,100.0,0.0,0,0,0.0,DEPLOY,750.0
1792,59.7239,3371.696,245.478,100.0,0.0,0,0,0.0,DEPLOY,750.0
1793,59.7572,3373.984,246.657,100.0,0.0,0,0,0.0,DEPLOY,750.0
1794,59.7905,3376.282,247.823,100.0,0.0,0,0,0.0,DEPLOY,750.0
1795,59.8239,3378.591,248.975,100.0,0.0,0,0,0.0,DEPLOY,750.0
1796,59.8572,3380.91,250.115,100.0,0.0,0,0,0.0,DEPLOY,750.0
1797,59.8905,3383.239,251.242,100.0,0.0,0,0,0.0,DEPLOY,750.0
1798,59.9238,3385.579,252.356,100.0,0.0,0,0,0.0,DEPLOY,750.0
1799,59.9572,3387.929,253.456,100.0,0.0,0,0,0.0,DEPLOY,750.0
1800,59.9905,3390.29,254.544,100.0,0.0,0,0,0.0,DEPLOY,750.0
1801,60.0238,3392.659,255.621,100.0,0.0,0,0,0.0,DEPLOY,750.0
1802,60.0572,3395.039,256.685,100.0,0.0,0,0,0.0,DEPLOY,750.0
1803,60.0905,3397.428,257.738,100.0,0.0,0,0,0.0,DEPLOY,750.0
1804,60.1238,3399.827,258.779,100.0,0.0,0,0,0.0,DEPLOY,750.0
1805,60.1571,3402.236,259.807,100.0,0.0,0,0,0.0,DEPLOY,750.0
1806,60.1905,3404.653,260.825,100.0,0.0,0,0,0.0,DEPLOY,750.0
1807,60.2238,3407.08,261.832,100.0,0.0,0,0,0.0,DEPLOY,750.0
1808,60.2571,3409.516,262.828,100.0,0.0,0,0,0.0,DEPLOY,750.0
1809,60.2905,3411.961,263.812,100.0,0.0,0,0,0.0,DEPLOY,750.0
1810,60.3238,3414.416,264.786,100.0,0.0,0,0,0.0,DEPLOY,750.0
1811,60.3571,3416.879,265.749,100.0,0.0,0,0,0.0,DEPLOY,750.0
1812,60.3904,3419.35,266.703,100.0,0.0,0,0,0.0,DEPLOY,750.0
1813,60.4238,3421.831,267.645,100.0,0.0,0,0,0.0,DEPLOY,750.0
1814,60.4571,3424.32,268.577,100.0,0.0,0,0,0.0,DEPLOY,750.0
1815,60.4904,3426.817,269.499,100.0,0.0,0,0,0.0,DEPLOY,750.0
1816,60.5238,3429.323,270.412,100.0,0.0,0,0,0.0,DEPLOY,750.0
1817,60.5571,3431.837,271.315,100.0,0.0,0,0,0.0,DEPLOY,750.0
1818,60.5904,3434.36,272.207,100.0,0.0,0,0,0.0,DEPLOY,750.0
1819,60.6237,3436.89,273.091,100.0,0.0,0,0,0.0,DEPLOY,750.0
1820,60.6571,3439.429,273.965,100.0,0.0,0,0,0.0,DEPLOY,750.0
1821,60.6904,3441.975,274.83,100.0,0.0,0,0,0.0,DEPLOY,750.0
1822,60.7237,3444.53,275.685,100.0,0.0,0,0,0.0,DEPLOY,750.0
1823,60.757,3447.092,276.532,100.0,0.0,0,0,0.0,DEPLOY,750.0
1824,60.7904,3449.662,277.369,100.0,0.0,0,0,0.0,DEPLOY,750.0
1825,60.8237,3452.24,278.198,100.0,0.0,0,0,0.0,DEPLOY,750.0
1826,60.857,3454.825,279.018,100.0,0.0,0,0,0.0,DEPLOY,750.0
1827,60.8904,3457.417,279.829,100.0,0.0,0,0,0.0,DEPLOY,750.0
1828,60.9237,3460.017,280.632,100.0,0.0,0,0,0.0,DEPLOY,750.0
1829,60.957,3462.625,281.426,100.0,0.0,0,0,0.0,DEPLOY,750.0
1830,60.9903,3465.239,282.213,100.0,0.0,0,0,0.0,DEPLOY,750.0
1831,61.0237,3467.861,282.99,100.0,0.0,0,0,0.0,DEPLOY,750.0
1832,61.057,3470.49,283.76,100.0,0.0,0,0,0.0,DEPLOY,750.0
1833,61.0903,3473.126,284.522,100.0,0.0,0,0,0.0,DEPLOY,750.0
1834,61.1237,3475.768,285.276,100.0,0.0,0,0,0.0,DEPLOY,750.0
1835,61.157,3478.418,286.022,100.0,0.0,0,0,0.0,DEPLOY,750.0
1836,61.1903,3481.075,286.76,100.0,0.0,0,0,0.0,DEPLOY,750.0
1837,61.2236,3483.738,287.491,100.0,0.0,0,0,0.0,DEPLOY,750.0
1838,61.257,3486.408,288.214,100.0,0.0,0,0,0.0,DEPLOY,750.0
1839,61.2903,3489.084,288.93,100.0,0.0,0,0,0.0,DEPLOY,750.0
1840,61.3236,3491.767,289.638,100.0,0.0,0,0,0.0,DEPLOY,750.0
1841,61.357,3494.457,290.339,100.0,0.0,0,0,0.0,DEPLOY,750.0
1842,61.3903,3497.152,291.033,100.0,0.0,0,0,0.0,DEPLOY,750.0
1843,61.4236,3499.855,291.72,100.0,0.0,0,0,0.0,DEPLOY,750.0
1844,61.4569,3502.563,292.399,100.0,0.0,0,0,0.0,DEPLOY,750.0
1845,61.4903,3505.278,293.072,100.0,0.0,0,0,0.0,DEPLOY,750.0
1846,61.5236,3507.999,293.738,100.0,0.0,0,0,0.0,DEPLOY,750.0
1847,61.5569,3510.726,294.396,100.0,0.0,0,0,0.0,DEPLOY,750.0
1848,61.5902,3513.458,295.049,100.0,0.0,0,0,0.0,DEPLOY,750.0
1849,61.6236,3516.197,295.694,100.0,0.0,0,0,0.0,DEPLOY,750.0
1850,61.6569,3518.942,296.333,100.0,0.0,0,0,0.0,DEPLOY,750.0
1851,61.6902,3521.692,296.966,100.0,0.0,0,0,0.0,DEPLOY,750.0
1852,61.7236,3524.449,297.592,100.0,0.0,0,0,0.0,DEPLOY,750.0
1853,61.7569,3527.211,298.212,100.0,0.0,0,0,0.0,DEPLOY,750.0
1854,61.7902,3529.979,298.825,100.0,0.0,0,0,0.0,DEPLOY,750.0
1855,61.8235,3532.752,299.432,100.0,0.0,0,0,0.0,DEPLOY,750.0
1856,61.8569,3535.531,300.034,100.0,0.0,0,0,0.0,DEPLOY,750.0
1857,61.8902,3538.315,300.629,100.0,0.0,0,0,0.0,DEPLOY,750.0
1858,61.9235,3541.105,301.218,100.0,0.0,0,0,0.0,DEPLOY,750.0
1859,61.9569,3543.9,301.801,100.0,0.0,0,0,0.0,DEPLOY,750.0
1860,61.9902,3546.701,302.378,100.0,0.0,0,0,0.0,DEPLOY,750.0
1861,62.0235,3549.506,302.949,100.0,0.0,0,0,0.0,DEPLOY,750.0
1862,62.0568,3552.317,303.515,100.0,0.0,0,0,0.0,DEPLOY,750.0
1863,62.0902,3555.133,304.075,100.0,0.0,0,0,0.0,DEPLOY,750.0
1864,62.1235,3557.955,304.629,100.0,0.0,0,0,0.0,DEPLOY,750.0
1865,62.1568,3560.781,305.177,100.0,0.0,0,0,0.0,DEPLOY,750.0
1866,62.1902,3563.612,305.721,100.0,0.0,0,0,0.0,DEPLOY,750.0
1867,62.2235,3566.449,306.258,100.0,0.0,0,0,0.0,DEPLOY,750.0
1868,62.2568,3569.29,306.791,100.0,0.0,0,0,0.0,DEPLOY,750.0
1869,62.2901,3572.136,307.317,100.0,0.0,0,0,0.0,DEPLOY,750.0
1870,62.3235,3574.987,307.839,100.0,0.0,0,0,0.0,DEPLOY,750.0
1871,62.3568,3577.842,308.356,100.0,0.0,0,0,0.0,DEPLOY,750.0
1872,62.3901,3580.703,308.867,100.0,0.0,0,0,0.0,DEPLOY,750.0
1873,62.4235,3583.568,309.373,100.0,0.0,0,0,0.0,DEPLOY,750.0
1874,62.4568,3586.437,309.874,100.0,0.0,0,0,0.0,DEPLOY,750.0
1875,62.4901,3589.312,310.37,100.0,0.0,0,0,0.0,DEPLOY,750.0
1876,62.5234,3592.19,310.861,100.0,0.0,0,0,0.0,DEPLOY,750.0
1877,62.5568,3595.074,311.348,100.0,0.0,0,0,0.0,DEPLOY,750.0
1878,62.5901,3597.961,311.829,100.0,0.0,0,0,0.0,DEPLOY,750.0
1879,62.6234,3600.853,312.305,100.0,0.0,0,0,0.0,DEPLOY,750.0
1880,62.6567,3603.75,312.777,100.0,0.0,0,0,0.0,DEPLOY,750.0
1881,62.6901,3606.651,313.244,100.0,0.0,0,0,0.0,DEPLOY,750.0
1882,62.7234,3609.555,313.707,100.0,0.0,0,0,0.0,DEPLOY,750.0
1883,62.7567,3612.465,314.165,100.0,0.0,0,0,0.0,DEPLOY,750.0
1884,62.7901,3615.378,314.618,100.0,0.0,0,0,0.0,DEPLOY,750.0
1885,62.8234,3618.296,315.067,100.0,0.0,0,0,0.0,DEPLOY,750.0
1886,62.8567,3621.218,315.511,100.0,0.0,0,0,0.0,DEPLOY,750.0
1887,62.89,3624.143,315.951,100.0,0.0,0,0,0.0,DEPLOY,750.0
1888,62.9234,3627.073,316.387,100.0,0.0,0,0,0.0,DEPLOY,674.28
1889,62.9567,3630.005,316.67,100.0,0.0,0,0,0.0,NORMAL,650.0
1890,62.99,3632.939,316.921,100.0,0.0,0,0,0.0,NORMAL,650.0
1891,63.0234,3635.876,317.169,100.0,0.0,0,0,0.0,NORMAL,650.0
1892,63.0567,3638.815,317.415,100.0,0.0,0,0,0.0,NORMAL,650.0
1893,63.09,3641.756,317.659,100.0,0.0,0,0,0.0,NORMAL,650.0
1894,63.1233,3644.7,317.901,100.0,0.0,0,0,0.0,NORMAL,650.0
1895,63.1567,3647.645,318.14,100.0,0.0,0,0,0.0,NORMAL,650.0
1896,63.19,3650.593,318.377,100.0,0.0,0,0,0.0,NORMAL,650.0
1897,63.2233,3653.543,318.612,100.0,0.0,0,0,0.0,NORMAL,650.0
1898,63.2567,3656.496,318.845,100.0,0.0,0,0,0.0,NORMAL,650.0
1899,63.29,3659.45,319.076,100.0,0.0,0,0,0.0,NORMAL,650.0
1900,63.3233,3662.406,319.304,100.0,0.0,0,0,0.0,NORMAL,650.0
1901,63.3566,3665.365,319.53,100.0,0.0,0,0,0.0,NORMAL,650.0
1902,63.39,3668.325,319.754,100.0,0.0,0,0,0.0,NORMAL,650.0
1903,63.4233,3671.288,319.977,100.0,0.0,0,0,0.0,NORMAL,650.0
1904,63.4566,3674.253,320.197,100.0,0.0,0,0,0.0,NORMAL,650.0
1905,63.4899,3677.219,320.415,100.0,0.0,0,0,0.0,NORMAL,650.0
1906,63.5233,3680.188,320.63,100.0,0.0,0,0,0.0,NORMAL,650.0
1907,63.5566,3683.159,320.844,100.0,0.0,0,0,0.0,NORMAL,650.0
1908,63.5899,3686.131,321.056,100.0,0.0,0,0,0.0,NORMAL,650.0
1909,63.6233,3689.106,321.266,100.0,0.0,0,0,0.0,NORMAL,650.0
1910,63.6566,3692.082,321.474,100.0,0.0,0,0,0.0,NORMAL,650.0
1911,63.6899,3695.061,321.68,100.0,0.0,0,0,0.0,NORMAL,650.0
1912,63.7232,3698.041,321.884,100.0,0.0,0,0,0.0,NORMAL,650.0
1913,63.7566,3701.023,322.086,100.0,0.0,0,0,0.0,NORMAL,650.0
1914,63.7899,3704.007,322.287,100.0,0.0,0,0,0.0,NORMAL,650.0
1915,63.8232,3706.993,322.485,100.0,0.0,0,0,0.0,NORMAL,650.0
1916,63.8566,3709.98,322.682,100.0,0.0,0,0,0.0,NORMAL,650.0
1917,63.8899,3712.97,322.877,100.0,0.0,0,0,0.0,NORMAL,650.0
1918,63.9232,3715.961,323.07,100.0,0.0,0,0,0.0,NORMAL,650.0
1919,63.9565,3718.954,323.261,100.0,0.0,0,0,0.0,NORMAL,650.0
1920,63.9899,3721.949,323.45,100.0,0.0,0,0,0.0,NORMAL,650.0
1921,64.0232,3724.923,323.636,0.0,0.0,0,0,0.0,NORMAL,-15.02
1922,64.0565,3727.834,313.196,0.0,100.0,0,0,0.22,REGEN,-350.0
1923,64.0899,3730.733,313.196,0.0,100.0,0,0,0.51,REGEN,-350.0
1924,64.1232,3733.633,313.196,0.0,100.0,0,0,0.81,REGEN,-350.0
1925,64.1565,3736.522,312.794,0.0,100.0,0,0,1.1,REGEN,-350.0
1926,64.1898,3739.382,309.644,0.0,100.0,0,0,1.39,REGEN,-350.0
1927,64.2232,3742.2,305.415,0.0,100.0,0,0,1.67,REGEN,-350.0
1928,64.2565,3744.981,301.249,0.0,100.0,0,0,1.96,REGEN,-350.0
1929,64.2898,3747.724,297.144,0.0,100.0,0,0,2.25,REGEN,-350.0
1930,64.3231,3750.427,293.106,0.0,100.0,0,0,2.54,REGEN,-350.0
1931,64.3565,3753.095,289.124,0.0,100.0,0,0,2.83,REGEN,-350.0
1932,64.3898,3755.727,285.198,0.0,100.0,0,0,3.12,REGEN,-350.0
1933,64.4231,3758.32,281.334,0.0,100.0,0,0,3.41,REGEN,-350.0
1934,64.4565,3760.879,277.523,0.0,100.0,0,0,3.69,REGEN,-350.0
1935,64.4898,3763.405,273.761,0.0,100.0,0,0,3.98,REGEN,-350.0
1936,64.5231,3765.894,270.055,0.0,100.0,0,0,4.27,REGEN,-350.0
1937,64.5564,3768.349,266.399,0.0,100.0,0,0,4.56,REGEN,-350.0
1938,64.5898,3770.77,262.791,0.0,100.0,0,0,4.85,REGEN,-350.0
1939,64.6231,3773.16,259.228,0.0,100.0,0,0,5.14,REGEN,-350.0
1940,64.6564,3775.517,255.711,0.0,100.0,0,0,5.42,REGEN,-350.0
1941,64.6898,3777.84,252.242,0.0,100.0,0,0,5.71,REGEN,-350.0
1942,64.7231,3780.131,248.818,0.0,100.0,0,0,6.0,REGEN,-350.0
1943,64.7564,3782.39,245.436,0.0,100.0,0,0,6.29,REGEN,-350.0
1944,64.7897,3784.619,242.095,0.0,100.0,0,0,6.58,REGEN,-350.0
1945,64.8231,3786.817,238.795,0.0,100.0,0,0,6.86,REGEN,-350.0
1946,64.8564,3788.985,235.535,0.0,100.0,0,0,7.15,REGEN,-350.0
1947,64.8897,3791.123,232.313,0.0,100.0,0,0,7.44,REGEN,-350.0
1948,64.9231,3793.231,229.13,0.0,100.0,0,0,7.73,REGEN,-350.0
1949,64.9564,3795.31,225.984,0.0,100.0,0,0,8.02,REGEN,-350.0
1950,64.9897,3797.36,222.875,0.0,100.0,0,0,8.3,REGEN,-350.0
1951,65.023,3799.381,219.801,0.0,100.0,0,0,8.59,REGEN,-350.0
1952,65.0564,3801.373,216.761,0.0,100.0,0,0,8.88,REGEN,-350.0
1953,65.0897,3803.338,213.755,0.0,100.0,0,0,9.17,REGEN,-350.0
1954,65.123,3805.274,210.783,0.0,100.0,0,0,9.45,REGEN,-350.0
1955,65.1564,3807.183,207.843,0.0,100.0,0,0,9.74,REGEN,-350.0
1956,65.1897,3809.064,204.936,0.0,100.0,0,0,10.03,REGEN,-350.0
1957,65.223,3810.919,202.06,0.0,100.0,0,0,10.32,REGEN,-350.0
1958,65.2563,3812.747,199.213,0.0,100.0,0,0,10.6,REGEN,-350.0
1959,65.2897,3814.549,196.394,0.0,100.0,0,0,10.89,REGEN,-350.0
1960,65.323,3816.325,193.602,0.0,100.0,0,0,11.18,REGEN,-350.0
1961,65.3563,3818.076,190.836,0.0,100.0,0,0,11.46,REGEN,-350.0
1962,65.3896,3819.802,188.096,0.0,100.0,0,0,11.75,REGEN,-350.0
1963,65.423,3821.502,185.385,0.0,100.0,0,0,12.04,REGEN,-350.0
1964,65.4563,3823.174,182.703,0.0,100.0,0,0,12.32,REGEN,-350.0
1965,65.4896,3824.822,180.05,0.0,100.0,0,0,12.61,REGEN,-350.0
1966,65.523,3826.446,177.418,0.0,100.0,0,0,12.9,REGEN,-350.0
1967,65.5563,3828.047,174.807,0.0,100.0,0,0,13.18,REGEN,-350.0
1968,65.5896,3829.626,172.217,0.0,100.0,0,0,13.47,REGEN,-350.0
1969,65.6229,3831.175,169.656,0.0,100.0,0,0,13.75,REGEN,-350.0
1970,65.6563,3832.702,167.133,0.0,100.0,0,0,14.04,REGEN,-350.0
1971,65.6896,3834.208,164.666,0.0,100.0,0,0,14.33,REGEN,-350.0
1972,65.7229,3835.696,162.266,0.0,100.0,0,0,14.61,REGEN,-350.0
1973,65.7563,3837.151,159.963,0.0,100.0,0,0,14.9,REGEN,-350.0
1974,65.7896,3838.582,157.335,0.0,100.0,0,0,15.18,REGEN,-350.0
1975,65.8229,3839.992,154.567,0.0,100.0,0,0,15.47,REGEN,-350.0
1976,65.8562,3841.376,151.858,0.0,100.0,0,0,15.75,REGEN,-350.0
1977,65.8896,3842.73,149.233,0.0,100.0,0,0,16.03,REGEN,-350.0
1978,65.9229,3844.067,146.668,0.0,100.0,0,0,16.32,REGEN,-350.0
1979,65.9562,3845.38,144.183,0.0,100.0,0,0,16.6,REGEN,-350.0
1980,65.9896,3846.666,141.795,0.0,100.0,0,0,16.89,REGEN,-350.0
1981,66.0229,3847.937,139.457,0.0,100.0,0,0,17.17,REGEN,-350.0
1982,66.0562,3849.183,137.209,0.0,100.0,0,0,17.46,REGEN,-350.0
1983,66.0895,3850.409,135.033,0.0,100.0,0,0,17.74,REGEN,-350.0
1984,66.1229,3851.624,132.898,0.0,100.0,0,0,18.02,REGEN,-350.0
1985,66.1562,3852.807,130.878,0.0,100.0,0,0,18.31,REGEN,-350.0
1986,66.1895,3853.982,128.899,0.0,100.0,0,0,18.59,REGEN,-350.0
1987,66.2228,3855.135,127.008,0.0,100.0,0,0,18.88,REGEN,-350.0
1988,66.2562,3856.273,125.19,0.0,100.0,0,0,19.16,REGEN,-350.0
1989,66.2895,3857.399,123.428,0.0,100.0,0,0,19.44,REGEN,-350.0
1990,66.3228,3858.504,121.778,0.0,100.0,0,0,19.73,REGEN,-350.0
1991,66.3562,3859.603,120.158,0.0,100.0,0,0,20.01,REGEN,-350.0
1992,66.3895,3860.679,118.697,0.0,100.0,0,0,20.3,REGEN,-350.0
1993,66.4228,3861.753,117.261,0.0,100.0,0,0,20.59,REGEN,-350.0
1994,66.4561,3862.808,115.991,0.0,100.0,0,0,20.87,REGEN,-350.0
1995,66.4895,3863.86,114.769,0.0,100.0,0,0,21.16,REGEN,-350.0
1996,66.5228,3864.901,113.732,0.0,100.0,0,0,21.45,REGEN,-350.0
1997,66.5561,3865.94,112.827,0.0,100.0,0,0,21.73,REGEN,-189.99
1998,66.5895,3866.974,112.259,100.0,100.0,0,0,22.02,REGEN,378.31
1999,66.6228,3868.007,111.826,100.0,0.0,0,0,22.11,DEPLOY,750.0
2000,66.6561,3869.038,111.648,100.0,0.0,0,0,21.82,DEPLOY,750.0
2001,66.6894,3870.068,111.469,100.0,0.0,0,0,21.53,DEPLOY,750.0
2002,66.7228,3871.095,111.291,100.0,0.0,0,0,21.24,DEPLOY,750.0
2003,66.7561,3872.123,111.112,100.0,0.0,0,0,20.95,DEPLOY,750.0
2004,66.7894,3873.151,110.934,100.0,0.0,0,0,20.66,DEPLOY,750.0
2005,66.8228,3874.181,110.923,100.0,0.0,0,0,20.36,DEPLOY,750.0
2006,66.8561,3875.215,111.074,100.0,0.0,0,0,20.07,DEPLOY,750.0
2007,66.8894,3876.255,111.426,100.0,0.0,0,0,19.78,DEPLOY,750.0
2008,66.9227,3877.3,111.931,100.0,0.0,0,0,19.48,DEPLOY,750.0
2009,66.9561,3878.354,112.608,100.0,0.0,0,0,19.19,DEPLOY,750.0
2010,66.9894,3879.414,113.376,100.0,0.0,0,0,18.89,DEPLOY,750.0
2011,67.0227,3880.487,114.297,100.0,0.0,0,0,18.59,DEPLOY,750.0
2012,67.0561,3881.565,115.265,100.0,0.0,0,0,18.3,DEPLOY,750.0
2013,67.0894,3882.661,116.397,100.0,0.0,0,0,18.0,DEPLOY,750.0
2014,67.1227,3883.762,117.561,100.0,0.0,0,0,17.7,DEPLOY,750.0
2015,67.156,3884.883,118.892,100.0,0.0,0,0,17.41,DEPLOY,750.0
2016,67.1894,3886.013,120.279,100.0,0.0,0,0,17.11,DEPLOY,750.0
2017,67.2227,3887.16,121.799,100.0,0.0,0,0,16.81,DEPLOY,750.0
2018,67.256,3888.323,123.431,100.0,0.0,0,0,16.51,DEPLOY,750.0
2019,67.2893,3889.498,125.152,100.0,0.0,0,0,16.21,DEPLOY,750.0
2020,67.3227,3890.699,127.005,100.0,0.0,0,0,15.91,DEPLOY,750.0
2021,67.356,3891.909,128.901,100.0,0.0,0,0,15.61,DEPLOY,750.0
2022,67.3893,3893.144,130.884,100.0,0.0,0,0,15.32,DEPLOY,750.0
2023,67.4227,3894.397,132.923,100.0,0.0,0,0,15.02,DEPLOY,750.0
2024,67.456,3895.662,135.003,100.0,0.0,0,0,14.72,DEPLOY,750.0
2025,67.4893,3896.956,137.157,100.0,0.0,0,0,14.42,DEPLOY,750.0
2026,67.5226,3898.264,139.238,100.0,0.0,0,0,14.12,DEPLOY,750.0
2027,67.556,3899.586,141.229,100.0,0.0,0,0,13.82,DEPLOY,750.0
2028,67.5893,3900.935,143.27,100.0,0.0,0,0,13.53,DEPLOY,750.0
2029,67.6226,3902.29,145.317,100.0,0.0,0,0,13.23,DEPLOY,409.91
2030,67.656,3903.65,147.369,0.0,0.0,0,0,12.94,DEPLOY,-337.77
2031,67.6893,3904.989,146.755,0.0,100.0,0,0,13.21,REGEN,-350.0
2032,67.7226,3906.312,145.288,0.0,100.0,0,0,13.5,REGEN,-350.0
2033,67.7559,3907.619,142.975,0.0,100.0,0,0,13.78,REGEN,-350.0
2034,67.7893,3908.893,140.68,0.0,100.0,0,0,14.07,REGEN,-350.0
2035,67.8226,3910.152,138.393,0.0,100.0,0,0,14.35,REGEN,-350.0
2036,67.8559,3911.388,136.117,0.0,100.0,0,0,14.64,REGEN,-350.0
2037,67.8893,3912.593,133.724,0.0,100.0,0,0,14.92,REGEN,-350.0
2038,67.9226,3913.788,131.3,0.0,100.0,0,0,15.2,REGEN,-350.0
2039,67.9559,3914.967,128.923,0.0,100.0,0,0,15.49,REGEN,-350.0
2040,67.9892,3916.147,127.395,0.0,100.0,0,0,15.78,REGEN,-350.0
2041,68.0226,3917.328,127.162,0.0,100.0,0,0,16.07,REGEN,-350.0
2042,68.0559,3918.489,126.933,100.0,100.0,0,0,16.36,REGEN,95.21
2043,68.0892,3919.642,126.706,100.0,100.0,0,0,16.64,REGEN,731.57
2044,68.1225,3920.762,124.911,100.0,0.0,0,0,16.38,DEPLOY,750.0
2045,68.1559,3921.874,122.976,100.0,0.0,0,0,16.1,DEPLOY,750.0
2046,68.1892,3922.958,120.629,100.0,0.0,0,0,15.81,DEPLOY,750.0
2047,68.2225,3924.032,118.272,100.0,0.0,0,0,15.53,DEPLOY,750.0
2048,68.2559,3925.087,115.896,100.0,0.0,0,0,15.25,DEPLOY,750.0
2049,68.2892,3926.137,114.154,100.0,0.0,0,0,14.96,DEPLOY,750.0
2050,68.3225,3927.18,113.253,100.0,0.0,0,0,14.67,DEPLOY,750.0
2051,68.3558,3928.22,112.722,100.0,0.0,0,0,14.38,DEPLOY,750.0
2052,68.3892,3929.258,112.541,100.0,0.0,0,0,14.09,DEPLOY,750.0
2053,68.4225,3930.294,112.36,100.0,0.0,0,0,13.8,DEPLOY,750.0
2054,68.4558,3931.329,112.178,100.0,0.0,0,0,13.51,DEPLOY,750.0
2055,68.4892,3932.365,111.997,100.0,0.0,0,0,13.22,DEPLOY,750.0
2056,68.5225,3933.401,111.816,100.0,0.0,0,0,12.93,DEPLOY,750.0
2057,68.5558,3934.444,111.872,100.0,0.0,0,0,12.63,DEPLOY,750.0
2058,68.5891,3935.488,112.021,100.0,0.0,0,0,12.34,DEPLOY,750.0
2059,68.6225,3936.544,112.644,100.0,0.0,0,0,12.05,DEPLOY,750.0
2060,68.6558,3937.603,113.384,100.0,0.0,0,0,11.75,DEPLOY,750.0
2061,68.6891,3938.676,114.278,100.0,0.0,0,0,11.45,DEPLOY,750.0
2062,68.7225,3939.752,115.194,100.0,0.0,0,0,11.16,DEPLOY,750.0
2063,68.7558,3940.847,116.252,100.0,0.0,0,0,10.86,DEPLOY,750.0
2064,68.7891,3941.946,117.361,100.0,0.0,0,0,10.56,DEPLOY,750.0
2065,68.8224,3943.063,118.647,100.0,0.0,0,0,10.27,DEPLOY,750.0
2066,68.8558,3944.192,120.033,100.0,0.0,0,0,9.97,DEPLOY,750.0
2067,68.8891,3945.335,121.551,100.0,0.0,0,0,9.67,DEPLOY,750.0
2068,68.9224,3946.497,123.192,100.0,0.0,0,0,9.37,DEPLOY,750.0
2069,68.9557,3947.668,124.891,100.0,0.0,0,0,9.07,DEPLOY,750.0
2070,68.9891,3948.867,126.702,100.0,0.0,0,0,8.77,DEPLOY,750.0
2071,69.0224,3950.074,128.545,100.0,0.0,0,0,8.47,DEPLOY,750.0
2072,69.0557,3951.303,130.455,100.0,0.0,0,0,8.18,DEPLOY,750.0
2073,69.0891,3952.551,132.422,100.0,0.0,0,0,7.88,DEPLOY,750.0
2074,69.1224,3953.811,134.42,100.0,0.0,0,0,7.58,DEPLOY,750.0
2075,69.1557,3955.098,136.471,100.0,0.0,0,0,7.28,DEPLOY,750.0
2076,69.189,3956.401,138.552,100.0,0.0,0,0,6.98,DEPLOY,750.0
2077,69.2224,3957.718,140.661,100.0,0.0,0,0,6.68,DEPLOY,750.0
2078,69.2557,3959.064,142.833,100.0,0.0,0,0,6.39,DEPLOY,750.0
2079,69.289,3960.423,144.912,100.0,0.0,0,0,6.09,DEPLOY,750.0
2080,69.3224,3961.797,146.91,100.0,0.0,0,0,5.79,DEPLOY,750.0
2081,69.3557,3963.197,148.957,100.0,0.0,0,0,5.49,DEPLOY,750.0
2082,69.389,3964.613,151.016,100.0,0.0,0,0,5.2,DEPLOY,750.0
2083,69.4223,3966.045,153.084,100.0,0.0,0,0,4.9,DEPLOY,750.0
2084,69.4557,3967.497,155.158,100.0,0.0,0,0,4.6,DEPLOY,750.0
2085,69.489,3968.972,157.238,100.0,0.0,0,0,4.3,DEPLOY,750.0
2086,69.5223,3970.463,159.322,100.0,0.0,0,0,4.01,DEPLOY,750.0
2087,69.5557,3971.97,161.409,100.0,0.0,0,0,3.71,DEPLOY,750.0
2088,69.589,3973.499,163.502,100.0,0.0,0,0,3.41,DEPLOY,750.0
2089,69.6223,3975.05,165.599,100.0,0.0,0,0,3.12,DEPLOY,750.0
2090,69.6556,3976.617,167.701,100.0,0.0,0,0,2.82,DEPLOY,750.0
2091,69.689,3978.203,169.809,100.0,0.0,0,0,2.53,DEPLOY,750.0
2092,69.7223,3979.807,171.921,100.0,0.0,0,0,2.23,DEPLOY,750.0
2093,69.7556,3981.434,174.043,100.0,0.0,0,0,1.93,DEPLOY,750.0
2094,69.789,3983.08,176.172,100.0,0.0,0,0,1.64,DEPLOY,750.0
2095,69.8223,3984.745,178.303,100.0,0.0,0,0,1.34,DEPLOY,750.0
2096,69.8556,3986.427,180.415,100.0,0.0,0,0,1.05,DEPLOY,750.0
2097,69.8889,3988.129,182.492,100.0,0.0,0,0,0.75,DEPLOY,750.0
2098,69.9223,3989.848,184.534,100.0,0.0,0,0,0.46,DEPLOY,750.0
2099,69.9556,3991.587,186.54,100.0,0.0,0,0,0.16,DEPLOY,750.0
2100,69.9889,3993.344,188.511,100.0,0.0,0,0,0.03,DEPLOY,750.0
2101,70.0222,3995.119,190.451,100.0,0.0,0,0,0.0,DEPLOY,750.0
2102,70.0556,3996.911,192.361,100.0,0.0,0,0,0.0,DEPLOY,750.0
2103,70.0889,3998.719,194.242,100.0,0.0,0,0,0.0,DEPLOY,750.0
2104,70.1222,4000.545,196.094,100.0,0.0,0,0,0.0,DEPLOY,750.0
2105,70.1556,4002.386,197.918,100.0,0.0,0,0,0.0,DEPLOY,750.0
2106,70.1889,4004.244,199.715,100.0,0.0,0,0,0.0,DEPLOY,750.0
2107,70.2222,4006.118,201.486,100.0,0.0,0,0,0.0,DEPLOY,750.0
2108,70.2555,4008.008,203.23,100.0,0.0,0,0,0.0,DEPLOY,750.0
2109,70.2889,4009.914,204.95,100.0,0.0,0,0,0.0,DEPLOY,750.0
2110,70.3222,4011.835,206.645,100.0,0.0,0,0,0.0,DEPLOY,750.0
2111,70.3555,4013.771,208.316,100.0,0.0,0,0,0.0,DEPLOY,750.0
2112,70.3889,4015.723,209.963,100.0,0.0,0,0,0.0,DEPLOY,750.0
2113,70.4222,4017.689,211.588,100.0,0.0,0,0,0.0,DEPLOY,750.0
2114,70.4555,4019.67,213.19,100.0,0.0,0,0,0.0,DEPLOY,750.0
2115,70.4888,4021.666,214.771,100.0,0.0,0,0,0.0,DEPLOY,750.0
2116,70.5222,4023.676,216.33,100.0,0.0,0,0,0.0,DEPLOY,750.0
2117,70.5555,4025.699,217.869,100.0,0.0,0,0,0.0,DEPLOY,750.0
2118,70.5888,4027.737,219.388,100.0,0.0,0,0,0.0,DEPLOY,750.0
2119,70.6222,4029.789,220.886,100.0,0.0,0,0,0.0,DEPLOY,750.0
2120,70.6555,4031.854,222.365,100.0,0.0,0,0,0.0,DEPLOY,750.0
2121,70.6888,4033.932,223.825,100.0,0.0,0,0,0.0,DEPLOY,750.0
2122,70.7221,4036.024,225.267,100.0,0.0,0,0,0.0,DEPLOY,750.0
2123,70.7555,4038.128,226.69,100.0,0.0,0,0,0.0,DEPLOY,750.0
2124,70.7888,4040.246,228.095,100.0,0.0,0,0,0.0,DEPLOY,750.0
2125,70.8221,4042.376,229.483,100.0,0.0,0,0,0.0,DEPLOY,750.0
2126,70.8554,4044.519,230.853,100.0,0.0,0,0,0.0,DEPLOY,750.0
2127,70.8888,4046.674,232.207,100.0,0.0,0,0,0.0,DEPLOY,750.0
2128,70.9221,4048.841,233.544,100.0,0.0,0,0,0.0,DEPLOY,750.0
2129,70.9554,4051.02,234.865,100.0,0.0,0,0,0.0,DEPLOY,750.0
2130,70.9888,4053.212,236.17,100.0,0.0,0,0,0.0,DEPLOY,750.0
2131,71.0221,4055.414,237.46,100.0,0.0,0,0,0.0,DEPLOY,750.0
2132,71.0554,4057.629,238.734,100.0,0.0,0,0,0.0,DEPLOY,750.0
2133,71.0887,4059.855,239.993,100.0,0.0,0,0,0.0,DEPLOY,750.0
2134,71.1221,4062.093,241.236,100.0,0.0,0,0,0.0,DEPLOY,750.0
2135,71.1554,4064.343,242.465,100.0,0.0,0,0,0.0,DEPLOY,750.0
2136,71.1887,4066.603,243.679,100.0,0.0,0,0,0.0,DEPLOY,750.0
2137,71.2221,4068.874,244.88,100.0,0.0,0,0,0.0,DEPLOY,750.0
2138,71.2554,4071.156,246.066,100.0,0.0,0,0,0.0,DEPLOY,750.0
2139,71.2887,4073.449,247.239,100.0,0.0,0,0,0.0,DEPLOY,750.0
2140,71.322,4075.752,248.399,100.0,0.0,0,0,0.0,DEPLOY,750.0
2141,71.3554,4078.066,249.545,100.0,0.0,0,0,0.0,DEPLOY,750.0
2142,71.3887,4080.391,250.677,100.0,0.0,0,0,0.0,DEPLOY,750.0
2143,71.422,4082.726,251.797,100.0,0.0,0,0,0.0,DEPLOY,750.0
2144,71.4554,4085.071,252.904,100.0,0.0,0,0,0.0,DEPLOY,750.0
2145,71.4887,4087.425,254.0,100.0,0.0,0,0,0.0,DEPLOY,750.0
2146,71.522,4089.79,255.083,100.0,0.0,0,0,0.0,DEPLOY,750.0
2147,71.5553,4092.165,256.152,100.0,0.0,0,0,0.0,DEPLOY,750.0
2148,71.5887,4094.55,257.21,100.0,0.0,0,0,0.0,DEPLOY,750.0
2149,71.622,4096.944,258.257,100.0,0.0,0,0,0.0,DEPLOY,750.0
2150,71.6553,4099.347,259.292,100.0,0.0,0,0,0.0,DEPLOY,750.0
2151,71.6887,4101.76,260.316,100.0,0.0,0,0,0.0,DEPLOY,750.0
2152,71.722,4104.183,261.328,100.0,0.0,0,0,0.0,DEPLOY,750.0
2153,71.7553,4106.614,262.329,100.0,0.0,0,0,0.0,DEPLOY,750.0
2154,71.7886,4109.055,263.319,100.0,0.0,0,0,0.0,DEPLOY,750.0
2155,71.822,4111.504,264.299,100.0,0.0,0,0,0.0,DEPLOY,750.0
2156,71.8553,4113.963,265.267,100.0,0.0,0,0,0.0,DEPLOY,750.0
2157,71.8886,4116.43,266.225,100.0,0.0,0,0,0.0,DEPLOY,750.0
2158,71.9219,4118.907,267.173,100.0,0.0,0,0,0.0,DEPLOY,750.0
2159,71.9553,4121.391,268.11,100.0,0.0,0,0,0.0,DEPLOY,750.0
2160,71.9886,4123.884,269.038,100.0,0.0,0,0,0.0,DEPLOY,750.0
2161,72.0219,4126.386,269.955,100.0,0.0,0,0,0.0,DEPLOY,750.0
2162,72.0553,4128.896,270.862,100.0,0.0,0,0,0.0,DEPLOY,750.0
2163,72.0886,4131.414,271.76,100.0,0.0,0,0,0.0,DEPLOY,750.0
2164,72.1219,4133.941,272.649,100.0,0.0,0,0,0.0,DEPLOY,750.0
2165,72.1552,4136.476,273.527,100.0,0.0,0,0,0.0,DEPLOY,750.0
2166,72.1886,4139.018,274.396,100.0,0.0,0,0,0.0,DEPLOY,750.0
2167,72.2219,4141.568,275.257,100.0,0.0,0,0,0.0,DEPLOY,750.0
2168,72.2552,4144.127,276.108,100.0,0.0,0,0,0.0,DEPLOY,750.0
2169,72.2886,4146.693,276.949,100.0,0.0,0,0,0.0,DEPLOY,750.0
2170,72.3219,4149.267,277.783,100.0,0.0,0,0,0.0,DEPLOY,750.0
2171,72.3552,4151.848,278.607,100.0,0.0,0,0,0.0,DEPLOY,750.0
2172,72.3885,4154.437,279.423,100.0,0.0,0,0,0.0,DEPLOY,750.0
2173,72.4219,4157.033,280.23,100.0,0.0,0,0,0.0,DEPLOY,750.0
2174,72.4552,4159.637,281.029,100.0,0.0,0,0,0.0,DEPLOY,750.0
2175,72.4885,4162.248,281.819,100.0,0.0,0,0,0.0,DEPLOY,750.0
2176,72.5219,4164.866,282.601,100.0,0.0,0,0,0.0,DEPLOY,750.0
2177,72.5552,4167.491,283.375,100.0,0.0,0,0,0.0,DEPLOY,750.0
2178,72.5885,4170.124,284.14,100.0,0.0,0,0,0.0,DEPLOY,750.0
2179,72.6218,4172.763,284.898,100.0,0.0,0,0,0.0,DEPLOY,750.0
2180,72.6552,4175.409,285.648,100.0,0.0,0,0,0.0,DEPLOY,750.0
2181,72.6885,4178.062,286.39,100.0,0.0,0,0,0.0,DEPLOY,750.0
2182,72.7218,4180.722,287.125,100.0,0.0,0,0,0.0,DEPLOY,750.0
2183,72.7551,4183.389,287.852,100.0,0.0,0,0,0.0,DEPLOY,750.0
2184,72.7885,4186.062,288.571,100.0,0.0,0,0,0.0,DEPLOY,750.0
2185,72.8218,4188.742,289.283,100.0,0.0,0,0,0.0,DEPLOY,750.0
2186,72.8551,4191.428,289.988,100.0,0.0,0,0,0.0,DEPLOY,750.0
2187,72.8885,4194.12,290.685,100.0,0.0,0,0,0.0,DEPLOY,750.0
2188,72.9218,4196.82,291.375,100.0,0.0,0,0,0.0,DEPLOY,750.0
2189,72.9551,4199.525,292.059,100.0,0.0,0,0,0.0,DEPLOY,750.0
2190,72.9884,4202.236,292.735,100.0,0.0,0,0,0.0,DEPLOY,750.0
2191,73.0218,4204.954,293.404,100.0,0.0,0,0,0.0,DEPLOY,750.0
2192,73.0551,4207.678,294.067,100.0,0.0,0,0,0.0,DEPLOY,750.0
2193,73.0884,4210.408,294.722,100.0,0.0,0,0,0.0,DEPLOY,750.0
2194,73.1218,4213.144,295.371,100.0,0.0,0,0,0.0,DEPLOY,750.0
2195,73.1551,4215.885,296.014,100.0,0.0,0,0,0.0,DEPLOY,750.0
2196,73.1884,4218.633,296.649,100.0,0.0,0,0,0.0,DEPLOY,750.0
2197,73.2217,4221.386,297.278,100.0,0.0,0,0,0.0,DEPLOY,750.0
2198,73.2551,4224.146,297.901,100.0,0.0,0,0,0.0,DEPLOY,750.0
2199,73.2884,4226.911,298.518,100.0,0.0,0,0,0.0,DEPLOY,750.0
2200,73.3217,4229.681,299.129,100.0,0.0,0,0,0.0,DEPLOY,750.0
2201,73.3551,4232.457,299.732,100.0,0.0,0,0,0.0,DEPLOY,750.0
2202,73.3884,4235.239,300.33,100.0,0.0,0,0,0.0,DEPLOY,750.0
2203,73.4217,4238.026,300.923,100.0,0.0,0,0,0.0,DEPLOY,750.0
2204,73.455,4240.818,301.508,100.0,0.0,0,0,0.0,DEPLOY,750.0
2205,73.4884,4243.616,302.089,100.0,0.0,0,0,0.0,DEPLOY,750.0
2206,73.5217,4246.419,302.663,100.0,0.0,0,0,0.0,DEPLOY,750.0
2207,73.555,4249.228,303.231,100.0,0.0,0,0,0.0,DEPLOY,750.0
2208,73.5883,4252.041,303.794,100.0,0.0,0,0,0.0,DEPLOY,750.0
2209,73.6217,4254.86,304.351,100.0,0.0,0,0,0.0,DEPLOY,750.0
2210,73.655,4257.683,304.903,100.0,0.0,0,0,0.0,DEPLOY,750.0
2211,73.6883,4260.512,305.448,100.0,0.0,0,0,0.0,DEPLOY,750.0
2212,73.7217,4263.346,305.989,100.0,0.0,0,0,0.0,DEPLOY,750.0
2213,73.755,4266.185,306.524,100.0,0.0,0,0,0.0,DEPLOY,750.0
2214,73.7883,4269.029,307.053,100.0,0.0,0,0,0.0,DEPLOY,750.0
2215,73.8216,4271.877,307.578,100.0,0.0,0,0,0.0,DEPLOY,750.0
2216,73.855,4274.73,308.097,100.0,0.0,0,0,0.0,DEPLOY,750.0
2217,73.8883,4277.588,308.611,100.0,0.0,0,0,0.0,DEPLOY,750.0
2218,73.9216,4280.451,309.119,100.0,0.0,0,0,0.0,DEPLOY,750.0
2219,73.955,4283.318,309.623,100.0,0.0,0,0,0.0,DEPLOY,750.0
2220,73.9883,4286.19,310.122,100.0,0.0,0,0,0.0,DEPLOY,750.0
2221,74.0216,4289.067,310.615,100.0,0.0,0,0,0.0,DEPLOY,750.0
2222,74.0549,4291.947,311.104,100.0,0.0,0,0,0.0,DEPLOY,750.0
2223,74.0883,4294.833,311.588,100.0,0.0,0,0,0.0,DEPLOY,750.0
2224,74.1216,4297.723,312.067,100.0,0.0,0,0,0.0,DEPLOY,750.0
2225,74.1549,4300.617,312.541,100.0,0.0,0,0,0.0,DEPLOY,750.0
