frame,time_s,distance,speed,throttle,brake,gear,rpm,soc_pct,mode,power_kw
0,0.0,0.0,308.556,100.0,0.0,0,0,100.0,DEPLOY,400.0
1,0.0333,2.857,308.746,100.0,0.0,0,0,100.0,DEPLOY,400.0
2,0.0666,5.716,309.044,100.0,0.0,0,0,100.0,DEPLOY,400.0
3,0.1,8.578,309.341,100.0,0.0,0,0,100.0,DEPLOY,400.0
4,0.1333,11.443,309.636,100.0,0.0,0,0,100.0,DEPLOY,400.0
5,0.1666,14.31,309.929,100.0,0.0,0,0,100.0,DEPLOY,400.0
6,0.1999,17.181,310.221,100.0,0.0,0,0,100.0,DEPLOY,400.0
7,0.2333,20.053,310.512,100.0,0.0,0,0,100.0,DEPLOY,400.0
8,0.2666,22.929,310.8,100.0,0.0,0,0,100.0,DEPLOY,400.0
9,0.2999,25.807,311.088,100.0,0.0,0,0,100.0,DEPLOY,400.0
10,0.3332,28.688,311.374,100.0,0.0,0,0,100.0,DEPLOY,400.0
11,0.3666,31.571,311.658,100.0,0.0,0,0,100.0,DEPLOY,400.0
12,0.3999,34.458,311.941,100.0,0.0,0,0,100.0,DEPLOY,400.0
13,0.4332,37.346,312.223,100.0,0.0,0,0,100.0,DEPLOY,400.0
14,0.4665,40.238,312.503,100.0,0.0,0,0,100.0,DEPLOY,400.0
15,0.4998,43.132,312.782,100.0,0.0,0,0,100.0,DEPLOY,400.0
16,0.5332,46.028,313.059,100.0,0.0,0,0,100.0,DEPLOY,400.0
17,0.5665,48.927,313.335,100.0,0.0,0,0,100.0,DEPLOY,400.0
18,0.5998,51.829,313.609,100.0,0.0,0,0,100.0,DEPLOY,400.0
19,0.6331,54.733,313.882,100.0,0.0,0,0,100.0,DEPLOY,400.0
20,0.6665,57.64,314.154,100.0,0.0,0,0,100.0,DEPLOY,400.0
21,0.6998,60.549,314.408,100.0,0.0,0,0,100.0,DEPLOY,400.0
22,0.7331,63.46,314.659,100.0,0.0,0,0,100.0,DEPLOY,400.0
23,0.7664,66.374,314.91,100.0,0.0,0,0,100.0,DEPLOY,400.0
24,0.7997,69.29,315.162,100.0,0.0,0,0,100.0,DEPLOY,400.0
25,0.8331,72.208,315.414,100.0,0.0,0,0,100.0,DEPLOY,400.0
26,0.8664,75.129,315.666,100.0,0.0,0,0,100.0,DEPLOY,400.0
27,0.8997,78.052,315.918,100.0,0.0,0,0,100.0,DEPLOY,400.0
28,0.933,80.978,316.169,100.0,0.0,0,0,100.0,DEPLOY,400.0
29,0.9664,83.905,316.42,100.0,0.0,0,0,100.0,DEPLOY,400.0
30,0.9997,86.835,316.67,100.0,0.0,0,0,100.0,DEPLOY,400.0
31,1.033,89.768,316.918,100.0,0.0,0,0,100.0,DEPLOY,400.0
32,1.0663,92.702,317.165,100.0,0.0,0,0,100.0,DEPLOY,400.0
33,1.0997,95.639,317.41,100.0,0.0,0,0,100.0,DEPLOY,400.0
34,1.133,98.578,317.654,100.0,0.0,0,0,100.0,DEPLOY,400.0
35,1.1663,101.52,317.895,100.0,0.0,0,0,100.0,DEPLOY,400.0
36,1.1996,104.463,318.134,100.0,0.0,0,0,100.0,DEPLOY,400.0
37,1.2329,107.409,318.371,100.0,0.0,0,0,100.0,DEPLOY,400.0
38,1.2663,110.357,318.605,100.0,0.0,0,0,100.0,DEPLOY,400.0
39,1.2996,113.308,318.837,100.0,0.0,0,0,100.0,DEPLOY,400.0
40,1.3329,116.26,319.065,100.0,0.0,0,0,100.0,DEPLOY,400.0
41,1.3662,119.214,319.291,100.0,0.0,0,0,100.0,DEPLOY,400.0
42,1.3996,122.171,319.513,100.0,0.0,0,0,100.0,DEPLOY,400.0
43,1.4329,125.129,319.732,100.0,0.0,0,0,100.0,DEPLOY,400.0
44,1.4662,128.09,319.947,100.0,0.0,0,0,100.0,DEPLOY,400.0
45,1.4995,131.052,320.158,100.0,0.0,0,0,100.0,DEPLOY,400.0
46,1.5328,134.017,320.366,100.0,0.0,0,0,100.0,DEPLOY,400.0
47,1.5662,136.983,320.57,100.0,0.0,0,0,100.0,DEPLOY,400.0
48,1.5995,139.951,320.77,100.0,0.0,0,0,100.0,DEPLOY,400.0
49,1.6328,142.921,320.965,100.0,0.0,0,0,100.0,DEPLOY,400.0
50,1.6661,145.893,321.157,100.0,0.0,0,0,100.0,DEPLOY,400.0
51,1.6995,148.867,321.344,100.0,0.0,0,0,100.0,DEPLOY,400.0
52,1.7328,151.842,321.528,100.0,0.0,0,0,100.0,DEPLOY,400.0
53,1.7661,154.819,321.706,100.0,0.0,0,0,100.0,DEPLOY,373.93
54,1.7994,157.798,321.881,100.0,0.0,0,0,100.0,SUPERCLIP,335.0
55,1.8328,160.778,322.052,100.0,0.0,0,0,100.0,SUPERCLIP,335.0
56,1.8661,163.76,322.218,100.0,0.0,0,0,100.0,SUPERCLIP,335.0
57,1.8994,166.743,322.38,100.0,0.0,0,0,100.0,SUPERCLIP,335.0
58,1.9327,169.728,322.539,100.0,0.0,0,0,100.0,SUPERCLIP,335.0
59,1.966,172.714,322.693,100.0,0.0,0,0,100.0,SUPERCLIP,335.0
60,1.9994,175.702,322.844,100.0,0.0,0,0,100.0,SUPERCLIP,335.0
61,2.0327,178.691,322.991,100.0,0.0,0,0,100.0,SUPERCLIP,335.0
62,2.066,181.681,323.134,100.0,0.0,0,0,100.0,SUPERCLIP,335.0
63,2.0993,184.673,323.274,100.0,0.0,0,0,100.0,SUPERCLIP,335.0
64,2.1327,187.666,323.411,100.0,0.0,0,0,100.0,SUPERCLIP,335.0
65,2.166,190.66,323.544,100.0,0.0,0,0,100.0,SUPERCLIP,335.0
66,2.1993,193.656,323.675,100.0,0.0,0,0,100.0,SUPERCLIP,335.0
67,2.2326,196.652,323.803,100.0,0.0,0,0,100.0,SUPERCLIP,335.0
68,2.266,199.65,323.928,100.0,0.0,0,0,100.0,SUPERCLIP,335.0
69,2.2993,202.649,324.051,100.0,0.0,0,0,100.0,SUPERCLIP,335.0
70,2.3326,205.649,324.172,100.0,0.0,0,0,100.0,SUPERCLIP,335.0
71,2.3659,208.65,324.29,100.0,0.0,0,0,100.0,SUPERCLIP,335.0
72,2.3992,211.653,324.406,100.0,0.0,0,0,100.0,SUPERCLIP,335.0
73,2.4326,214.656,324.521,100.0,0.0,0,0,100.0,SUPERCLIP,335.0
74,2.4659,217.66,324.633,100.0,0.0,0,0,100.0,SUPERCLIP,335.0
75,2.4992,220.666,324.745,100.0,0.0,0,0,100.0,SUPERCLIP,335.0
76,2.5325,223.672,324.854,100.0,0.0,0,0,100.0,SUPERCLIP,335.0
77,2.5659,226.68,324.963,100.0,0.0,0,0,100.0,SUPERCLIP,335.0
78,2.5992,229.688,325.069,100.0,0.0,0,0,100.0,SUPERCLIP,335.0
79,2.6325,232.698,325.175,100.0,0.0,0,0,100.0,SUPERCLIP,335.0
80,2.6658,235.708,325.279,100.0,0.0,0,0,100.0,SUPERCLIP,335.0
81,2.6991,238.719,325.383,100.0,0.0,0,0,100.0,SUPERCLIP,335.0
82,2.7325,241.732,325.484,100.0,0.0,0,0,100.0,SUPERCLIP,335.0
83,2.7658,244.745,325.585,100.0,0.0,0,0,100.0,SUPERCLIP,335.0
84,2.7991,247.759,325.684,100.0,0.0,0,0,100.0,SUPERCLIP,335.0
85,2.8324,250.774,325.782,100.0,0.0,0,0,100.0,SUPERCLIP,335.0
86,2.8658,253.79,325.878,100.0,0.0,0,0,100.0,SUPERCLIP,335.0
87,2.8991,256.807,325.972,100.0,0.0,0,0,100.0,SUPERCLIP,335.0
88,2.9324,259.825,326.064,100.0,0.0,0,0,100.0,SUPERCLIP,335.0
89,2.9657,262.843,326.154,100.0,0.0,0,0,100.0,SUPERCLIP,335.0
90,2.9991,265.863,326.241,100.0,0.0,0,0,100.0,SUPERCLIP,335.0
91,3.0324,268.883,326.324,100.0,0.0,0,0,100.0,SUPERCLIP,335.0
92,3.0657,271.904,326.403,100.0,0.0,0,0,100.0,SUPERCLIP,335.0
93,3.099,274.925,326.478,100.0,0.0,0,0,100.0,SUPERCLIP,335.0
94,3.1323,277.948,326.546,100.0,0.0,0,0,100.0,SUPERCLIP,335.0
95,3.1657,280.971,326.607,100.0,0.0,0,0,100.0,SUPERCLIP,335.0
96,3.199,283.994,326.661,100.0,0.0,0,0,100.0,SUPERCLIP,335.0
97,3.2323,287.018,326.704,100.0,0.0,0,0,100.0,SUPERCLIP,335.0
98,3.2656,290.042,326.736,100.0,0.0,0,0,100.0,SUPERCLIP,335.0
99,3.299,293.067,326.753,100.0,0.0,0,0,100.0,SUPERCLIP,335.0
100,3.3323,296.091,326.756,100.0,0.0,0,0,100.0,SUPERCLIP,335.0
101,3.3656,299.116,326.738,100.0,0.0,0,0,100.0,SUPERCLIP,335.0
102,3.3989,302.14,326.699,100.0,0.0,0,0,100.0,SUPERCLIP,335.0
103,3.4322,305.164,326.634,100.0,0.0,0,0,100.0,SUPERCLIP,335.0
104,3.4656,308.187,326.542,100.0,0.0,0,0,100.0,SUPERCLIP,335.0
105,3.4989,311.209,326.414,100.0,0.0,0,0,100.0,SUPERCLIP,335.0
106,3.5322,314.229,326.25,100.0,0.0,0,0,100.0,SUPERCLIP,335.0
107,3.5655,317.248,326.042,100.0,0.0,0,0,100.0,SUPERCLIP,335.0
108,3.5989,320.265,325.788,100.0,0.0,0,0,100.0,SUPERCLIP,335.0
109,3.6322,323.279,325.477,100.0,0.0,0,0,100.0,SUPERCLIP,335.0
110,3.6655,326.29,325.111,100.0,0.0,0,0,100.0,SUPERCLIP,335.0
111,3.6988,329.298,324.676,100.0,0.0,0,0,100.0,SUPERCLIP,335.0
112,3.7322,332.301,324.173,100.0,0.0,0,0,100.0,SUPERCLIP,335.0
113,3.7655,335.299,323.587,100.0,0.0,0,0,100.0,SUPERCLIP,335.0
114,3.7988,338.291,322.922,100.0,0.0,0,0,100.0,SUPERCLIP,335.0
115,3.8321,341.276,322.162,100.0,0.0,0,0,100.0,SUPERCLIP,335.0
116,3.8654,344.255,321.311,100.0,0.0,0,0,100.0,SUPERCLIP,335.0
117,3.8988,347.224,320.352,100.0,0.0,0,0,100.0,SUPERCLIP,335.0
118,3.9321,350.185,319.293,100.0,0.0,0,0,100.0,SUPERCLIP,335.0
119,3.9654,353.135,318.115,100.0,0.0,0,0,100.0,SUPERCLIP,335.0
120,3.9987,356.074,316.831,100.0,0.0,0,0,100.0,SUPERCLIP,335.0
121,4.0321,358.999,315.416,100.0,0.0,0,0,100.0,SUPERCLIP,335.0
122,4.0654,361.913,313.893,100.0,0.0,0,0,100.0,SUPERCLIP,335.0
123,4.0987,364.81,312.237,100.0,0.0,0,0,100.0,SUPERCLIP,71.4
124,4.132,367.692,310.466,0.0,100.0,0,0,100.0,REGEN,-350.0
125,4.1653,370.557,308.571,0.0,100.0,0,0,100.0,REGEN,-350.0
126,4.1987,373.404,306.555,0.0,100.0,0,0,100.0,REGEN,-350.0
127,4.232,376.232,304.427,0.0,100.0,0,0,100.0,REGEN,-350.0
128,4.2653,379.039,302.177,0.0,100.0,0,0,100.0,REGEN,-350.0
129,4.2986,381.826,299.827,0.0,100.0,0,0,100.0,REGEN,-350.0
130,4.332,384.589,297.368,0.0,100.0,0,0,100.0,REGEN,-350.0
131,4.3653,387.33,294.808,0.0,100.0,0,0,100.0,REGEN,-350.0
132,4.3986,390.048,292.127,0.0,100.0,0,0,100.0,REGEN,-350.0
133,4.4319,392.737,289.282,0.0,100.0,0,0,100.0,REGEN,-350.0
134,4.4653,395.401,286.3,0.0,100.0,0,0,100.0,REGEN,-350.0
135,4.4986,398.039,283.185,0.0,100.0,0,0,100.0,REGEN,-350.0
136,4.5319,400.643,279.918,0.0,100.0,0,0,100.0,REGEN,-350.0
137,4.5652,403.218,276.527,0.0,100.0,0,0,100.0,REGEN,-350.0
138,4.5985,405.763,273.021,0.0,100.0,0,0,100.0,REGEN,-350.0
139,4.6319,408.273,269.398,0.0,100.0,0,0,100.0,REGEN,-350.0
140,4.6652,410.748,265.669,0.0,100.0,0,0,100.0,REGEN,-350.0
141,4.6985,413.188,261.475,0.0,100.0,0,0,100.0,REGEN,-350.0
142,4.7318,415.585,256.182,0.0,100.0,0,0,100.0,REGEN,-350.0
143,4.7652,417.933,250.659,0.0,100.0,0,0,100.0,REGEN,-350.0
144,4.7985,420.228,245.313,0.0,100.0,0,0,100.0,REGEN,-350.0
145,4.8318,422.473,240.131,0.0,100.0,0,0,100.0,REGEN,-350.0
146,4.8651,424.671,235.112,0.0,100.0,0,0,100.0,REGEN,-350.0
147,4.8985,426.824,230.297,0.0,100.0,0,0,100.0,REGEN,-350.0
148,4.9318,428.934,225.689,0.0,100.0,0,0,100.0,REGEN,-350.0
149,4.9651,431.003,221.273,0.0,100.0,0,0,100.0,REGEN,-350.0
150,4.9984,433.031,217.037,0.0,100.0,0,0,100.0,REGEN,-350.0
151,5.0317,435.021,212.968,0.0,100.0,0,0,100.0,REGEN,-350.0
152,5.0651,436.974,209.056,0.0,100.0,0,0,100.0,REGEN,-350.0
153,5.0984,438.892,205.29,0.0,100.0,0,0,100.0,REGEN,-350.0
154,5.1317,440.775,201.659,0.0,100.0,0,0,100.0,REGEN,-350.0
155,5.165,442.626,198.152,0.0,100.0,0,0,100.0,REGEN,-350.0
156,5.1984,444.445,194.761,0.0,100.0,0,0,100.0,REGEN,-350.0
157,5.2317,446.234,191.476,0.0,100.0,0,0,100.0,REGEN,-350.0
158,5.265,447.993,188.294,0.0,100.0,0,0,100.0,REGEN,-350.0
159,5.2983,449.72,185.218,0.0,100.0,0,0,100.0,REGEN,-350.0
160,5.3316,451.419,182.231,0.0,100.0,0,0,100.0,REGEN,-350.0
161,5.365,453.091,179.328,0.0,100.0,0,0,100.0,REGEN,-350.0
162,5.3983,454.738,176.505,0.0,100.0,0,0,100.0,REGEN,-350.0
163,5.4316,456.361,173.76,0.0,100.0,0,0,100.0,REGEN,-350.0
164,5.4649,457.959,171.094,0.0,100.0,0,0,100.0,REGEN,-350.0
165,5.4983,459.528,168.517,0.0,100.0,0,0,100.0,REGEN,-350.0
166,5.5316,461.075,166.0,0.0,100.0,0,0,100.0,REGEN,-350.0
167,5.5649,462.601,163.548,0.0,100.0,0,0,100.0,REGEN,-350.0
168,5.5982,464.107,161.166,0.0,100.0,0,0,100.0,REGEN,-350.0
169,5.6316,465.585,158.881,0.0,100.0,0,0,100.0,REGEN,-350.0
170,5.6649,467.044,156.669,0.0,100.0,0,0,100.0,REGEN,-350.0
171,5.6982,468.486,154.525,0.0,100.0,0,0,100.0,REGEN,-350.0
172,5.7315,469.909,152.459,0.0,100.0,0,0,100.0,REGEN,-350.0
173,5.7648,471.308,150.501,0.0,100.0,0,0,100.0,REGEN,-350.0
174,5.7982,472.692,148.612,0.0,100.0,0,0,100.0,REGEN,-350.0
175,5.8315,474.063,146.791,0.0,100.0,0,0,100.0,REGEN,-350.0
176,5.8648,475.411,145.18,0.0,100.0,0,0,100.0,REGEN,-350.0
177,5.8981,476.749,143.762,0.0,100.0,0,0,100.0,REGEN,-350.0
178,5.9315,478.076,142.514,0.0,100.0,0,0,100.0,REGEN,-350.0
179,5.9648,479.386,141.094,0.0,100.0,0,0,100.0,REGEN,-350.0
180,5.9981,480.685,139.72,0.0,100.0,0,0,100.0,REGEN,-350.0
181,6.0314,481.975,138.395,0.0,100.0,0,0,100.0,REGEN,-350.0
182,6.0647,483.247,137.12,0.0,100.0,0,0,100.0,REGEN,-350.0
183,6.0981,484.512,135.852,0.0,100.0,0,0,100.0,REGEN,-350.0
184,6.1314,485.764,134.592,0.0,100.0,0,0,100.0,REGEN,-350.0
185,6.1647,487.002,133.33,0.0,100.0,0,0,100.0,REGEN,-350.0
186,6.198,488.233,132.066,0.0,100.0,0,0,100.0,REGEN,-350.0
187,6.2314,489.447,130.794,0.0,100.0,0,0,100.0,REGEN,-350.0
188,6.2647,490.652,129.514,0.0,100.0,0,0,100.0,REGEN,-350.0
189,6.298,491.847,128.226,0.0,100.0,0,0,100.0,REGEN,-350.0
190,6.3313,493.025,126.952,0.0,100.0,0,0,100.0,REGEN,-350.0
191,6.3647,494.198,125.691,0.0,100.0,0,0,100.0,REGEN,-350.0
192,6.398,495.353,124.508,0.0,100.0,0,0,100.0,REGEN,-350.0
193,6.4313,496.501,123.383,0.0,100.0,0,0,100.0,REGEN,-350.0
194,6.4646,497.639,122.349,0.0,100.0,0,0,100.0,REGEN,-350.0
195,6.4979,498.766,121.436,0.0,100.0,0,0,100.0,REGEN,-350.0
196,6.5313,499.888,120.593,0.0,100.0,0,0,100.0,REGEN,-350.0
197,6.5646,501.0,119.966,0.0,100.0,0,0,100.0,REGEN,-350.0
198,6.5979,502.11,119.396,0.0,100.0,0,0,100.0,REGEN,-350.0
199,6.6312,503.214,119.209,0.0,100.0,0,0,100.0,REGEN,-350.0
200,6.6646,504.317,119.017,0.0,100.0,0,0,100.0,REGEN,-350.0
201,6.6979,505.417,118.806,0.0,100.0,0,0,100.0,REGEN,-350.0
202,6.7312,506.514,118.319,0.0,100.0,0,0,100.0,REGEN,-350.0
203,6.7645,507.605,117.445,0.0,100.0,0,0,100.0,REGEN,-350.0
204,6.7979,508.687,116.588,0.0,100.0,0,0,100.0,REGEN,-350.0
205,6.8312,509.764,115.745,0.0,100.0,0,0,100.0,REGEN,-350.0
206,6.8645,510.83,114.918,0.0,100.0,0,0,100.0,REGEN,-350.0
207,6.8978,511.892,114.097,0.0,100.0,0,0,100.0,REGEN,-350.0
208,6.9311,512.942,113.292,0.0,100.0,0,0,100.0,REGEN,-350.0
209,6.9645,513.99,112.489,0.0,100.0,0,0,100.0,REGEN,-350.0
210,6.9978,515.022,111.409,0.0,100.0,0,0,100.0,REGEN,-350.0
211,7.0311,516.053,110.31,0.0,100.0,0,0,100.0,REGEN,-350.0
212,7.0644,517.065,109.305,0.0,100.0,0,0,100.0,REGEN,-350.0
213,7.0978,518.076,108.304,0.0,100.0,0,0,100.0,REGEN,-350.0
214,7.1311,519.072,107.529,0.0,100.0,0,0,100.0,REGEN,-350.0
215,7.1644,520.067,106.753,0.0,100.0,0,0,100.0,REGEN,-350.0
216,7.1977,521.048,106.012,0.0,100.0,0,0,100.0,REGEN,-350.0
217,7.231,522.029,105.271,0.0,100.0,0,0,100.0,REGEN,-350.0
218,7.2644,522.995,104.387,0.0,100.0,0,0,100.0,REGEN,-350.0
219,7.2977,523.961,103.498,0.0,100.0,0,0,100.0,REGEN,-350.0
220,7.331,524.911,102.542,0.0,100.0,0,0,100.0,REGEN,-350.0
221,7.3643,525.858,101.579,0.0,100.0,0,0,100.0,REGEN,-350.0
222,7.3977,526.792,100.661,0.0,100.0,0,0,100.0,REGEN,-350.0
223,7.431,527.721,99.756,0.0,100.0,0,0,100.0,REGEN,-350.0
224,7.4643,528.64,98.938,0.0,100.0,0,0,100.0,REGEN,-350.0
225,7.4976,529.552,98.172,0.0,100.0,0,0,100.0,REGEN,-350.0
226,7.531,530.459,97.487,0.0,100.0,0,0,100.0,REGEN,-135.04
227,7.5643,531.357,96.905,100.0,100.0,0,0,100.0,REGEN,358.96
228,7.5976,532.254,96.368,100.0,0.0,0,0,99.94,DEPLOY,750.0
229,7.6309,533.143,96.001,100.0,0.0,0,0,99.65,DEPLOY,750.0
230,7.6642,534.032,95.634,100.0,0.0,0,0,99.36,DEPLOY,750.0
231,7.6976,534.916,95.503,100.0,0.0,0,0,99.06,DEPLOY,750.0
232,7.7309,535.8,95.384,100.0,0.0,0,0,98.77,DEPLOY,750.0
233,7.7642,536.682,95.264,100.0,0.0,0,0,98.48,DEPLOY,750.0
234,7.7975,537.563,95.144,100.0,0.0,0,0,98.19,DEPLOY,750.0
235,7.8309,538.443,95.025,100.0,0.0,0,0,97.9,DEPLOY,750.0
236,7.8642,539.322,94.906,100.0,0.0,0,0,97.61,DEPLOY,750.0
237,7.8975,540.201,94.787,100.0,0.0,0,0,97.32,DEPLOY,750.0
238,7.9308,541.077,94.669,100.0,0.0,0,0,97.02,DEPLOY,750.0
239,7.9641,541.953,94.55,100.0,0.0,0,0,96.73,DEPLOY,750.0
240,7.9975,542.827,94.433,100.0,0.0,0,0,96.44,DEPLOY,750.0
241,8.0308,543.701,94.315,100.0,0.0,0,0,96.15,DEPLOY,750.0
242,8.0641,544.576,94.391,100.0,0.0,0,0,95.86,DEPLOY,750.0
243,8.0974,545.45,94.617,100.0,0.0,0,0,95.57,DEPLOY,750.0
244,8.1308,546.327,94.843,100.0,0.0,0,0,95.28,DEPLOY,750.0
245,8.1641,547.206,95.069,100.0,0.0,0,0,94.99,DEPLOY,750.0
246,8.1974,548.086,95.296,100.0,0.0,0,0,94.7,DEPLOY,750.0
247,8.2307,548.971,95.524,100.0,0.0,0,0,94.42,DEPLOY,750.0
248,8.2641,549.855,95.752,100.0,0.0,0,0,94.13,DEPLOY,750.0
249,8.2974,550.743,95.981,100.0,0.0,0,0,93.85,DEPLOY,750.0
250,8.3307,551.632,96.211,100.0,0.0,0,0,93.57,DEPLOY,750.0
251,8.364,552.524,96.441,100.0,0.0,0,0,93.29,DEPLOY,750.0
252,8.3973,553.418,96.672,100.0,0.0,0,0,93.01,DEPLOY,750.0
253,8.4307,554.313,96.904,100.0,0.0,0,0,92.73,DEPLOY,750.0
254,8.464,555.212,97.136,100.0,0.0,0,0,92.45,DEPLOY,750.0
255,8.4973,556.111,97.368,100.0,0.0,0,0,92.17,DEPLOY,750.0
256,8.5306,557.015,97.601,100.0,0.0,0,0,91.89,DEPLOY,750.0
257,8.564,557.918,97.834,100.0,0.0,0,0,91.61,DEPLOY,750.0
258,8.5973,558.826,98.068,100.0,0.0,0,0,91.33,DEPLOY,750.0
259,8.6306,559.734,98.302,100.0,0.0,0,0,91.05,DEPLOY,750.0
260,8.6639,560.645,98.537,100.0,0.0,0,0,90.77,DEPLOY,750.0
261,8.6973,561.558,98.772,100.0,0.0,0,0,90.49,DEPLOY,750.0
262,8.7306,562.474,99.008,100.0,0.0,0,0,90.21,DEPLOY,750.0
263,8.7639,563.392,99.245,100.0,0.0,0,0,89.93,DEPLOY,750.0
264,8.7972,564.311,99.482,100.0,0.0,0,0,89.65,DEPLOY,750.0
265,8.8305,565.233,99.721,100.0,0.0,0,0,89.36,DEPLOY,750.0
266,8.8639,566.156,99.959,100.0,0.0,0,0,89.08,DEPLOY,750.0
267,8.8972,567.084,100.199,100.0,0.0,0,0,88.79,DEPLOY,750.0
268,8.9305,568.011,100.439,100.0,0.0,0,0,88.51,DEPLOY,750.0
269,8.9638,568.943,100.679,100.0,0.0,0,0,88.22,DEPLOY,750.0
270,8.9972,569.875,100.919,100.0,0.0,0,0,87.93,DEPLOY,750.0
271,9.0305,570.811,101.16,100.0,0.0,0,0,87.64,DEPLOY,750.0
272,9.0638,571.748,101.401,100.0,0.0,0,0,87.35,DEPLOY,750.0
273,9.0971,572.69,101.844,100.0,0.0,0,0,87.06,DEPLOY,750.0
274,9.1304,573.635,102.408,100.0,0.0,0,0,86.77,DEPLOY,750.0
275,9.1638,574.587,103.05,100.0,0.0,0,0,86.48,DEPLOY,750.0
276,9.1971,575.544,103.771,100.0,0.0,0,0,86.19,DEPLOY,750.0
277,9.2304,576.508,104.525,100.0,0.0,0,0,85.9,DEPLOY,750.0
278,9.2637,577.48,105.328,100.0,0.0,0,0,85.6,DEPLOY,750.0
279,9.2971,578.457,106.149,100.0,0.0,0,0,85.31,DEPLOY,750.0
280,9.3304,579.445,107.001,100.0,0.0,0,0,85.02,DEPLOY,750.0
281,9.3637,580.438,107.849,100.0,0.0,0,0,84.73,DEPLOY,750.0
282,9.397,581.442,108.688,100.0,0.0,0,0,84.44,DEPLOY,750.0
283,9.4304,582.45,109.499,100.0,0.0,0,0,84.15,DEPLOY,750.0
284,9.4637,583.468,110.253,100.0,0.0,0,0,83.85,DEPLOY,750.0
285,9.497,584.491,110.977,100.0,0.0,0,0,83.56,DEPLOY,750.0
286,9.5303,585.522,111.649,100.0,0.0,0,0,83.27,DEPLOY,750.0
287,9.5636,586.558,112.312,100.0,0.0,0,0,82.98,DEPLOY,750.0
288,9.597,587.601,112.961,100.0,0.0,0,0,82.69,DEPLOY,750.0
289,9.6303,588.649,113.616,100.0,0.0,0,0,82.4,DEPLOY,750.0
290,9.6636,589.704,114.277,100.0,0.0,0,0,82.1,DEPLOY,750.0
291,9.6969,590.765,114.96,100.0,0.0,0,0,81.81,DEPLOY,750.0
292,9.7303,591.831,115.656,100.0,0.0,0,0,81.52,DEPLOY,750.0
293,9.7636,592.907,116.396,100.0,0.0,0,0,81.23,DEPLOY,750.0
294,9.7969,593.986,117.151,100.0,0.0,0,0,80.94,DEPLOY,750.0
295,9.8302,595.074,117.752,100.0,0.0,0,0,80.65,DEPLOY,750.0
296,9.8635,596.165,118.331,100.0,0.0,0,0,80.36,DEPLOY,750.0
297,9.8969,597.265,118.867,100.0,0.0,0,0,80.07,DEPLOY,750.0
298,9.9302,598.366,119.393,100.0,0.0,0,0,79.78,DEPLOY,750.0
299,9.9635,599.474,119.882,100.0,0.0,0,0,79.49,DEPLOY,750.0
300,9.9968,600.586,120.346,100.0,0.0,0,0,79.2,DEPLOY,750.0
301,10.0302,601.702,120.778,100.0,0.0,0,0,78.91,DEPLOY,750.0
302,10.0635,602.822,121.166,100.0,0.0,0,0,78.63,DEPLOY,750.0
303,10.0968,603.944,121.53,100.0,0.0,0,0,78.34,DEPLOY,750.0
304,10.1301,605.071,121.828,100.0,0.0,0,0,78.06,DEPLOY,750.0
305,10.1635,606.199,122.108,100.0,0.0,0,0,77.77,DEPLOY,750.0
306,10.1968,607.331,122.311,100.0,0.0,0,0,77.49,DEPLOY,750.0
307,10.2301,608.464,122.486,100.0,0.0,0,0,77.21,DEPLOY,750.0
308,10.2634,609.598,122.6,100.0,0.0,0,0,76.94,DEPLOY,750.0
309,10.2967,610.733,122.665,100.0,0.0,0,0,76.66,DEPLOY,405.54
310,10.3301,611.868,122.688,0.0,0.0,0,0,76.39,DEPLOY,-219.08
311,10.3634,613.004,122.64,0.0,100.0,0,0,76.55,REGEN,-350.0
312,10.3967,614.139,122.57,0.0,100.0,0,0,76.82,REGEN,-350.0
313,10.43,615.272,122.41,0.0,100.0,0,0,77.09,REGEN,-350.0
314,10.4634,616.404,122.225,0.0,100.0,0,0,77.35,REGEN,-350.0
315,10.4967,617.534,121.972,0.0,100.0,0,0,77.62,REGEN,-350.0
316,10.53,618.662,121.673,0.0,100.0,0,0,77.89,REGEN,-350.0
317,10.5633,619.787,121.328,0.0,100.0,0,0,78.16,REGEN,-350.0
318,10.5967,620.907,120.915,0.0,100.0,0,0,78.43,REGEN,-350.0
319,10.63,622.026,120.476,0.0,100.0,0,0,78.7,REGEN,-350.0
320,10.6633,623.137,119.947,0.0,100.0,0,0,78.97,REGEN,-350.0
321,10.6966,624.246,119.4,0.0,100.0,0,0,79.25,REGEN,-350.0
322,10.7299,625.346,118.771,0.0,100.0,0,0,79.53,REGEN,-350.0
323,10.7633,626.444,118.116,0.0,100.0,0,0,79.81,REGEN,-350.0
324,10.7966,627.533,117.401,0.0,100.0,0,0,80.09,REGEN,-350.0
325,10.8299,628.616,116.649,0.0,100.0,0,0,80.37,REGEN,-350.0
326,10.8632,629.692,115.855,0.0,100.0,0,0,80.66,REGEN,-350.0
327,10.8966,630.76,115.02,0.0,100.0,0,0,80.94,REGEN,-350.0
328,10.9299,631.822,114.159,0.0,100.0,0,0,81.23,REGEN,-350.0
329,10.9632,632.873,113.258,0.0,100.0,0,0,81.52,REGEN,-350.0
330,10.9965,633.919,112.342,0.0,100.0,0,0,81.81,REGEN,-350.0
331,11.0298,634.949,111.099,0.0,100.0,0,0,82.1,REGEN,-350.0
332,11.0632,635.976,109.785,0.0,100.0,0,0,82.39,REGEN,-350.0
333,11.0965,636.983,108.61,0.0,100.0,0,0,82.69,REGEN,-350.0
334,11.1298,637.987,107.455,0.0,100.0,0,0,82.98,REGEN,-350.0
335,11.1631,638.971,106.26,0.0,100.0,0,0,83.27,REGEN,-350.0
336,11.1965,639.953,105.06,0.0,100.0,0,0,83.56,REGEN,-350.0
337,11.2298,640.917,103.912,0.0,100.0,0,0,83.85,REGEN,-350.0
338,11.2631,641.876,102.775,0.0,100.0,0,0,84.14,REGEN,-350.0
339,11.2964,642.82,101.674,0.0,100.0,0,0,84.44,REGEN,-350.0
340,11.3298,643.758,100.586,0.0,100.0,0,0,84.73,REGEN,-350.0
341,11.3631,644.682,99.5,0.0,100.0,0,0,85.02,REGEN,-350.0
342,11.3964,645.598,98.414,0.0,100.0,0,0,85.31,REGEN,-350.0
343,11.4297,646.505,97.317,0.0,100.0,0,0,85.6,REGEN,-350.0
344,11.463,647.399,96.206,0.0,100.0,0,0,85.89,REGEN,-350.0
345,11.4964,648.288,95.096,0.0,100.0,0,0,86.19,REGEN,-350.0
346,11.5297,649.158,93.993,0.0,100.0,0,0,86.48,REGEN,-350.0
347,11.563,650.029,92.889,0.0,100.0,0,0,86.77,REGEN,-350.0
348,11.5963,650.879,91.868,0.0,100.0,0,0,87.06,REGEN,-350.0
349,11.6297,651.727,90.855,0.0,100.0,0,0,87.35,REGEN,-350.0
350,11.663,652.564,89.958,0.0,100.0,0,0,87.64,REGEN,-107.94
351,11.6963,653.391,89.163,100.0,100.0,0,0,87.93,REGEN,345.3
352,11.7296,654.218,88.441,100.0,0.0,0,0,88.16,DEPLOY,750.0
353,11.7629,655.035,88.339,100.0,0.0,0,0,87.87,DEPLOY,750.0
354,11.7963,655.853,88.237,100.0,0.0,0,0,87.58,DEPLOY,750.0
355,11.8296,656.669,88.134,100.0,0.0,0,0,87.29,DEPLOY,750.0
356,11.8629,657.484,88.032,100.0,0.0,0,0,87.0,DEPLOY,750.0
357,11.8962,658.299,87.929,100.0,0.0,0,0,86.71,DEPLOY,750.0
358,11.9296,659.112,87.828,100.0,0.0,0,0,86.41,DEPLOY,750.0
359,11.9629,659.925,87.726,100.0,0.0,0,0,86.12,DEPLOY,750.0
360,11.9962,660.736,87.624,100.0,0.0,0,0,85.83,DEPLOY,750.0
361,12.0295,661.547,87.523,100.0,0.0,0,0,85.54,DEPLOY,750.0
362,12.0629,662.357,87.422,100.0,0.0,0,0,85.25,DEPLOY,750.0
363,12.0962,663.165,87.321,100.0,0.0,0,0,84.96,DEPLOY,750.0
364,12.1295,663.973,87.221,100.0,0.0,0,0,84.67,DEPLOY,750.0
365,12.1628,664.779,87.067,100.0,0.0,0,0,84.38,DEPLOY,750.0
366,12.1961,665.585,86.903,100.0,0.0,0,0,84.09,DEPLOY,750.0
367,12.2295,666.389,86.738,100.0,0.0,0,0,83.8,DEPLOY,750.0
368,12.2628,667.19,86.575,100.0,0.0,0,0,83.52,DEPLOY,750.0
369,12.2961,667.991,86.412,100.0,0.0,0,0,83.23,DEPLOY,750.0
370,12.3294,668.79,86.249,100.0,0.0,0,0,82.94,DEPLOY,750.0
371,12.3628,669.588,86.086,100.0,0.0,0,0,82.66,DEPLOY,750.0
372,12.3961,670.384,85.906,100.0,0.0,0,0,82.37,DEPLOY,750.0
373,12.4294,671.177,85.673,100.0,0.0,0,0,82.08,DEPLOY,750.0
374,12.4627,671.97,85.441,100.0,0.0,0,0,81.79,DEPLOY,750.0
375,12.496,672.758,85.116,100.0,0.0,0,0,81.5,DEPLOY,750.0
376,12.5294,673.544,84.753,100.0,0.0,0,0,81.21,DEPLOY,750.0
377,12.5627,674.329,84.427,100.0,0.0,0,0,80.92,DEPLOY,750.0
378,12.596,675.11,84.334,100.0,0.0,0,0,80.62,DEPLOY,750.0
379,12.6293,675.89,84.24,100.0,0.0,0,0,80.33,DEPLOY,750.0
380,12.6627,676.669,84.147,100.0,0.0,0,0,80.04,DEPLOY,750.0
381,12.696,677.448,84.054,100.0,0.0,0,0,79.75,DEPLOY,750.0
382,12.7293,678.226,83.96,100.0,0.0,0,0,79.46,DEPLOY,750.0
383,12.7626,679.002,83.868,100.0,0.0,0,0,79.17,DEPLOY,750.0
384,12.796,679.778,83.775,100.0,0.0,0,0,78.88,DEPLOY,750.0
385,12.8293,680.553,83.682,100.0,0.0,0,0,78.58,DEPLOY,750.0
386,12.8626,681.327,83.59,100.0,0.0,0,0,78.29,DEPLOY,750.0
387,12.8959,682.101,83.498,100.0,0.0,0,0,78.0,DEPLOY,750.0
388,12.9292,682.875,83.601,100.0,0.0,0,0,77.71,DEPLOY,750.0
389,12.9626,683.649,83.739,100.0,0.0,0,0,77.42,DEPLOY,750.0
390,12.9959,684.426,83.956,100.0,0.0,0,0,77.13,DEPLOY,750.0
391,13.0292,685.207,84.407,100.0,0.0,0,0,76.83,DEPLOY,750.0
392,13.0625,685.989,84.858,100.0,0.0,0,0,76.54,DEPLOY,750.0
393,13.0959,686.778,85.383,100.0,0.0,0,0,76.25,DEPLOY,750.0
394,13.1292,687.572,85.944,100.0,0.0,0,0,75.96,DEPLOY,750.0
395,13.1625,688.367,86.513,100.0,0.0,0,0,75.67,DEPLOY,750.0
396,13.1958,689.174,87.128,100.0,0.0,0,0,75.38,DEPLOY,750.0
397,13.2292,689.981,87.744,100.0,0.0,0,0,75.08,DEPLOY,750.0
398,13.2625,690.797,88.384,100.0,0.0,0,0,74.79,DEPLOY,750.0
399,13.2958,691.619,89.038,100.0,0.0,0,0,74.5,DEPLOY,750.0
400,13.3291,692.444,89.701,100.0,0.0,0,0,74.21,DEPLOY,750.0
401,13.3624,693.28,90.398,100.0,0.0,0,0,73.92,DEPLOY,750.0
402,13.3958,694.117,91.095,100.0,0.0,0,0,73.63,DEPLOY,750.0
403,13.4291,694.967,91.835,100.0,0.0,0,0,73.34,DEPLOY,750.0
404,13.4624,695.819,92.584,100.0,0.0,0,0,73.04,DEPLOY,750.0
405,13.4957,696.68,93.365,100.0,0.0,0,0,72.75,DEPLOY,750.0
406,13.5291,697.549,94.182,100.0,0.0,0,0,72.46,DEPLOY,750.0
407,13.5624,698.422,95.011,100.0,0.0,0,0,72.17,DEPLOY,750.0
408,13.5957,699.309,95.906,100.0,0.0,0,0,71.88,DEPLOY,750.0
409,13.629,700.196,96.8,100.0,0.0,0,0,71.59,DEPLOY,750.0
410,13.6623,701.101,97.765,100.0,0.0,0,0,71.29,DEPLOY,750.0
411,13.6957,702.008,98.736,100.0,0.0,0,0,71.0,DEPLOY,750.0
412,13.729,702.929,99.758,100.0,0.0,0,0,70.71,DEPLOY,750.0
413,13.7623,703.856,100.8,100.0,0.0,0,0,70.42,DEPLOY,750.0
414,13.7956,704.795,101.878,100.0,0.0,0,0,70.13,DEPLOY,750.0
415,13.829,705.743,102.987,100.0,0.0,0,0,69.84,DEPLOY,750.0
416,13.8623,706.701,104.127,100.0,0.0,0,0,69.54,DEPLOY,750.0
417,13.8956,707.671,105.307,100.0,0.0,0,0,69.25,DEPLOY,750.0
418,13.9289,708.649,106.475,100.0,0.0,0,0,68.96,DEPLOY,750.0
419,13.9623,709.642,107.621,100.0,0.0,0,0,68.67,DEPLOY,750.0
420,13.9956,710.642,108.819,100.0,0.0,0,0,68.38,DEPLOY,750.0
421,14.0289,711.657,110.113,100.0,0.0,0,0,68.09,DEPLOY,750.0
422,14.0622,712.68,111.38,100.0,0.0,0,0,67.8,DEPLOY,750.0
423,14.0955,713.718,112.604,100.0,0.0,0,0,67.5,DEPLOY,750.0
424,14.1289,714.765,113.835,100.0,0.0,0,0,67.21,DEPLOY,750.0
425,14.1622,715.825,115.073,100.0,0.0,0,0,66.92,DEPLOY,750.0
426,14.1955,716.896,116.317,100.0,0.0,0,0,66.63,DEPLOY,750.0
427,14.2288,717.977,117.564,100.0,0.0,0,0,66.34,DEPLOY,750.0
428,14.2622,719.073,118.818,100.0,0.0,0,0,66.05,DEPLOY,750.0
429,14.2955,720.175,120.073,100.0,0.0,0,0,65.75,DEPLOY,750.0
430,14.3288,721.296,121.329,100.0,0.0,0,0,65.46,DEPLOY,750.0
431,14.3621,722.421,122.585,100.0,0.0,0,0,65.17,DEPLOY,750.0
432,14.3954,723.565,123.847,100.0,0.0,0,0,64.88,DEPLOY,750.0
433,14.4288,724.716,125.111,100.0,0.0,0,0,64.59,DEPLOY,750.0
434,14.4621,725.88,126.377,100.0,0.0,0,0,64.3,DEPLOY,750.0
435,14.4954,727.057,127.646,100.0,0.0,0,0,64.0,DEPLOY,750.0
436,14.5287,728.24,128.916,100.0,0.0,0,0,63.71,DEPLOY,750.0
437,14.5621,729.443,130.188,100.0,0.0,0,0,63.42,DEPLOY,750.0
438,14.5954,730.653,131.462,100.0,0.0,0,0,63.13,DEPLOY,750.0
439,14.6287,731.876,132.738,100.0,0.0,0,0,62.84,DEPLOY,750.0
440,14.662,733.111,134.015,100.0,0.0,0,0,62.55,DEPLOY,750.0
441,14.6954,734.354,135.294,100.0,0.0,0,0,62.26,DEPLOY,750.0
442,14.7287,735.615,136.574,100.0,0.0,0,0,61.96,DEPLOY,750.0
443,14.762,736.885,137.854,100.0,0.0,0,0,61.67,DEPLOY,750.0
444,14.7953,738.165,139.134,100.0,0.0,0,0,61.38,DEPLOY,750.0
445,14.8286,739.461,140.409,100.0,0.0,0,0,61.09,DEPLOY,750.0
446,14.862,740.766,141.682,100.0,0.0,0,0,60.8,DEPLOY,750.0
447,14.8953,742.082,142.951,100.0,0.0,0,0,60.51,DEPLOY,750.0
448,14.9286,743.413,144.213,100.0,0.0,0,0,60.21,DEPLOY,750.0
449,14.9619,744.753,145.473,100.0,0.0,0,0,59.92,DEPLOY,750.0
450,14.9953,746.104,146.729,100.0,0.0,0,0,59.63,DEPLOY,750.0
451,15.0286,747.47,147.98,100.0,0.0,0,0,59.34,DEPLOY,750.0
452,15.0619,748.845,149.231,100.0,0.0,0,0,59.05,DEPLOY,750.0
453,15.0952,750.23,150.484,100.0,0.0,0,0,58.76,DEPLOY,750.0
454,15.1286,751.631,151.726,100.0,0.0,0,0,58.46,DEPLOY,750.0
455,15.1619,753.041,152.959,100.0,0.0,0,0,58.17,DEPLOY,750.0
456,15.1952,754.461,154.181,100.0,0.0,0,0,57.88,DEPLOY,750.0
457,15.2285,755.894,155.387,100.0,0.0,0,0,57.59,DEPLOY,750.0
458,15.2618,757.341,156.895,100.0,0.0,0,0,57.3,DEPLOY,750.0
459,15.2952,758.8,158.514,100.0,0.0,0,0,57.01,DEPLOY,750.0
460,15.3285,760.272,160.127,100.0,0.0,0,0,56.72,DEPLOY,750.0
461,15.3618,761.764,161.731,100.0,0.0,0,0,56.42,DEPLOY,750.0
462,15.3951,763.269,163.33,100.0,0.0,0,0,56.13,DEPLOY,750.0
463,15.4285,764.788,164.922,100.0,0.0,0,0,55.84,DEPLOY,750.0
464,15.4618,766.32,166.507,100.0,0.0,0,0,55.55,DEPLOY,750.0
465,15.4951,767.87,168.084,100.0,0.0,0,0,55.26,DEPLOY,750.0
466,15.5284,769.434,169.655,100.0,0.0,0,0,54.97,DEPLOY,750.0
467,15.5617,771.011,171.219,100.0,0.0,0,0,54.67,DEPLOY,750.0
468,15.5951,772.602,172.766,100.0,0.0,0,0,54.38,DEPLOY,750.0
469,15.6284,774.207,174.267,100.0,0.0,0,0,54.09,DEPLOY,750.0
470,15.6617,775.828,175.725,100.0,0.0,0,0,53.8,DEPLOY,750.0
471,15.695,777.462,177.18,100.0,0.0,0,0,53.51,DEPLOY,750.0
472,15.7284,779.109,178.634,100.0,0.0,0,0,53.22,DEPLOY,750.0
473,15.7617,780.769,180.087,100.0,0.0,0,0,52.93,DEPLOY,750.0
474,15.795,782.441,181.537,100.0,0.0,0,0,52.64,DEPLOY,750.0
475,15.8283,784.128,182.983,100.0,0.0,0,0,52.34,DEPLOY,750.0
476,15.8617,785.83,184.425,100.0,0.0,0,0,52.05,DEPLOY,750.0
477,15.895,787.544,185.862,100.0,0.0,0,0,51.76,DEPLOY,750.0
478,15.9283,789.271,187.293,100.0,0.0,0,0,51.47,DEPLOY,750.0
479,15.9616,791.011,188.719,100.0,0.0,0,0,51.18,DEPLOY,750.0
480,15.9949,792.764,190.137,100.0,0.0,0,0,50.89,DEPLOY,750.0
481,16.0283,794.53,191.547,100.0,0.0,0,0,50.6,DEPLOY,750.0
482,16.0616,796.309,192.95,100.0,0.0,0,0,50.31,DEPLOY,750.0
483,16.0949,798.102,194.341,100.0,0.0,0,0,50.02,DEPLOY,750.0
484,16.1282,799.907,195.723,100.0,0.0,0,0,49.73,DEPLOY,750.0
485,16.1616,801.726,197.094,100.0,0.0,0,0,49.44,DEPLOY,750.0
486,16.1949,803.557,198.454,100.0,0.0,0,0,49.15,DEPLOY,749.9
487,16.2282,805.4,199.802,100.0,0.0,0,0,48.86,DEPLOY,746.8
488,16.2615,807.256,201.136,100.0,0.0,0,0,48.57,DEPLOY,741.79
489,16.2948,809.123,202.458,100.0,0.0,0,0,48.29,DEPLOY,736.8
490,16.3282,811.003,203.766,100.0,0.0,0,0,48.01,DEPLOY,731.85
491,16.3615,812.895,205.059,100.0,0.0,0,0,47.74,DEPLOY,726.92
492,16.3948,814.799,206.337,100.0,0.0,0,0,47.46,DEPLOY,722.02
493,16.4281,816.715,207.599,100.0,0.0,0,0,47.2,DEPLOY,717.16
494,16.4615,818.642,208.845,100.0,0.0,0,0,46.94,DEPLOY,712.37
495,16.4948,820.581,210.075,100.0,0.0,0,0,46.68,DEPLOY,707.69
496,16.5281,822.531,211.288,100.0,0.0,0,0,46.42,DEPLOY,703.13
497,16.5614,824.492,212.483,100.0,0.0,0,0,46.17,DEPLOY,698.68
498,16.5948,826.464,213.661,100.0,0.0,0,0,45.93,DEPLOY,694.33
499,16.6281,828.447,214.821,100.0,0.0,0,0,45.68,DEPLOY,690.08
500,16.6614,830.441,215.963,100.0,0.0,0,0,45.44,DEPLOY,685.94
501,16.6947,832.445,217.088,100.0,0.0,0,0,45.21,DEPLOY,681.89
502,16.728,834.46,218.193,100.0,0.0,0,0,44.98,DEPLOY,677.93
503,16.7614,836.485,219.281,100.0,0.0,0,0,44.75,DEPLOY,674.06
504,16.7947,838.519,220.349,100.0,0.0,0,0,44.52,DEPLOY,670.28
505,16.828,840.564,221.4,100.0,0.0,0,0,44.3,DEPLOY,666.58
506,16.8613,842.618,222.431,100.0,0.0,0,0,44.08,DEPLOY,662.97
507,16.8947,844.682,223.444,100.0,0.0,0,0,43.86,DEPLOY,659.43
508,16.928,846.755,224.438,100.0,0.0,0,0,43.65,DEPLOY,655.97
509,16.9613,848.837,225.414,100.0,0.0,0,0,43.43,DEPLOY,652.59
510,16.9946,850.928,226.371,100.0,0.0,0,0,43.23,DEPLOY,649.28
511,17.028,853.027,227.31,100.0,0.0,0,0,43.02,DEPLOY,646.04
512,17.0613,855.136,228.231,100.0,0.0,0,0,42.82,DEPLOY,642.87
513,17.0946,857.253,229.134,100.0,0.0,0,0,42.62,DEPLOY,639.77
514,17.1279,859.378,230.019,100.0,0.0,0,0,42.42,DEPLOY,636.74
515,17.1612,861.511,230.887,100.0,0.0,0,0,42.22,DEPLOY,633.77
516,17.1946,863.652,231.737,100.0,0.0,0,0,42.03,DEPLOY,630.86
517,17.2279,865.801,232.571,100.0,0.0,0,0,41.84,DEPLOY,628.01
518,17.2612,867.957,233.388,100.0,0.0,0,0,41.65,DEPLOY,625.22
519,17.2945,870.121,234.188,100.0,0.0,0,0,41.46,DEPLOY,622.49
520,17.3279,872.292,234.972,100.0,0.0,0,0,41.28,DEPLOY,619.81
521,17.3612,874.471,235.739,100.0,0.0,0,0,41.1,DEPLOY,617.2
522,17.3945,876.656,236.491,100.0,0.0,0,0,40.92,DEPLOY,614.64
523,17.4278,878.849,237.228,100.0,0.0,0,0,40.74,DEPLOY,612.13
524,17.4611,881.048,237.95,100.0,0.0,0,0,40.56,DEPLOY,609.67
525,17.4945,883.254,238.658,100.0,0.0,0,0,40.39,DEPLOY,607.26
526,17.5278,885.466,239.352,100.0,0.0,0,0,40.22,DEPLOY,604.9
527,17.5611,887.685,240.032,100.0,0.0,0,0,40.05,DEPLOY,602.58
528,17.5944,889.91,240.699,100.0,0.0,0,0,39.88,DEPLOY,600.32
529,17.6278,892.141,241.354,100.0,0.0,0,0,39.71,DEPLOY,598.1
530,17.6611,894.378,241.995,100.0,0.0,0,0,39.55,DEPLOY,595.92
531,17.6944,896.621,242.625,100.0,0.0,0,0,39.39,DEPLOY,593.79
532,17.7277,898.87,243.243,100.0,0.0,0,0,39.23,DEPLOY,591.71
533,17.7611,901.124,243.85,100.0,0.0,0,0,39.07,DEPLOY,589.66
534,17.7944,903.384,244.447,100.0,0.0,0,0,38.91,DEPLOY,587.66
535,17.8277,905.649,245.034,100.0,0.0,0,0,38.76,DEPLOY,585.69
536,17.861,907.92,245.612,100.0,0.0,0,0,38.6,DEPLOY,583.76
537,17.8943,910.196,246.181,100.0,0.0,0,0,38.45,DEPLOY,581.87
538,17.9277,912.477,246.742,100.0,0.0,0,0,38.3,DEPLOY,580.02
539,17.961,914.764,247.296,100.0,0.0,0,0,38.15,DEPLOY,578.21
540,17.9943,917.056,247.843,100.0,0.0,0,0,38.0,DEPLOY,576.43
541,18.0276,919.352,248.384,100.0,0.0,0,0,37.85,DEPLOY,574.69
542,18.061,921.654,248.92,100.0,0.0,0,0,37.71,DEPLOY,572.98
543,18.0943,923.96,249.452,100.0,0.0,0,0,37.57,DEPLOY,571.3
544,18.1276,926.271,249.98,100.0,0.0,0,0,37.42,DEPLOY,569.65
545,18.1609,928.588,250.506,100.0,0.0,0,0,37.28,DEPLOY,568.04
546,18.1942,930.909,251.029,100.0,0.0,0,0,37.14,DEPLOY,566.46
547,18.2276,933.235,251.551,100.0,0.0,0,0,37.0,DEPLOY,564.91
548,18.2609,935.566,252.074,100.0,0.0,0,0,36.87,DEPLOY,563.39
549,18.2942,937.902,252.597,100.0,0.0,0,0,36.73,DEPLOY,561.9
550,18.3275,940.242,253.078,100.0,0.0,0,0,36.6,DEPLOY,560.43
551,18.3609,942.586,253.48,100.0,0.0,0,0,36.46,DEPLOY,559.0
552,18.3942,944.935,253.873,100.0,0.0,0,0,36.33,DEPLOY,557.6
553,18.4275,947.286,254.259,100.0,0.0,0,0,36.2,DEPLOY,556.22
554,18.4608,949.642,254.638,100.0,0.0,0,0,36.07,DEPLOY,554.86
555,18.4942,952.0,255.01,100.0,0.0,0,0,35.94,DEPLOY,553.54
556,18.5275,954.362,255.374,100.0,0.0,0,0,35.81,DEPLOY,552.24
557,18.5608,956.728,255.731,100.0,0.0,0,0,35.69,DEPLOY,550.96
558,18.5941,959.097,256.08,100.0,0.0,0,0,35.56,DEPLOY,549.71
559,18.6274,961.469,256.424,100.0,0.0,0,0,35.44,DEPLOY,548.48
560,18.6608,963.844,256.761,100.0,0.0,0,0,35.31,DEPLOY,547.28
561,18.6941,966.222,257.092,100.0,0.0,0,0,35.19,DEPLOY,546.1
562,18.7274,968.605,257.817,100.0,0.0,0,0,35.07,DEPLOY,543.51
563,18.7607,970.995,258.609,100.0,0.0,0,0,34.95,DEPLOY,540.68
564,18.7941,973.393,259.437,100.0,0.0,0,0,34.83,DEPLOY,537.73
565,18.8274,975.798,260.288,100.0,0.0,0,0,34.72,DEPLOY,534.69
566,18.8607,978.211,261.136,100.0,0.0,0,0,34.6,DEPLOY,531.65
567,18.894,980.632,261.972,100.0,0.0,0,0,34.5,DEPLOY,528.67
568,18.9273,983.061,262.795,100.0,0.0,0,0,34.39,DEPLOY,525.73
569,18.9607,985.498,263.608,100.0,0.0,0,0,34.28,DEPLOY,522.83
570,18.994,987.941,264.409,100.0,0.0,0,0,34.18,DEPLOY,519.97
571,19.0273,990.392,265.198,100.0,0.0,0,0,34.08,DEPLOY,517.15
572,19.0606,992.851,265.973,100.0,0.0,0,0,33.98,DEPLOY,514.37
573,19.094,995.316,266.69,100.0,0.0,0,0,33.89,DEPLOY,511.63
574,19.1273,997.788,267.346,100.0,0.0,0,0,33.8,DEPLOY,508.93
575,19.1606,1000.265,268.003,100.0,0.0,0,0,33.71,DEPLOY,506.27
576,19.1939,1002.749,268.661,100.0,0.0,0,0,33.62,DEPLOY,503.65
577,19.2273,1005.239,269.319,100.0,0.0,0,0,33.53,DEPLOY,501.06
578,19.2606,1007.735,269.976,100.0,0.0,0,0,33.45,DEPLOY,498.61
579,19.2939,1010.237,270.632,100.0,0.0,0,0,33.37,DEPLOY,496.26
580,19.3272,1012.745,271.286,100.0,0.0,0,0,33.29,DEPLOY,493.94
581,19.3605,1015.259,271.938,100.0,0.0,0,0,33.21,DEPLOY,491.66
582,19.3939,1017.779,272.587,100.0,0.0,0,0,33.13,DEPLOY,489.4
583,19.4272,1020.305,273.233,100.0,0.0,0,0,33.06,DEPLOY,487.17
584,19.4605,1022.838,273.874,100.0,0.0,0,0,32.99,DEPLOY,484.97
585,19.4938,1025.376,274.512,100.0,0.0,0,0,32.92,DEPLOY,482.8
586,19.5272,1027.919,275.144,100.0,0.0,0,0,32.85,DEPLOY,480.66
587,19.5605,1030.469,275.772,100.0,0.0,0,0,32.78,DEPLOY,478.55
588,19.5938,1033.025,276.394,100.0,0.0,0,0,32.72,DEPLOY,476.46
589,19.6271,1035.586,277.01,100.0,0.0,0,0,32.65,DEPLOY,474.4
590,19.6605,1038.153,277.621,100.0,0.0,0,0,32.59,DEPLOY,472.36
591,19.6938,1040.725,278.226,100.0,0.0,0,0,32.53,DEPLOY,470.36
592,19.7271,1043.304,278.824,100.0,0.0,0,0,32.47,DEPLOY,468.37
593,19.7604,1045.887,279.416,100.0,0.0,0,0,32.42,DEPLOY,466.41
594,19.7937,1048.476,280.002,100.0,0.0,0,0,32.36,DEPLOY,464.48
595,19.8271,1051.071,280.581,100.0,0.0,0,0,32.31,DEPLOY,462.57
596,19.8604,1053.671,281.153,100.0,0.0,0,0,32.26,DEPLOY,460.69
597,19.8937,1056.275,281.72,100.0,0.0,0,0,32.2,DEPLOY,458.82
598,19.927,1058.886,282.279,100.0,0.0,0,0,32.16,DEPLOY,456.98
599,19.9604,1061.501,282.832,100.0,0.0,0,0,32.11,DEPLOY,455.17
600,19.9937,1064.122,283.378,100.0,0.0,0,0,32.06,DEPLOY,453.37
601,20.027,1066.747,283.918,100.0,0.0,0,0,32.02,DEPLOY,451.6
602,20.0603,1069.378,284.451,100.0,0.0,0,0,31.98,DEPLOY,449.85
603,20.0936,1072.013,284.979,100.0,0.0,0,0,31.94,DEPLOY,448.12
604,20.127,1074.654,285.499,100.0,0.0,0,0,31.9,DEPLOY,446.41
605,20.1603,1077.299,286.014,100.0,0.0,0,0,31.86,DEPLOY,444.72
606,20.1936,1079.948,286.522,100.0,0.0,0,0,31.82,DEPLOY,443.06
607,20.2269,1082.603,287.024,100.0,0.0,0,0,31.78,DEPLOY,441.41
608,20.2603,1085.262,287.52,100.0,0.0,0,0,31.75,DEPLOY,439.78
609,20.2936,1087.926,288.011,100.0,0.0,0,0,31.72,DEPLOY,438.17
610,20.3269,1090.594,288.495,100.0,0.0,0,0,31.69,DEPLOY,436.59
611,20.3602,1093.266,288.973,100.0,0.0,0,0,31.66,DEPLOY,435.02
612,20.3936,1095.943,289.446,100.0,0.0,0,0,31.63,DEPLOY,433.47
613,20.4269,1098.625,289.914,100.0,0.0,0,0,31.6,DEPLOY,431.94
614,20.4602,1101.311,290.375,100.0,0.0,0,0,31.57,DEPLOY,430.42
615,20.4935,1104.0,290.832,100.0,0.0,0,0,31.55,DEPLOY,428.93
616,20.5268,1106.695,291.282,100.0,0.0,0,0,31.52,DEPLOY,427.45
617,20.5602,1109.393,291.728,100.0,0.0,0,0,31.5,DEPLOY,425.99
618,20.5935,1112.095,292.169,100.0,0.0,0,0,31.48,DEPLOY,424.54
619,20.6268,1114.802,292.604,100.0,0.0,0,0,31.46,DEPLOY,423.12
620,20.6601,1117.512,293.034,100.0,0.0,0,0,31.44,DEPLOY,421.71
621,20.6935,1120.226,293.46,100.0,0.0,0,0,31.42,DEPLOY,420.31
622,20.7268,1122.945,293.881,100.0,0.0,0,0,31.41,DEPLOY,418.94
623,20.7601,1125.667,294.297,100.0,0.0,0,0,31.39,DEPLOY,417.58
624,20.7934,1128.393,294.708,100.0,0.0,0,0,31.37,DEPLOY,416.23
625,20.8267,1131.123,295.115,100.0,0.0,0,0,31.36,DEPLOY,414.9
626,20.8601,1133.856,295.518,100.0,0.0,0,0,31.35,DEPLOY,413.59
627,20.8934,1136.593,295.916,100.0,0.0,0,0,31.34,DEPLOY,412.29
628,20.9267,1139.335,296.31,100.0,0.0,0,0,31.33,DEPLOY,411.01
629,20.96,1142.079,296.7,100.0,0.0,0,0,31.32,DEPLOY,409.74
630,20.9934,1144.827,297.086,100.0,0.0,0,0,31.31,DEPLOY,408.49
631,21.0267,1147.579,297.468,100.0,0.0,0,0,31.3,DEPLOY,407.25
632,21.06,1150.334,297.846,100.0,0.0,0,0,31.3,DEPLOY,406.02
633,21.0933,1153.093,298.221,100.0,0.0,0,0,31.29,DEPLOY,404.81
634,21.1267,1155.855,298.592,100.0,0.0,0,0,31.29,DEPLOY,403.62
635,21.16,1158.62,298.959,100.0,0.0,0,0,31.29,DEPLOY,402.43
636,21.1933,1161.389,299.323,100.0,0.0,0,0,31.28,DEPLOY,401.26
637,21.2266,1164.162,299.684,100.0,0.0,0,0,31.28,DEPLOY,400.11
638,21.2599,1166.937,300.042,100.0,0.0,0,0,31.28,DEPLOY,400.0
639,21.2933,1169.716,300.397,100.0,0.0,0,0,31.28,DEPLOY,400.0
640,21.3266,1172.498,300.748,100.0,0.0,0,0,31.28,DEPLOY,400.0
641,21.3599,1175.284,301.097,100.0,0.0,0,0,31.28,DEPLOY,400.0
642,21.3932,1178.073,301.443,100.0,0.0,0,0,31.28,DEPLOY,400.0
643,21.4266,1180.864,301.786,100.0,0.0,0,0,31.28,DEPLOY,400.0
644,21.4599,1183.659,302.127,100.0,0.0,0,0,31.28,DEPLOY,400.0
645,21.4932,1186.458,302.464,100.0,0.0,0,0,31.28,DEPLOY,400.0
646,21.5265,1189.259,302.799,100.0,0.0,0,0,31.28,DEPLOY,400.0
647,21.5599,1192.063,303.132,100.0,0.0,0,0,31.28,DEPLOY,400.0
648,21.5932,1194.871,303.461,100.0,0.0,0,0,31.28,DEPLOY,400.0
649,21.6265,1197.681,303.788,100.0,0.0,0,0,31.28,DEPLOY,400.0
650,21.6598,1200.494,304.112,100.0,0.0,0,0,31.28,DEPLOY,400.0
651,21.6931,1203.311,304.433,100.0,0.0,0,0,31.28,DEPLOY,400.0
652,21.7265,1206.13,304.751,100.0,0.0,0,0,31.28,DEPLOY,400.0
653,21.7598,1208.953,305.066,100.0,0.0,0,0,31.28,DEPLOY,400.0
654,21.7931,1211.778,305.377,100.0,0.0,0,0,31.28,DEPLOY,400.0
655,21.8264,1214.606,305.684,100.0,0.0,0,0,31.28,DEPLOY,400.0
656,21.8598,1217.437,305.986,100.0,0.0,0,0,31.28,DEPLOY,400.0
657,21.8931,1220.271,306.284,100.0,0.0,0,0,31.28,DEPLOY,400.0
658,21.9264,1223.107,306.575,100.0,0.0,0,0,31.28,DEPLOY,400.0
659,21.9597,1225.946,306.86,100.0,0.0,0,0,31.28,DEPLOY,400.0
660,21.993,1228.788,307.137,100.0,0.0,0,0,31.28,DEPLOY,400.0
661,22.0264,1231.632,307.405,100.0,0.0,0,0,31.28,DEPLOY,400.0
662,22.0597,1234.479,307.664,100.0,0.0,0,0,31.28,DEPLOY,400.0
663,22.093,1237.328,307.91,100.0,0.0,0,0,31.28,DEPLOY,400.0
664,22.1263,1240.179,308.143,100.0,0.0,0,0,31.28,DEPLOY,400.0
665,22.1597,1243.032,308.359,100.0,0.0,0,0,31.28,DEPLOY,400.0
666,22.193,1245.887,308.557,100.0,0.0,0,0,31.28,DEPLOY,400.0
667,22.2263,1248.744,308.734,100.0,0.0,0,0,31.28,DEPLOY,400.0
668,22.2596,1251.603,308.886,100.0,0.0,0,0,31.28,DEPLOY,400.0
669,22.293,1254.462,309.011,100.0,0.0,0,0,31.28,DEPLOY,400.0
670,22.3263,1257.323,309.102,100.0,0.0,0,0,31.28,DEPLOY,400.0
671,22.3596,1260.185,309.16,100.0,0.0,0,0,31.28,DEPLOY,400.0
672,22.3929,1263.046,309.174,100.0,0.0,0,0,31.28,DEPLOY,400.0
673,22.4262,1265.908,309.145,100.0,0.0,0,0,31.28,DEPLOY,400.0
674,22.4596,1268.769,309.063,100.0,0.0,0,0,31.28,DEPLOY,400.0
675,22.4929,1271.629,308.925,100.0,0.0,0,0,31.28,DEPLOY,400.0
676,22.5262,1274.488,308.727,100.0,0.0,0,0,31.28,DEPLOY,400.0
677,22.5595,1277.344,308.457,100.0,0.0,0,0,31.28,DEPLOY,400.0
678,22.5929,1280.198,308.118,100.0,0.0,0,0,31.28,DEPLOY,400.0
679,22.6262,1283.048,307.691,100.0,0.0,0,0,31.28,DEPLOY,400.0
680,22.6595,1285.894,307.184,100.0,0.0,0,0,31.28,DEPLOY,400.0
681,22.6928,1288.735,306.581,100.0,0.0,0,0,31.28,DEPLOY,400.0
682,22.7261,1291.569,305.88,100.0,0.0,0,0,31.28,DEPLOY,400.0
683,22.7595,1294.397,305.082,100.0,0.0,0,0,31.28,DEPLOY,400.0
684,22.7928,1297.217,304.165,100.0,0.0,0,0,31.28,DEPLOY,400.0
685,22.8261,1300.028,303.146,100.0,0.0,0,0,31.28,DEPLOY,400.0
686,22.8594,1302.828,302.006,100.0,0.0,0,0,31.28,DEPLOY,400.0
687,22.8928,1305.618,300.749,100.0,0.0,0,0,31.28,DEPLOY,400.0
688,22.9261,1308.396,299.378,100.0,0.0,0,0,31.28,DEPLOY,400.0
689,22.9594,1311.159,297.877,100.0,0.0,0,0,31.28,DEPLOY,66.99
690,22.9927,1313.91,296.263,0.0,100.0,0,0,31.45,REGEN,-350.0
691,23.0261,1316.644,294.527,0.0,100.0,0,0,31.72,REGEN,-350.0
692,23.0594,1319.361,292.669,0.0,100.0,0,0,31.99,REGEN,-350.0
693,23.0927,1322.062,290.704,0.0,100.0,0,0,32.26,REGEN,-350.0
694,23.126,1324.743,288.621,0.0,100.0,0,0,32.53,REGEN,-350.0
695,23.1593,1327.404,286.431,0.0,100.0,0,0,32.79,REGEN,-350.0
696,23.1927,1330.045,284.148,0.0,100.0,0,0,33.06,REGEN,-350.0
697,23.226,1332.664,281.749,0.0,100.0,0,0,33.32,REGEN,-350.0
698,23.2593,1335.26,279.213,0.0,100.0,0,0,33.59,REGEN,-350.0
699,23.2926,1337.832,276.542,0.0,100.0,0,0,33.86,REGEN,-350.0
700,23.326,1340.38,273.735,0.0,100.0,0,0,34.13,REGEN,-350.0
701,23.3593,1342.899,270.78,0.0,100.0,0,0,34.4,REGEN,-350.0
702,23.3926,1345.391,267.702,0.0,100.0,0,0,34.68,REGEN,-350.0
703,23.4259,1347.855,264.506,0.0,100.0,0,0,34.96,REGEN,-350.0
704,23.4593,1350.289,261.198,0.0,100.0,0,0,35.25,REGEN,-350.0
705,23.4926,1352.69,257.772,0.0,100.0,0,0,35.53,REGEN,-350.0
706,23.5259,1355.058,254.255,0.0,100.0,0,0,35.82,REGEN,-350.0
707,23.5592,1357.392,249.99,0.0,100.0,0,0,36.11,REGEN,-350.0
708,23.5925,1359.683,244.805,0.0,100.0,0,0,36.4,REGEN,-350.0
709,23.6259,1361.926,239.616,0.0,100.0,0,0,36.7,REGEN,-350.0
710,23.6592,1364.122,234.589,0.0,100.0,0,0,36.99,REGEN,-350.0
711,23.6925,1366.272,229.777,0.0,100.0,0,0,37.28,REGEN,-350.0
712,23.7258,1368.377,225.181,0.0,100.0,0,0,37.57,REGEN,-350.0
713,23.7592,1370.441,220.774,0.0,100.0,0,0,37.86,REGEN,-350.0
714,23.7925,1372.464,216.543,0.0,100.0,0,0,38.15,REGEN,-350.0
715,23.8258,1374.45,212.475,0.0,100.0,0,0,38.44,REGEN,-350.0
716,23.8591,1376.399,208.559,0.0,100.0,0,0,38.74,REGEN,-350.0
717,23.8924,1378.313,204.785,0.0,100.0,0,0,39.03,REGEN,-350.0
718,23.9258,1380.191,201.149,0.0,100.0,0,0,39.32,REGEN,-350.0
719,23.9591,1382.035,197.642,0.0,100.0,0,0,39.61,REGEN,-350.0
720,23.9924,1383.848,194.251,0.0,100.0,0,0,39.9,REGEN,-350.0
721,24.0257,1385.63,190.97,0.0,100.0,0,0,40.19,REGEN,-350.0
722,24.0591,1387.382,187.793,0.0,100.0,0,0,40.49,REGEN,-350.0
723,24.0924,1389.106,184.713,0.0,100.0,0,0,40.78,REGEN,-350.0
724,24.1257,1390.803,181.727,0.0,100.0,0,0,41.07,REGEN,-350.0
725,24.159,1392.473,178.829,0.0,100.0,0,0,41.36,REGEN,-350.0
726,24.1924,1394.116,176.026,0.0,100.0,0,0,41.65,REGEN,-350.0
727,24.2257,1395.73,173.316,0.0,100.0,0,0,41.94,REGEN,-350.0
728,24.259,1397.321,170.684,0.0,100.0,0,0,42.24,REGEN,-350.0
729,24.2923,1398.89,168.116,0.0,100.0,0,0,42.53,REGEN,-350.0
730,24.3256,1400.437,165.606,0.0,100.0,0,0,42.82,REGEN,-350.0
731,24.359,1401.958,163.196,0.0,100.0,0,0,43.11,REGEN,-350.0
732,24.3923,1403.455,160.858,0.0,100.0,0,0,43.4,REGEN,-350.0
733,24.4256,1404.934,158.582,0.0,100.0,0,0,43.69,REGEN,-350.0
734,24.4589,1406.395,156.364,0.0,100.0,0,0,43.98,REGEN,-350.0
735,24.4923,1407.83,154.231,0.0,100.0,0,0,44.28,REGEN,-350.0
736,24.5256,1409.247,152.163,0.0,100.0,0,0,44.57,REGEN,-350.0
737,24.5589,1410.648,150.151,0.0,100.0,0,0,44.86,REGEN,-350.0
738,24.5922,1412.029,148.212,0.0,100.0,0,0,45.15,REGEN,-350.0
739,24.6255,1413.39,146.358,0.0,100.0,0,0,45.44,REGEN,-350.0
740,24.6589,1414.738,144.64,0.0,100.0,0,0,45.73,REGEN,-350.0
741,24.6922,1416.071,143.146,0.0,100.0,0,0,46.03,REGEN,-350.0
742,24.7255,1417.387,141.723,0.0,100.0,0,0,46.32,REGEN,-350.0
743,24.7588,1418.694,140.304,0.0,100.0,0,0,46.61,REGEN,-350.0
744,24.7922,1419.987,138.865,0.0,100.0,0,0,46.9,REGEN,-350.0
745,24.8255,1421.264,137.521,0.0,100.0,0,0,47.19,REGEN,-350.0
746,24.8588,1422.533,136.235,0.0,100.0,0,0,47.48,REGEN,-350.0
747,24.8921,1423.788,135.065,0.0,100.0,0,0,47.78,REGEN,-350.0
748,24.9255,1425.032,134.001,0.0,100.0,0,0,48.07,REGEN,-350.0
749,24.9588,1426.271,133.005,0.0,100.0,0,0,48.36,REGEN,-350.0
750,24.9921,1427.496,132.18,0.0,100.0,0,0,48.65,REGEN,-350.0
751,25.0254,1428.716,131.369,0.0,100.0,0,0,48.94,REGEN,-350.0
752,25.0587,1429.929,130.583,0.0,100.0,0,0,49.23,REGEN,-350.0
753,25.0921,1431.132,129.719,0.0,100.0,0,0,49.52,REGEN,-350.0
754,25.1254,1432.331,128.82,0.0,100.0,0,0,49.82,REGEN,-350.0
755,25.1587,1433.517,127.837,0.0,100.0,0,0,50.11,REGEN,-350.0
756,25.192,1434.696,126.877,0.0,100.0,0,0,50.4,REGEN,-350.0
757,25.2254,1435.867,125.963,0.0,100.0,0,0,50.69,REGEN,-350.0
758,25.2587,1437.031,125.502,0.0,100.0,0,0,50.98,REGEN,-350.0
759,25.292,1438.192,125.296,0.0,100.0,0,0,51.27,REGEN,-350.0
760,25.3253,1439.352,125.278,0.0,100.0,0,0,51.57,REGEN,-350.0
761,25.3587,1440.512,125.278,0.0,100.0,0,0,51.86,REGEN,-350.0
762,25.392,1441.671,125.278,0.0,100.0,0,0,52.15,REGEN,-350.0
763,25.4253,1442.831,125.271,0.0,100.0,0,0,52.44,REGEN,-55.41
764,25.4586,1443.99,125.255,100.0,100.0,0,0,52.73,REGEN,583.93
765,25.4919,1445.142,124.358,100.0,0.0,0,0,52.59,DEPLOY,750.0
766,25.5253,1446.292,123.15,100.0,0.0,0,0,52.3,DEPLOY,750.0
767,25.5586,1447.42,121.672,100.0,0.0,0,0,52.01,DEPLOY,750.0
768,25.5919,1448.543,120.28,100.0,0.0,0,0,51.72,DEPLOY,750.0
769,25.6252,1449.649,119.176,100.0,0.0,0,0,51.43,DEPLOY,750.0
770,25.6586,1450.751,118.459,100.0,0.0,0,0,51.13,DEPLOY,750.0
771,25.6919,1451.847,118.275,100.0,0.0,0,0,50.84,DEPLOY,750.0
772,25.7252,1452.941,118.091,100.0,0.0,0,0,50.55,DEPLOY,750.0
773,25.7585,1454.033,117.908,100.0,0.0,0,0,50.26,DEPLOY,750.0
774,25.7918,1455.123,117.724,100.0,0.0,0,0,49.97,DEPLOY,750.0
775,25.8252,1456.213,117.542,100.0,0.0,0,0,49.68,DEPLOY,750.0
776,25.8585,1457.311,118.722,100.0,0.0,0,0,49.38,DEPLOY,750.0
777,25.8918,1458.412,119.989,100.0,0.0,0,0,49.09,DEPLOY,750.0
778,25.9251,1459.532,121.34,100.0,0.0,0,0,48.8,DEPLOY,750.0
779,25.9585,1460.659,122.599,100.0,0.0,0,0,48.51,DEPLOY,750.0
780,25.9918,1461.8,123.683,100.0,0.0,0,0,48.22,DEPLOY,750.0
781,26.0251,1462.948,124.479,100.0,0.0,0,0,47.93,DEPLOY,750.0
782,26.0584,1464.102,125.077,100.0,0.0,0,0,47.64,DEPLOY,750.0
783,26.0918,1465.262,125.478,100.0,0.0,0,0,47.34,DEPLOY,750.0
784,26.1251,1466.424,125.865,100.0,0.0,0,0,47.05,DEPLOY,750.0
785,26.1584,1467.593,126.373,100.0,0.0,0,0,46.76,DEPLOY,750.0
786,26.1917,1468.765,126.929,100.0,0.0,0,0,46.47,DEPLOY,750.0
787,26.225,1469.942,127.553,100.0,0.0,0,0,46.18,DEPLOY,750.0
788,26.2584,1471.127,128.201,100.0,0.0,0,0,45.89,DEPLOY,750.0
789,26.2917,1472.315,128.859,100.0,0.0,0,0,45.59,DEPLOY,750.0
790,26.325,1473.512,129.505,100.0,0.0,0,0,45.3,DEPLOY,750.0
791,26.3583,1474.713,130.148,100.0,0.0,0,0,45.01,DEPLOY,750.0
792,26.3917,1475.921,130.783,100.0,0.0,0,0,44.72,DEPLOY,750.0
793,26.425,1477.135,131.439,100.0,0.0,0,0,44.43,DEPLOY,750.0
794,26.4583,1478.353,132.107,100.0,0.0,0,0,44.14,DEPLOY,750.0
795,26.4916,1479.581,132.846,100.0,0.0,0,0,43.84,DEPLOY,750.0
796,26.5249,1480.814,133.624,100.0,0.0,0,0,43.55,DEPLOY,750.0
797,26.5583,1482.054,134.45,100.0,0.0,0,0,43.26,DEPLOY,750.0
798,26.5916,1483.304,135.343,100.0,0.0,0,0,42.97,DEPLOY,750.0
799,26.6249,1484.56,136.266,100.0,0.0,0,0,42.68,DEPLOY,750.0
800,26.6582,1485.827,137.247,100.0,0.0,0,0,42.39,DEPLOY,750.0
801,26.6916,1487.103,138.275,100.0,0.0,0,0,42.1,DEPLOY,750.0
802,26.7249,1488.385,139.333,100.0,0.0,0,0,41.8,DEPLOY,750.0
803,26.7582,1489.682,140.453,100.0,0.0,0,0,41.51,DEPLOY,750.0
804,26.7915,1490.988,141.604,100.0,0.0,0,0,41.22,DEPLOY,750.0
805,26.8249,1492.301,142.775,100.0,0.0,0,0,40.93,DEPLOY,750.0
806,26.8582,1493.629,143.757,100.0,0.0,0,0,40.64,DEPLOY,750.0
807,26.8915,1494.966,144.909,100.0,0.0,0,0,40.35,DEPLOY,750.0
808,26.9248,1496.31,146.222,100.0,0.0,0,0,40.05,DEPLOY,750.0
809,26.9581,1497.673,147.593,100.0,0.0,0,0,39.76,DEPLOY,750.0
810,26.9915,1499.046,148.988,100.0,0.0,0,0,39.47,DEPLOY,750.0
811,27.0248,1500.429,150.407,100.0,0.0,0,0,39.18,DEPLOY,750.0
812,27.0581,1501.829,151.863,100.0,0.0,0,0,38.89,DEPLOY,750.0
813,27.0914,1503.243,153.346,100.0,0.0,0,0,38.6,DEPLOY,750.0
814,27.1248,1504.668,154.852,100.0,0.0,0,0,38.31,DEPLOY,750.0
815,27.1581,1506.107,156.386,100.0,0.0,0,0,38.01,DEPLOY,750.0
816,27.1914,1507.564,157.952,100.0,0.0,0,0,37.72,DEPLOY,750.0
817,27.2247,1509.034,159.539,100.0,0.0,0,0,37.43,DEPLOY,750.0
818,27.258,1510.516,161.133,100.0,0.0,0,0,37.14,DEPLOY,750.0
819,27.2914,1512.015,162.67,100.0,0.0,0,0,36.85,DEPLOY,750.0
820,27.3247,1513.528,164.04,100.0,0.0,0,0,36.56,DEPLOY,750.0
821,27.358,1515.053,165.377,100.0,0.0,0,0,36.27,DEPLOY,750.0
822,27.3913,1516.588,166.719,100.0,0.0,0,0,35.97,DEPLOY,750.0
823,27.4247,1518.137,168.066,100.0,0.0,0,0,35.68,DEPLOY,750.0
824,27.458,1519.7,169.42,100.0,0.0,0,0,35.39,DEPLOY,750.0
825,27.4913,1521.275,170.779,100.0,0.0,0,0,35.1,DEPLOY,750.0
826,27.5246,1522.862,172.141,100.0,0.0,0,0,34.81,DEPLOY,750.0
827,27.558,1524.46,173.507,100.0,0.0,0,0,34.52,DEPLOY,750.0
828,27.5913,1526.073,174.877,100.0,0.0,0,0,34.23,DEPLOY,750.0
829,27.6246,1527.699,176.248,100.0,0.0,0,0,33.94,DEPLOY,750.0
830,27.6579,1529.337,177.592,100.0,0.0,0,0,33.65,DEPLOY,750.0
831,27.6912,1530.987,178.926,100.0,0.0,0,0,33.35,DEPLOY,750.0
832,27.7246,1532.649,180.269,100.0,0.0,0,0,33.06,DEPLOY,750.0
833,27.7579,1534.322,181.618,100.0,0.0,0,0,32.77,DEPLOY,750.0
834,27.7912,1536.01,182.974,100.0,0.0,0,0,32.48,DEPLOY,750.0
835,27.8245,1537.711,184.335,100.0,0.0,0,0,32.19,DEPLOY,750.0
836,27.8579,1539.424,185.7,100.0,0.0,0,0,31.9,DEPLOY,750.0
837,27.8912,1541.149,187.069,100.0,0.0,0,0,31.6,DEPLOY,750.0
838,27.9245,1542.887,188.441,100.0,0.0,0,0,31.31,DEPLOY,750.0
839,27.9578,1544.637,189.817,100.0,0.0,0,0,31.02,DEPLOY,750.0
840,27.9912,1546.4,191.196,100.0,0.0,0,0,30.73,DEPLOY,750.0
841,28.0245,1548.176,192.579,100.0,0.0,0,0,30.44,DEPLOY,750.0
842,28.0578,1549.965,193.966,100.0,0.0,0,0,30.15,DEPLOY,750.0
843,28.0911,1551.768,195.355,100.0,0.0,0,0,29.86,DEPLOY,750.0
844,28.1244,1553.583,196.748,100.0,0.0,0,0,29.56,DEPLOY,750.0
845,28.1578,1555.41,198.144,100.0,0.0,0,0,29.27,DEPLOY,750.0
846,28.1911,1557.251,199.545,100.0,0.0,0,0,28.98,DEPLOY,749.44
847,28.2244,1559.104,200.949,100.0,0.0,0,0,28.69,DEPLOY,746.61
848,28.2577,1560.971,202.357,100.0,0.0,0,0,28.4,DEPLOY,741.58
849,28.2911,1562.85,203.769,100.0,0.0,0,0,28.12,DEPLOY,736.54
850,28.3244,1564.743,205.185,100.0,0.0,0,0,27.84,DEPLOY,731.48
851,28.3577,1566.648,206.604,100.0,0.0,0,0,27.56,DEPLOY,726.41
852,28.391,1568.567,208.027,100.0,0.0,0,0,27.29,DEPLOY,721.33
853,28.4243,1570.499,209.441,100.0,0.0,0,0,27.02,DEPLOY,716.23
854,28.4577,1572.444,210.818,100.0,0.0,0,0,26.76,DEPLOY,711.13
855,28.491,1574.402,212.191,100.0,0.0,0,0,26.5,DEPLOY,706.01
856,28.5243,1576.372,213.56,100.0,0.0,0,0,26.24,DEPLOY,700.88
857,28.5576,1578.355,214.924,100.0,0.0,0,0,25.99,DEPLOY,695.74
858,28.591,1580.351,216.282,100.0,0.0,0,0,25.75,DEPLOY,690.59
859,28.6243,1582.359,217.635,100.0,0.0,0,0,25.5,DEPLOY,685.44
860,28.6576,1584.38,218.98,100.0,0.0,0,0,25.27,DEPLOY,680.27
861,28.6909,1586.413,220.317,100.0,0.0,0,0,25.03,DEPLOY,675.09
862,28.7243,1588.459,221.647,100.0,0.0,0,0,24.81,DEPLOY,669.91
863,28.7576,1590.516,222.967,100.0,0.0,0,0,24.58,DEPLOY,664.73
864,28.7909,1592.586,224.277,100.0,0.0,0,0,24.36,DEPLOY,659.6
865,28.8242,1594.669,225.577,100.0,0.0,0,0,24.15,DEPLOY,654.57
866,28.8575,1596.763,226.867,100.0,0.0,0,0,23.94,DEPLOY,649.63
867,28.8909,1598.869,228.145,100.0,0.0,0,0,23.73,DEPLOY,644.78
868,28.9242,1600.986,229.411,100.0,0.0,0,0,23.53,DEPLOY,640.01
869,28.9575,1603.116,230.665,100.0,0.0,0,0,23.33,DEPLOY,635.33
870,28.9908,1605.257,231.907,100.0,0.0,0,0,23.13,DEPLOY,630.74
871,29.0242,1607.409,233.135,100.0,0.0,0,0,22.94,DEPLOY,626.22
872,29.0575,1609.573,234.349,100.0,0.0,0,0,22.76,DEPLOY,621.78
873,29.0908,1611.747,235.549,100.0,0.0,0,0,22.57,DEPLOY,617.41
874,29.1241,1613.933,236.734,100.0,0.0,0,0,22.39,DEPLOY,613.12
875,29.1574,1616.129,237.905,100.0,0.0,0,0,22.22,DEPLOY,608.9
876,29.1908,1618.336,239.06,100.0,0.0,0,0,22.04,DEPLOY,604.75
877,29.2241,1620.555,240.197,100.0,0.0,0,0,21.87,DEPLOY,600.67
878,29.2574,1622.784,241.319,100.0,0.0,0,0,21.71,DEPLOY,596.66
879,29.2907,1625.023,242.423,100.0,0.0,0,0,21.55,DEPLOY,592.71
880,29.3241,1627.272,243.511,100.0,0.0,0,0,21.39,DEPLOY,588.82
881,29.3574,1629.531,244.581,100.0,0.0,0,0,21.23,DEPLOY,584.99
882,29.3907,1631.799,245.633,100.0,0.0,0,0,21.08,DEPLOY,581.22
883,29.424,1634.077,246.667,100.0,0.0,0,0,20.93,DEPLOY,577.51
884,29.4574,1636.365,247.681,100.0,0.0,0,0,20.78,DEPLOY,573.86
885,29.4907,1638.663,248.675,100.0,0.0,0,0,20.64,DEPLOY,570.27
886,29.524,1640.969,249.649,100.0,0.0,0,0,20.5,DEPLOY,566.74
887,29.5573,1643.285,250.602,100.0,0.0,0,0,20.36,DEPLOY,563.25
888,29.5906,1645.608,251.535,100.0,0.0,0,0,20.22,DEPLOY,559.82
889,29.624,1647.941,252.447,100.0,0.0,0,0,20.09,DEPLOY,556.44
890,29.6573,1650.281,253.338,100.0,0.0,0,0,19.96,DEPLOY,553.11
891,29.6906,1652.631,254.204,100.0,0.0,0,0,19.84,DEPLOY,549.84
892,29.7239,1654.988,255.047,100.0,0.0,0,0,19.71,DEPLOY,546.61
893,29.7573,1657.352,255.867,100.0,0.0,0,0,19.59,DEPLOY,543.43
894,29.7906,1659.724,256.664,100.0,0.0,0,0,19.47,DEPLOY,540.3
895,29.8239,1662.103,257.437,100.0,0.0,0,0,19.36,DEPLOY,537.21
896,29.8572,1664.49,258.183,100.0,0.0,0,0,19.24,DEPLOY,534.17
897,29.8906,1666.883,258.904,100.0,0.0,0,0,19.13,DEPLOY,531.17
898,29.9239,1669.283,259.6,100.0,0.0,0,0,19.03,DEPLOY,528.22
899,29.9572,1671.689,260.27,100.0,0.0,0,0,18.92,DEPLOY,525.32
900,29.9905,1674.101,260.915,100.0,0.0,0,0,18.82,DEPLOY,522.45
901,30.0238,1676.519,261.533,100.0,0.0,0,0,18.72,DEPLOY,519.63
902,30.0572,1678.943,262.123,100.0,0.0,0,0,18.62,DEPLOY,516.85
903,30.0905,1681.372,262.688,100.0,0.0,0,0,18.52,DEPLOY,514.18
904,30.1238,1683.806,263.228,100.0,0.0,0,0,18.43,DEPLOY,511.76
905,30.1571,1686.244,263.742,100.0,0.0,0,0,18.34,DEPLOY,509.54
906,30.1905,1688.688,264.229,100.0,0.0,0,0,18.25,DEPLOY,507.48
907,30.2238,1691.136,264.691,100.0,0.0,0,0,18.16,DEPLOY,506.04
908,30.2571,1693.588,265.129,100.0,0.0,0,0,18.07,DEPLOY,505.65
909,30.2904,1696.044,265.545,100.0,0.0,0,0,17.98,DEPLOY,505.25
910,30.3237,1698.504,265.937,100.0,0.0,0,0,17.9,DEPLOY,504.87
911,30.3571,1700.967,266.305,100.0,0.0,0,0,17.81,DEPLOY,504.49
912,30.3904,1703.434,266.652,100.0,0.0,0,0,17.72,DEPLOY,504.12
913,30.4237,1705.904,266.979,100.0,0.0,0,0,17.64,DEPLOY,503.76
914,30.457,1708.376,267.285,100.0,0.0,0,0,17.55,DEPLOY,503.4
915,30.4904,1710.852,267.571,100.0,0.0,0,0,17.47,DEPLOY,503.05
916,30.5237,1713.33,267.838,100.0,0.0,0,0,17.38,DEPLOY,502.7
917,30.557,1715.81,268.088,100.0,0.0,0,0,17.3,DEPLOY,502.36
918,30.5903,1718.292,268.322,100.0,0.0,0,0,17.21,DEPLOY,502.03
919,30.6237,1720.777,268.539,100.0,0.0,0,0,17.13,DEPLOY,501.7
920,30.657,1723.264,268.741,100.0,0.0,0,0,17.04,DEPLOY,501.38
921,30.6903,1725.752,268.931,100.0,0.0,0,0,16.96,DEPLOY,501.06
922,30.7236,1728.242,269.108,100.0,0.0,0,0,16.87,DEPLOY,500.75
923,30.7569,1730.734,269.272,100.0,0.0,0,0,16.79,DEPLOY,500.45
924,30.7903,1733.227,269.425,100.0,0.0,0,0,16.71,DEPLOY,500.15
925,30.8236,1735.722,269.569,100.0,0.0,0,0,16.62,DEPLOY,499.86
926,30.8569,1738.218,269.704,100.0,0.0,0,0,16.54,DEPLOY,499.59
927,30.8902,1740.715,269.83,100.0,0.0,0,0,16.46,DEPLOY,499.33
928,30.9236,1743.213,269.948,100.0,0.0,0,0,16.38,DEPLOY,499.07
929,30.9569,1745.712,270.06,100.0,0.0,0,0,16.29,DEPLOY,498.82
930,30.9902,1748.212,270.166,100.0,0.0,0,0,16.21,DEPLOY,498.56
931,31.0235,1750.714,270.266,100.0,0.0,0,0,16.13,DEPLOY,498.32
932,31.0568,1753.216,270.361,100.0,0.0,0,0,16.05,DEPLOY,498.08
933,31.0902,1755.719,270.451,100.0,0.0,0,0,15.97,DEPLOY,497.84
934,31.1235,1758.222,270.538,100.0,0.0,0,0,15.88,DEPLOY,497.6
935,31.1568,1760.727,270.62,100.0,0.0,0,0,15.8,DEPLOY,497.38
936,31.1901,1763.232,270.699,100.0,0.0,0,0,15.72,DEPLOY,497.15
937,31.2235,1765.738,270.776,100.0,0.0,0,0,15.64,DEPLOY,496.93
938,31.2568,1768.245,270.849,100.0,0.0,0,0,15.56,DEPLOY,496.71
939,31.2901,1770.753,270.92,100.0,0.0,0,0,15.48,DEPLOY,496.5
940,31.3234,1773.261,270.989,100.0,0.0,0,0,15.4,DEPLOY,496.29
941,31.3568,1775.769,271.055,100.0,0.0,0,0,15.32,DEPLOY,496.08
942,31.3901,1778.279,271.12,100.0,0.0,0,0,15.24,DEPLOY,495.88
943,31.4234,1780.788,271.182,100.0,0.0,0,0,15.16,DEPLOY,495.68
944,31.4567,1783.299,271.243,100.0,0.0,0,0,15.08,DEPLOY,495.49
945,31.49,1785.81,271.302,100.0,0.0,0,0,15.0,DEPLOY,495.3
946,31.5234,1788.321,271.359,100.0,0.0,0,0,14.92,DEPLOY,495.11
947,31.5567,1790.833,271.414,100.0,0.0,0,0,14.84,DEPLOY,494.92
948,31.59,1793.346,271.468,100.0,0.0,0,0,14.76,DEPLOY,494.74
949,31.6233,1795.859,271.521,100.0,0.0,0,0,14.68,DEPLOY,494.56
950,31.6567,1798.373,271.571,100.0,0.0,0,0,14.61,DEPLOY,494.39
951,31.69,1800.887,271.62,100.0,0.0,0,0,14.53,DEPLOY,494.22
952,31.7233,1803.401,271.667,100.0,0.0,0,0,14.45,DEPLOY,494.05
953,31.7566,1805.916,271.713,100.0,0.0,0,0,14.37,DEPLOY,493.88
954,31.79,1808.431,271.757,100.0,0.0,0,0,14.29,DEPLOY,493.72
955,31.8233,1810.947,271.799,100.0,0.0,0,0,14.21,DEPLOY,493.56
956,31.8566,1813.463,271.839,100.0,0.0,0,0,14.14,DEPLOY,493.4
957,31.8899,1815.979,271.878,100.0,0.0,0,0,14.06,DEPLOY,493.25
958,31.9232,1818.496,271.915,100.0,0.0,0,0,13.98,DEPLOY,493.09
959,31.9566,1821.013,271.95,100.0,0.0,0,0,13.9,DEPLOY,492.94
960,31.9899,1823.53,271.983,100.0,0.0,0,0,13.83,DEPLOY,492.8
961,32.0232,1826.048,272.015,100.0,0.0,0,0,13.75,DEPLOY,492.65
962,32.0565,1828.566,272.045,100.0,0.0,0,0,13.67,DEPLOY,492.51
963,32.0899,1831.084,272.074,100.0,0.0,0,0,13.59,DEPLOY,492.37
964,32.1232,1833.603,272.101,100.0,0.0,0,0,13.52,DEPLOY,492.24
965,32.1565,1836.122,272.128,100.0,0.0,0,0,13.44,DEPLOY,492.1
966,32.1898,1838.641,272.153,100.0,0.0,0,0,13.36,DEPLOY,491.97
967,32.2231,1841.16,272.178,100.0,0.0,0,0,13.29,DEPLOY,491.84
968,32.2565,1843.68,272.203,100.0,0.0,0,0,13.21,DEPLOY,491.72
969,32.2898,1846.199,272.227,100.0,0.0,0,0,13.13,DEPLOY,491.59
970,32.3231,1848.719,272.253,100.0,0.0,0,0,13.06,DEPLOY,491.47
971,32.3564,1851.239,272.279,100.0,0.0,0,0,12.98,DEPLOY,491.35
972,32.3898,1853.76,272.307,100.0,0.0,0,0,12.91,DEPLOY,491.23
973,32.4231,1856.281,272.336,100.0,0.0,0,0,12.83,DEPLOY,491.12
974,32.4564,1858.802,272.369,100.0,0.0,0,0,12.75,DEPLOY,491.0
975,32.4897,1861.323,272.405,100.0,0.0,0,0,12.68,DEPLOY,490.89
976,32.5231,1863.844,272.445,100.0,0.0,0,0,12.6,DEPLOY,490.78
977,32.5564,1866.364,271.984,100.0,0.0,0,0,12.53,DEPLOY,443.99
978,32.5897,1868.881,271.818,0.0,100.0,0,0,12.54,REGEN,-350.0
979,32.623,1871.397,271.818,0.0,100.0,0,0,12.83,REGEN,-350.0
980,32.6563,1873.913,271.818,0.0,100.0,0,0,13.13,REGEN,-350.0
981,32.6897,1876.429,271.816,100.0,0.0,0,0,13.39,DEPLOY,493.94
982,32.723,1878.945,271.814,100.0,0.0,0,0,13.31,DEPLOY,493.95
983,32.7563,1881.461,271.863,100.0,0.0,0,0,13.23,DEPLOY,493.79
984,32.7896,1883.978,271.911,100.0,0.0,0,0,13.16,DEPLOY,493.63
985,32.823,1886.495,271.959,100.0,0.0,0,0,13.08,DEPLOY,493.47
986,32.8563,1889.013,272.006,100.0,0.0,0,0,13.0,DEPLOY,493.31
987,32.8896,1891.531,272.052,100.0,0.0,0,0,12.92,DEPLOY,493.16
988,32.9229,1894.049,272.097,100.0,0.0,0,0,12.84,DEPLOY,493.01
989,32.9562,1896.568,272.141,100.0,0.0,0,0,12.77,DEPLOY,492.86
990,32.9896,1899.087,272.185,100.0,0.0,0,0,12.69,DEPLOY,492.72
991,33.0229,1901.607,272.227,100.0,0.0,0,0,12.61,DEPLOY,492.58
992,33.0562,1904.127,272.269,100.0,0.0,0,0,12.54,DEPLOY,492.44
993,33.0895,1906.647,272.311,100.0,0.0,0,0,12.46,DEPLOY,492.3
994,33.1229,1909.168,272.351,100.0,0.0,0,0,12.38,DEPLOY,492.16
995,33.1562,1911.689,272.391,100.0,0.0,0,0,12.31,DEPLOY,492.03
996,33.1895,1914.211,272.43,100.0,0.0,0,0,12.23,DEPLOY,491.9
997,33.2228,1916.733,272.578,100.0,0.0,0,0,12.15,DEPLOY,491.41
998,33.2562,1919.259,273.206,100.0,0.0,0,0,12.08,DEPLOY,489.31
999,33.2895,1921.791,273.875,100.0,0.0,0,0,12.0,DEPLOY,487.08
1000,33.3228,1924.329,274.536,100.0,0.0,0,0,11.93,DEPLOY,484.88
1001,33.3561,1926.873,275.188,100.0,0.0,0,0,11.86,DEPLOY,482.71
1002,33.3894,1929.424,275.831,100.0,0.0,0,0,11.79,DEPLOY,480.56
1003,33.4228,1931.979,276.467,100.0,0.0,0,0,11.72,DEPLOY,478.44
1004,33.4561,1934.541,277.094,100.0,0.0,0,0,11.66,DEPLOY,476.35
1005,33.4894,1937.109,277.713,100.0,0.0,0,0,11.59,DEPLOY,474.29
1006,33.5227,1939.683,278.325,100.0,0.0,0,0,11.53,DEPLOY,472.25
1007,33.5561,1942.262,278.926,100.0,0.0,0,0,11.47,DEPLOY,470.24
1008,33.5894,1944.845,279.324,100.0,0.0,0,0,11.41,DEPLOY,468.25
1009,33.6227,1947.433,279.686,100.0,0.0,0,0,11.36,DEPLOY,466.29
1010,33.656,1950.023,280.044,100.0,0.0,0,0,11.3,DEPLOY,464.36
1011,33.6893,1952.617,280.395,100.0,0.0,0,0,11.25,DEPLOY,462.45
1012,33.7227,1955.214,280.739,100.0,0.0,0,0,11.2,DEPLOY,460.57
1013,33.756,1957.814,281.073,100.0,0.0,0,0,11.15,DEPLOY,458.71
1014,33.7893,1960.417,281.397,100.0,0.0,0,0,11.1,DEPLOY,456.88
1015,33.8226,1963.024,281.706,100.0,0.0,0,0,11.05,DEPLOY,455.07
1016,33.856,1965.632,282.001,100.0,0.0,0,0,11.01,DEPLOY,453.29
1017,33.8893,1968.244,282.282,100.0,0.0,0,0,10.96,DEPLOY,451.52
1018,33.9226,1970.858,282.542,100.0,0.0,0,0,10.92,DEPLOY,449.79
1019,33.9559,1973.475,282.785,100.0,0.0,0,0,10.88,DEPLOY,448.07
1020,33.9893,1976.093,283.009,100.0,0.0,0,0,10.84,DEPLOY,446.37
1021,34.0226,1978.714,283.211,100.0,0.0,0,0,10.8,DEPLOY,444.7
1022,34.0559,1981.336,283.391,100.0,0.0,0,0,10.77,DEPLOY,443.31
1023,34.0892,1983.96,283.55,100.0,0.0,0,0,10.73,DEPLOY,443.43
1024,34.1225,1986.585,283.685,100.0,0.0,0,0,10.69,DEPLOY,444.14
1025,34.1559,1989.212,283.797,100.0,0.0,0,0,10.66,DEPLOY,444.83
1026,34.1892,1991.839,283.886,0.0,0.0,0,0,10.62,DEPLOY,-191.62
1027,34.2225,1994.467,283.951,0.0,100.0,0,0,10.86,REGEN,-350.0
1028,34.2558,1997.096,283.99,0.0,100.0,0,0,11.15,REGEN,-350.0
1029,34.2892,1999.724,284.008,0.0,100.0,0,0,11.44,REGEN,-350.0
1030,34.3225,2002.353,284.002,0.0,100.0,0,0,11.73,REGEN,-350.0
1031,34.3558,2004.982,283.972,0.0,100.0,0,0,12.02,REGEN,-350.0
1032,34.3891,2007.61,283.92,0.0,100.0,0,0,12.31,REGEN,-350.0
1033,34.4225,2010.238,283.849,0.0,100.0,0,0,12.6,REGEN,-350.0
1034,34.4558,2012.865,283.755,0.0,100.0,0,0,12.88,REGEN,-350.0
1035,34.4891,2015.491,283.643,0.0,100.0,0,0,13.17,REGEN,-350.0
1036,34.5224,2018.116,283.514,0.0,100.0,0,0,13.46,REGEN,-350.0
1037,34.5557,2020.739,283.367,0.0,100.0,0,0,13.75,REGEN,-350.0
1038,34.5891,2023.362,283.206,0.0,100.0,0,0,14.04,REGEN,-350.0
1039,34.6224,2025.982,283.033,0.0,100.0,0,0,14.33,REGEN,-350.0
1040,34.6557,2028.601,282.847,0.0,100.0,0,0,14.62,REGEN,-350.0
1041,34.689,2031.218,282.651,0.0,100.0,0,0,14.9,REGEN,-350.0
1042,34.7224,2033.834,282.448,0.0,100.0,0,0,15.19,REGEN,-350.0
1043,34.7557,2036.445,281.764,0.0,100.0,0,0,15.48,REGEN,-350.0
1044,34.789,2039.042,279.527,0.0,100.0,0,0,15.77,REGEN,-350.0
1045,34.8223,2041.626,279.057,0.0,100.0,0,0,16.07,REGEN,-350.0
1046,34.8556,2044.209,279.057,0.0,100.0,0,0,16.36,REGEN,-350.0
1047,34.889,2046.792,279.001,100.0,0.0,0,0,16.57,DEPLOY,469.97
1048,34.9223,2049.374,278.853,100.0,0.0,0,0,16.51,DEPLOY,470.49
1049,34.9556,2051.955,278.779,100.0,0.0,0,0,16.45,DEPLOY,470.74
1050,34.9889,2054.535,278.705,100.0,0.0,0,0,16.4,DEPLOY,470.98
1051,35.0223,2057.114,278.633,100.0,0.0,0,0,16.34,DEPLOY,471.22
1052,35.0556,2059.693,278.563,100.0,0.0,0,0,16.28,DEPLOY,471.46
1053,35.0889,2062.271,278.493,100.0,0.0,0,0,16.22,DEPLOY,471.69
1054,35.1222,2064.849,278.425,100.0,0.0,0,0,16.16,DEPLOY,471.92
1055,35.1556,2067.426,278.358,100.0,0.0,0,0,16.1,DEPLOY,472.14
1056,35.1889,2070.002,278.292,100.0,0.0,0,0,16.04,DEPLOY,472.36
1057,35.2222,2072.578,278.227,100.0,0.0,0,0,15.98,DEPLOY,472.58
1058,35.2555,2075.153,278.163,100.0,0.0,0,0,15.92,DEPLOY,472.79
1059,35.2888,2077.727,278.101,100.0,0.0,0,0,15.86,DEPLOY,473.0
1060,35.3222,2080.301,278.039,100.0,0.0,0,0,15.8,DEPLOY,473.2
1061,35.3555,2082.874,277.979,100.0,0.0,0,0,15.73,DEPLOY,473.4
1062,35.3888,2085.447,277.92,100.0,0.0,0,0,15.67,DEPLOY,473.6
1063,35.4221,2088.019,277.861,100.0,0.0,0,0,15.61,DEPLOY,473.8
1064,35.4555,2090.591,277.804,100.0,0.0,0,0,15.55,DEPLOY,473.99
1065,35.4888,2093.162,277.748,100.0,0.0,0,0,15.49,DEPLOY,474.17
1066,35.5221,2095.733,277.692,100.0,0.0,0,0,15.43,DEPLOY,474.36
1067,35.5554,2098.303,277.638,100.0,0.0,0,0,15.37,DEPLOY,474.54
1068,35.5887,2100.873,277.585,100.0,0.0,0,0,15.3,DEPLOY,474.72
1069,35.6221,2103.442,277.532,100.0,0.0,0,0,15.24,DEPLOY,474.89
1070,35.6554,2106.011,277.481,100.0,0.0,0,0,15.18,DEPLOY,475.06
1071,35.6887,2108.579,277.43,100.0,0.0,0,0,15.12,DEPLOY,475.23
1072,35.722,2111.147,277.381,100.0,0.0,0,0,15.05,DEPLOY,475.4
1073,35.7554,2113.714,277.332,100.0,0.0,0,0,14.99,DEPLOY,475.56
1074,35.7887,2116.281,277.284,100.0,0.0,0,0,14.93,DEPLOY,475.72
1075,35.822,2118.847,277.237,100.0,0.0,0,0,14.86,DEPLOY,475.88
1076,35.8553,2121.413,277.19,100.0,0.0,0,0,14.8,DEPLOY,476.03
1077,35.8887,2123.979,277.145,100.0,0.0,0,0,14.74,DEPLOY,476.18
1078,35.922,2126.544,277.17,100.0,0.0,0,0,14.67,DEPLOY,476.1
1079,35.9553,2129.112,277.703,100.0,0.0,0,0,14.61,DEPLOY,474.32
1080,35.9886,2131.685,278.311,100.0,0.0,0,0,14.55,DEPLOY,472.3
1081,36.0219,2134.264,278.915,100.0,0.0,0,0,14.49,DEPLOY,470.28
1082,36.0553,2136.849,279.511,100.0,0.0,0,0,14.43,DEPLOY,468.3
1083,36.0886,2139.439,280.099,100.0,0.0,0,0,14.37,DEPLOY,466.33
1084,36.1219,2142.034,280.681,100.0,0.0,0,0,14.32,DEPLOY,464.4
1085,36.1552,2144.635,281.255,100.0,0.0,0,0,14.27,DEPLOY,462.48
1086,36.1886,2147.241,281.821,100.0,0.0,0,0,14.21,DEPLOY,460.6
1087,36.2219,2149.852,282.381,100.0,0.0,0,0,14.16,DEPLOY,458.73
1088,36.2552,2152.468,282.934,100.0,0.0,0,0,14.11,DEPLOY,456.89
1089,36.2885,2155.09,283.48,100.0,0.0,0,0,14.07,DEPLOY,455.07
1090,36.3219,2157.717,284.019,100.0,0.0,0,0,14.02,DEPLOY,453.27
1091,36.3552,2160.348,284.552,100.0,0.0,0,0,13.98,DEPLOY,451.49
1092,36.3885,2162.984,285.077,100.0,0.0,0,0,13.94,DEPLOY,449.74
1093,36.4218,2165.625,285.597,100.0,0.0,0,0,13.89,DEPLOY,448.01
1094,36.4551,2168.271,286.1,100.0,0.0,0,0,13.85,DEPLOY,446.3
1095,36.4885,2170.922,286.534,100.0,0.0,0,0,13.82,DEPLOY,444.61
1096,36.5218,2173.576,286.971,100.0,0.0,0,0,13.78,DEPLOY,442.94
1097,36.5551,2176.234,287.411,100.0,0.0,0,0,13.74,DEPLOY,441.29
1098,36.5884,2178.897,287.854,100.0,0.0,0,0,13.71,DEPLOY,439.67
1099,36.6218,2181.563,288.297,100.0,0.0,0,0,13.68,DEPLOY,438.06
1100,36.6551,2184.234,288.741,100.0,0.0,0,0,13.64,DEPLOY,436.47
1101,36.6884,2186.909,289.185,100.0,0.0,0,0,13.61,DEPLOY,434.9
1102,36.7217,2189.587,289.628,100.0,0.0,0,0,13.59,DEPLOY,433.35
1103,36.755,2192.27,290.069,100.0,0.0,0,0,13.56,DEPLOY,431.82
1104,36.7884,2194.957,290.509,100.0,0.0,0,0,13.53,DEPLOY,430.31
1105,36.8217,2197.648,290.947,100.0,0.0,0,0,13.51,DEPLOY,428.81
1106,36.855,2200.343,291.382,100.0,0.0,0,0,13.48,DEPLOY,427.34
1107,36.8883,2203.043,291.814,100.0,0.0,0,0,13.46,DEPLOY,425.88
1108,36.9217,2205.746,292.242,100.0,0.0,0,0,13.44,DEPLOY,424.43
1109,36.955,2208.453,292.667,100.0,0.0,0,0,13.42,DEPLOY,423.01
1110,36.9883,2211.164,293.088,100.0,0.0,0,0,13.4,DEPLOY,421.6
1111,37.0216,2213.879,293.504,100.0,0.0,0,0,13.38,DEPLOY,420.21
1112,37.055,2216.597,293.916,100.0,0.0,0,0,13.37,DEPLOY,418.83
1113,37.0883,2219.32,294.323,100.0,0.0,0,0,13.35,DEPLOY,417.47
1114,37.1216,2222.046,294.725,100.0,0.0,0,0,13.34,DEPLOY,416.13
1115,37.1549,2224.776,295.121,100.0,0.0,0,0,13.32,DEPLOY,414.8
1116,37.1882,2227.509,295.51,100.0,0.0,0,0,13.31,DEPLOY,413.49
1117,37.2216,2230.246,295.894,100.0,0.0,0,0,13.3,DEPLOY,412.19
1118,37.2549,2232.987,296.269,100.0,0.0,0,0,13.29,DEPLOY,410.91
1119,37.2882,2235.731,296.637,100.0,0.0,0,0,13.28,DEPLOY,409.65
1120,37.3215,2238.479,296.996,100.0,0.0,0,0,13.27,DEPLOY,408.39
1121,37.3549,2241.229,297.344,100.0,0.0,0,0,13.26,DEPLOY,407.16
1122,37.3882,2243.983,297.682,100.0,0.0,0,0,13.26,DEPLOY,405.93
1123,37.4215,2246.74,298.007,100.0,0.0,0,0,13.25,DEPLOY,404.72
1124,37.4548,2249.5,298.318,100.0,0.0,0,0,13.25,DEPLOY,403.53
1125,37.4881,2252.263,298.614,100.0,0.0,0,0,13.25,DEPLOY,402.35
1126,37.5215,2255.028,298.89,100.0,0.0,0,0,13.25,DEPLOY,401.18
1127,37.5548,2257.796,299.146,100.0,0.0,0,0,13.25,DEPLOY,400.14
1128,37.5881,2260.566,299.38,100.0,0.0,0,0,13.25,DEPLOY,400.0
1129,37.6214,2263.338,299.585,100.0,0.0,0,0,13.25,DEPLOY,400.0
1130,37.6548,2266.112,299.764,100.0,0.0,0,0,13.25,DEPLOY,400.0
1131,37.6881,2268.887,299.905,100.0,0.0,0,0,13.25,DEPLOY,400.0
1132,37.7214,2271.664,300.011,100.0,0.0,0,0,13.25,DEPLOY,400.0
1133,37.7547,2274.441,300.076,100.0,0.0,0,0,13.25,DEPLOY,400.0
1134,37.7881,2277.219,300.09,100.0,0.0,0,0,13.25,DEPLOY,400.0
1135,37.8214,2279.997,300.058,100.0,0.0,0,0,13.25,DEPLOY,400.0
1136,37.8547,2282.774,299.964,100.0,0.0,0,0,13.25,DEPLOY,400.0
1137,37.888,2285.549,299.809,100.0,0.0,0,0,13.25,DEPLOY,400.0
1138,37.9213,2288.324,299.59,100.0,0.0,0,0,13.25,DEPLOY,400.0
1139,37.9547,2291.095,299.29,100.0,0.0,0,0,13.25,DEPLOY,400.0
1140,37.988,2293.864,298.917,100.0,0.0,0,0,13.25,DEPLOY,400.0
1141,38.0213,2296.629,298.457,100.0,0.0,0,0,13.25,DEPLOY,400.0
1142,38.0546,2299.389,297.906,100.0,0.0,0,0,13.25,DEPLOY,400.0
1143,38.088,2302.144,297.268,100.0,0.0,0,0,13.25,DEPLOY,400.0
1144,38.1213,2304.892,296.521,100.0,0.0,0,0,13.25,DEPLOY,400.0
1145,38.1546,2307.632,295.676,100.0,0.0,0,0,13.25,DEPLOY,400.0
1146,38.1879,2310.365,294.729,100.0,0.0,0,0,13.25,DEPLOY,400.0
1147,38.2213,2313.088,293.664,100.0,0.0,0,0,13.25,DEPLOY,400.0
1148,38.2546,2315.801,292.497,100.0,0.0,0,0,13.25,DEPLOY,400.0
1149,38.2879,2318.503,291.217,100.0,0.0,0,0,13.25,DEPLOY,400.0
1150,38.3212,2321.192,289.82,100.0,0.0,0,0,13.25,DEPLOY,400.0
1151,38.3545,2323.868,288.321,0.0,0.0,0,0,13.25,DEPLOY,-215.81
1152,38.3879,2326.529,286.711,0.0,100.0,0,0,13.48,REGEN,-350.0
1153,38.4212,2329.175,284.989,0.0,100.0,0,0,13.75,REGEN,-350.0
1154,38.4545,2331.805,283.17,0.0,100.0,0,0,14.02,REGEN,-350.0
1155,38.4878,2334.417,281.252,0.0,100.0,0,0,14.29,REGEN,-350.0
1156,38.5212,2337.01,279.234,0.0,100.0,0,0,14.55,REGEN,-350.0
1157,38.5545,2339.585,277.125,0.0,100.0,0,0,14.82,REGEN,-350.0
1158,38.5878,2342.141,274.907,0.0,100.0,0,0,15.08,REGEN,-350.0
1159,38.6211,2344.674,272.552,0.0,100.0,0,0,15.35,REGEN,-350.0
1160,38.6544,2347.185,270.074,0.0,100.0,0,0,15.63,REGEN,-350.0
1161,38.6878,2349.673,267.482,0.0,100.0,0,0,15.9,REGEN,-350.0
1162,38.7211,2352.138,264.779,0.0,100.0,0,0,16.18,REGEN,-350.0
1163,38.7544,2354.575,261.959,0.0,100.0,0,0,16.47,REGEN,-350.0
1164,38.7877,2356.985,259.041,0.0,100.0,0,0,16.75,REGEN,-350.0
1165,38.8211,2359.369,256.036,0.0,100.0,0,0,17.04,REGEN,-350.0
1166,38.8544,2361.725,252.861,0.0,100.0,0,0,17.33,REGEN,-350.0
1167,38.8877,2364.047,248.316,0.0,100.0,0,0,17.62,REGEN,-350.0
1168,38.921,2366.324,243.587,0.0,100.0,0,0,17.91,REGEN,-350.0
1169,38.9544,2368.556,239.034,0.0,100.0,0,0,18.2,REGEN,-350.0
1170,38.9877,2370.747,234.621,0.0,100.0,0,0,18.49,REGEN,-350.0
1171,39.021,2372.898,230.37,0.0,100.0,0,0,18.79,REGEN,-350.0
1172,39.0543,2375.011,226.293,0.0,100.0,0,0,19.08,REGEN,-350.0
1173,39.0876,2377.088,222.409,0.0,100.0,0,0,19.37,REGEN,-350.0
1174,39.121,2379.129,218.732,0.0,100.0,0,0,19.66,REGEN,-350.0
1175,39.1543,2381.138,215.249,0.0,100.0,0,0,19.95,REGEN,-350.0
1176,39.1876,2383.115,211.917,0.0,100.0,0,0,20.24,REGEN,-350.0
1177,39.2209,2385.061,208.689,0.0,100.0,0,0,20.54,REGEN,-350.0
1178,39.2543,2386.978,205.544,0.0,100.0,0,0,20.83,REGEN,-350.0
1179,39.2876,2388.867,202.496,0.0,100.0,0,0,21.12,REGEN,-350.0
1180,39.3209,2390.728,199.58,0.0,100.0,0,0,21.41,REGEN,-350.0
1181,39.3542,2392.563,196.829,0.0,100.0,0,0,21.7,REGEN,-350.0
1182,39.3875,2394.375,194.263,0.0,100.0,0,0,21.99,REGEN,-350.0
1183,39.4209,2396.162,191.889,0.0,100.0,0,0,22.29,REGEN,-350.0
1184,39.4542,2397.927,189.685,0.0,100.0,0,0,22.58,REGEN,-350.0
1185,39.4875,2399.672,187.516,0.0,100.0,0,0,22.87,REGEN,-350.0
1186,39.5208,2401.396,185.247,0.0,100.0,0,0,23.16,REGEN,-350.0
1187,39.5542,2403.099,182.783,0.0,100.0,0,0,23.45,REGEN,-350.0
1188,39.5875,2404.779,180.118,0.0,100.0,0,0,23.74,REGEN,-350.0
1189,39.6208,2406.436,177.322,0.0,100.0,0,0,24.03,REGEN,-350.0
1190,39.6541,2408.064,174.539,0.0,100.0,0,0,24.33,REGEN,-350.0
1191,39.6875,2409.665,171.843,0.0,100.0,0,0,24.62,REGEN,-350.0
1192,39.7208,2411.244,169.508,100.0,100.0,0,0,24.91,REGEN,215.22
1193,39.7541,2412.808,168.036,100.0,0.0,0,0,24.98,DEPLOY,750.0
1194,39.7874,2414.362,167.666,100.0,0.0,0,0,24.69,DEPLOY,750.0
1195,39.8207,2415.912,167.295,100.0,0.0,0,0,24.4,DEPLOY,750.0
1196,39.8541,2417.459,166.927,100.0,0.0,0,0,24.1,DEPLOY,750.0
1197,39.8874,2419.002,166.56,100.0,0.0,0,0,23.81,DEPLOY,750.0
1198,39.9207,2420.544,166.474,100.0,0.0,0,0,23.52,DEPLOY,750.0
1199,39.954,2422.089,167.413,100.0,0.0,0,0,23.23,DEPLOY,750.0
1200,39.9874,2423.644,168.358,100.0,0.0,0,0,22.94,DEPLOY,750.0
1201,40.0207,2425.207,169.309,100.0,0.0,0,0,22.65,DEPLOY,750.0
1202,40.054,2426.778,170.264,100.0,0.0,0,0,22.36,DEPLOY,750.0
1203,40.0873,2428.358,171.224,100.0,0.0,0,0,22.07,DEPLOY,750.0
1204,40.1207,2429.947,172.19,100.0,0.0,0,0,21.78,DEPLOY,750.0
1205,40.154,2431.546,173.162,100.0,0.0,0,0,21.5,DEPLOY,750.0
1206,40.1873,2433.154,174.14,100.0,0.0,0,0,21.21,DEPLOY,750.0
1207,40.2206,2434.77,175.122,100.0,0.0,0,0,20.92,DEPLOY,750.0
1208,40.2539,2436.395,176.11,100.0,0.0,0,0,20.64,DEPLOY,750.0
1209,40.2873,2438.029,177.103,100.0,0.0,0,0,20.35,DEPLOY,750.0
1210,40.3206,2439.67,177.394,100.0,0.0,0,0,20.05,DEPLOY,750.0
1211,40.3539,2441.316,178.003,100.0,0.0,0,0,19.76,DEPLOY,750.0
1212,40.3872,2442.967,178.846,100.0,0.0,0,0,19.47,DEPLOY,750.0
1213,40.4206,2444.626,179.677,100.0,0.0,0,0,19.18,DEPLOY,750.0
1214,40.4539,2446.292,180.362,100.0,0.0,0,0,18.89,DEPLOY,750.0
1215,40.4872,2447.966,181.306,100.0,0.0,0,0,18.6,DEPLOY,750.0
1216,40.5205,2449.649,182.32,100.0,0.0,0,0,18.3,DEPLOY,750.0
1217,40.5538,2451.342,183.41,100.0,0.0,0,0,18.01,DEPLOY,750.0
1218,40.5872,2453.046,184.573,100.0,0.0,0,0,17.72,DEPLOY,750.0
1219,40.6205,2454.759,185.804,100.0,0.0,0,0,17.43,DEPLOY,750.0
1220,40.6538,2456.484,187.086,100.0,0.0,0,0,17.14,DEPLOY,750.0
1221,40.6871,2458.221,188.399,100.0,0.0,0,0,16.85,DEPLOY,750.0
1222,40.7205,2459.97,189.334,100.0,0.0,0,0,16.56,DEPLOY,750.0
1223,40.7538,2461.726,190.048,100.0,0.0,0,0,16.27,DEPLOY,750.0
1224,40.7871,2463.489,190.708,100.0,0.0,0,0,15.98,DEPLOY,750.0
1225,40.8204,2465.257,191.343,100.0,0.0,0,0,15.69,DEPLOY,750.0
1226,40.8538,2467.031,191.949,100.0,0.0,0,0,15.4,DEPLOY,750.0
1227,40.8871,2468.81,192.521,100.0,0.0,0,0,15.11,DEPLOY,750.0
1228,40.9204,2470.594,193.058,100.0,0.0,0,0,14.83,DEPLOY,750.0
1229,40.9537,2472.384,193.555,100.0,0.0,0,0,14.55,DEPLOY,749.72
1230,40.987,2474.177,194.01,100.0,0.0,0,0,14.26,DEPLOY,746.81
1231,41.0204,2475.975,194.417,100.0,0.0,0,0,13.99,DEPLOY,742.0
1232,41.0537,2477.776,194.779,0.0,0.0,0,0,13.71,DEPLOY,-112.54
1233,41.087,2479.581,195.096,0.0,100.0,0,0,13.86,REGEN,-350.0
1234,41.1203,2481.388,195.368,0.0,100.0,0,0,14.14,REGEN,-350.0
1235,41.1537,2483.197,195.594,0.0,100.0,0,0,14.42,REGEN,-350.0
1236,41.187,2485.009,195.775,0.0,100.0,0,0,14.7,REGEN,-350.0
1237,41.2203,2486.822,195.911,0.0,100.0,0,0,14.98,REGEN,-350.0
1238,41.2536,2488.635,196.003,0.0,100.0,0,0,15.26,REGEN,-350.0
1239,41.2869,2490.45,196.052,0.0,100.0,0,0,15.54,REGEN,-350.0
1240,41.3203,2492.265,196.06,0.0,100.0,0,0,15.82,REGEN,-350.0
1241,41.3536,2494.079,196.028,0.0,100.0,0,0,16.1,REGEN,-350.0
1242,41.3869,2495.893,195.961,0.0,100.0,0,0,16.38,REGEN,-350.0
1243,41.4202,2497.707,195.865,0.0,100.0,0,0,16.66,REGEN,-350.0
1244,41.4536,2499.519,195.742,0.0,100.0,0,0,16.94,REGEN,-350.0
1245,41.4869,2501.33,195.6,0.0,100.0,0,0,17.22,REGEN,-350.0
1246,41.5202,2503.14,195.44,0.0,100.0,0,0,17.5,REGEN,-350.0
1247,41.5535,2504.948,195.269,0.0,100.0,0,0,17.78,REGEN,-350.0
1248,41.5869,2506.755,195.09,0.0,100.0,0,0,18.07,REGEN,-350.0
1249,41.6202,2508.558,194.502,0.0,100.0,0,0,18.35,REGEN,-350.0
1250,41.6535,2510.349,192.164,0.0,100.0,0,0,18.65,REGEN,-350.0
1251,41.6868,2512.115,189.345,0.0,100.0,0,0,18.94,REGEN,-350.0
1252,41.7201,2513.854,186.795,0.0,100.0,0,0,19.23,REGEN,-350.0
1253,41.7535,2515.576,185.372,100.0,100.0,0,0,19.52,REGEN,399.32
1254,41.7868,2517.289,184.671,100.0,0.0,0,0,19.45,DEPLOY,750.0
1255,41.8201,2518.996,184.223,100.0,0.0,0,0,19.15,DEPLOY,750.0
1256,41.8534,2520.699,183.776,100.0,0.0,0,0,18.86,DEPLOY,750.0
1257,41.8868,2522.399,183.331,100.0,0.0,0,0,18.57,DEPLOY,750.0
1258,41.9201,2524.094,182.888,100.0,0.0,0,0,18.28,DEPLOY,750.0
1259,41.9534,2525.785,182.6,100.0,0.0,0,0,17.99,DEPLOY,750.0
1260,41.9867,2527.475,182.628,100.0,0.0,0,0,17.7,DEPLOY,750.0
1261,42.02,2529.17,183.344,100.0,0.0,0,0,17.4,DEPLOY,750.0
1262,42.0534,2530.872,184.582,100.0,0.0,0,0,17.11,DEPLOY,750.0
1263,42.0867,2532.587,185.954,100.0,0.0,0,0,16.82,DEPLOY,750.0
1264,42.12,2534.314,187.418,100.0,0.0,0,0,16.53,DEPLOY,750.0
1265,42.1533,2536.056,188.898,100.0,0.0,0,0,16.24,DEPLOY,750.0
1266,42.1867,2537.812,190.37,100.0,0.0,0,0,15.95,DEPLOY,750.0
1267,42.22,2539.581,191.835,100.0,0.0,0,0,15.65,DEPLOY,750.0
1268,42.2533,2541.364,193.293,100.0,0.0,0,0,15.36,DEPLOY,750.0
1269,42.2866,2543.16,194.743,100.0,0.0,0,0,15.07,DEPLOY,750.0
1270,42.32,2544.969,196.186,100.0,0.0,0,0,14.78,DEPLOY,750.0
1271,42.3533,2546.791,197.622,100.0,0.0,0,0,14.49,DEPLOY,750.0
1272,42.3866,2548.627,199.05,100.0,0.0,0,0,14.2,DEPLOY,749.8
1273,42.4199,2550.475,200.471,100.0,0.0,0,0,13.91,DEPLOY,748.32
1274,42.4532,2552.337,201.884,100.0,0.0,0,0,13.61,DEPLOY,743.27
1275,42.4866,2554.212,203.29,100.0,0.0,0,0,13.33,DEPLOY,738.25
1276,42.5199,2556.1,204.688,100.0,0.0,0,0,13.05,DEPLOY,733.26
1277,42.5532,2558.002,206.078,100.0,0.0,0,0,12.77,DEPLOY,728.29
1278,42.5865,2559.916,207.461,100.0,0.0,0,0,12.5,DEPLOY,723.35
1279,42.6199,2561.843,208.836,100.0,0.0,0,0,12.23,DEPLOY,718.44
1280,42.6532,2563.782,210.192,100.0,0.0,0,0,11.96,DEPLOY,713.59
1281,42.6865,2565.733,211.429,100.0,0.0,0,0,11.7,DEPLOY,708.85
1282,42.7198,2567.696,212.623,100.0,0.0,0,0,11.44,DEPLOY,704.23
1283,42.7532,2569.67,213.824,100.0,0.0,0,0,11.19,DEPLOY,700.21
1284,42.7865,2571.655,215.02,100.0,0.0,0,0,10.94,DEPLOY,696.28
1285,42.8198,2573.65,216.184,100.0,0.0,0,0,10.69,DEPLOY,692.2
1286,42.8531,2575.657,217.38,100.0,0.0,0,0,10.45,DEPLOY,687.93
1287,42.8864,2577.675,218.606,100.0,0.0,0,0,10.21,DEPLOY,683.55
1288,42.9198,2579.704,219.843,100.0,0.0,0,0,9.97,DEPLOY,679.13
1289,42.9531,2581.744,221.102,100.0,0.0,0,0,9.74,DEPLOY,674.64
1290,42.9864,2583.797,222.389,100.0,0.0,0,0,9.51,DEPLOY,670.04
1291,43.0197,2585.861,223.652,100.0,0.0,0,0,9.29,DEPLOY,665.35
1292,43.0531,2587.937,224.888,100.0,0.0,0,0,9.07,DEPLOY,660.55
1293,43.0864,2590.024,226.115,100.0,0.0,0,0,8.85,DEPLOY,655.68
1294,43.1197,2592.122,227.337,100.0,0.0,0,0,8.64,DEPLOY,650.73
1295,43.153,2594.232,228.552,100.0,0.0,0,0,8.43,DEPLOY,645.84
1296,43.1863,2596.354,229.761,100.0,0.0,0,0,8.22,DEPLOY,641.05
1297,43.2197,2598.486,230.962,100.0,0.0,0,0,8.02,DEPLOY,636.34
1298,43.253,2600.63,232.154,100.0,0.0,0,0,7.83,DEPLOY,631.72
1299,43.2863,2602.784,233.338,100.0,0.0,0,0,7.64,DEPLOY,627.17
1300,43.3196,2604.95,234.513,100.0,0.0,0,0,7.45,DEPLOY,622.71
1301,43.353,2607.126,235.677,100.0,0.0,0,0,7.26,DEPLOY,618.32
1302,43.3863,2609.313,236.832,100.0,0.0,0,0,7.08,DEPLOY,614.01
1303,43.4196,2611.51,237.976,100.0,0.0,0,0,6.91,DEPLOY,609.77
1304,43.4529,2613.718,239.109,100.0,0.0,0,0,6.73,DEPLOY,605.6
1305,43.4863,2615.936,240.231,100.0,0.0,0,0,6.56,DEPLOY,601.5
1306,43.5196,2618.165,241.342,100.0,0.0,0,0,6.39,DEPLOY,597.46
1307,43.5529,2620.404,242.439,100.0,0.0,0,0,6.23,DEPLOY,593.49
1308,43.5862,2622.653,243.524,100.0,0.0,0,0,6.07,DEPLOY,589.59
1309,43.6195,2624.913,244.597,100.0,0.0,0,0,5.91,DEPLOY,585.75
1310,43.6529,2627.182,245.658,100.0,0.0,0,0,5.76,DEPLOY,581.97
1311,43.6862,2629.46,246.705,100.0,0.0,0,0,5.61,DEPLOY,578.25
1312,43.7195,2631.749,247.74,100.0,0.0,0,0,5.46,DEPLOY,574.58
1313,43.7528,2634.046,248.762,100.0,0.0,0,0,5.32,DEPLOY,570.97
1314,43.7862,2636.353,249.77,100.0,0.0,0,0,5.18,DEPLOY,567.42
1315,43.8195,2638.67,250.765,100.0,0.0,0,0,5.04,DEPLOY,563.92
1316,43.8528,2640.996,251.746,100.0,0.0,0,0,4.9,DEPLOY,560.48
1317,43.8861,2643.331,252.715,100.0,0.0,0,0,4.77,DEPLOY,557.08
1318,43.9194,2645.674,253.67,100.0,0.0,0,0,4.64,DEPLOY,553.74
1319,43.9528,2648.027,254.613,100.0,0.0,0,0,4.51,DEPLOY,550.44
1320,43.9861,2650.388,255.542,100.0,0.0,0,0,4.39,DEPLOY,547.2
1321,44.0194,2652.758,256.458,100.0,0.0,0,0,4.27,DEPLOY,544.0
1322,44.0527,2655.136,257.361,100.0,0.0,0,0,4.15,DEPLOY,540.85
1323,44.0861,2657.522,258.252,100.0,0.0,0,0,4.03,DEPLOY,537.75
1324,44.1194,2659.916,259.13,100.0,0.0,0,0,3.92,DEPLOY,534.69
1325,44.1527,2662.319,259.996,100.0,0.0,0,0,3.8,DEPLOY,531.67
1326,44.186,2664.73,260.849,100.0,0.0,0,0,3.7,DEPLOY,528.7
1327,44.2194,2667.148,261.691,100.0,0.0,0,0,3.59,DEPLOY,525.77
1328,44.2527,2669.574,262.52,100.0,0.0,0,0,3.49,DEPLOY,522.88
1329,44.286,2672.008,263.339,100.0,0.0,0,0,3.38,DEPLOY,520.03
1330,44.3193,2674.449,264.145,100.0,0.0,0,0,3.28,DEPLOY,517.22
1331,44.3526,2676.898,264.94,100.0,0.0,0,0,3.19,DEPLOY,514.45
1332,44.386,2679.354,265.724,100.0,0.0,0,0,3.09,DEPLOY,511.72
1333,44.4193,2681.817,266.498,100.0,0.0,0,0,3.0,DEPLOY,509.03
1334,44.4526,2684.287,267.261,100.0,0.0,0,0,2.91,DEPLOY,506.37
1335,44.4859,2686.765,268.012,100.0,0.0,0,0,2.82,DEPLOY,503.75
1336,44.5193,2689.249,268.753,100.0,0.0,0,0,2.74,DEPLOY,501.17
1337,44.5526,2691.74,269.485,100.0,0.0,0,0,2.65,DEPLOY,498.72
1338,44.5859,2694.237,270.207,100.0,0.0,0,0,2.57,DEPLOY,496.37
1339,44.6192,2696.742,270.918,100.0,0.0,0,0,2.49,DEPLOY,494.05
1340,44.6526,2699.253,271.62,100.0,0.0,0,0,2.41,DEPLOY,491.77
1341,44.6859,2701.771,272.313,100.0,0.0,0,0,2.34,DEPLOY,489.51
1342,44.7192,2704.294,272.997,100.0,0.0,0,0,2.26,DEPLOY,487.28
1343,44.7525,2706.825,273.671,100.0,0.0,0,0,2.19,DEPLOY,485.09
1344,44.7858,2709.361,274.336,100.0,0.0,0,0,2.12,DEPLOY,482.92
1345,44.8192,2711.903,274.993,100.0,0.0,0,0,2.05,DEPLOY,480.77
1346,44.8525,2714.451,275.641,100.0,0.0,0,0,1.98,DEPLOY,478.66
1347,44.8858,2717.006,276.28,100.0,0.0,0,0,1.92,DEPLOY,476.57
1348,44.9191,2719.566,276.911,100.0,0.0,0,0,1.86,DEPLOY,474.51
1349,44.9525,2722.132,277.534,100.0,0.0,0,0,1.79,DEPLOY,472.47
1350,44.9858,2724.704,278.149,100.0,0.0,0,0,1.73,DEPLOY,470.47
1351,45.0191,2727.282,278.755,100.0,0.0,0,0,1.67,DEPLOY,468.48
1352,45.0524,2729.864,279.355,100.0,0.0,0,0,1.62,DEPLOY,466.52
1353,45.0857,2732.453,279.946,100.0,0.0,0,0,1.56,DEPLOY,464.59
1354,45.1191,2735.047,280.529,100.0,0.0,0,0,1.51,DEPLOY,462.68
1355,45.1524,2737.646,281.104,100.0,0.0,0,0,1.46,DEPLOY,460.79
1356,45.1857,2740.251,281.672,100.0,0.0,0,0,1.41,DEPLOY,458.92
1357,45.219,2742.861,282.232,100.0,0.0,0,0,1.36,DEPLOY,457.08
1358,45.2524,2745.476,282.784,100.0,0.0,0,0,1.31,DEPLOY,455.27
1359,45.2857,2748.096,283.329,100.0,0.0,0,0,1.27,DEPLOY,453.47
1360,45.319,2750.721,283.866,100.0,0.0,0,0,1.22,DEPLOY,451.7
1361,45.3523,2753.351,284.394,100.0,0.0,0,0,1.18,DEPLOY,449.95
1362,45.3857,2755.986,284.914,100.0,0.0,0,0,1.14,DEPLOY,448.21
1363,45.419,2758.625,285.425,100.0,0.0,0,0,1.1,DEPLOY,446.51
1364,45.4523,2761.27,285.927,100.0,0.0,0,0,1.06,DEPLOY,444.82
1365,45.4856,2763.919,286.42,100.0,0.0,0,0,1.02,DEPLOY,443.15
1366,45.5189,2766.572,286.902,100.0,0.0,0,0,0.99,DEPLOY,441.5
1367,45.5523,2769.23,287.373,100.0,0.0,0,0,0.95,DEPLOY,439.87
1368,45.5856,2771.892,287.832,100.0,0.0,0,0,0.92,DEPLOY,438.27
1369,45.6189,2774.558,288.277,100.0,0.0,0,0,0.89,DEPLOY,436.68
1370,45.6522,2777.229,288.707,100.0,0.0,0,0,0.86,DEPLOY,435.11
1371,45.6856,2779.903,289.122,100.0,0.0,0,0,0.83,DEPLOY,433.56
1372,45.7189,2782.581,289.519,100.0,0.0,0,0,0.8,DEPLOY,432.03
1373,45.7522,2785.263,289.894,100.0,0.0,0,0,0.77,DEPLOY,430.52
1374,45.7855,2787.948,290.248,100.0,0.0,0,0,0.75,DEPLOY,429.02
1375,45.8188,2790.636,290.576,100.0,0.0,0,0,0.72,DEPLOY,427.54
1376,45.8522,2793.327,290.875,100.0,0.0,0,0,0.7,DEPLOY,426.09
1377,45.8855,2796.021,291.144,100.0,0.0,0,0,0.68,DEPLOY,424.65
1378,45.9188,2798.717,291.375,100.0,0.0,0,0,0.66,DEPLOY,423.22
1379,45.9521,2801.415,291.566,100.0,0.0,0,0,0.64,DEPLOY,421.82
1380,45.9855,2804.114,291.716,100.0,0.0,0,0,0.62,DEPLOY,420.43
1381,46.0188,2806.815,291.813,100.0,0.0,0,0,0.61,DEPLOY,419.06
1382,46.0521,2809.516,291.858,100.0,0.0,0,0,0.59,DEPLOY,417.71
1383,46.0854,2812.218,291.847,100.0,0.0,0,0,0.58,DEPLOY,416.38
1384,46.1188,2814.919,291.763,100.0,0.0,0,0,0.56,DEPLOY,415.06
1385,46.1521,2817.619,291.614,100.0,0.0,0,0,0.55,DEPLOY,413.76
1386,46.1854,2820.317,291.391,100.0,0.0,0,0,0.54,DEPLOY,412.48
1387,46.2187,2823.013,291.079,100.0,0.0,0,0,0.53,DEPLOY,411.22
1388,46.252,2825.705,290.685,100.0,0.0,0,0,0.52,DEPLOY,409.97
1389,46.2854,2828.394,290.201,100.0,0.0,0,0,0.51,DEPLOY,408.74
1390,46.3187,2831.077,289.61,100.0,0.0,0,0,0.51,DEPLOY,407.53
1391,46.352,2833.755,288.924,100.0,0.0,0,0,0.5,DEPLOY,406.33
1392,46.3853,2836.426,288.131,100.0,0.0,0,0,0.49,DEPLOY,405.16
1393,46.4187,2839.088,287.221,100.0,0.0,0,0,0.49,DEPLOY,404.0
1394,46.452,2841.742,286.204,100.0,0.0,0,0,0.49,DEPLOY,402.86
1395,46.4853,2844.387,285.075,100.0,0.0,0,0,0.49,DEPLOY,401.73
1396,46.5186,2847.019,283.82,100.0,0.0,0,0,0.48,DEPLOY,400.63
1397,46.552,2849.64,282.456,100.0,0.0,0,0,0.48,DEPLOY,400.04
1398,46.5853,2852.249,280.981,0.0,100.0,0,0,0.49,REGEN,-350.0
1399,46.6186,2854.841,279.377,0.0,100.0,0,0,0.76,REGEN,-350.0
1400,46.6519,2857.419,277.666,0.0,100.0,0,0,1.03,REGEN,-350.0
1401,46.6852,2859.982,275.85,0.0,100.0,0,0,1.3,REGEN,-350.0
1402,46.7186,2862.526,273.923,0.0,100.0,0,0,1.56,REGEN,-350.0
1403,46.7519,2865.052,271.892,0.0,100.0,0,0,1.83,REGEN,-350.0
1404,46.7852,2867.559,269.765,0.0,100.0,0,0,2.09,REGEN,-350.0
1405,46.8185,2870.046,267.527,0.0,100.0,0,0,2.35,REGEN,-350.0
1406,46.8519,2872.511,265.15,0.0,100.0,0,0,2.62,REGEN,-350.0
1407,46.8852,2874.953,262.636,0.0,100.0,0,0,2.89,REGEN,-350.0
1408,46.9185,2877.372,259.996,0.0,100.0,0,0,3.17,REGEN,-350.0
1409,46.9518,2879.766,257.233,0.0,100.0,0,0,3.44,REGEN,-350.0
1410,46.9851,2882.135,254.351,0.0,100.0,0,0,3.72,REGEN,-350.0
1411,47.0185,2884.475,251.349,0.0,100.0,0,0,4.0,REGEN,-350.0
1412,47.0518,2886.786,248.238,0.0,100.0,0,0,4.29,REGEN,-350.0
1413,47.0851,2889.068,245.033,0.0,100.0,0,0,4.58,REGEN,-350.0
1414,47.1184,2891.321,241.627,0.0,100.0,0,0,4.87,REGEN,-350.0
1415,47.1518,2893.537,237.204,0.0,100.0,0,0,5.16,REGEN,-350.0
1416,47.1851,2895.711,232.296,0.0,100.0,0,0,5.45,REGEN,-350.0
1417,47.2184,2897.84,227.591,0.0,100.0,0,0,5.74,REGEN,-350.0
1418,47.2517,2899.926,223.085,0.0,100.0,0,0,6.03,REGEN,-350.0
1419,47.2851,2901.971,218.764,0.0,100.0,0,0,6.32,REGEN,-350.0
1420,47.3184,2903.977,214.615,0.0,100.0,0,0,6.62,REGEN,-350.0
1421,47.3517,2905.945,210.626,0.0,100.0,0,0,6.91,REGEN,-350.0
1422,47.385,2907.876,206.786,0.0,100.0,0,0,7.2,REGEN,-350.0
1423,47.4183,2909.772,203.084,0.0,100.0,0,0,7.49,REGEN,-350.0
1424,47.4517,2911.635,199.511,0.0,100.0,0,0,7.78,REGEN,-350.0
1425,47.485,2913.465,196.059,0.0,100.0,0,0,8.07,REGEN,-350.0
1426,47.5183,2915.264,192.72,0.0,100.0,0,0,8.37,REGEN,-350.0
1427,47.5516,2917.033,189.486,0.0,100.0,0,0,8.66,REGEN,-350.0
1428,47.585,2918.773,186.35,0.0,100.0,0,0,8.95,REGEN,-350.0
1429,47.6183,2920.485,183.307,0.0,100.0,0,0,9.24,REGEN,-350.0
1430,47.6516,2922.17,180.354,0.0,100.0,0,0,9.53,REGEN,-350.0
1431,47.6849,2923.824,177.499,0.0,100.0,0,0,9.82,REGEN,-350.0
1432,47.7182,2925.452,174.72,0.0,100.0,0,0,10.12,REGEN,-350.0
1433,47.7516,2927.057,172.013,0.0,100.0,0,0,10.41,REGEN,-350.0
1434,47.7849,2928.638,169.374,0.0,100.0,0,0,10.7,REGEN,-350.0
1435,47.8182,2930.197,166.802,0.0,100.0,0,0,10.99,REGEN,-350.0
1436,47.8515,2931.726,164.313,0.0,100.0,0,0,11.28,REGEN,-350.0
1437,47.8849,2933.234,161.881,0.0,100.0,0,0,11.57,REGEN,-350.0
1438,47.9182,2934.723,159.503,0.0,100.0,0,0,11.86,REGEN,-350.0
1439,47.9515,2936.192,157.178,0.0,100.0,0,0,12.16,REGEN,-350.0
1440,47.9848,2937.632,154.928,0.0,100.0,0,0,12.45,REGEN,-350.0
1441,48.0182,2939.056,152.726,0.0,100.0,0,0,12.74,REGEN,-350.0
1442,48.0515,2940.462,150.567,0.0,100.0,0,0,13.03,REGEN,-350.0
1443,48.0848,2941.845,148.472,0.0,100.0,0,0,13.32,REGEN,-350.0
1444,48.1181,2943.208,146.421,0.0,100.0,0,0,13.61,REGEN,-350.0
1445,48.1514,2944.556,144.406,0.0,100.0,0,0,13.91,REGEN,-350.0
1446,48.1848,2945.883,142.45,0.0,100.0,0,0,14.2,REGEN,-350.0
1447,48.2181,2947.191,140.548,0.0,100.0,0,0,14.49,REGEN,-350.0
1448,48.2514,2948.486,138.68,0.0,100.0,0,0,14.78,REGEN,-350.0
1449,48.2847,2949.76,136.868,0.0,100.0,0,0,15.07,REGEN,-350.0
1450,48.3181,2951.017,135.096,0.0,100.0,0,0,15.36,REGEN,-350.0
1451,48.3514,2952.264,133.35,0.0,100.0,0,0,15.65,REGEN,-350.0
1452,48.3847,2953.486,131.664,0.0,100.0,0,0,15.95,REGEN,-350.0
1453,48.418,2954.699,130.001,0.0,100.0,0,0,16.24,REGEN,-350.0
1454,48.4513,2955.895,128.374,0.0,100.0,0,0,16.53,REGEN,-350.0
1455,48.4847,2957.074,126.787,0.0,100.0,0,0,16.82,REGEN,-350.0
1456,48.518,2958.245,125.217,0.0,100.0,0,0,17.11,REGEN,-350.0
1457,48.5513,2959.392,123.702,0.0,100.0,0,0,17.4,REGEN,-350.0
1458,48.5846,2960.533,122.2,0.0,100.0,0,0,17.7,REGEN,-350.0
1459,48.618,2961.655,120.738,0.0,100.0,0,0,17.99,REGEN,-350.0
1460,48.6513,2962.767,119.336,0.0,100.0,0,0,18.28,REGEN,-350.0
1461,48.6846,2963.866,118.002,0.0,100.0,0,0,18.57,REGEN,-350.0
1462,48.7179,2964.95,116.693,0.0,100.0,0,0,18.86,REGEN,-350.0
1463,48.7513,2966.027,115.396,0.0,100.0,0,0,19.15,REGEN,-350.0
1464,48.7846,2967.086,114.103,0.0,100.0,0,0,19.45,REGEN,-350.0
1465,48.8179,2968.141,112.812,0.0,100.0,0,0,19.74,REGEN,-350.0
1466,48.8512,2969.175,111.567,0.0,100.0,0,0,20.03,REGEN,-350.0
1467,48.8845,2970.207,110.328,0.0,100.0,0,0,20.32,REGEN,-350.0
1468,48.9179,2971.217,109.141,0.0,100.0,0,0,20.61,REGEN,-350.0
1469,48.9512,2972.227,107.956,0.0,100.0,0,0,20.9,REGEN,-350.0
1470,48.9845,2973.216,106.824,0.0,100.0,0,0,21.19,REGEN,-350.0
1471,49.0178,2974.205,105.693,0.0,100.0,0,0,21.49,REGEN,-350.0
1472,49.0512,2975.173,104.62,0.0,100.0,0,0,21.78,REGEN,-350.0
1473,49.0845,2976.141,103.549,0.0,100.0,0,0,22.07,REGEN,-350.0
1474,49.1178,2977.091,102.548,0.0,100.0,0,0,22.36,REGEN,-350.0
1475,49.1511,2978.039,101.556,0.0,100.0,0,0,22.65,REGEN,-350.0
1476,49.1845,2978.972,100.637,0.0,100.0,0,0,22.94,REGEN,-350.0
1477,49.2178,2979.901,99.738,0.0,100.0,0,0,23.24,REGEN,-350.0
1478,49.2511,2980.819,98.886,0.0,100.0,0,0,23.53,REGEN,-350.0
1479,49.2844,2981.731,98.064,0.0,100.0,0,0,23.82,REGEN,-350.0
1480,49.3177,2982.635,97.239,0.0,100.0,0,0,24.11,REGEN,-350.0
1481,49.3511,2983.53,96.411,0.0,100.0,0,0,24.4,REGEN,-350.0
1482,49.3844,2984.421,95.569,0.0,100.0,0,0,24.69,REGEN,-350.0
1483,49.4177,2985.298,94.672,0.0,100.0,0,0,24.99,REGEN,-350.0
1484,49.451,2986.175,93.775,0.0,100.0,0,0,25.28,REGEN,-350.0
1485,49.4844,2987.033,92.822,0.0,100.0,0,0,25.57,REGEN,-350.0
1486,49.5177,2987.89,91.863,0.0,100.0,0,0,25.86,REGEN,-350.0
1487,49.551,2988.735,90.889,0.0,100.0,0,0,26.15,REGEN,-350.0
1488,49.5843,2989.571,89.905,0.0,100.0,0,0,26.44,REGEN,-350.0
1489,49.6176,2990.402,88.928,0.0,100.0,0,0,26.73,REGEN,-350.0
1490,49.651,2991.216,87.979,0.0,100.0,0,0,27.03,REGEN,-350.0
1491,49.6843,2992.03,87.031,0.0,100.0,0,0,27.32,REGEN,-350.0
1492,49.7176,2992.83,86.183,0.0,100.0,0,0,27.61,REGEN,-39.13
1493,49.7509,2993.623,85.376,100.0,100.0,0,0,27.9,REGEN,394.27
1494,49.7843,2994.414,84.629,100.0,0.0,0,0,28.09,DEPLOY,750.0
1495,49.8176,2995.193,84.161,100.0,0.0,0,0,27.8,DEPLOY,750.0
1496,49.8509,2995.971,83.693,100.0,0.0,0,0,27.5,DEPLOY,750.0
1497,49.8842,2996.746,83.452,100.0,0.0,0,0,27.21,DEPLOY,750.0
1498,49.9176,2997.518,83.36,100.0,0.0,0,0,26.92,DEPLOY,750.0
1499,49.9509,2998.289,83.269,100.0,0.0,0,0,26.63,DEPLOY,750.0
1500,49.9842,2999.059,83.178,100.0,0.0,0,0,26.34,DEPLOY,750.0
1501,50.0175,2999.829,83.087,100.0,0.0,0,0,26.05,DEPLOY,750.0
1502,50.0508,3000.598,82.996,100.0,0.0,0,0,25.76,DEPLOY,750.0
1503,50.0842,3001.365,82.905,100.0,0.0,0,0,25.46,DEPLOY,750.0
1504,50.1175,3002.133,82.814,100.0,0.0,0,0,25.17,DEPLOY,750.0
1505,50.1508,3002.898,82.724,100.0,0.0,0,0,24.88,DEPLOY,750.0
1506,50.1841,3003.664,82.634,100.0,0.0,0,0,24.59,DEPLOY,750.0
1507,50.2175,3004.429,82.634,100.0,0.0,0,0,24.3,DEPLOY,750.0
1508,50.2508,3005.198,82.947,100.0,0.0,0,0,24.01,DEPLOY,750.0
1509,50.2841,3005.966,83.26,100.0,0.0,0,0,23.72,DEPLOY,750.0
1510,50.3174,3006.738,83.575,100.0,0.0,0,0,23.43,DEPLOY,750.0
1511,50.3507,3007.514,83.89,100.0,0.0,0,0,23.14,DEPLOY,750.0
1512,50.3841,3008.289,84.206,100.0,0.0,0,0,22.85,DEPLOY,750.0
1513,50.4174,3009.073,84.525,100.0,0.0,0,0,22.57,DEPLOY,750.0
1514,50.4507,3009.856,84.845,100.0,0.0,0,0,22.28,DEPLOY,750.0
1515,50.484,3010.642,85.166,100.0,0.0,0,0,22.0,DEPLOY,750.0
1516,50.5174,3011.433,85.489,100.0,0.0,0,0,21.72,DEPLOY,750.0
1517,50.5507,3012.224,85.813,100.0,0.0,0,0,21.44,DEPLOY,750.0
1518,50.584,3013.022,86.141,100.0,0.0,0,0,21.16,DEPLOY,750.0
1519,50.6173,3013.82,86.469,100.0,0.0,0,0,20.88,DEPLOY,750.0
1520,50.6507,3014.622,86.798,100.0,0.0,0,0,20.6,DEPLOY,750.0
1521,50.684,3015.428,87.13,100.0,0.0,0,0,20.31,DEPLOY,750.0
1522,50.7173,3016.234,87.462,100.0,0.0,0,0,20.03,DEPLOY,750.0
1523,50.7506,3017.047,87.796,100.0,0.0,0,0,19.75,DEPLOY,750.0
1524,50.7839,3017.86,88.131,100.0,0.0,0,0,19.46,DEPLOY,750.0
1525,50.8173,3018.677,88.467,100.0,0.0,0,0,19.17,DEPLOY,750.0
1526,50.8506,3019.499,88.803,100.0,0.0,0,0,18.88,DEPLOY,750.0
1527,50.8839,3020.32,89.137,100.0,0.0,0,0,18.59,DEPLOY,750.0
1528,50.9172,3021.146,89.206,100.0,0.0,0,0,18.3,DEPLOY,750.0
1529,50.9506,3021.972,89.274,100.0,0.0,0,0,18.01,DEPLOY,750.0
1530,50.9839,3022.801,89.562,100.0,0.0,0,0,17.72,DEPLOY,750.0
1531,51.0172,3023.633,90.012,100.0,0.0,0,0,17.43,DEPLOY,750.0
1532,51.0505,3024.466,90.483,100.0,0.0,0,0,17.13,DEPLOY,750.0
1533,51.0839,3025.309,91.067,100.0,0.0,0,0,16.84,DEPLOY,750.0
1534,51.1172,3026.152,91.651,100.0,0.0,0,0,16.55,DEPLOY,750.0
1535,51.1505,3027.006,92.297,100.0,0.0,0,0,16.26,DEPLOY,750.0
1536,51.1838,3027.863,92.962,100.0,0.0,0,0,15.97,DEPLOY,750.0
1537,51.2171,3028.726,93.66,100.0,0.0,0,0,15.68,DEPLOY,750.0
1538,51.2505,3029.598,94.401,100.0,0.0,0,0,15.38,DEPLOY,750.0
1539,51.2838,3030.472,95.152,100.0,0.0,0,0,15.09,DEPLOY,750.0
1540,51.3171,3031.36,95.979,100.0,0.0,0,0,14.8,DEPLOY,750.0
1541,51.3504,3032.249,96.805,100.0,0.0,0,0,14.51,DEPLOY,750.0
1542,51.3838,3033.153,97.706,100.0,0.0,0,0,14.22,DEPLOY,750.0
1543,51.4171,3034.059,98.617,100.0,0.0,0,0,13.93,DEPLOY,750.0
1544,51.4504,3034.978,99.575,100.0,0.0,0,0,13.63,DEPLOY,750.0
1545,51.4837,3035.904,100.557,100.0,0.0,0,0,13.34,DEPLOY,750.0
1546,51.517,3036.839,101.561,100.0,0.0,0,0,13.05,DEPLOY,750.0
1547,51.5504,3037.784,102.588,100.0,0.0,0,0,12.76,DEPLOY,750.0
1548,51.5837,3038.738,103.626,100.0,0.0,0,0,12.47,DEPLOY,750.0
1549,51.617,3039.703,104.682,100.0,0.0,0,0,12.18,DEPLOY,750.0
1550,51.6503,3040.675,105.749,100.0,0.0,0,0,11.89,DEPLOY,750.0
1551,51.6837,3041.661,106.84,100.0,0.0,0,0,11.59,DEPLOY,750.0
1552,51.717,3042.653,107.941,100.0,0.0,0,0,11.3,DEPLOY,750.0
1553,51.7503,3043.659,109.065,100.0,0.0,0,0,11.01,DEPLOY,750.0
1554,51.7836,3044.672,110.189,100.0,0.0,0,0,10.72,DEPLOY,750.0
1555,51.817,3045.699,111.31,100.0,0.0,0,0,10.43,DEPLOY,750.0
1556,51.8503,3046.733,112.471,100.0,0.0,0,0,10.14,DEPLOY,750.0
1557,51.8836,3047.781,113.705,100.0,0.0,0,0,9.84,DEPLOY,750.0
1558,51.9169,3048.839,114.945,100.0,0.0,0,0,9.55,DEPLOY,750.0
1559,51.9502,3049.908,116.192,100.0,0.0,0,0,9.26,DEPLOY,750.0
1560,51.9836,3050.99,117.438,100.0,0.0,0,0,8.97,DEPLOY,750.0
1561,52.0169,3052.081,118.683,100.0,0.0,0,0,8.68,DEPLOY,750.0
1562,52.0502,3053.188,119.925,100.0,0.0,0,0,8.39,DEPLOY,750.0
1563,52.0835,3054.3,121.167,100.0,0.0,0,0,8.09,DEPLOY,750.0
1564,52.1169,3055.431,122.42,100.0,0.0,0,0,7.8,DEPLOY,750.0
1565,52.1502,3056.567,123.673,100.0,0.0,0,0,7.51,DEPLOY,750.0
1566,52.1835,3057.72,124.924,100.0,0.0,0,0,7.22,DEPLOY,750.0
1567,52.2168,3058.881,126.179,100.0,0.0,0,0,6.93,DEPLOY,750.0
1568,52.2501,3060.054,127.439,100.0,0.0,0,0,6.64,DEPLOY,750.0
1569,52.2835,3061.241,128.705,100.0,0.0,0,0,6.35,DEPLOY,750.0
1570,52.3168,3062.435,129.973,100.0,0.0,0,0,6.05,DEPLOY,750.0
1571,52.3501,3063.647,131.247,100.0,0.0,0,0,5.76,DEPLOY,750.0
1572,52.3834,3064.867,132.523,100.0,0.0,0,0,5.47,DEPLOY,750.0
1573,52.4168,3066.099,133.8,100.0,0.0,0,0,5.18,DEPLOY,750.0
1574,52.4501,3067.345,135.079,100.0,0.0,0,0,4.89,DEPLOY,750.0
1575,52.4834,3068.599,136.358,100.0,0.0,0,0,4.6,DEPLOY,750.0
1576,52.5167,3069.868,137.637,100.0,0.0,0,0,4.3,DEPLOY,750.0
1577,52.5501,3071.149,138.916,100.0,0.0,0,0,4.01,DEPLOY,750.0
1578,52.5834,3072.438,140.195,100.0,0.0,0,0,3.72,DEPLOY,750.0
1579,52.6167,3073.744,141.471,100.0,0.0,0,0,3.43,DEPLOY,750.0
1580,52.65,3075.059,142.745,100.0,0.0,0,0,3.14,DEPLOY,750.0
1581,52.6833,3076.384,144.017,100.0,0.0,0,0,2.85,DEPLOY,750.0
1582,52.7167,3077.725,145.281,100.0,0.0,0,0,2.55,DEPLOY,750.0
1583,52.75,3079.076,146.54,100.0,0.0,0,0,2.26,DEPLOY,750.0
1584,52.7833,3080.436,147.796,100.0,0.0,0,0,1.97,DEPLOY,750.0
1585,52.8166,3081.812,149.052,100.0,0.0,0,0,1.68,DEPLOY,750.0
1586,52.85,3083.197,150.291,100.0,0.0,0,0,1.39,DEPLOY,750.0
1587,52.8833,3084.593,151.514,100.0,0.0,0,0,1.1,DEPLOY,750.0
1588,52.9166,3086.001,152.721,100.0,0.0,0,0,0.81,DEPLOY,750.0
1589,52.9499,3087.423,154.244,100.0,0.0,0,0,0.51,DEPLOY,750.0
1590,52.9833,3088.858,155.874,100.0,0.0,0,0,0.24,DEPLOY,750.0
1591,53.0166,3090.306,157.498,100.0,0.0,0,0,0.01,DEPLOY,750.0
1592,53.0499,3091.774,159.099,100.0,0.0,0,0,0.0,DEPLOY,750.0
1593,53.0832,3093.253,160.545,100.0,0.0,0,0,0.0,DEPLOY,750.0
1594,53.1165,3094.744,161.883,100.0,0.0,0,0,0.0,DEPLOY,750.0
1595,53.1499,3096.248,163.208,100.0,0.0,0,0,0.0,DEPLOY,750.0
1596,53.1832,3097.766,164.525,100.0,0.0,0,0,0.0,DEPLOY,750.0
1597,53.2165,3099.296,165.838,100.0,0.0,0,0,0.0,DEPLOY,750.0
1598,53.2498,3100.836,167.145,100.0,0.0,0,0,0.0,DEPLOY,750.0
1599,53.2832,3102.387,168.447,100.0,0.0,0,0,0.0,DEPLOY,750.0
1600,53.3165,3103.954,169.742,100.0,0.0,0,0,0.0,DEPLOY,750.0
1601,53.3498,3105.532,171.031,100.0,0.0,0,0,0.0,DEPLOY,750.0
1602,53.3831,3107.121,172.315,100.0,0.0,0,0,0.0,DEPLOY,750.0
1603,53.4164,3108.721,173.594,100.0,0.0,0,0,0.0,DEPLOY,750.0
1604,53.4498,3110.332,174.865,100.0,0.0,0,0,0.0,DEPLOY,750.0
1605,53.4831,3111.958,176.129,100.0,0.0,0,0,0.0,DEPLOY,750.0
1606,53.5164,3113.595,177.387,100.0,0.0,0,0,0.0,DEPLOY,750.0
1607,53.5497,3115.243,178.644,100.0,0.0,0,0,0.0,DEPLOY,750.0
1608,53.5831,3116.902,179.9,100.0,0.0,0,0,0.0,DEPLOY,750.0
1609,53.6164,3118.572,181.155,100.0,0.0,0,0,0.0,DEPLOY,750.0
1610,53.6497,3120.254,182.408,100.0,0.0,0,0,0.0,DEPLOY,750.0
1611,53.683,3121.949,183.658,100.0,0.0,0,0,0.0,DEPLOY,750.0
1612,53.7164,3123.656,184.901,100.0,0.0,0,0,0.0,DEPLOY,750.0
1613,53.7497,3125.372,186.008,100.0,0.0,0,0,0.0,DEPLOY,750.0
1614,53.783,3127.098,186.981,100.0,0.0,0,0,0.0,DEPLOY,750.0
1615,53.8163,3128.833,187.92,100.0,0.0,0,0,0.0,DEPLOY,750.0
1616,53.8496,3130.577,188.92,100.0,0.0,0,0,0.0,DEPLOY,750.0
1617,53.883,3132.33,190.02,100.0,0.0,0,0,0.0,DEPLOY,750.0
1618,53.9163,3134.095,191.215,100.0,0.0,0,0,0.0,DEPLOY,750.0
1619,53.9496,3135.871,192.471,100.0,0.0,0,0,0.0,DEPLOY,750.0
1620,53.9829,3137.659,193.774,100.0,0.0,0,0,0.0,DEPLOY,750.0
1621,54.0163,3139.459,195.122,100.0,0.0,0,0,0.0,DEPLOY,750.0
1622,54.0496,3141.272,196.513,100.0,0.0,0,0,0.0,DEPLOY,750.0
1623,54.0829,3143.097,197.934,100.0,0.0,0,0,0.0,DEPLOY,750.0
1624,54.1162,3144.936,199.36,100.0,0.0,0,0,0.0,DEPLOY,749.53
1625,54.1495,3146.787,200.776,100.0,0.0,0,0,0.0,DEPLOY,747.22
1626,54.1829,3148.652,202.149,100.0,0.0,0,0,0.0,DEPLOY,742.18
1627,54.2162,3150.528,203.368,100.0,0.0,0,0,0.0,DEPLOY,737.16
1628,54.2495,3152.416,204.578,100.0,0.0,0,0,0.0,DEPLOY,732.18
1629,54.2828,3154.315,205.781,100.0,0.0,0,0,0.0,DEPLOY,727.23
1630,54.3162,3156.226,206.977,100.0,0.0,0,0,0.0,DEPLOY,722.32
1631,54.3495,3158.147,208.166,100.0,0.0,0,0,0.0,DEPLOY,717.43
1632,54.3828,3160.08,209.346,100.0,0.0,0,0,0.0,DEPLOY,712.63
1633,54.4161,3162.023,210.519,100.0,0.0,0,0,0.0,DEPLOY,707.93
1634,54.4495,3163.977,211.682,100.0,0.0,0,0,0.0,DEPLOY,703.36
1635,54.4828,3165.942,212.835,100.0,0.0,0,0,0.0,DEPLOY,698.89
1636,54.5161,3167.917,213.979,100.0,0.0,0,0,0.0,DEPLOY,694.53
1637,54.5494,3169.903,215.111,100.0,0.0,0,0,0.0,DEPLOY,690.27
1638,54.5827,3171.9,216.233,100.0,0.0,0,0,0.0,DEPLOY,686.12
1639,54.6161,3173.906,217.343,100.0,0.0,0,0,0.0,DEPLOY,682.06
1640,54.6494,3175.923,218.44,100.0,0.0,0,0,0.0,DEPLOY,678.09
1641,54.6827,3177.95,219.526,100.0,0.0,0,0,0.0,DEPLOY,674.21
1642,54.716,3179.987,220.598,100.0,0.0,0,0,0.0,DEPLOY,670.42
1643,54.7494,3182.034,221.658,100.0,0.0,0,0,0.0,DEPLOY,666.71
1644,54.7827,3184.09,222.704,100.0,0.0,0,0,0.0,DEPLOY,663.09
1645,54.816,3186.156,223.736,100.0,0.0,0,0,0.0,DEPLOY,659.54
1646,54.8493,3188.232,224.753,100.0,0.0,0,0,0.0,DEPLOY,656.08
1647,54.8827,3190.317,225.756,100.0,0.0,0,0,0.0,DEPLOY,652.69
1648,54.916,3192.411,226.744,100.0,0.0,0,0,0.0,DEPLOY,649.37
1649,54.9493,3194.514,227.715,100.0,0.0,0,0,0.0,DEPLOY,646.12
1650,54.9826,3196.627,228.669,100.0,0.0,0,0,0.0,DEPLOY,642.95
1651,55.0159,3198.748,229.607,100.0,0.0,0,0,0.0,DEPLOY,639.84
1652,55.0493,3200.878,230.526,100.0,0.0,0,0,0.0,DEPLOY,636.8
1653,55.0826,3203.016,231.425,100.0,0.0,0,0,0.0,DEPLOY,633.82
1654,55.1159,3205.162,232.303,100.0,0.0,0,0,0.0,DEPLOY,630.9
1655,55.1492,3207.316,233.158,100.0,0.0,0,0,0.0,DEPLOY,628.05
1656,55.1826,3209.478,233.989,100.0,0.0,0,0,0.0,DEPLOY,625.25
1657,55.2159,3211.648,234.794,100.0,0.0,0,0,0.0,DEPLOY,622.51
1658,55.2492,3213.825,235.568,100.0,0.0,0,0,0.0,DEPLOY,619.83
1659,55.2825,3216.008,236.312,100.0,0.0,0,0,0.0,DEPLOY,617.21
1660,55.3158,3218.199,237.02,100.0,0.0,0,0,0.0,DEPLOY,614.06
1661,55.3492,3220.396,237.688,100.0,0.0,0,0,0.0,DEPLOY,610.72
1662,55.3825,3222.599,238.312,100.0,0.0,0,0,0.0,DEPLOY,607.3
1663,55.4158,3224.808,238.888,100.0,0.0,0,0,0.0,DEPLOY,603.81
1664,55.4491,3227.021,239.415,100.0,0.0,0,0,0.0,DEPLOY,600.26
1665,55.4825,3229.24,239.886,100.0,0.0,0,0,0.0,DEPLOY,596.66
1666,55.5158,3231.462,240.299,100.0,0.0,0,0,0.0,DEPLOY,593.03
1667,55.5491,3233.688,240.649,100.0,0.0,0,0,0.0,DEPLOY,589.4
1668,55.5824,3235.917,240.933,100.0,0.0,0,0,0.0,DEPLOY,585.8
1669,55.6158,3238.148,241.145,100.0,0.0,0,0,0.0,DEPLOY,582.27
1670,55.6491,3240.381,241.282,100.0,0.0,0,0,0.0,DEPLOY,578.84
1671,55.6824,3242.614,241.334,100.0,0.0,0,0,0.0,DEPLOY,575.55
1672,55.7157,3244.848,241.304,100.0,0.0,0,0,0.0,DEPLOY,572.36
1673,55.749,3247.081,241.189,100.0,0.0,0,0,0.0,DEPLOY,569.31
1674,55.7824,3249.313,240.987,100.0,0.0,0,0,0.0,DEPLOY,566.41
1675,55.8157,3251.542,240.695,100.0,0.0,0,0,0.0,DEPLOY,564.33
1676,55.849,3253.768,240.312,100.0,0.0,0,0,0.0,DEPLOY,562.89
1677,55.8823,3255.991,239.836,100.0,0.0,0,0,0.0,DEPLOY,561.48
1678,55.9157,3258.208,239.268,100.0,0.0,0,0,0.0,DEPLOY,560.1
1679,55.949,3260.42,238.601,100.0,0.0,0,0,0.0,DEPLOY,558.75
1680,55.9823,3262.625,237.839,100.0,0.0,0,0,0.0,DEPLOY,426.48
1681,56.0156,3264.822,236.985,0.0,100.0,0,0,0.06,REGEN,-350.0
1682,56.0489,3267.011,236.041,0.0,100.0,0,0,0.33,REGEN,-350.0
1683,56.0823,3269.191,235.011,0.0,100.0,0,0,0.6,REGEN,-350.0
1684,56.1156,3271.361,233.896,0.0,100.0,0,0,0.87,REGEN,-350.0
1685,56.1489,3273.521,232.699,0.0,100.0,0,0,1.14,REGEN,-350.0
1686,56.1822,3275.669,231.414,0.0,100.0,0,0,1.41,REGEN,-350.0
1687,56.2156,3277.805,230.035,0.0,100.0,0,0,1.68,REGEN,-350.0
1688,56.2489,3279.927,228.562,0.0,100.0,0,0,1.95,REGEN,-350.0
1689,56.2822,3282.036,226.998,0.0,100.0,0,0,2.23,REGEN,-350.0
1690,56.3155,3284.13,225.347,0.0,100.0,0,0,2.51,REGEN,-350.0
1691,56.3489,3286.208,223.613,0.0,100.0,0,0,2.79,REGEN,-350.0
1692,56.3822,3288.27,221.803,0.0,100.0,0,0,3.08,REGEN,-350.0
1693,56.4155,3290.314,219.923,0.0,100.0,0,0,3.36,REGEN,-350.0
1694,56.4488,3292.341,217.98,0.0,100.0,0,0,3.65,REGEN,-350.0
1695,56.4821,3294.349,215.955,0.0,100.0,0,0,3.94,REGEN,-350.0
1696,56.5155,3296.334,212.873,0.0,100.0,0,0,4.23,REGEN,-350.0
1697,56.5488,3298.289,209.709,0.0,100.0,0,0,4.53,REGEN,-350.0
1698,56.5821,3300.216,206.656,0.0,100.0,0,0,4.82,REGEN,-350.0
1699,56.6154,3302.115,203.747,0.0,100.0,0,0,5.11,REGEN,-350.0
1700,56.6488,3303.987,201.006,0.0,100.0,0,0,5.4,REGEN,-350.0
1701,56.6821,3305.835,198.433,0.0,100.0,0,0,5.69,REGEN,-350.0
1702,56.7154,3307.66,195.981,0.0,100.0,0,0,5.98,REGEN,-350.0
1703,56.7487,3309.463,193.576,0.0,100.0,0,0,6.28,REGEN,-350.0
1704,56.782,3311.243,191.173,0.0,100.0,0,0,6.57,REGEN,-350.0
1705,56.8154,3313.002,188.767,0.0,100.0,0,0,6.86,REGEN,-350.0
1706,56.8487,3314.739,186.398,0.0,100.0,0,0,7.15,REGEN,-350.0
1707,56.882,3316.455,184.149,0.0,100.0,0,0,7.44,REGEN,-350.0
1708,56.9153,3318.151,182.271,0.0,100.0,0,0,7.73,REGEN,-350.0
1709,56.9487,3319.831,180.904,0.0,100.0,0,0,8.03,REGEN,-350.0
1710,56.982,3321.499,179.519,0.0,100.0,0,0,8.32,REGEN,-350.0
1711,57.0153,3323.154,178.077,0.0,100.0,0,0,8.61,REGEN,-350.0
1712,57.0486,3324.795,176.565,0.0,100.0,0,0,8.9,REGEN,-350.0
1713,57.082,3326.424,174.935,0.0,100.0,0,0,9.19,REGEN,-350.0
1714,57.1153,3328.034,173.221,0.0,100.0,0,0,9.48,REGEN,-350.0
1715,57.1486,3329.629,171.577,0.0,100.0,0,0,9.77,REGEN,-350.0
1716,57.1819,3331.21,170.112,0.0,100.0,0,0,10.07,REGEN,-350.0
1717,57.2152,3332.78,168.952,0.0,100.0,0,0,10.36,REGEN,-350.0
1718,57.2486,3334.342,168.224,0.0,100.0,0,0,10.65,REGEN,-350.0
1719,57.2819,3335.896,167.853,0.0,100.0,0,0,10.94,REGEN,-350.0
1720,57.3152,3337.448,167.466,0.0,100.0,0,0,11.23,REGEN,-350.0
1721,57.3485,3338.995,166.859,0.0,100.0,0,0,11.52,REGEN,-350.0
1722,57.3819,3340.536,165.919,0.0,100.0,0,0,11.82,REGEN,-350.0
1723,57.4152,3342.066,164.649,0.0,100.0,0,0,12.11,REGEN,-350.0
1724,57.4485,3343.582,163.196,0.0,100.0,0,0,12.4,REGEN,-350.0
1725,57.4818,3345.085,161.653,0.0,100.0,0,0,12.69,REGEN,-350.0
1726,57.5152,3346.576,160.052,0.0,100.0,0,0,12.98,REGEN,-350.0
1727,57.5485,3348.049,158.419,0.0,100.0,0,0,13.27,REGEN,-350.0
1728,57.5818,3349.506,156.79,0.0,100.0,0,0,13.57,REGEN,-350.0
1729,57.6151,3350.951,155.182,0.0,100.0,0,0,13.86,REGEN,-350.0
1730,57.6484,3352.382,153.608,0.0,100.0,0,0,14.15,REGEN,-350.0
1731,57.6818,3353.795,152.163,0.0,100.0,0,0,14.44,REGEN,-350.0
1732,57.7151,3355.197,150.861,0.0,100.0,0,0,14.73,REGEN,-350.0
1733,57.7484,3356.59,149.74,0.0,100.0,0,0,15.02,REGEN,-209.12
1734,57.7817,3357.973,149.027,100.0,100.0,0,0,15.31,REGEN,551.3
1735,57.8151,3359.35,148.626,100.0,0.0,0,0,15.18,DEPLOY,750.0
1736,57.8484,3360.725,148.336,100.0,0.0,0,0,14.88,DEPLOY,750.0
1737,57.8817,3362.097,148.046,100.0,0.0,0,0,14.59,DEPLOY,750.0
1738,57.915,3363.465,147.758,100.0,0.0,0,0,14.3,DEPLOY,750.0
1739,57.9483,3364.832,147.47,100.0,0.0,0,0,14.01,DEPLOY,750.0
1740,57.9817,3366.196,147.183,100.0,0.0,0,0,13.72,DEPLOY,750.0
1741,58.015,3367.561,147.636,100.0,0.0,0,0,13.43,DEPLOY,750.0
1742,58.0483,3368.931,148.258,100.0,0.0,0,0,13.13,DEPLOY,750.0
1743,58.0816,3370.305,148.993,100.0,0.0,0,0,12.84,DEPLOY,750.0
1744,58.115,3371.689,149.699,100.0,0.0,0,0,12.55,DEPLOY,750.0
1745,58.1483,3373.078,150.382,100.0,0.0,0,0,12.26,DEPLOY,750.0
1746,58.1816,3374.472,151.056,100.0,0.0,0,0,11.97,DEPLOY,750.0
1747,58.2149,3375.875,151.827,100.0,0.0,0,0,11.68,DEPLOY,750.0
1748,58.2483,3377.285,152.681,100.0,0.0,0,0,11.38,DEPLOY,750.0
1749,58.2816,3378.701,153.57,100.0,0.0,0,0,11.09,DEPLOY,750.0
1750,58.3149,3380.126,154.445,100.0,0.0,0,0,10.8,DEPLOY,750.0
1751,58.3482,3381.56,155.23,100.0,0.0,0,0,10.51,DEPLOY,750.0
1752,58.3815,3383.0,155.965,100.0,0.0,0,0,10.22,DEPLOY,750.0
1753,58.4149,3384.446,156.66,100.0,0.0,0,0,9.93,DEPLOY,750.0
1754,58.4482,3385.9,157.387,100.0,0.0,0,0,9.64,DEPLOY,750.0
1755,58.4815,3387.362,158.19,100.0,0.0,0,0,9.34,DEPLOY,750.0
1756,58.5148,3388.83,159.069,100.0,0.0,0,0,9.05,DEPLOY,750.0
1757,58.5482,3390.305,160.032,100.0,0.0,0,0,8.76,DEPLOY,750.0
1758,58.5815,3391.793,161.146,100.0,0.0,0,0,8.47,DEPLOY,750.0
1759,58.6148,3393.29,162.275,100.0,0.0,0,0,8.18,DEPLOY,750.0
1760,58.6481,3394.798,163.49,100.0,0.0,0,0,7.89,DEPLOY,750.0
1761,58.6814,3396.315,164.886,100.0,0.0,0,0,7.59,DEPLOY,750.0
1762,58.7148,3397.85,166.249,100.0,0.0,0,0,7.3,DEPLOY,750.0
1763,58.7481,3399.395,167.476,100.0,0.0,0,0,7.01,DEPLOY,750.0
1764,58.7814,3400.95,168.569,100.0,0.0,0,0,6.72,DEPLOY,750.0
1765,58.8147,3402.514,169.558,100.0,0.0,0,0,6.43,DEPLOY,750.0
1766,58.8481,3404.088,170.592,100.0,0.0,0,0,6.14,DEPLOY,750.0
1767,58.8814,3405.674,171.76,100.0,0.0,0,0,5.85,DEPLOY,750.0
1768,58.9147,3407.27,173.032,100.0,0.0,0,0,5.55,DEPLOY,750.0
1769,58.948,3408.877,174.392,100.0,0.0,0,0,5.26,DEPLOY,750.0
1770,58.9814,3410.497,175.824,100.0,0.0,0,0,4.97,DEPLOY,750.0
1771,59.0147,3412.131,177.32,100.0,0.0,0,0,4.68,DEPLOY,750.0
1772,59.048,3413.781,178.842,100.0,0.0,0,0,4.39,DEPLOY,750.0
1773,59.0813,3415.444,180.364,100.0,0.0,0,0,4.1,DEPLOY,750.0
1774,59.1146,3417.12,181.878,100.0,0.0,0,0,3.8,DEPLOY,750.0
1775,59.148,3418.81,183.385,100.0,0.0,0,0,3.51,DEPLOY,750.0
1776,59.1813,3420.513,184.883,100.0,0.0,0,0,3.22,DEPLOY,750.0
1777,59.2146,3422.231,186.354,100.0,0.0,0,0,2.93,DEPLOY,750.0
1778,59.2479,3423.963,187.663,100.0,0.0,0,0,2.64,DEPLOY,750.0
1779,59.2813,3425.707,188.966,100.0,0.0,0,0,2.35,DEPLOY,750.0
1780,59.3146,3427.462,190.273,100.0,0.0,0,0,2.06,DEPLOY,750.0
1781,59.3479,3429.229,191.582,100.0,0.0,0,0,1.77,DEPLOY,750.0
1782,59.3812,3431.008,192.894,100.0,0.0,0,0,1.47,DEPLOY,750.0
1783,59.4146,3432.8,194.207,100.0,0.0,0,0,1.18,DEPLOY,750.0
1784,59.4479,3434.603,195.524,100.0,0.0,0,0,0.89,DEPLOY,750.0
1785,59.4812,3436.418,196.843,100.0,0.0,0,0,0.6,DEPLOY,750.0
1786,59.5145,3438.246,198.164,100.0,0.0,0,0,0.31,DEPLOY,750.0
1787,59.5478,3440.087,199.487,100.0,0.0,0,0,0.04,DEPLOY,750.0
1788,59.5812,3441.94,200.812,100.0,0.0,0,0,0.0,DEPLOY,746.77
1789,59.6145,3443.805,202.094,100.0,0.0,0,0,0.0,DEPLOY,742.49
1790,59.6478,3445.682,203.34,100.0,0.0,0,0,0.0,DEPLOY,738.07
1791,59.6811,3447.57,204.587,100.0,0.0,0,0,0.0,DEPLOY,733.62
1792,59.7145,3449.47,205.852,100.0,0.0,0,0,0.0,DEPLOY,729.1
1793,59.7478,3451.381,207.131,100.0,0.0,0,0,0.0,DEPLOY,724.53
1794,59.7811,3453.304,208.423,100.0,0.0,0,0,0.0,DEPLOY,719.92
1795,59.8144,3455.239,209.727,100.0,0.0,0,0,0.0,DEPLOY,715.26
1796,59.8477,3457.187,211.044,100.0,0.0,0,0,0.0,DEPLOY,710.56
1797,59.8811,3459.146,212.377,100.0,0.0,0,0,0.0,DEPLOY,705.8
1798,59.9144,3461.118,213.726,100.0,0.0,0,0,0.0,DEPLOY,700.98
1799,59.9477,3463.103,215.092,100.0,0.0,0,0,0.0,DEPLOY,696.1
1800,59.981,3465.1,216.476,100.0,0.0,0,0,0.0,DEPLOY,691.16
1801,60.0144,3467.111,217.874,100.0,0.0,0,0,0.0,DEPLOY,686.16
1802,60.0477,3469.134,219.24,100.0,0.0,0,0,0.0,DEPLOY,681.11
1803,60.081,3471.169,220.541,100.0,0.0,0,0,0.0,DEPLOY,676.02
1804,60.1143,3473.216,221.83,100.0,0.0,0,0,0.0,DEPLOY,670.9
1805,60.1477,3475.276,223.113,100.0,0.0,0,0,0.0,DEPLOY,665.75
1806,60.181,3477.347,224.388,100.0,0.0,0,0,0.0,DEPLOY,660.61
1807,60.2143,3479.43,225.656,100.0,0.0,0,0,0.0,DEPLOY,655.55
1808,60.2476,3481.524,226.916,100.0,0.0,0,0,0.0,DEPLOY,650.58
1809,60.2809,3483.63,228.167,100.0,0.0,0,0,0.0,DEPLOY,645.71
1810,60.3143,3485.748,229.41,100.0,0.0,0,0,0.0,DEPLOY,640.92
1811,60.3476,3487.877,230.642,100.0,0.0,0,0,0.0,DEPLOY,636.22
1812,60.3809,3490.017,231.865,100.0,0.0,0,0,0.0,DEPLOY,631.6
1813,60.4142,3492.169,233.077,100.0,0.0,0,0,0.0,DEPLOY,627.07
1814,60.4476,3494.331,234.279,100.0,0.0,0,0,0.0,DEPLOY,622.61
1815,60.4809,3496.506,235.468,100.0,0.0,0,0,0.0,DEPLOY,618.23
1816,60.5142,3498.691,236.645,100.0,0.0,0,0,0.0,DEPLOY,613.92
1817,60.5475,3500.887,237.81,100.0,0.0,0,0,0.0,DEPLOY,609.69
1818,60.5808,3503.094,238.963,100.0,0.0,0,0,0.0,DEPLOY,605.52
1819,60.6142,3505.311,240.102,100.0,0.0,0,0,0.0,DEPLOY,601.43
1820,60.6475,3507.539,241.229,100.0,0.0,0,0,0.0,DEPLOY,597.4
1821,60.6808,3509.777,242.342,100.0,0.0,0,0,0.0,DEPLOY,593.43
1822,60.7141,3512.025,243.442,100.0,0.0,0,0,0.0,DEPLOY,589.53
1823,60.7475,3514.283,244.528,100.0,0.0,0,0,0.0,DEPLOY,585.69
1824,60.7808,3516.551,245.599,100.0,0.0,0,0,0.0,DEPLOY,581.91
1825,60.8141,3518.83,246.656,100.0,0.0,0,0,0.0,DEPLOY,578.19
1826,60.8474,3521.118,247.698,100.0,0.0,0,0,0.0,DEPLOY,574.53
1827,60.8808,3523.416,248.727,100.0,0.0,0,0,0.0,DEPLOY,570.92
1828,60.9141,3525.723,249.742,100.0,0.0,0,0,0.0,DEPLOY,567.37
1829,60.9474,3528.039,250.743,100.0,0.0,0,0,0.0,DEPLOY,563.87
1830,60.9807,3530.364,251.729,100.0,0.0,0,0,0.0,DEPLOY,560.42
1831,61.014,3532.699,252.7,100.0,0.0,0,0,0.0,DEPLOY,557.03
1832,61.0474,3535.042,253.657,100.0,0.0,0,0,0.0,DEPLOY,553.69
1833,61.0807,3537.395,254.6,100.0,0.0,0,0,0.0,DEPLOY,550.4
1834,61.114,3539.756,255.529,100.0,0.0,0,0,0.0,DEPLOY,547.16
1835,61.1473,3542.125,256.444,100.0,0.0,0,0,0.0,DEPLOY,543.96
1836,61.1807,3544.503,257.344,100.0,0.0,0,0,0.0,DEPLOY,540.81
1837,61.214,3546.889,258.229,100.0,0.0,0,0,0.0,DEPLOY,537.71
1838,61.2473,3549.284,259.1,100.0,0.0,0,0,0.0,DEPLOY,534.65
1839,61.2806,3551.686,259.957,100.0,0.0,0,0,0.0,DEPLOY,531.63
1840,61.314,3554.096,260.799,100.0,0.0,0,0,0.0,DEPLOY,528.66
1841,61.3473,3556.513,261.625,100.0,0.0,0,0,0.0,DEPLOY,525.73
1842,61.3806,3558.939,262.434,100.0,0.0,0,0,0.0,DEPLOY,522.84
1843,61.4139,3561.372,263.227,100.0,0.0,0,0,0.0,DEPLOY,520.0
1844,61.4472,3563.812,264.004,100.0,0.0,0,0,0.0,DEPLOY,517.19
1845,61.4806,3566.259,264.763,100.0,0.0,0,0,0.0,DEPLOY,514.42
1846,61.5139,3568.713,265.501,100.0,0.0,0,0,0.0,DEPLOY,511.69
1847,61.5472,3571.175,266.219,100.0,0.0,0,0,0.0,DEPLOY,509.0
1848,61.5805,3573.642,266.915,100.0,0.0,0,0,0.0,DEPLOY,506.35
1849,61.6139,3576.115,267.588,100.0,0.0,0,0,0.0,DEPLOY,503.74
1850,61.6472,3578.595,268.235,100.0,0.0,0,0,0.0,DEPLOY,501.16
1851,61.6805,3581.081,268.853,100.0,0.0,0,0,0.0,DEPLOY,498.71
1852,61.7138,3583.573,269.442,100.0,0.0,0,0,0.0,DEPLOY,496.37
1853,61.7471,3586.069,269.999,100.0,0.0,0,0,0.0,DEPLOY,494.06
1854,61.7805,3588.571,270.519,100.0,0.0,0,0,0.0,DEPLOY,491.78
1855,61.8138,3591.077,270.998,100.0,0.0,0,0,0.0,DEPLOY,489.54
1856,61.8471,3593.588,271.436,100.0,0.0,0,0,0.0,DEPLOY,487.32
1857,61.8804,3596.102,271.829,100.0,0.0,0,0,0.0,DEPLOY,485.14
1858,61.9138,3598.62,272.17,100.0,0.0,0,0,0.0,DEPLOY,482.98
1859,61.9471,3601.14,272.454,100.0,0.0,0,0,0.0,DEPLOY,480.86
1860,61.9804,3603.663,272.682,100.0,0.0,0,0,0.0,DEPLOY,478.76
1861,62.0137,3606.188,272.85,100.0,0.0,0,0,0.0,DEPLOY,476.69
1862,62.0471,3608.714,272.945,100.0,0.0,0,0,0.0,DEPLOY,474.66
1863,62.0804,3611.241,272.969,100.0,0.0,0,0,0.0,DEPLOY,472.65
1864,62.1137,3613.767,272.92,100.0,0.0,0,0,0.0,DEPLOY,470.68
1865,62.147,3616.293,272.795,100.0,0.0,0,0,0.0,DEPLOY,468.73
1866,62.1803,3618.817,272.579,100.0,0.0,0,0,0.0,DEPLOY,466.81
1867,62.2137,3621.339,272.279,100.0,0.0,0,0,0.0,DEPLOY,464.92
1868,62.247,3623.857,271.894,100.0,0.0,0,0,0.0,DEPLOY,463.06
1869,62.2803,3626.372,271.421,100.0,0.0,0,0,0.0,DEPLOY,461.23
1870,62.3136,3628.881,270.847,100.0,0.0,0,0,0.0,DEPLOY,459.43
1871,62.347,3631.385,270.183,100.0,0.0,0,0,0.0,DEPLOY,457.65
1872,62.3803,3633.883,269.431,100.0,0.0,0,0,0.0,DEPLOY,456.03
1873,62.4136,3636.373,268.589,100.0,0.0,0,0,0.0,DEPLOY,454.8
1874,62.4469,3638.855,267.646,100.0,0.0,0,0,0.0,DEPLOY,247.75
1875,62.4802,3641.327,266.616,0.0,100.0,0,0,0.11,REGEN,-350.0
1876,62.5136,3643.79,265.502,0.0,100.0,0,0,0.38,REGEN,-350.0
1877,62.5469,3646.243,264.309,0.0,100.0,0,0,0.66,REGEN,-350.0
1878,62.5802,3648.683,263.031,0.0,100.0,0,0,0.93,REGEN,-350.0
1879,62.6135,3651.111,261.681,0.0,100.0,0,0,1.2,REGEN,-350.0
1880,62.6469,3653.527,260.262,0.0,100.0,0,0,1.47,REGEN,-350.0
1881,62.6802,3655.929,258.767,0.0,100.0,0,0,1.74,REGEN,-350.0
1882,62.7135,3658.318,257.194,0.0,100.0,0,0,2.01,REGEN,-350.0
1883,62.7468,3660.69,255.538,0.0,100.0,0,0,2.29,REGEN,-350.0
1884,62.7802,3663.047,253.817,0.0,100.0,0,0,2.57,REGEN,-350.0
1885,62.8135,3665.388,252.038,0.0,100.0,0,0,2.85,REGEN,-350.0
1886,62.8468,3667.713,250.21,0.0,100.0,0,0,3.14,REGEN,-350.0
1887,62.8801,3670.021,248.345,0.0,100.0,0,0,3.42,REGEN,-350.0
1888,62.9134,3672.312,246.451,0.0,100.0,0,0,3.71,REGEN,-350.0
1889,62.9468,3674.577,243.257,0.0,100.0,0,0,4.0,REGEN,-350.0
1890,62.9801,3676.809,239.234,0.0,100.0,0,0,4.3,REGEN,-350.0
1891,63.0134,3679.003,235.006,0.0,100.0,0,0,4.59,REGEN,-350.0
1892,63.0467,3681.158,230.658,0.0,100.0,0,0,4.88,REGEN,-350.0
1893,63.0801,3683.272,226.336,0.0,100.0,0,0,5.17,REGEN,-350.0
1894,63.1134,3685.348,222.163,0.0,100.0,0,0,5.46,REGEN,-350.0
1895,63.1467,3687.386,218.265,0.0,100.0,0,0,5.75,REGEN,-350.0
1896,63.18,3689.39,214.772,0.0,100.0,0,0,6.05,REGEN,-350.0
1897,63.2133,3691.364,211.78,0.0,100.0,0,0,6.34,REGEN,-350.0
1898,63.2467,3693.313,209.321,0.0,100.0,0,0,6.63,REGEN,-350.0
1899,63.28,3695.242,207.447,0.0,100.0,0,0,6.92,REGEN,-350.0
1900,63.3133,3697.157,206.34,0.0,100.0,0,0,7.21,REGEN,-350.0
1901,63.3466,3699.066,205.996,0.0,100.0,0,0,7.5,REGEN,-350.0
1902,63.38,3700.973,205.996,0.0,100.0,0,0,7.79,REGEN,-350.0
1903,63.4133,3702.879,205.996,0.0,100.0,0,0,8.09,REGEN,-350.0
1904,63.4466,3704.786,205.996,0.0,100.0,0,0,8.38,REGEN,-105.32
1905,63.4799,3706.693,206.038,100.0,0.0,0,0,8.56,DEPLOY,728.44
1906,63.5133,3708.602,206.41,100.0,0.0,0,0,8.29,DEPLOY,727.11
1907,63.5466,3710.518,207.705,100.0,0.0,0,0,8.02,DEPLOY,722.48
1908,63.5799,3712.447,209.078,100.0,0.0,0,0,7.75,DEPLOY,717.58
1909,63.6132,3714.388,210.434,100.0,0.0,0,0,7.48,DEPLOY,712.74
1910,63.6465,3716.342,211.756,100.0,0.0,0,0,7.22,DEPLOY,708.01
1911,63.6799,3718.308,213.046,100.0,0.0,0,0,6.97,DEPLOY,703.41
1912,63.7132,3720.286,214.305,100.0,0.0,0,0,6.71,DEPLOY,698.91
1913,63.7465,3722.276,215.534,100.0,0.0,0,0,6.46,DEPLOY,694.52
1914,63.7798,3724.276,216.735,100.0,0.0,0,0,6.22,DEPLOY,690.23
1915,63.8132,3726.288,217.907,100.0,0.0,0,0,5.98,DEPLOY,686.04
1916,63.8465,3728.31,219.053,100.0,0.0,0,0,5.74,DEPLOY,681.95
1917,63.8798,3730.343,220.172,100.0,0.0,0,0,5.5,DEPLOY,677.96
1918,63.9131,3732.386,221.265,100.0,0.0,0,0,5.27,DEPLOY,674.05
1919,63.9465,3734.439,222.332,100.0,0.0,0,0,5.04,DEPLOY,670.24
1920,63.9798,3736.502,223.371,100.0,0.0,0,0,4.82,DEPLOY,666.52
1921,64.0131,3738.574,224.369,100.0,0.0,0,0,4.6,DEPLOY,662.97
1922,64.0464,3740.656,225.466,100.0,0.0,0,0,4.38,DEPLOY,659.05
1923,64.0797,3742.749,226.625,100.0,0.0,0,0,4.16,DEPLOY,654.91
1924,64.1131,3744.852,227.821,100.0,0.0,0,0,3.95,DEPLOY,650.64
1925,64.1464,3746.967,229.039,100.0,0.0,0,0,3.74,DEPLOY,646.29
1926,64.1797,3749.093,230.253,100.0,0.0,0,0,3.54,DEPLOY,641.95
1927,64.213,3751.229,231.455,100.0,0.0,0,0,3.33,DEPLOY,637.66
1928,64.2464,3753.377,232.658,100.0,0.0,0,0,3.14,DEPLOY,633.36
1929,64.2797,3755.537,233.873,100.0,0.0,0,0,2.94,DEPLOY,629.03
1930,64.313,3757.707,235.042,100.0,0.0,0,0,2.75,DEPLOY,624.59
1931,64.3463,3759.887,236.11,100.0,0.0,0,0,2.57,DEPLOY,620.16
1932,64.3796,3762.077,237.153,100.0,0.0,0,0,2.38,DEPLOY,615.8
1933,64.413,3764.277,238.198,100.0,0.0,0,0,2.2,DEPLOY,611.51
1934,64.4463,3766.487,239.242,100.0,0.0,0,0,2.03,DEPLOY,607.31
1935,64.4796,3768.706,240.285,100.0,0.0,0,0,1.86,DEPLOY,603.17
1936,64.5129,3770.936,241.324,100.0,0.0,0,0,1.69,DEPLOY,599.1
1937,64.5463,3773.174,242.357,100.0,0.0,0,0,1.52,DEPLOY,595.1
1938,64.5796,3775.422,243.384,100.0,0.0,0,0,1.36,DEPLOY,591.17
1939,64.6129,3777.68,244.403,100.0,0.0,0,0,1.2,DEPLOY,587.3
1940,64.6462,3779.946,245.413,100.0,0.0,0,0,1.05,DEPLOY,583.48
1941,64.6796,3782.222,246.413,100.0,0.0,0,0,0.89,DEPLOY,579.73
1942,64.7129,3784.508,247.4,100.0,0.0,0,0,0.75,DEPLOY,576.05
1943,64.7462,3786.803,248.375,100.0,0.0,0,0,0.6,DEPLOY,572.42
1944,64.7795,3789.106,249.337,100.0,0.0,0,0,0.46,DEPLOY,568.84
1945,64.8128,3791.419,250.285,100.0,0.0,0,0,0.32,DEPLOY,565.32
1946,64.8462,3793.74,251.217,100.0,0.0,0,0,0.18,DEPLOY,561.86
1947,64.8795,3796.069,252.134,100.0,0.0,0,0,0.05,DEPLOY,558.44
1948,64.9128,3798.407,253.035,100.0,0.0,0,0,0.0,DEPLOY,555.08
1949,64.9461,3800.753,253.916,100.0,0.0,0,0,0.0,DEPLOY,551.77
1950,64.9795,3803.108,254.78,100.0,0.0,0,0,0.0,DEPLOY,548.51
1951,65.0128,3805.47,255.625,100.0,0.0,0,0,0.0,DEPLOY,545.3
1952,65.0461,3807.84,256.45,100.0,0.0,0,0,0.0,DEPLOY,542.14
1953,65.0794,3810.217,257.257,100.0,0.0,0,0,0.0,DEPLOY,539.02
1954,65.1127,3812.602,258.04,100.0,0.0,0,0,0.0,DEPLOY,535.95
1955,65.1461,3814.995,258.802,100.0,0.0,0,0,0.0,DEPLOY,532.93
1956,65.1794,3817.394,259.543,100.0,0.0,0,0,0.0,DEPLOY,529.95
1957,65.2127,3819.799,260.261,100.0,0.0,0,0,0.0,DEPLOY,527.01
1958,65.246,3822.211,260.957,100.0,0.0,0,0,0.0,DEPLOY,524.11
1959,65.2794,3824.63,261.627,100.0,0.0,0,0,0.0,DEPLOY,521.26
1960,65.3127,3827.055,262.272,100.0,0.0,0,0,0.0,DEPLOY,518.45
1961,65.346,3829.485,262.893,100.0,0.0,0,0,0.0,DEPLOY,515.68
1962,65.3793,3831.921,263.49,100.0,0.0,0,0,0.0,DEPLOY,512.95
1963,65.4127,3834.363,264.06,100.0,0.0,0,0,0.0,DEPLOY,510.26
1964,65.446,3836.81,264.601,100.0,0.0,0,0,0.0,DEPLOY,507.61
1965,65.4793,3839.262,265.115,100.0,0.0,0,0,0.0,DEPLOY,505.21
1966,65.5126,3841.718,265.602,100.0,0.0,0,0,0.0,DEPLOY,504.11
1967,65.5459,3844.178,266.062,100.0,0.0,0,0,0.0,DEPLOY,503.74
1968,65.5793,3846.643,266.49,100.0,0.0,0,0,0.0,DEPLOY,503.39
1969,65.6126,3849.112,266.887,100.0,0.0,0,0,0.0,DEPLOY,503.04
1970,65.6459,3851.584,267.252,100.0,0.0,0,0,0.0,DEPLOY,502.69
1971,65.6792,3854.059,267.585,100.0,0.0,0,0,0.0,DEPLOY,502.35
1972,65.7126,3856.537,267.881,100.0,0.0,0,0,0.0,DEPLOY,502.02
1973,65.7459,3859.018,268.137,100.0,0.0,0,0,0.0,DEPLOY,501.2
1974,65.7792,3861.501,268.355,100.0,0.0,0,0,0.0,DEPLOY,499.03
1975,65.8125,3863.986,268.532,100.0,0.0,0,0,0.0,DEPLOY,496.72
1976,65.8459,3866.472,268.664,100.0,0.0,0,0,0.0,DEPLOY,494.41
1977,65.8792,3868.959,268.745,100.0,0.0,0,0,0.0,DEPLOY,492.19
1978,65.9125,3871.447,268.779,100.0,0.0,0,0,0.0,DEPLOY,491.0
1979,65.9458,3873.935,268.762,100.0,0.0,0,0,0.0,DEPLOY,490.89
1980,65.9791,3876.422,268.69,100.0,0.0,0,0,0.0,DEPLOY,490.78
1981,66.0125,3878.909,268.554,100.0,0.0,0,0,0.0,DEPLOY,490.68
1982,66.0458,3881.394,268.358,100.0,0.0,0,0,0.0,DEPLOY,490.57
1983,66.0791,3883.877,268.1,100.0,0.0,0,0,0.0,DEPLOY,490.47
1984,66.1124,3886.357,267.774,100.0,0.0,0,0,0.0,DEPLOY,490.37
1985,66.1458,3888.833,267.369,100.0,0.0,0,0,0.0,DEPLOY,490.27
1986,66.1791,3891.306,266.892,100.0,0.0,0,0,0.0,DEPLOY,490.17
1987,66.2124,3893.774,266.341,100.0,0.0,0,0,0.0,DEPLOY,490.08
1988,66.2457,3896.237,265.713,100.0,0.0,0,0,0.0,DEPLOY,489.99
1989,66.279,3898.693,264.995,100.0,0.0,0,0,0.0,DEPLOY,489.89
1990,66.3124,3901.142,264.195,100.0,0.0,0,0,0.0,DEPLOY,489.81
1991,66.3457,3903.583,263.312,100.0,0.0,0,0,0.0,DEPLOY,489.72
1992,66.379,3906.016,262.348,100.0,0.0,0,0,0.0,DEPLOY,489.63
1993,66.4123,3908.44,261.298,100.0,0.0,0,0,0.0,DEPLOY,489.55
1994,66.4457,3910.853,260.156,100.0,0.0,0,0,0.0,DEPLOY,263.85
1995,66.479,3913.255,258.934,0.0,100.0,0,0,0.11,REGEN,-350.0
1996,66.5123,3915.646,257.634,0.0,100.0,0,0,0.38,REGEN,-350.0
1997,66.5456,3918.025,256.256,0.0,100.0,0,0,0.66,REGEN,-350.0
1998,66.579,3920.391,254.802,0.0,100.0,0,0,0.93,REGEN,-350.0
1999,66.6123,3922.741,253.27,0.0,100.0,0,0,1.2,REGEN,-350.0
2000,66.6456,3925.078,251.668,0.0,100.0,0,0,1.47,REGEN,-350.0
2001,66.6789,3927.4,249.983,0.0,100.0,0,0,1.74,REGEN,-350.0
2002,66.7122,3929.706,248.211,0.0,100.0,0,0,2.02,REGEN,-350.0
2003,66.7456,3931.995,246.351,0.0,100.0,0,0,2.3,REGEN,-350.0
2004,66.7789,3934.267,244.406,0.0,100.0,0,0,2.57,REGEN,-350.0
2005,66.8122,3936.52,242.374,0.0,100.0,0,0,2.86,REGEN,-350.0
2006,66.8455,3938.753,240.264,0.0,100.0,0,0,3.14,REGEN,-350.0
2007,66.8789,3940.966,238.086,0.0,100.0,0,0,3.43,REGEN,-350.0
2008,66.9122,3943.159,235.847,0.0,100.0,0,0,3.72,REGEN,-350.0
2009,66.9455,3945.331,233.496,0.0,100.0,0,0,4.01,REGEN,-350.0
2010,66.9788,3947.479,230.451,0.0,100.0,0,0,4.3,REGEN,-350.0
2011,67.0121,3949.596,226.943,0.0,100.0,0,0,4.59,REGEN,-350.0
2012,67.0455,3951.681,223.513,0.0,100.0,0,0,4.88,REGEN,-350.0
2013,67.0788,3953.734,220.185,0.0,100.0,0,0,5.17,REGEN,-350.0
2014,67.1121,3955.758,216.99,0.0,100.0,0,0,5.46,REGEN,-350.0
2015,67.1454,3957.752,213.983,0.0,100.0,0,0,5.76,REGEN,-350.0
2016,67.1788,3959.72,211.219,0.0,100.0,0,0,6.05,REGEN,-350.0
2017,67.2121,3961.663,208.716,0.0,100.0,0,0,6.34,REGEN,-350.0
2018,67.2454,3963.584,206.411,0.0,100.0,0,0,6.63,REGEN,-350.0
2019,67.2787,3965.484,204.178,0.0,100.0,0,0,6.92,REGEN,-350.0
2020,67.3121,3967.364,201.928,0.0,100.0,0,0,7.21,REGEN,-350.0
2021,67.3454,3969.222,199.654,0.0,100.0,0,0,7.51,REGEN,-350.0
2022,67.3787,3971.06,197.408,0.0,100.0,0,0,7.8,REGEN,-350.0
2023,67.412,3972.878,195.264,0.0,100.0,0,0,8.09,REGEN,-350.0
2024,67.4453,3974.677,193.274,0.0,100.0,0,0,8.38,REGEN,-350.0
2025,67.4787,3976.458,191.447,0.0,100.0,0,0,8.67,REGEN,-350.0
2026,67.512,3978.222,189.729,0.0,100.0,0,0,8.96,REGEN,-350.0
2027,67.5453,3979.97,188.003,0.0,100.0,0,0,9.26,REGEN,-350.0
2028,67.5786,3981.701,186.222,0.0,100.0,0,0,9.55,REGEN,-350.0
2029,67.612,3983.415,184.349,0.0,100.0,0,0,9.84,REGEN,-350.0
2030,67.6453,3985.113,182.427,0.0,100.0,0,0,10.13,REGEN,-350.0
2031,67.6786,3986.793,180.503,0.0,100.0,0,0,10.42,REGEN,-350.0
2032,67.7119,3988.457,178.6,0.0,100.0,0,0,10.71,REGEN,-350.0
2033,67.7453,3990.101,176.73,0.0,100.0,0,0,11.0,REGEN,-350.0
2034,67.7786,3991.727,174.887,0.0,100.0,0,0,11.3,REGEN,-350.0
2035,67.8119,3993.336,173.064,0.0,100.0,0,0,11.59,REGEN,-350.0
2036,67.8452,3994.93,171.257,0.0,100.0,0,0,11.88,REGEN,-350.0
2037,67.8785,3996.509,169.468,0.0,100.0,0,0,12.17,REGEN,-350.0
2038,67.9119,3998.069,167.714,0.0,100.0,0,0,12.46,REGEN,-350.0
2039,67.9452,3999.612,166.037,0.0,100.0,0,0,12.75,REGEN,-350.0
2040,67.9785,4001.142,164.446,0.0,100.0,0,0,13.05,REGEN,-350.0
2041,68.0118,4002.658,162.927,0.0,100.0,0,0,13.34,REGEN,-350.0
2042,68.0452,4004.16,161.449,0.0,100.0,0,0,13.63,REGEN,-350.0
2043,68.0785,4005.646,159.926,0.0,100.0,0,0,13.92,REGEN,-350.0
2044,68.1118,4007.118,158.36,0.0,100.0,0,0,14.21,REGEN,-350.0
2045,68.1451,4008.578,156.766,0.0,100.0,0,0,14.5,REGEN,-350.0
2046,68.1784,4010.022,155.181,0.0,100.0,0,0,14.8,REGEN,-350.0
2047,68.2118,4011.45,153.714,0.0,100.0,0,0,15.09,REGEN,-350.0
2048,68.2451,4012.868,152.395,0.0,100.0,0,0,15.38,REGEN,-350.0
2049,68.2784,4014.275,151.258,0.0,100.0,0,0,15.67,REGEN,-350.0
2050,68.3117,4015.671,150.637,0.0,100.0,0,0,15.96,REGEN,-350.0
2051,68.3451,4017.063,150.197,0.0,100.0,0,0,16.25,REGEN,-350.0
2052,68.3784,4018.453,149.899,0.0,100.0,0,0,16.54,REGEN,-350.0
2053,68.4117,4019.839,149.582,0.0,100.0,0,0,16.84,REGEN,-350.0
2054,68.445,4021.219,148.935,0.0,100.0,0,0,17.13,REGEN,-350.0
2055,68.4784,4022.595,148.059,0.0,100.0,0,0,17.42,REGEN,-350.0
2056,68.5117,4023.96,146.961,0.0,100.0,0,0,17.71,REGEN,-350.0
2057,68.545,4025.313,145.722,0.0,100.0,0,0,18.0,REGEN,-350.0
2058,68.5783,4026.657,144.397,0.0,100.0,0,0,18.29,REGEN,-350.0
2059,68.6116,4027.987,142.971,0.0,100.0,0,0,18.59,REGEN,-350.0
2060,68.645,4029.302,141.505,0.0,100.0,0,0,18.88,REGEN,-350.0
2061,68.6783,4030.607,140.055,0.0,100.0,0,0,19.17,REGEN,-350.0
2062,68.7116,4031.896,138.701,0.0,100.0,0,0,19.46,REGEN,-350.0
2063,68.7449,4033.175,137.634,100.0,100.0,0,0,19.75,REGEN,121.14
2064,68.7783,4034.447,136.777,100.0,0.0,0,0,19.98,DEPLOY,750.0
2065,68.8116,4035.711,136.532,100.0,0.0,0,0,19.69,DEPLOY,750.0
2066,68.8449,4036.974,136.287,100.0,0.0,0,0,19.4,DEPLOY,750.0
2067,68.8782,4038.235,136.042,100.0,0.0,0,0,19.11,DEPLOY,750.0
2068,68.9115,4039.492,135.798,100.0,0.0,0,0,18.82,DEPLOY,750.0
2069,68.9449,4040.748,135.555,100.0,0.0,0,0,18.53,DEPLOY,750.0
2070,68.9782,4042.002,135.313,100.0,0.0,0,0,18.23,DEPLOY,750.0
2071,69.0115,4043.253,135.072,100.0,0.0,0,0,17.94,DEPLOY,750.0
2072,69.0448,4044.503,134.866,100.0,0.0,0,0,17.65,DEPLOY,750.0
2073,69.0782,4045.751,134.86,100.0,0.0,0,0,17.36,DEPLOY,750.0
2074,69.1115,4046.998,134.569,100.0,0.0,0,0,17.07,DEPLOY,376.95
2075,69.1448,4048.242,134.04,0.0,0.0,0,0,16.78,DEPLOY,-307.54
2076,69.1781,4049.479,133.546,100.0,100.0,0,0,17.03,REGEN,288.2
2077,69.2115,4050.714,133.063,100.0,0.0,0,0,17.14,DEPLOY,750.0
2078,69.2448,4051.943,132.598,100.0,0.0,0,0,16.85,DEPLOY,750.0
2079,69.2781,4053.165,131.78,100.0,0.0,0,0,16.55,DEPLOY,750.0
2080,69.3114,4054.383,130.802,100.0,0.0,0,0,16.26,DEPLOY,750.0
2081,69.3447,4055.586,129.738,100.0,0.0,0,0,15.97,DEPLOY,750.0
2082,69.3781,4056.783,128.704,100.0,0.0,0,0,15.68,DEPLOY,750.0
2083,69.4114,4057.97,127.714,100.0,0.0,0,0,15.39,DEPLOY,750.0
2084,69.4447,4059.147,126.855,100.0,0.0,0,0,15.1,DEPLOY,750.0
2085,69.478,4060.32,126.052,100.0,0.0,0,0,14.81,DEPLOY,750.0
2086,69.5114,4061.484,125.609,100.0,0.0,0,0,14.51,DEPLOY,750.0
2087,69.5447,4062.645,125.233,100.0,0.0,0,0,14.22,DEPLOY,750.0
2088,69.578,4063.804,125.027,100.0,0.0,0,0,13.93,DEPLOY,750.0
2089,69.6113,4064.96,124.822,100.0,0.0,0,0,13.64,DEPLOY,750.0
2090,69.6447,4066.115,124.616,100.0,0.0,0,0,13.35,DEPLOY,750.0
2091,69.678,4067.267,124.412,100.0,0.0,0,0,13.06,DEPLOY,750.0
2092,69.7113,4068.418,124.208,100.0,0.0,0,0,12.76,DEPLOY,750.0
2093,69.7446,4069.566,124.005,100.0,0.0,0,0,12.47,DEPLOY,750.0
2094,69.7779,4070.713,123.802,100.0,0.0,0,0,12.18,DEPLOY,750.0
2095,69.8113,4071.858,123.6,100.0,0.0,0,0,11.89,DEPLOY,750.0
2096,69.8446,4073.004,123.741,100.0,0.0,0,0,11.6,DEPLOY,750.0
2097,69.8779,4074.15,124.114,100.0,0.0,0,0,11.31,DEPLOY,750.0
2098,69.9112,4075.304,124.694,100.0,0.0,0,0,11.02,DEPLOY,750.0
2099,69.9446,4076.459,125.327,100.0,0.0,0,0,10.72,DEPLOY,750.0
2100,69.9779,4077.624,126.08,100.0,0.0,0,0,10.43,DEPLOY,750.0
2101,70.0112,4078.795,126.867,100.0,0.0,0,0,10.14,DEPLOY,750.0
2102,70.0445,4079.972,127.707,100.0,0.0,0,0,9.85,DEPLOY,750.0
2103,70.0778,4081.16,128.598,100.0,0.0,0,0,9.56,DEPLOY,750.0
2104,70.1112,4082.352,129.514,100.0,0.0,0,0,9.27,DEPLOY,750.0
2105,70.1445,4083.558,130.508,100.0,0.0,0,0,8.97,DEPLOY,750.0
2106,70.1778,4084.77,131.535,100.0,0.0,0,0,8.68,DEPLOY,750.0
2107,70.2111,4085.992,132.619,100.0,0.0,0,0,8.39,DEPLOY,750.0
2108,70.2445,4087.226,133.766,100.0,0.0,0,0,8.1,DEPLOY,750.0
2109,70.2778,4088.467,134.936,100.0,0.0,0,0,7.81,DEPLOY,750.0
2110,70.3111,4089.724,136.107,100.0,0.0,0,0,7.52,DEPLOY,750.0
2111,70.3444,4090.989,137.268,100.0,0.0,0,0,7.22,DEPLOY,750.0
2112,70.3778,4092.263,138.418,100.0,0.0,0,0,6.93,DEPLOY,750.0
2113,70.4111,4093.553,139.792,100.0,0.0,0,0,6.64,DEPLOY,750.0
2114,70.4444,4094.853,141.191,100.0,0.0,0,0,6.35,DEPLOY,750.0
2115,70.4777,4096.165,142.613,100.0,0.0,0,0,6.06,DEPLOY,750.0
2116,70.511,4097.494,144.065,100.0,0.0,0,0,5.77,DEPLOY,750.0
2117,70.5444,4098.834,145.534,100.0,0.0,0,0,5.48,DEPLOY,750.0
2118,70.5777,4100.186,147.025,100.0,0.0,0,0,5.18,DEPLOY,750.0
2119,70.611,4101.556,148.545,100.0,0.0,0,0,4.89,DEPLOY,750.0
2120,70.6443,4102.938,150.083,100.0,0.0,0,0,4.6,DEPLOY,750.0
2121,70.6777,4104.331,151.64,100.0,0.0,0,0,4.31,DEPLOY,750.0
2122,70.711,4105.745,153.228,100.0,0.0,0,0,4.02,DEPLOY,750.0
2123,70.7443,4107.171,154.731,100.0,0.0,0,0,3.73,DEPLOY,750.0
2124,70.7776,4108.608,156.148,100.0,0.0,0,0,3.43,DEPLOY,750.0
2125,70.8109,4110.059,157.452,100.0,0.0,0,0,3.14,DEPLOY,750.0
2126,70.8443,4111.524,158.764,100.0,0.0,0,0,2.85,DEPLOY,750.0
2127,70.8776,4112.999,160.084,100.0,0.0,0,0,2.56,DEPLOY,750.0
2128,70.9109,4114.486,161.411,100.0,0.0,0,0,2.27,DEPLOY,750.0
2129,70.9442,4115.987,162.746,100.0,0.0,0,0,1.98,DEPLOY,750.0
2130,70.9776,4117.5,164.087,100.0,0.0,0,0,1.69,DEPLOY,750.0
2131,71.0109,4119.025,165.432,100.0,0.0,0,0,1.4,DEPLOY,750.0
2132,71.0442,4120.561,166.776,100.0,0.0,0,0,1.11,DEPLOY,750.0
2133,71.0775,4122.111,168.101,100.0,0.0,0,0,0.82,DEPLOY,750.0
2134,71.1109,4123.674,169.41,100.0,0.0,0,0,0.52,DEPLOY,750.0
2135,71.1442,4125.249,170.726,100.0,0.0,0,0,0.23,DEPLOY,750.0
2136,71.1775,4126.835,172.052,100.0,0.0,0,0,0.03,DEPLOY,750.0
2137,71.2108,4128.432,173.388,100.0,0.0,0,0,0.0,DEPLOY,750.0
2138,71.2441,4130.044,174.733,100.0,0.0,0,0,0.0,DEPLOY,750.0
2139,71.2775,4131.669,176.084,100.0,0.0,0,0,0.0,DEPLOY,750.0
2140,71.3108,4133.305,177.439,100.0,0.0,0,0,0.0,DEPLOY,750.0
2141,71.3441,4134.953,178.797,100.0,0.0,0,0,0.0,DEPLOY,750.0
2142,71.3774,4136.614,180.158,100.0,0.0,0,0,0.0,DEPLOY,750.0
2143,71.4108,4138.287,181.522,100.0,0.0,0,0,0.0,DEPLOY,750.0
2144,71.4441,4139.974,182.889,100.0,0.0,0,0,0.0,DEPLOY,750.0
2145,71.4774,4141.674,184.259,100.0,0.0,0,0,0.0,DEPLOY,750.0
2146,71.5107,4143.386,185.632,100.0,0.0,0,0,0.0,DEPLOY,750.0
2147,71.544,4145.111,187.008,100.0,0.0,0,0,0.0,DEPLOY,750.0
2148,71.5774,4146.848,188.387,100.0,0.0,0,0,0.0,DEPLOY,750.0
2149,71.6107,4148.597,189.768,100.0,0.0,0,0,0.0,DEPLOY,750.0
2150,71.644,4150.36,191.153,100.0,0.0,0,0,0.0,DEPLOY,750.0
2151,71.6773,4152.136,192.541,100.0,0.0,0,0,0.0,DEPLOY,750.0
2152,71.7107,4153.925,193.932,100.0,0.0,0,0,0.0,DEPLOY,750.0
2153,71.744,4155.727,195.325,100.0,0.0,0,0,0.0,DEPLOY,750.0
2154,71.7773,4157.542,196.722,100.0,0.0,0,0,0.0,DEPLOY,750.0
2155,71.8106,4159.369,198.123,100.0,0.0,0,0,0.0,DEPLOY,750.0
2156,71.844,4161.21,199.526,100.0,0.0,0,0,0.0,DEPLOY,749.41
2157,71.8773,4163.063,200.933,100.0,0.0,0,0,0.0,DEPLOY,746.67
2158,71.9106,4164.929,202.342,100.0,0.0,0,0,0.0,DEPLOY,741.63
2159,71.9439,4166.808,203.755,100.0,0.0,0,0,0.0,DEPLOY,736.59
2160,71.9772,4168.701,205.172,100.0,0.0,0,0,0.0,DEPLOY,731.53
2161,72.0106,4170.606,206.592,100.0,0.0,0,0,0.0,DEPLOY,726.46
2162,72.0439,4172.525,208.013,100.0,0.0,0,0,0.0,DEPLOY,721.38
2163,72.0772,4174.456,209.417,100.0,0.0,0,0,0.0,DEPLOY,716.28
2164,72.1105,4176.401,210.796,100.0,0.0,0,0,0.0,DEPLOY,711.17
2165,72.1439,4178.359,212.17,100.0,0.0,0,0,0.0,DEPLOY,706.06
2166,72.1772,4180.329,213.541,100.0,0.0,0,0,0.0,DEPLOY,700.93
2167,72.2105,4182.312,214.906,100.0,0.0,0,0,0.0,DEPLOY,695.79
2168,72.2438,4184.307,216.266,100.0,0.0,0,0,0.0,DEPLOY,690.64
2169,72.2772,4186.315,217.62,100.0,0.0,0,0,0.0,DEPLOY,685.48
2170,72.3105,4188.336,218.967,100.0,0.0,0,0,0.0,DEPLOY,680.3
2171,72.3438,4190.369,220.306,100.0,0.0,0,0,0.0,DEPLOY,675.12
2172,72.3771,4192.414,221.636,100.0,0.0,0,0,0.0,DEPLOY,669.93
2173,72.4104,4194.472,222.958,100.0,0.0,0,0,0.0,DEPLOY,664.73
2174,72.4438,4196.542,224.27,100.0,0.0,0,0,0.0,DEPLOY,659.6
2175,72.4771,4198.624,225.572,100.0,0.0,0,0,0.0,DEPLOY,654.57
2176,72.5104,4200.718,226.863,100.0,0.0,0,0,0.0,DEPLOY,649.63
2177,72.5437,4202.824,228.143,100.0,0.0,0,0,0.0,DEPLOY,644.78
2178,72.5771,4204.942,229.411,100.0,0.0,0,0,0.0,DEPLOY,640.01
2179,72.6104,4207.072,230.668,100.0,0.0,0,0,0.0,DEPLOY,635.33
2180,72.6437,4209.213,231.912,100.0,0.0,0,0,0.0,DEPLOY,630.74
2181,72.677,4211.365,233.144,100.0,0.0,0,0,0.0,DEPLOY,626.22
2182,72.7103,4213.529,234.362,100.0,0.0,0,0,0.0,DEPLOY,621.78
2183,72.7437,4215.703,235.567,100.0,0.0,0,0,0.0,DEPLOY,617.42
2184,72.777,4217.889,236.758,100.0,0.0,0,0,0.0,DEPLOY,613.12
2185,72.8103,4220.086,237.936,100.0,0.0,0,0,0.0,DEPLOY,608.9
2186,72.8436,4222.293,239.099,100.0,0.0,0,0,0.0,DEPLOY,604.75
2187,72.877,4224.512,240.247,100.0,0.0,0,0,0.0,DEPLOY,600.67
2188,72.9103,4226.741,241.38,100.0,0.0,0,0,0.0,DEPLOY,596.65
2189,72.9436,4228.981,242.499,100.0,0.0,0,0,0.0,DEPLOY,592.7
2190,72.9769,4231.231,243.603,100.0,0.0,0,0,0.0,DEPLOY,588.81
2191,73.0103,4233.491,244.692,100.0,0.0,0,0,0.0,DEPLOY,584.99
2192,73.0436,4235.761,245.766,100.0,0.0,0,0,0.0,DEPLOY,581.22
2193,73.0769,4238.04,246.826,100.0,0.0,0,0,0.0,DEPLOY,577.51
2194,73.1102,4240.329,247.872,100.0,0.0,0,0,0.0,DEPLOY,573.85
2195,73.1435,4242.629,248.901,100.0,0.0,0,0,0.0,DEPLOY,570.26
2196,73.1769,4244.938,249.916,100.0,0.0,0,0,0.0,DEPLOY,566.72
2197,73.2102,4247.256,250.916,100.0,0.0,0,0,0.0,DEPLOY,563.23
2198,73.2435,4249.583,251.903,100.0,0.0,0,0,0.0,DEPLOY,559.8
2199,73.2768,4251.919,252.875,100.0,0.0,0,0,0.0,DEPLOY,556.41
2200,73.3102,4254.264,253.834,100.0,0.0,0,0,0.0,DEPLOY,553.08
2201,73.3435,4256.618,254.778,100.0,0.0,0,0,0.0,DEPLOY,549.79
2202,73.3768,4258.981,255.707,100.0,0.0,0,0,0.0,DEPLOY,546.56
2203,73.4101,4261.352,256.624,100.0,0.0,0,0,0.0,DEPLOY,543.37
2204,73.4434,4263.731,257.528,100.0,0.0,0,0,0.0,DEPLOY,540.23
2205,73.4768,4266.119,258.419,100.0,0.0,0,0,0.0,DEPLOY,537.13
2206,73.5101,4268.515,259.296,100.0,0.0,0,0,0.0,DEPLOY,534.08
2207,73.5434,4270.919,260.161,100.0,0.0,0,0,0.0,DEPLOY,531.08
2208,73.5767,4273.332,261.013,100.0,0.0,0,0,0.0,DEPLOY,528.11
2209,73.6101,4275.751,261.853,100.0,0.0,0,0,0.0,DEPLOY,525.19
2210,73.6434,4278.179,262.682,100.0,0.0,0,0,0.0,DEPLOY,522.31
2211,73.6767,4280.614,263.498,100.0,0.0,0,0,0.0,DEPLOY,519.47
2212,73.71,4283.057,264.302,100.0,0.0,0,0,0.0,DEPLOY,516.67
2213,73.7434,4285.507,265.095,100.0,0.0,0,0,0.0,DEPLOY,513.91
2214,73.7767,4287.964,265.878,100.0,0.0,0,0,0.0,DEPLOY,511.18
2215,73.81,4290.429,266.65,100.0,0.0,0,0,0.0,DEPLOY,508.5
2216,73.8433,4292.901,267.41,100.0,0.0,0,0,0.0,DEPLOY,505.85
2217,73.8766,4295.38,268.16,100.0,0.0,0,0,0.0,DEPLOY,503.24
2218,73.91,4297.865,268.899,100.0,0.0,0,0,0.0,DEPLOY,500.66
2219,73.9433,4300.357,269.63,100.0,0.0,0,0,0.0,DEPLOY,498.24
2220,73.9766,4302.857,270.349,100.0,0.0,0,0,0.0,DEPLOY,495.91
2221,74.0099,4305.363,271.058,100.0,0.0,0,0,0.0,DEPLOY,493.6
2222,74.0433,4307.875,271.759,100.0,0.0,0,0,0.0,DEPLOY,491.32
2223,74.0766,4310.393,272.45,100.0,0.0,0,0,0.0,DEPLOY,489.06
2224,74.1099,4312.918,273.131,100.0,0.0,0,0,0.0,DEPLOY,486.85
2225,74.1432,4315.45,273.803,100.0,0.0,0,0,0.0,DEPLOY,484.65
2226,74.1766,4317.987,274.467,100.0,0.0,0,0,0.0,DEPLOY,482.49
2227,74.2099,4320.531,275.122,100.0,0.0,0,0,0.0,DEPLOY,480.35
2228,74.2432,4323.081,275.768,100.0,0.0,0,0,0.0,DEPLOY,478.24
2229,74.2765,4325.636,276.406,100.0,0.0,0,0,0.0,DEPLOY,476.16
2230,74.3098,4328.197,277.036,100.0,0.0,0,0,0.0,DEPLOY,474.1
2231,74.3432,4330.765,277.657,100.0,0.0,0,0,0.0,DEPLOY,472.07
2232,74.3765,4333.338,278.27,100.0,0.0,0,0,0.0,DEPLOY,470.07
2233,74.4098,4335.916,278.876,100.0,0.0,0,0,0.0,DEPLOY,468.09
2234,74.4431,4338.5,279.474,100.0,0.0,0,0,0.0,DEPLOY,466.13
2235,74.4765,4341.09,280.063,100.0,0.0,0,0,0.0,DEPLOY,464.21
2236,74.5098,4343.685,280.646,100.0,0.0,0,0,0.0,DEPLOY,462.3
2237,74.5431,4346.285,281.222,100.0,0.0,0,0,0.0,DEPLOY,460.42
2238,74.5764,4348.891,281.789,100.0,0.0,0,0,0.0,DEPLOY,458.56
2239,74.6097,4351.502,282.35,100.0,0.0,0,0,0.0,DEPLOY,456.72
2240,74.6431,4354.118,282.904,100.0,0.0,0,0,0.0,DEPLOY,454.91
2241,74.6764,4356.739,283.451,100.0,0.0,0,0,0.0,DEPLOY,453.12
2242,74.7097,4359.366,283.991,100.0,0.0,0,0,0.0,DEPLOY,451.35
2243,74.743,4361.997,284.525,100.0,0.0,0,0,0.0,DEPLOY,449.6
2244,74.7764,4364.633,285.052,100.0,0.0,0,0,0.0,DEPLOY,447.87
2245,74.8097,4367.274,285.572,100.0,0.0,0,0,0.0,DEPLOY,446.17
2246,74.843,4369.919,286.086,100.0,0.0,0,0,0.0,DEPLOY,444.48
2247,74.8763,4372.57,286.594,100.0,0.0,0,0,0.0,DEPLOY,442.82
2248,74.9097,4375.225,287.095,100.0,0.0,0,0,0.0,DEPLOY,441.18
2249,74.943,4377.885,287.591,100.0,0.0,0,0,0.0,DEPLOY,439.55
2250,74.9763,4380.549,288.08,100.0,0.0,0,0,0.0,DEPLOY,437.95
2251,75.0096,4383.218,288.564,100.0,0.0,0,0,0.0,DEPLOY,436.36
2252,75.0429,4385.891,289.042,100.0,0.0,0,0,0.0,DEPLOY,434.79
2253,75.0763,4388.569,289.514,100.0,0.0,0,0,0.0,DEPLOY,433.25
2254,75.1096,4391.251,289.98,100.0,0.0,0,0,0.0,DEPLOY,431.72
2255,75.1429,4393.937,290.441,100.0,0.0,0,0,0.0,DEPLOY,430.21
2256,75.1762,4396.628,290.897,100.0,0.0,0,0,0.0,DEPLOY,428.71
2257,75.2096,4399.322,291.347,100.0,0.0,0,0,0.0,DEPLOY,427.24
2258,75.2429,4402.021,291.792,100.0,0.0,0,0,0.0,DEPLOY,425.78
2259,75.2762,4404.724,292.231,100.0,0.0,0,0,0.0,DEPLOY,424.34
2260,75.3095,4407.431,292.666,100.0,0.0,0,0,0.0,DEPLOY,422.91
2261,75.3428,4410.142,293.096,100.0,0.0,0,0,0.0,DEPLOY,421.51
2262,75.3762,4412.857,293.521,100.0,0.0,0,0,0.0,DEPLOY,420.12
2263,75.4095,4415.576,293.941,100.0,0.0,0,0,0.0,DEPLOY,418.74
2264,75.4428,4418.299,294.356,100.0,0.0,0,0,0.0,DEPLOY,417.38
2265,75.4761,4421.025,294.767,100.0,0.0,0,0,0.0,DEPLOY,416.04
2266,75.5095,4423.756,295.173,100.0,0.0,0,0,0.0,DEPLOY,414.72
2267,75.5428,4426.49,295.575,100.0,0.0,0,0,0.0,DEPLOY,413.4
2268,75.5761,4429.228,295.973,100.0,0.0,0,0,0.0,DEPLOY,412.11
2269,75.6094,4431.969,296.366,100.0,0.0,0,0,0.0,DEPLOY,410.83
2270,75.6428,4434.714,296.755,100.0,0.0,0,0,0.0,DEPLOY,409.56
2271,75.6761,4437.463,297.141,100.0,0.0,0,0,0.0,DEPLOY,408.31
2272,75.7094,4440.215,297.522,100.0,0.0,0,0,0.0,DEPLOY,407.07
2273,75.7427,4442.971,297.9,100.0,0.0,0,0,0.0,DEPLOY,405.85
2274,75.776,4445.73,298.274,100.0,0.0,0,0,0.0,DEPLOY,404.64
2275,75.8094,4448.492,298.645,100.0,0.0,0,0,0.0,DEPLOY,403.44
2276,75.8427,4451.259,299.012,100.0,0.0,0,0,0.0,DEPLOY,402.26
2277,75.876,4454.028,299.375,100.0,0.0,0,0,0.0,DEPLOY,401.1
2278,75.9093,4456.801,299.736,100.0,0.0,0,0,0.0,DEPLOY,400.1
2279,75.9427,4459.577,300.093,100.0,0.0,0,0,0.0,DEPLOY,400.0
2280,75.976,4462.356,300.448,100.0,0.0,0,0,0.0,DEPLOY,400.0
2281,76.0093,4465.139,300.799,100.0,0.0,0,0,0.0,DEPLOY,400.0
2282,76.0426,4467.925,301.147,100.0,0.0,0,0,0.0,DEPLOY,400.0
2283,76.076,4470.714,301.493,100.0,0.0,0,0,0.0,DEPLOY,400.0
2284,76.1093,4473.506,301.836,100.0,0.0,0,0,0.0,DEPLOY,400.0
2285,76.1426,4476.302,302.176,100.0,0.0,0,0,0.0,DEPLOY,400.0
2286,76.1759,4479.1,302.514,100.0,0.0,0,0,0.0,DEPLOY,400.0
2287,76.2092,4481.902,302.849,100.0,0.0,0,0,0.0,DEPLOY,400.0
2288,76.2426,4484.707,303.183,100.0,0.0,0,0,0.0,DEPLOY,400.0
2289,76.2759,4487.515,303.513,100.0,0.0,0,0,0.0,DEPLOY,400.0
2290,76.3092,4490.326,303.842,100.0,0.0,0,0,0.0,DEPLOY,400.0
2291,76.3425,4493.14,304.168,100.0,0.0,0,0,0.0,DEPLOY,400.0
2292,76.3759,4495.957,304.492,100.0,0.0,0,0,0.0,DEPLOY,400.0
2293,76.4092,4498.777,304.815,100.0,0.0,0,0,0.0,DEPLOY,400.0
2294,76.4425,4501.6,305.135,100.0,0.0,0,0,0.0,DEPLOY,400.0
2295,76.4758,4504.425,305.453,100.0,0.0,0,0,0.0,DEPLOY,400.0
2296,76.5091,4507.254,305.77,100.0,0.0,0,0,0.0,DEPLOY,400.0
2297,76.5425,4510.086,306.084,100.0,0.0,0,0,0.0,DEPLOY,400.0
2298,76.5758,4512.921,306.397,100.0,0.0,0,0,0.0,DEPLOY,400.0
2299,76.6091,4515.758,306.708,100.0,0.0,0,0,0.0,DEPLOY,400.0
2300,76.6424,4518.599,307.017,100.0,0.0,0,0,0.0,DEPLOY,400.0
2301,76.6758,4521.442,307.324,100.0,0.0,0,0,0.0,DEPLOY,400.0
2302,76.7091,4524.288,307.63,100.0,0.0,0,0,0.0,DEPLOY,400.0
2303,76.7424,4527.137,307.934,100.0,0.0,0,0,0.0,DEPLOY,400.0
2304,76.7757,4529.989,308.237,100.0,0.0,0,0,0.0,DEPLOY,400.0
2305,76.8091,4532.843,308.538,100.0,0.0,0,0,0.0,DEPLOY,400.0
2306,76.8424,4535.701,308.837,100.0,0.0,0,0,0.0,DEPLOY,400.0
2307,76.8757,4538.561,309.134,100.0,0.0,0,0,0.0,DEPLOY,400.0
2308,76.909,4541.424,309.43,100.0,0.0,0,0,0.0,DEPLOY,400.0
2309,76.9423,4544.289,309.725,100.0,0.0,0,0,0.0,DEPLOY,400.0
2310,76.9757,4547.157,310.018,100.0,0.0,0,0,0.0,DEPLOY,400.0
2311,77.009,4550.028,310.309,100.0,0.0,0,0,0.0,DEPLOY,400.0
2312,77.0423,4552.902,310.599,100.0,0.0,0,0,0.0,DEPLOY,400.0
2313,77.0756,4555.778,310.888,100.0,0.0,0,0,0.0,DEPLOY,400.0
2314,77.109,4558.657,311.175,100.0,0.0,0,0,0.0,DEPLOY,400.0
2315,77.1423,4561.539,311.46,100.0,0.0,0,0,0.0,DEPLOY,400.0
2316,77.1756,4564.423,311.744,100.0,0.0,0,0,0.0,DEPLOY,400.0
2317,77.2089,4567.31,312.026,100.0,0.0,0,0,0.0,DEPLOY,400.0
2318,77.2422,4570.2,312.307,100.0,0.0,0,0,0.0,DEPLOY,400.0
2319,77.2756,4573.092,312.587,100.0,0.0,0,0,0.0,DEPLOY,400.0
2320,77.3089,4575.986,312.865,100.0,0.0,0,0,0.0,DEPLOY,400.0
2321,77.3422,4578.884,313.141,100.0,0.0,0,0,0.0,DEPLOY,400.0
2322,77.3755,4581.784,313.416,100.0,0.0,0,0,0.0,DEPLOY,400.0
2323,77.4089,4584.686,313.689,100.0,0.0,0,0,0.0,DEPLOY,400.0
2324,77.4422,4587.591,313.961,100.0,0.0,0,0,0.0,DEPLOY,400.0
2325,77.4755,4590.498,314.232,100.0,0.0,0,0,0.0,DEPLOY,400.0
2326,77.5088,4593.408,314.5,100.0,0.0,0,0,0.0,DEPLOY,400.0
2327,77.5422,4596.32,314.768,100.0,0.0,0,0,0.0,DEPLOY,400.0
2328,77.5755,4599.235,315.033,100.0,0.0,0,0,0.0,DEPLOY,400.0
2329,77.6088,4602.152,315.297,100.0,0.0,0,0,0.0,DEPLOY,400.0
2330,77.6421,4605.072,315.559,100.0,0.0,0,0,0.0,DEPLOY,400.0
2331,77.6754,4607.994,315.82,100.0,0.0,0,0,0.0,DEPLOY,400.0
2332,77.7088,4610.919,316.078,100.0,0.0,0,0,0.0,DEPLOY,400.0
2333,77.7421,4613.846,316.335,100.0,0.0,0,0,0.0,DEPLOY,400.0
2334,77.7754,4616.775,316.59,100.0,0.0,0,0,0.0,DEPLOY,400.0
2335,77.8087,4619.707,316.842,100.0,0.0,0,0,0.0,NORMAL,400.0
2336,77.8421,4622.641,317.093,100.0,0.0,0,0,0.0,NORMAL,400.0
2337,77.8754,4625.577,317.341,100.0,0.0,0,0,0.0,NORMAL,400.0
2338,77.9087,4628.515,317.588,100.0,0.0,0,0,0.0,NORMAL,400.0
2339,77.942,4631.456,317.831,100.0,0.0,0,0,0.0,NORMAL,400.0
2340,77.9753,4634.399,318.072,100.0,0.0,0,0,0.0,NORMAL,400.0
2341,78.0087,4637.345,318.311,100.0,0.0,0,0,0.0,NORMAL,400.0
2342,78.042,4640.292,318.546,100.0,0.0,0,0,0.0,NORMAL,400.0
2343,78.0753,4643.242,318.779,100.0,0.0,0,0,0.0,NORMAL,400.0
2344,78.1086,4646.193,319.009,100.0,0.0,0,0,0.0,NORMAL,400.0
2345,78.142,4649.147,319.235,100.0,0.0,0,0,0.0,NORMAL,400.0
2346,78.1753,4652.103,319.458,100.0,0.0,0,0,0.0,NORMAL,400.0
2347,78.2086,4655.061,319.678,100.0,0.0,0,0,0.0,NORMAL,400.0
2348,78.2419,4658.021,319.894,100.0,0.0,0,0,0.0,NORMAL,400.0
2349,78.2753,4660.984,320.106,100.0,0.0,0,0,0.0,NORMAL,400.0
2350,78.3086,4663.947,320.315,100.0,0.0,0,0,0.0,NORMAL,400.0
2351,78.3419,4666.913,320.519,100.0,0.0,0,0,0.0,NORMAL,400.0
2352,78.3752,4669.881,320.72,100.0,0.0,0,0,0.0,NORMAL,400.0
2353,78.4085,4672.851,320.916,100.0,0.0,0,0,0.0,NORMAL,400.0
2354,78.4419,4675.822,321.108,100.0,0.0,0,0,0.0,NORMAL,400.0
2355,78.4752,4678.795,321.295,100.0,0.0,0,0,0.0,NORMAL,400.0
2356,78.5085,4681.77,321.478,100.0,0.0,0,0,0.0,NORMAL,400.0
2357,78.5418,4684.747,321.656,100.0,0.0,0,0,0.0,NORMAL,388.22
2358,78.5752,4687.725,321.829,100.0,0.0,0,0,0.02,SUPERCLIP,335.0
2359,78.6085,4690.705,321.997,100.0,0.0,0,0,0.08,SUPERCLIP,335.0
2360,78.6418,4693.686,322.161,100.0,0.0,0,0,0.13,SUPERCLIP,335.0
2361,78.6751,4696.669,322.319,100.0,0.0,0,0,0.19,SUPERCLIP,335.0
2362,78.7085,4699.653,322.472,100.0,0.0,0,0,0.24,SUPERCLIP,335.0
2363,78.7418,4702.638,322.619,100.0,0.0,0,0,0.29,SUPERCLIP,335.0
2364,78.7751,4705.625,322.76,100.0,0.0,0,0,0.35,SUPERCLIP,335.0
2365,78.8084,4708.613,322.895,100.0,0.0,0,0,0.4,SUPERCLIP,335.0
2366,78.8417,4711.603,323.022,100.0,0.0,0,0,0.46,SUPERCLIP,335.0
2367,78.8751,4714.593,323.142,100.0,0.0,0,0,0.51,SUPERCLIP,335.0
2368,78.9084,4717.585,323.254,100.0,0.0,0,0,0.57,SUPERCLIP,335.0
2369,78.9417,4720.578,323.356,100.0,0.0,0,0,0.62,SUPERCLIP,335.0
2370,78.975,4723.571,323.448,100.0,0.0,0,0,0.67,SUPERCLIP,335.0
2371,79.0084,4726.566,323.529,100.0,0.0,0,0,0.73,SUPERCLIP,335.0
2372,79.0417,4729.561,323.595,100.0,0.0,0,0,0.78,SUPERCLIP,335.0
2373,79.075,4732.556,323.647,100.0,0.0,0,0,0.84,SUPERCLIP,335.0
2374,79.1083,4735.552,323.681,100.0,0.0,0,0,0.89,SUPERCLIP,335.0
2375,79.1416,4738.548,323.696,100.0,0.0,0,0,0.94,SUPERCLIP,335.0
2376,79.175,4741.544,323.687,100.0,0.0,0,0,1.0,SUPERCLIP,335.0
2377,79.2083,4744.54,323.654,100.0,0.0,0,0,1.05,SUPERCLIP,335.0
2378,79.2416,4747.536,323.59,100.0,0.0,0,0,1.11,SUPERCLIP,335.0
2379,79.2749,4750.531,323.495,100.0,0.0,0,0,1.16,SUPERCLIP,335.0
2380,79.3083,4753.525,323.36,100.0,0.0,0,0,1.21,SUPERCLIP,335.0
2381,79.3416,4756.517,323.186,100.0,0.0,0,0,1.27,SUPERCLIP,335.0
2382,79.3749,4759.507,322.961,100.0,0.0,0,0,1.32,SUPERCLIP,335.0
2383,79.4082,4762.496,322.688,100.0,0.0,0,0,1.37,SUPERCLIP,335.0
2384,79.4416,4765.481,322.352,100.0,0.0,0,0,1.43,SUPERCLIP,335.0
2385,79.4749,4768.463,321.958,100.0,0.0,0,0,1.48,SUPERCLIP,335.0
2386,79.5082,4771.441,321.488,100.0,0.0,0,0,1.54,SUPERCLIP,335.0
2387,79.5415,4774.415,320.948,100.0,0.0,0,0,1.59,SUPERCLIP,335.0
2388,79.5748,4777.382,320.318,100.0,0.0,0,0,1.64,SUPERCLIP,335.0
2389,79.6082,4780.344,319.609,100.0,0.0,0,0,1.7,SUPERCLIP,335.0
2390,79.6415,4783.299,318.796,100.0,0.0,0,0,1.75,SUPERCLIP,335.0
2391,79.6748,4786.246,317.892,100.0,0.0,0,0,1.8,SUPERCLIP,335.0
2392,79.7081,4789.183,316.876,100.0,0.0,0,0,1.85,SUPERCLIP,335.0
2393,79.7415,4792.111,315.756,100.0,0.0,0,0,1.91,SUPERCLIP,335.0
2394,79.7748,4795.028,314.518,100.0,0.0,0,0,1.96,SUPERCLIP,335.0
2395,79.8081,4797.933,313.166,100.0,0.0,0,0,2.01,SUPERCLIP,335.0
2396,79.8414,4800.825,311.695,100.0,0.0,0,0,2.06,SUPERCLIP,188.24
2397,79.8747,4803.703,310.101,0.0,100.0,0,0,2.22,REGEN,-350.0
2398,79.9081,4806.566,308.392,0.0,100.0,0,0,2.49,REGEN,-350.0
2399,79.9414,4809.411,306.552,0.0,100.0,0,0,2.77,REGEN,-350.0
2400,79.9747,4812.241,304.604,0.0,100.0,0,0,3.04,REGEN,-350.0
2401,80.008,4815.05,302.529,0.0,100.0,0,0,3.31,REGEN,-350.0
2402,80.0414,4817.84,300.346,0.0,100.0,0,0,3.58,REGEN,-350.0
2403,80.0747,4820.611,298.056,0.0,100.0,0,0,3.85,REGEN,-350.0
2404,80.108,4823.357,295.657,0.0,100.0,0,0,4.11,REGEN,-350.0
2405,80.1413,4826.083,293.165,0.0,100.0,0,0,4.38,REGEN,-350.0
2406,80.1747,4828.785,290.551,0.0,100.0,0,0,4.64,REGEN,-350.0
2407,80.208,4831.461,287.789,0.0,100.0,0,0,4.91,REGEN,-350.0
2408,80.2413,4834.112,284.893,0.0,100.0,0,0,5.18,REGEN,-350.0
2409,80.2746,4836.735,281.851,0.0,100.0,0,0,5.45,REGEN,-350.0
2410,80.3079,4839.328,278.669,0.0,100.0,0,0,5.73,REGEN,-350.0
2411,80.3413,4841.893,275.365,0.0,100.0,0,0,6.01,REGEN,-350.0
2412,80.3746,4844.428,271.943,0.0,100.0,0,0,6.29,REGEN,-350.0
2413,80.4079,4846.927,268.396,0.0,100.0,0,0,6.58,REGEN,-350.0
2414,80.4412,4849.394,264.75,0.0,100.0,0,0,6.86,REGEN,-350.0
2415,80.4746,4851.827,260.908,0.0,100.0,0,0,7.15,REGEN,-350.0
2416,80.5079,4854.22,255.68,0.0,100.0,0,0,7.44,REGEN,-350.0
2417,80.5412,4856.561,250.175,0.0,100.0,0,0,7.74,REGEN,-350.0
2418,80.5745,4858.85,244.848,0.0,100.0,0,0,8.03,REGEN,-350.0
2419,80.6079,4861.092,239.685,0.0,100.0,0,0,8.32,REGEN,-350.0
2420,80.6412,4863.287,234.696,0.0,100.0,0,0,8.61,REGEN,-350.0
2421,80.6745,4865.437,229.916,0.0,100.0,0,0,8.9,REGEN,-350.0
2422,80.7078,4867.544,225.346,0.0,100.0,0,0,9.19,REGEN,-350.0
2423,80.7411,4869.609,220.972,0.0,100.0,0,0,9.49,REGEN,-350.0
2424,80.7745,4871.635,216.779,0.0,100.0,0,0,9.78,REGEN,-350.0
2425,80.8078,4873.623,212.754,0.0,100.0,0,0,10.07,REGEN,-350.0
2426,80.8411,4875.574,208.886,0.0,100.0,0,0,10.36,REGEN,-350.0
2427,80.8744,4877.49,205.164,0.0,100.0,0,0,10.65,REGEN,-350.0
2428,80.9078,4879.372,201.578,0.0,100.0,0,0,10.94,REGEN,-350.0
2429,80.9411,4881.222,198.121,0.0,100.0,0,0,11.23,REGEN,-350.0
2430,80.9744,4883.041,194.784,0.0,100.0,0,0,11.53,REGEN,-350.0
2431,81.0077,4884.83,191.556,0.0,100.0,0,0,11.82,REGEN,-350.0
2432,81.041,4886.59,188.422,0.0,100.0,0,0,12.11,REGEN,-350.0
2433,81.0744,4888.321,185.408,0.0,100.0,0,0,12.4,REGEN,-350.0
2434,81.1077,4890.022,182.507,0.0,100.0,0,0,12.69,REGEN,-350.0
2435,81.141,4891.696,179.701,0.0,100.0,0,0,12.98,REGEN,-350.0
2436,81.1743,4893.347,176.984,0.0,100.0,0,0,13.28,REGEN,-350.0
2437,81.2077,4894.974,174.353,0.0,100.0,0,0,13.57,REGEN,-350.0
2438,81.241,4896.578,171.803,0.0,100.0,0,0,13.86,REGEN,-350.0
2439,81.2743,4898.156,169.347,0.0,100.0,0,0,14.15,REGEN,-350.0
2440,81.3076,4899.711,166.977,0.0,100.0,0,0,14.44,REGEN,-350.0
2441,81.341,4901.245,164.679,0.0,100.0,0,0,14.73,REGEN,-350.0
2442,81.3743,4902.761,162.448,0.0,100.0,0,0,15.03,REGEN,-350.0
2443,81.4076,4904.256,160.29,0.0,100.0,0,0,15.32,REGEN,-350.0
2444,81.4409,4905.727,158.215,0.0,100.0,0,0,15.61,REGEN,-350.0
2445,81.4742,4907.182,156.197,0.0,100.0,0,0,15.9,REGEN,-350.0
2446,81.5076,4908.621,154.23,0.0,100.0,0,0,16.19,REGEN,-350.0
2447,81.5409,4910.039,152.331,0.0,100.0,0,0,16.48,REGEN,-350.0
2448,81.5742,4911.439,150.487,0.0,100.0,0,0,16.77,REGEN,-350.0
2449,81.6075,4912.825,148.682,0.0,100.0,0,0,17.07,REGEN,-350.0
2450,81.6409,4914.194,146.924,0.0,100.0,0,0,17.36,REGEN,-350.0
2451,81.6742,4915.544,145.215,0.0,100.0,0,0,17.65,REGEN,-350.0
2452,81.7075,4916.881,143.557,0.0,100.0,0,0,17.94,REGEN,-350.0
2453,81.7408,4918.204,141.973,0.0,100.0,0,0,18.23,REGEN,-350.0
2454,81.7741,4919.509,140.458,0.0,100.0,0,0,18.52,REGEN,-350.0
2455,81.8075,4920.803,138.946,0.0,100.0,0,0,18.82,REGEN,-350.0
2456,81.8408,4922.083,137.412,0.0,100.0,0,0,19.11,REGEN,-350.0
2457,81.8741,4923.346,135.916,0.0,100.0,0,0,19.4,REGEN,-350.0
2458,81.9074,4924.6,134.442,0.0,100.0,0,0,19.69,REGEN,-350.0
2459,81.9408,4925.835,133.015,0.0,100.0,0,0,19.98,REGEN,-350.0
2460,81.9741,4927.06,131.619,0.0,100.0,0,0,20.27,REGEN,-350.0
2461,82.0074,4928.275,130.25,0.0,100.0,0,0,20.57,REGEN,-350.0
2462,82.0407,4929.471,128.93,0.0,100.0,0,0,20.86,REGEN,-350.0
2463,82.0741,4930.661,127.626,0.0,100.0,0,0,21.15,REGEN,-350.0
2464,82.1074,4931.834,126.36,0.0,100.0,0,0,21.44,REGEN,-350.0
2465,82.1407,4932.998,125.118,0.0,100.0,0,0,21.73,REGEN,-350.0
2466,82.174,4934.152,123.896,0.0,100.0,0,0,22.02,REGEN,-350.0
2467,82.2073,4935.291,122.708,0.0,100.0,0,0,22.31,REGEN,-350.0
2468,82.2407,4936.426,121.529,0.0,100.0,0,0,22.61,REGEN,-350.0
2469,82.274,4937.541,120.391,0.0,100.0,0,0,22.9,REGEN,-350.0
2470,82.3073,4938.653,119.264,0.0,100.0,0,0,23.19,REGEN,-350.0
2471,82.3406,4939.75,118.176,0.0,100.0,0,0,23.48,REGEN,-350.0
2472,82.374,4940.84,117.115,0.0,100.0,0,0,23.77,REGEN,-350.0
2473,82.4073,4941.919,116.096,0.0,100.0,0,0,24.06,REGEN,-350.0
2474,82.4406,4942.989,115.127,0.0,100.0,0,0,24.36,REGEN,-350.0
2475,82.4739,4944.051,114.199,0.0,100.0,0,0,24.65,REGEN,-350.0
2476,82.5073,4945.103,113.303,0.0,100.0,0,0,24.94,REGEN,-350.0
2477,82.5406,4946.149,112.425,0.0,100.0,0,0,25.23,REGEN,-350.0
2478,82.5739,4947.183,111.487,0.0,100.0,0,0,25.52,REGEN,-350.0
2479,82.6072,4948.213,110.528,0.0,100.0,0,0,25.81,REGEN,-350.0
2480,82.6405,4949.228,109.469,0.0,100.0,0,0,26.1,REGEN,-350.0
2481,82.6739,4950.24,108.385,0.0,100.0,0,0,26.4,REGEN,-350.0
2482,82.7072,4951.234,107.246,0.0,100.0,0,0,26.69,REGEN,-350.0
2483,82.7405,4952.225,106.095,0.0,100.0,0,0,26.98,REGEN,-350.0
2484,82.7738,4953.198,104.965,0.0,100.0,0,0,27.27,REGEN,-350.0
2485,82.8072,4954.167,103.84,0.0,100.0,0,0,27.56,REGEN,-350.0
2486,82.8405,4955.121,102.801,0.0,100.0,0,0,27.85,REGEN,-350.0
2487,82.8738,4956.07,101.791,0.0,100.0,0,0,28.15,REGEN,-350.0
2488,82.9071,4957.007,100.899,0.0,100.0,0,0,28.44,REGEN,-350.0
2489,82.9404,4957.938,100.076,0.0,100.0,0,0,28.73,REGEN,-350.0
2490,82.9738,4958.862,99.378,0.0,100.0,0,0,29.02,REGEN,-111.51
2491,83.0071,4959.778,98.821,100.0,100.0,0,0,29.31,REGEN,392.59
2492,83.0404,4960.693,98.389,100.0,0.0,0,0,29.43,DEPLOY,750.0
2493,83.0737,4961.603,98.262,100.0,0.0,0,0,29.14,DEPLOY,750.0
2494,83.1071,4962.512,98.135,100.0,0.0,0,0,28.85,DEPLOY,750.0
2495,83.1404,4963.42,98.009,100.0,0.0,0,0,28.56,DEPLOY,750.0
2496,83.1737,4964.327,97.882,100.0,0.0,0,0,28.27,DEPLOY,750.0
2497,83.207,4965.232,97.756,100.0,0.0,0,0,27.98,DEPLOY,750.0
2498,83.2404,4966.136,97.63,100.0,0.0,0,0,27.68,DEPLOY,750.0
2499,83.2737,4967.039,97.504,100.0,0.0,0,0,27.39,DEPLOY,750.0
2500,83.307,4967.941,97.379,100.0,0.0,0,0,27.1,DEPLOY,750.0
2501,83.3403,4968.842,97.254,100.0,0.0,0,0,26.81,DEPLOY,750.0
2502,83.3736,4969.741,97.129,100.0,0.0,0,0,26.52,DEPLOY,750.0
2503,83.407,4970.64,97.005,100.0,0.0,0,0,26.23,DEPLOY,750.0
2504,83.4403,4971.537,96.881,100.0,0.0,0,0,25.94,DEPLOY,750.0
2505,83.4736,4972.434,96.757,100.0,0.0,0,0,25.64,DEPLOY,750.0
2506,83.5069,4973.331,96.926,100.0,0.0,0,0,25.35,DEPLOY,750.0
2507,83.5403,4974.229,97.1,100.0,0.0,0,0,25.06,DEPLOY,750.0
2508,83.5736,4975.13,97.355,100.0,0.0,0,0,24.77,DEPLOY,750.0
2509,83.6069,4976.032,97.637,100.0,0.0,0,0,24.48,DEPLOY,750.0
2510,83.6402,4976.937,97.891,100.0,0.0,0,0,24.19,DEPLOY,750.0
2511,83.6735,4977.844,98.12,100.0,0.0,0,0,23.9,DEPLOY,750.0
2512,83.7069,4978.753,98.351,100.0,0.0,0,0,23.61,DEPLOY,750.0
2513,83.7402,4979.665,98.581,100.0,0.0,0,0,23.32,DEPLOY,750.0
2514,83.7735,4980.578,98.812,100.0,0.0,0,0,23.03,DEPLOY,750.0
2515,83.8068,4981.494,99.044,100.0,0.0,0,0,22.75,DEPLOY,750.0
2516,83.8402,4982.411,99.275,100.0,0.0,0,0,22.46,DEPLOY,750.0
2517,83.8735,4983.332,99.508,100.0,0.0,0,0,22.18,DEPLOY,750.0
2518,83.9068,4984.253,99.74,100.0,0.0,0,0,21.9,DEPLOY,750.0
2519,83.9401,4985.178,99.974,100.0,0.0,0,0,21.62,DEPLOY,750.0
2520,83.9735,4986.105,100.208,100.0,0.0,0,0,21.34,DEPLOY,750.0
2521,84.0068,4987.033,100.443,100.0,0.0,0,0,21.05,DEPLOY,750.0
2522,84.0401,4987.964,100.678,100.0,0.0,0,0,20.77,DEPLOY,750.0
2523,84.0734,4988.897,100.915,100.0,0.0,0,0,20.49,DEPLOY,750.0
2524,84.1067,4989.833,101.152,100.0,0.0,0,0,20.2,DEPLOY,750.0
2525,84.1401,4990.77,101.39,100.0,0.0,0,0,19.91,DEPLOY,750.0
2526,84.1734,4991.71,101.629,100.0,0.0,0,0,19.63,DEPLOY,750.0
2527,84.2067,4992.651,101.867,100.0,0.0,0,0,19.34,DEPLOY,750.0
2528,84.24,4993.595,102.106,100.0,0.0,0,0,19.05,DEPLOY,750.0
2529,84.2734,4994.541,102.378,100.0,0.0,0,0,18.76,DEPLOY,750.0
2530,84.3067,4995.494,102.952,100.0,0.0,0,0,18.46,DEPLOY,750.0
2531,84.34,4996.446,103.525,100.0,0.0,0,0,18.17,DEPLOY,750.0
2532,84.3733,4997.414,104.528,100.0,0.0,0,0,17.88,DEPLOY,750.0
2533,84.4067,4998.382,105.534,100.0,0.0,0,0,17.59,DEPLOY,750.0
2534,84.44,4999.369,106.707,100.0,0.0,0,0,17.3,DEPLOY,750.0
2535,84.4733,5000.358,107.895,100.0,0.0,0,0,17.01,DEPLOY,750.0
2536,84.5066,5001.367,109.102,100.0,0.0,0,0,16.72,DEPLOY,750.0
2537,84.5399,5002.378,110.312,100.0,0.0,0,0,16.42,DEPLOY,750.0
2538,84.5733,5003.408,111.441,100.0,0.0,0,0,16.13,DEPLOY,750.0
2539,84.6066,5004.44,112.56,100.0,0.0,0,0,15.84,DEPLOY,750.0
2540,84.6399,5005.49,113.52,100.0,0.0,0,0,15.55,DEPLOY,750.0
2541,84.6732,5006.542,114.459,100.0,0.0,0,0,15.26,DEPLOY,750.0
2542,84.7066,5007.607,115.178,100.0,0.0,0,0,14.97,DEPLOY,750.0
2543,84.7399,5008.674,115.876,100.0,0.0,0,0,14.67,DEPLOY,750.0
2544,84.7732,5009.751,116.48,100.0,0.0,0,0,14.38,DEPLOY,750.0
2545,84.8065,5010.832,117.131,100.0,0.0,0,0,14.09,DEPLOY,750.0
2546,84.8398,5011.92,117.877,100.0,0.0,0,0,13.8,DEPLOY,750.0
2547,84.8732,5013.015,118.719,100.0,0.0,0,0,13.51,DEPLOY,750.0
2548,84.9065,5014.118,119.663,100.0,0.0,0,0,13.22,DEPLOY,750.0
2549,84.9398,5015.232,120.692,100.0,0.0,0,0,12.92,DEPLOY,750.0
2550,84.9731,5016.351,121.762,100.0,0.0,0,0,12.63,DEPLOY,750.0
2551,85.0065,5017.486,122.875,100.0,0.0,0,0,12.34,DEPLOY,750.0
2552,85.0398,5018.626,123.993,100.0,0.0,0,0,12.05,DEPLOY,750.0
2553,85.0731,5019.781,125.116,100.0,0.0,0,0,11.76,DEPLOY,750.0
2554,85.1064,5020.944,126.238,100.0,0.0,0,0,11.47,DEPLOY,750.0
2555,85.1398,5022.117,127.357,100.0,0.0,0,0,11.18,DEPLOY,750.0
2556,85.1731,5023.302,128.474,100.0,0.0,0,0,10.88,DEPLOY,750.0
2557,85.2064,5024.493,129.59,100.0,0.0,0,0,10.59,DEPLOY,750.0
2558,85.2397,5025.701,130.722,100.0,0.0,0,0,10.3,DEPLOY,750.0
2559,85.273,5026.916,131.873,100.0,0.0,0,0,10.01,DEPLOY,750.0
2560,85.3064,5028.141,133.058,100.0,0.0,0,0,9.72,DEPLOY,750.0
2561,85.3397,5029.38,134.219,100.0,0.0,0,0,9.43,DEPLOY,750.0
2562,85.373,5030.625,135.388,100.0,0.0,0,0,9.13,DEPLOY,750.0
2563,85.4063,5031.887,136.693,100.0,0.0,0,0,8.84,DEPLOY,750.0
2564,85.4397,5033.158,138.036,100.0,0.0,0,0,8.55,DEPLOY,750.0
2565,85.473,5034.439,139.415,100.0,0.0,0,0,8.26,DEPLOY,750.0
2566,85.5063,5035.739,140.793,100.0,0.0,0,0,7.97,DEPLOY,750.0
2567,85.5396,5037.048,142.169,100.0,0.0,0,0,7.68,DEPLOY,750.0
2568,85.5729,5038.368,143.542,100.0,0.0,0,0,7.38,DEPLOY,750.0
2569,85.6063,5039.706,144.927,100.0,0.0,0,0,7.09,DEPLOY,750.0
2570,85.6396,5041.054,146.33,100.0,0.0,0,0,6.8,DEPLOY,750.0
2571,85.6729,5042.412,147.76,100.0,0.0,0,0,6.51,DEPLOY,750.0
2572,85.7062,5043.79,149.245,100.0,0.0,0,0,6.22,DEPLOY,750.0
2573,85.7396,5045.178,150.76,100.0,0.0,0,0,5.93,DEPLOY,750.0
2574,85.7729,5046.578,152.305,100.0,0.0,0,0,5.64,DEPLOY,750.0
2575,85.8062,5047.997,153.888,100.0,0.0,0,0,5.34,DEPLOY,750.0
2576,85.8395,5049.43,155.432,100.0,0.0,0,0,5.05,DEPLOY,750.0
2577,85.8729,5050.874,156.912,100.0,0.0,0,0,4.76,DEPLOY,750.0
2578,85.9062,5052.331,158.278,100.0,0.0,0,0,4.47,DEPLOY,750.0
2579,85.9395,5053.805,159.644,100.0,0.0,0,0,4.18,DEPLOY,750.0
2580,85.9728,5055.289,161.011,100.0,0.0,0,0,3.89,DEPLOY,750.0
2581,86.0061,5056.784,162.378,100.0,0.0,0,0,3.6,DEPLOY,750.0
2582,86.0395,5058.293,163.746,100.0,0.0,0,0,3.31,DEPLOY,750.0
2583,86.0728,5059.817,165.117,100.0,0.0,0,0,3.02,DEPLOY,750.0
2584,86.1061,5061.351,166.489,100.0,0.0,0,0,2.73,DEPLOY,750.0
2585,86.1394,5062.898,167.862,100.0,0.0,0,0,2.44,DEPLOY,750.0
2586,86.1728,5064.457,169.237,100.0,0.0,0,0,2.15,DEPLOY,750.0
2587,86.2061,5066.031,170.612,100.0,0.0,0,0,1.86,DEPLOY,750.0
2588,86.2394,5067.617,171.989,100.0,0.0,0,0,1.57,DEPLOY,750.0
2589,86.2727,5069.216,173.355,100.0,0.0,0,0,1.27,DEPLOY,750.0
2590,86.306,5070.825,174.7,100.0,0.0,0,0,0.98,DEPLOY,750.0
2591,86.3394,5072.447,176.017,100.0,0.0,0,0,0.69,DEPLOY,750.0
2592,86.3727,5074.084,177.347,100.0,0.0,0,0,0.4,DEPLOY,750.0
2593,86.406,5075.733,178.687,100.0,0.0,0,0,0.12,DEPLOY,750.0
2594,86.4393,5077.393,180.036,100.0,0.0,0,0,0.0,DEPLOY,750.0
2595,86.4727,5079.065,181.393,100.0,0.0,0,0,0.0,DEPLOY,750.0
2596,86.506,5080.75,182.755,100.0,0.0,0,0,0.0,DEPLOY,750.0
2597,86.5393,5082.447,184.122,100.0,0.0,0,0,0.0,DEPLOY,750.0
2598,86.5726,5084.159,185.494,100.0,0.0,0,0,0.0,DEPLOY,750.0
2599,86.606,5085.883,186.87,100.0,0.0,0,0,0.0,DEPLOY,750.0
2600,86.6393,5087.619,188.248,100.0,0.0,0,0,0.0,DEPLOY,750.0
2601,86.6726,5089.368,189.63,100.0,0.0,0,0,0.0,DEPLOY,750.0
2602,86.7059,5091.129,191.014,100.0,0.0,0,0,0.0,DEPLOY,750.0
2603,86.7392,5092.903,192.402,100.0,0.0,0,0,0.0,DEPLOY,750.0
2604,86.7726,5094.69,193.792,100.0,0.0,0,0,0.0,DEPLOY,750.0
2605,86.8059,5096.49,195.186,100.0,0.0,0,0,0.0,DEPLOY,750.0
2606,86.8392,5098.303,196.583,100.0,0.0,0,0,0.0,DEPLOY,750.0
2607,86.8725,5100.13,197.983,100.0,0.0,0,0,0.0,DEPLOY,750.0
2608,86.9059,5101.969,199.386,100.0,0.0,0,0,0.0,DEPLOY,750.0
2609,86.9392,5103.822,200.793,100.0,0.0,0,0,0.0,DEPLOY,746.91
2610,86.9725,5105.687,202.202,100.0,0.0,0,0,0.0,DEPLOY,742.13
2611,87.0058,5107.565,203.615,100.0,0.0,0,0,0.0,DEPLOY,737.09
2612,87.0392,5109.456,205.032,100.0,0.0,0,0,0.0,DEPLOY,732.03
2613,87.0725,5111.361,206.452,100.0,0.0,0,0,0.0,DEPLOY,726.96
2614,87.1058,5113.278,207.874,100.0,0.0,0,0,0.0,DEPLOY,721.88
2615,87.1391,5115.209,209.284,100.0,0.0,0,0,0.0,DEPLOY,716.78
2616,87.1724,5117.152,210.665,100.0,0.0,0,0,0.0,DEPLOY,711.68
2617,87.2058,5119.109,212.039,100.0,0.0,0,0,0.0,DEPLOY,706.56
2618,87.2391,5121.078,213.409,100.0,0.0,0,0,0.0,DEPLOY,701.43
2619,87.2724,5123.059,214.775,100.0,0.0,0,0,0.0,DEPLOY,696.29
2620,87.3057,5125.054,216.135,100.0,0.0,0,0,0.0,DEPLOY,691.14
2621,87.3391,5127.061,217.489,100.0,0.0,0,0,0.0,DEPLOY,685.98
2622,87.3724,5129.08,218.836,100.0,0.0,0,0,0.0,DEPLOY,680.81
2623,87.4057,5131.112,220.175,100.0,0.0,0,0,0.0,DEPLOY,675.63
2624,87.439,5133.156,221.507,100.0,0.0,0,0,0.0,DEPLOY,670.44
2625,87.4723,5135.212,222.829,100.0,0.0,0,0,0.0,DEPLOY,665.24
2626,87.5057,5137.281,224.142,100.0,0.0,0,0,0.0,DEPLOY,660.1
2627,87.539,5139.362,225.445,100.0,0.0,0,0,0.0,DEPLOY,655.06
2628,87.5723,5141.455,226.737,100.0,0.0,0,0,0.0,DEPLOY,650.11
2629,87.6056,5143.559,228.018,100.0,0.0,0,0,0.0,DEPLOY,645.25
2630,87.639,5145.676,229.288,100.0,0.0,0,0,0.0,DEPLOY,640.48
2631,87.6723,5147.804,230.546,100.0,0.0,0,0,0.0,DEPLOY,635.79
2632,87.7056,5149.944,231.791,100.0,0.0,0,0,0.0,DEPLOY,631.18
2633,87.7389,5152.095,233.024,100.0,0.0,0,0,0.0,DEPLOY,626.66
2634,87.7723,5154.257,234.244,100.0,0.0,0,0,0.0,DEPLOY,622.21
2635,87.8056,5156.43,235.451,100.0,0.0,0,0,0.0,DEPLOY,617.83
2636,87.8389,5158.615,236.643,100.0,0.0,0,0,0.0,DEPLOY,613.54
2637,87.8722,5160.812,237.821,100.0,0.0,0,0,0.0,DEPLOY,609.31
2638,87.9055,5163.019,238.985,100.0,0.0,0,0,0.0,DEPLOY,605.16
2639,87.9389,5165.236,240.134,100.0,0.0,0,0,0.0,DEPLOY,601.07
2640,87.9722,5167.464,241.269,100.0,0.0,0,0,0.0,DEPLOY,597.04
2641,88.0055,5169.703,242.39,100.0,0.0,0,0,0.0,DEPLOY,593.09
2642,88.0388,5171.951,243.496,100.0,0.0,0,0,0.0,DEPLOY,589.19
2643,88.0722,5174.21,244.587,100.0,0.0,0,0,0.0,DEPLOY,585.35
2644,88.1055,5176.478,245.663,100.0,0.0,0,0,0.0,DEPLOY,581.58
2645,88.1388,5178.758,246.724,100.0,0.0,0,0,0.0,DEPLOY,577.87
2646,88.1721,5181.047,247.769,100.0,0.0,0,0,0.0,DEPLOY,574.21
2647,88.2054,5183.345,248.8,100.0,0.0,0,0,0.0,DEPLOY,570.61
2648,88.2388,5185.653,249.817,100.0,0.0,0,0,0.0,DEPLOY,567.06
2649,88.2721,5187.97,250.82,100.0,0.0,0,0,0.0,DEPLOY,563.57
2650,88.3054,5190.295,251.808,100.0,0.0,0,0,0.0,DEPLOY,560.13
2651,88.3387,5192.631,252.781,100.0,0.0,0,0,0.0,DEPLOY,556.74
2652,88.3721,5194.975,253.74,100.0,0.0,0,0,0.0,DEPLOY,553.4
2653,88.4054,5197.329,254.685,100.0,0.0,0,0,0.0,DEPLOY,550.12
2654,88.4387,5199.69,255.617,100.0,0.0,0,0,0.0,DEPLOY,546.88
2655,88.472,5202.06,256.535,100.0,0.0,0,0,0.0,DEPLOY,543.68
2656,88.5054,5204.439,257.441,100.0,0.0,0,0,0.0,DEPLOY,540.53
2657,88.5387,5206.826,258.332,100.0,0.0,0,0,0.0,DEPLOY,537.43
2658,88.572,5209.222,259.21,100.0,0.0,0,0,0.0,DEPLOY,534.38
2659,88.6053,5211.625,260.076,100.0,0.0,0,0,0.0,DEPLOY,531.37
2660,88.6386,5214.036,260.93,100.0,0.0,0,0,0.0,DEPLOY,528.4
2661,88.672,5216.455,261.772,100.0,0.0,0,0,0.0,DEPLOY,525.47
2662,88.7053,5218.882,262.601,100.0,0.0,0,0,0.0,DEPLOY,522.59
2663,88.7386,5221.317,263.418,100.0,0.0,0,0,0.0,DEPLOY,519.74
2664,88.7719,5223.759,264.224,100.0,0.0,0,0,0.0,DEPLOY,516.94
2665,88.8053,5226.208,265.019,100.0,0.0,0,0,0.0,DEPLOY,514.17
2666,88.8386,5228.665,265.802,100.0,0.0,0,0,0.0,DEPLOY,511.45
2667,88.8719,5231.129,266.574,100.0,0.0,0,0,0.0,DEPLOY,508.76
2668,88.9052,5233.6,267.336,100.0,0.0,0,0,0.0,DEPLOY,506.11
2669,88.9386,5236.078,268.087,100.0,0.0,0,0,0.0,DEPLOY,503.49
2670,88.9719,5238.563,268.828,100.0,0.0,0,0,0.0,DEPLOY,500.91
2671,89.0052,5241.055,269.558,100.0,0.0,0,0,0.0,DEPLOY,498.48
2672,89.0385,5243.553,270.278,100.0,0.0,0,0,0.0,DEPLOY,496.13
2673,89.0718,5246.058,270.989,100.0,0.0,0,0,0.0,DEPLOY,493.82
2674,89.1052,5248.569,271.691,100.0,0.0,0,0,0.0,DEPLOY,491.54
2675,89.1385,5251.088,272.382,100.0,0.0,0,0,0.0,DEPLOY,489.29
2676,89.1718,5253.612,273.065,100.0,0.0,0,0,0.0,DEPLOY,487.06
2677,89.2051,5256.143,273.738,100.0,0.0,0,0,0.0,DEPLOY,484.87
2678,89.2385,5258.68,274.403,100.0,0.0,0,0,0.0,DEPLOY,482.7
2679,89.2718,5261.223,275.058,100.0,0.0,0,0,0.0,DEPLOY,480.56
2680,89.3051,5263.772,275.705,100.0,0.0,0,0,0.0,DEPLOY,478.45
2681,89.3384,5266.327,276.344,100.0,0.0,0,0,0.0,DEPLOY,476.36
2682,89.3717,5268.888,276.975,100.0,0.0,0,0,0.0,DEPLOY,474.3
2683,89.4051,5271.454,277.596,100.0,0.0,0,0,0.0,DEPLOY,472.27
2684,89.4384,5274.027,278.211,100.0,0.0,0,0,0.0,DEPLOY,470.26
2685,89.4717,5276.604,278.817,100.0,0.0,0,0,0.0,DEPLOY,468.28
2686,89.505,5279.188,279.415,100.0,0.0,0,0,0.0,DEPLOY,466.33
2687,89.5384,5281.777,280.006,100.0,0.0,0,0,0.0,DEPLOY,464.39
2688,89.5717,5284.372,280.59,100.0,0.0,0,0,0.0,DEPLOY,462.48
2689,89.605,5286.972,281.166,100.0,0.0,0,0,0.0,DEPLOY,460.6
2690,89.6383,5289.577,281.734,100.0,0.0,0,0,0.0,DEPLOY,458.74
2691,89.6717,5292.187,282.296,100.0,0.0,0,0,0.0,DEPLOY,456.9
2692,89.705,5294.803,282.85,100.0,0.0,0,0,0.0,DEPLOY,455.08
2693,89.7383,5297.424,283.398,100.0,0.0,0,0,0.0,DEPLOY,453.29
2694,89.7716,5300.049,283.939,100.0,0.0,0,0,0.0,DEPLOY,451.52
2695,89.8049,5302.68,284.473,100.0,0.0,0,0,0.0,DEPLOY,449.77
2696,89.8383,5305.316,285.0,100.0,0.0,0,0,0.0,DEPLOY,448.04
2697,89.8716,5307.956,285.521,100.0,0.0,0,0,0.0,DEPLOY,446.33
2698,89.9049,5310.601,286.036,100.0,0.0,0,0,0.0,DEPLOY,444.65
2699,89.9382,5313.252,286.544,100.0,0.0,0,0,0.0,DEPLOY,442.98
2700,89.9716,5315.906,287.047,100.0,0.0,0,0,0.0,DEPLOY,441.33
2701,90.0049,5318.565,287.543,100.0,0.0,0,0,0.0,DEPLOY,439.71
2702,90.0382,5321.229,288.033,100.0,0.0,0,0,0.0,DEPLOY,438.1
2703,90.0715,5323.898,288.517,100.0,0.0,0,0,0.0,DEPLOY,436.51
2704,90.1048,5326.57,288.995,100.0,0.0,0,0,0.0,DEPLOY,434.95
2705,90.1382,5329.248,289.468,100.0,0.0,0,0,0.0,DEPLOY,433.4
2706,90.1715,5331.929,289.935,100.0,0.0,0,0,0.0,DEPLOY,431.87
2707,90.2048,5334.615,290.396,100.0,0.0,0,0,0.0,DEPLOY,430.35
2708,90.2381,5337.305,290.852,100.0,0.0,0,0,0.0,DEPLOY,428.86
2709,90.2715,5340.0,291.303,100.0,0.0,0,0,0.0,DEPLOY,427.38
2710,90.3048,5342.698,291.748,100.0,0.0,0,0,0.0,DEPLOY,425.92
2711,90.3381,5345.401,292.188,100.0,0.0,0,0,0.0,DEPLOY,424.48
2712,90.3714,5348.107,292.623,100.0,0.0,0,0,0.0,DEPLOY,423.05
2713,90.4048,5350.818,293.053,100.0,0.0,0,0,0.0,DEPLOY,421.64
2714,90.4381,5353.533,293.478,100.0,0.0,0,0,0.0,DEPLOY,420.25
2715,90.4714,5356.251,293.899,100.0,0.0,0,0,0.0,DEPLOY,418.88
2716,90.5047,5358.973,294.314,100.0,0.0,0,0,0.0,DEPLOY,417.52
2717,90.538,5361.699,294.725,100.0,0.0,0,0,0.0,DEPLOY,416.17
2718,90.5714,5364.429,295.131,100.0,0.0,0,0,0.0,DEPLOY,414.84
2719,90.6047,5367.163,295.532,100.0,0.0,0,0,0.0,DEPLOY,413.53
2720,90.638,5369.9,295.929,100.0,0.0,0,0,0.0,DEPLOY,412.23
2721,90.6713,5372.641,296.322,100.0,0.0,0,0,0.0,DEPLOY,410.95
2722,90.7047,5375.386,296.71,100.0,0.0,0,0,0.0,DEPLOY,409.68
2723,90.738,5378.134,297.094,100.0,0.0,0,0,0.0,DEPLOY,408.43
2724,90.7713,5380.886,297.473,100.0,0.0,0,0,0.0,DEPLOY,407.19
2725,90.8046,5383.641,297.848,100.0,0.0,0,0,0.0,DEPLOY,405.97
2726,90.838,5386.4,298.22,100.0,0.0,0,0,0.0,DEPLOY,404.76
2727,90.8713,5389.162,298.586,100.0,0.0,0,0,0.0,DEPLOY,403.56
2728,90.9046,5391.928,298.948,100.0,0.0,0,0,0.0,DEPLOY,402.38
2729,90.9379,5394.696,299.306,100.0,0.0,0,0,0.0,DEPLOY,401.21
2730,90.9712,5397.469,299.659,100.0,0.0,0,0,0.0,DEPLOY,400.23
2731,91.0046,5400.244,300.008,100.0,0.0,0,0,0.0,DEPLOY,400.0
2732,91.0379,5403.023,300.352,100.0,0.0,0,0,0.0,DEPLOY,400.0
2733,91.0712,5405.804,300.692,100.0,0.0,0,0,0.0,DEPLOY,400.0
2734,91.1045,5408.589,301.026,100.0,0.0,0,0,0.0,DEPLOY,400.0
2735,91.1379,5411.377,301.356,100.0,0.0,0,0,0.0,DEPLOY,400.0
2736,91.1712,5414.168,301.68,100.0,0.0,0,0,0.0,DEPLOY,400.0
2737,91.2045,5416.962,301.998,100.0,0.0,0,0,0.0,DEPLOY,400.0
2738,91.2378,5419.759,302.311,100.0,0.0,0,0,0.0,DEPLOY,400.0
2739,91.2711,5422.558,302.618,100.0,0.0,0,0,0.0,DEPLOY,400.0
2740,91.3045,5425.361,302.919,100.0,0.0,0,0,0.0,DEPLOY,400.0
2741,91.3378,5428.166,303.213,100.0,0.0,0,0,0.0,DEPLOY,400.0
2742,91.3711,5430.974,303.5,100.0,0.0,0,0,0.0,DEPLOY,400.0
2743,91.4044,5433.785,303.78,100.0,0.0,0,0,0.0,DEPLOY,400.0
2744,91.4378,5436.598,304.053,100.0,0.0,0,0,0.0,DEPLOY,400.0
2745,91.4711,5439.414,304.317,100.0,0.0,0,0,0.0,DEPLOY,400.0
2746,91.5044,5442.232,304.574,100.0,0.0,0,0,0.0,DEPLOY,400.0
2747,91.5377,5445.052,304.822,100.0,0.0,0,0,0.0,DEPLOY,400.0
2748,91.5711,5447.875,305.062,100.0,0.0,0,0,0.0,DEPLOY,400.0
2749,91.6044,5450.7,305.293,100.0,0.0,0,0,0.0,DEPLOY,400.0
2750,91.6377,5453.527,305.514,100.0,0.0,0,0,0.0,DEPLOY,400.0
2751,91.671,5456.355,305.726,100.0,0.0,0,0,0.0,DEPLOY,400.0
2752,91.7043,5459.186,305.928,100.0,0.0,0,0,0.0,DEPLOY,400.0
2753,91.7377,5462.019,306.121,100.0,0.0,0,0,0.0,DEPLOY,400.0
2754,91.771,5464.853,306.305,100.0,0.0,0,0,0.0,DEPLOY,400.0
2755,91.8043,5467.689,306.478,100.0,0.0,0,0,0.0,DEPLOY,400.0
