frame,time_s,distance,speed,throttle,brake,gear,rpm,soc_pct,mode,power_kw
0,0.0,0.0,240.929,100.0,0.0,0,0,100.0,DEPLOY,605.46
1,0.0333,2.233,241.585,100.0,0.0,0,0,99.83,DEPLOY,601.48
2,0.0666,4.475,242.678,100.0,0.0,0,0,99.66,DEPLOY,597.58
3,0.1,6.727,243.754,100.0,0.0,0,0,99.5,DEPLOY,593.73
4,0.1333,8.988,244.812,100.0,0.0,0,0,99.34,DEPLOY,589.95
5,0.1666,11.259,245.853,100.0,0.0,0,0,99.18,DEPLOY,586.24
6,0.1999,13.539,246.878,100.0,0.0,0,0,99.02,DEPLOY,582.58
7,0.2333,15.829,247.886,100.0,0.0,0,0,98.87,DEPLOY,578.98
8,0.2666,18.128,248.878,100.0,0.0,0,0,98.72,DEPLOY,575.44
9,0.2999,20.437,249.852,100.0,0.0,0,0,98.58,DEPLOY,571.95
10,0.3332,22.754,250.812,100.0,0.0,0,0,98.43,DEPLOY,568.53
11,0.3666,25.08,251.757,100.0,0.0,0,0,98.29,DEPLOY,565.15
12,0.3999,27.415,252.688,100.0,0.0,0,0,98.16,DEPLOY,561.83
13,0.4332,29.758,253.604,100.0,0.0,0,0,98.02,DEPLOY,558.56
14,0.4665,32.109,254.503,100.0,0.0,0,0,97.89,DEPLOY,555.33
15,0.4999,34.469,255.315,100.0,0.0,0,0,97.76,DEPLOY,552.17
16,0.5332,36.836,256.049,100.0,0.0,0,0,97.63,DEPLOY,549.05
17,0.5665,39.21,256.787,100.0,0.0,0,0,97.51,DEPLOY,545.98
18,0.5998,41.59,257.53,100.0,0.0,0,0,97.39,DEPLOY,542.95
19,0.6332,43.977,258.275,100.0,0.0,0,0,97.27,DEPLOY,539.98
20,0.6665,46.372,259.021,100.0,0.0,0,0,97.15,DEPLOY,537.05
21,0.6998,48.773,259.767,100.0,0.0,0,0,97.04,DEPLOY,534.16
22,0.7331,51.181,260.512,100.0,0.0,0,0,96.93,DEPLOY,531.32
23,0.7665,53.596,261.255,100.0,0.0,0,0,96.82,DEPLOY,528.52
24,0.7998,56.017,261.996,100.0,0.0,0,0,96.71,DEPLOY,525.76
25,0.8331,58.446,262.732,100.0,0.0,0,0,96.61,DEPLOY,523.04
26,0.8664,60.882,263.463,100.0,0.0,0,0,96.51,DEPLOY,520.37
27,0.8998,63.324,264.189,100.0,0.0,0,0,96.41,DEPLOY,517.73
28,0.9331,65.773,264.909,100.0,0.0,0,0,96.31,DEPLOY,515.12
29,0.9664,68.228,265.623,100.0,0.0,0,0,96.21,DEPLOY,512.56
30,0.9997,70.69,266.33,100.0,0.0,0,0,96.12,DEPLOY,510.04
31,1.0331,73.159,267.03,100.0,0.0,0,0,96.03,DEPLOY,507.55
32,1.0664,75.634,267.723,100.0,0.0,0,0,95.94,DEPLOY,505.09
33,1.0997,78.115,268.408,100.0,0.0,0,0,95.85,DEPLOY,502.67
34,1.133,80.603,269.084,100.0,0.0,0,0,95.77,DEPLOY,500.3
35,1.1663,83.097,269.753,100.0,0.0,0,0,95.68,DEPLOY,498.07
36,1.1997,85.597,270.413,100.0,0.0,0,0,95.6,DEPLOY,495.9
37,1.233,88.103,271.066,100.0,0.0,0,0,95.52,DEPLOY,493.76
38,1.2663,90.616,271.71,100.0,0.0,0,0,95.45,DEPLOY,491.66
39,1.2996,93.134,272.346,100.0,0.0,0,0,95.37,DEPLOY,489.58
40,1.333,95.657,272.974,100.0,0.0,0,0,95.3,DEPLOY,487.53
41,1.3663,98.187,273.594,100.0,0.0,0,0,95.22,DEPLOY,485.5
42,1.3996,100.723,274.205,100.0,0.0,0,0,95.15,DEPLOY,483.5
43,1.4329,103.264,274.808,100.0,0.0,0,0,95.08,DEPLOY,481.53
44,1.4663,105.81,275.404,100.0,0.0,0,0,95.02,DEPLOY,479.58
45,1.4996,108.362,275.991,100.0,0.0,0,0,94.95,DEPLOY,477.66
46,1.5329,110.92,276.57,100.0,0.0,0,0,94.89,DEPLOY,475.77
47,1.5662,113.483,277.142,100.0,0.0,0,0,94.82,DEPLOY,473.9
48,1.5996,116.05,277.706,100.0,0.0,0,0,94.76,DEPLOY,472.05
49,1.6329,118.624,278.261,100.0,0.0,0,0,94.7,DEPLOY,470.23
50,1.6662,121.202,278.809,100.0,0.0,0,0,94.64,DEPLOY,468.43
51,1.6995,123.785,279.349,100.0,0.0,0,0,94.59,DEPLOY,466.66
52,1.7329,126.374,279.88,100.0,0.0,0,0,94.53,DEPLOY,464.91
53,1.7662,128.967,280.403,100.0,0.0,0,0,94.48,DEPLOY,463.18
54,1.7995,131.565,280.918,100.0,0.0,0,0,94.43,DEPLOY,461.47
55,1.8328,134.168,281.424,100.0,0.0,0,0,94.37,DEPLOY,459.78
56,1.8662,136.775,281.92,100.0,0.0,0,0,94.33,DEPLOY,458.12
57,1.8995,139.387,282.407,100.0,0.0,0,0,94.28,DEPLOY,456.48
58,1.9328,142.003,282.885,100.0,0.0,0,0,94.23,DEPLOY,454.86
59,1.9661,144.624,283.35,100.0,0.0,0,0,94.18,DEPLOY,453.26
60,1.9995,147.249,283.803,100.0,0.0,0,0,94.14,DEPLOY,451.68
61,2.0328,149.878,284.245,100.0,0.0,0,0,94.1,DEPLOY,450.11
62,2.0661,152.511,284.671,100.0,0.0,0,0,94.06,DEPLOY,448.57
63,2.0994,155.149,285.081,100.0,0.0,0,0,94.02,DEPLOY,447.05
64,2.1328,157.789,285.475,100.0,0.0,0,0,93.98,DEPLOY,445.55
65,2.1661,160.434,285.848,100.0,0.0,0,0,93.94,DEPLOY,444.07
66,2.1994,163.081,286.199,100.0,0.0,0,0,93.9,DEPLOY,442.61
67,2.2327,165.732,286.527,100.0,0.0,0,0,93.87,DEPLOY,441.16
68,2.266,168.386,286.826,100.0,0.0,0,0,93.83,DEPLOY,439.74
69,2.2994,171.042,287.094,100.0,0.0,0,0,93.8,DEPLOY,438.33
70,2.3327,173.701,287.33,100.0,0.0,0,0,93.77,DEPLOY,436.94
71,2.366,176.361,287.527,100.0,0.0,0,0,93.74,DEPLOY,435.57
72,2.3993,179.024,287.679,100.0,0.0,0,0,93.71,DEPLOY,434.22
73,2.4327,181.687,287.787,100.0,0.0,0,0,93.68,DEPLOY,432.88
74,2.466,184.351,287.842,100.0,0.0,0,0,93.65,DEPLOY,431.56
75,2.4993,187.016,287.837,100.0,0.0,0,0,93.63,DEPLOY,430.27
76,2.5326,189.68,287.773,100.0,0.0,0,0,93.6,DEPLOY,428.98
77,2.566,192.343,287.64,100.0,0.0,0,0,93.58,DEPLOY,427.72
78,2.5993,195.005,287.429,100.0,0.0,0,0,93.56,DEPLOY,426.47
79,2.6326,197.664,287.144,100.0,0.0,0,0,93.54,DEPLOY,425.24
80,2.6659,200.321,286.773,100.0,0.0,0,0,93.52,DEPLOY,424.03
81,2.6993,202.973,286.307,100.0,0.0,0,0,93.5,DEPLOY,422.84
82,2.7326,205.621,285.75,100.0,0.0,0,0,93.48,DEPLOY,421.66
83,2.7659,208.263,285.094,100.0,0.0,0,0,93.46,DEPLOY,420.51
84,2.7992,210.898,284.326,100.0,0.0,0,0,93.44,DEPLOY,419.37
85,2.8326,213.526,283.456,100.0,0.0,0,0,93.43,DEPLOY,418.24
86,2.8659,216.146,282.479,100.0,0.0,0,0,93.41,DEPLOY,417.14
87,2.8992,218.755,281.376,100.0,0.0,0,0,93.4,DEPLOY,416.05
88,2.9325,221.354,280.164,100.0,0.0,0,0,93.39,DEPLOY,414.99
89,2.9659,223.942,278.844,100.0,0.0,0,0,93.38,DEPLOY,413.94
90,2.9992,226.516,277.398,100.0,0.0,0,0,93.37,DEPLOY,412.91
91,3.0325,229.077,275.841,100.0,0.0,0,0,93.36,DEPLOY,24.7
92,3.0658,231.623,274.178,0.0,100.0,0,0,93.52,REGEN,-350.0
93,3.0992,234.153,272.407,0.0,100.0,0,0,93.79,REGEN,-350.0
94,3.1325,236.665,270.52,0.0,100.0,0,0,94.05,REGEN,-350.0
95,3.1658,239.16,268.537,0.0,100.0,0,0,94.32,REGEN,-350.0
96,3.1991,241.637,266.461,0.0,100.0,0,0,94.58,REGEN,-350.0
97,3.2325,244.094,264.28,0.0,100.0,0,0,94.84,REGEN,-350.0
98,3.2658,246.529,261.954,0.0,100.0,0,0,95.11,REGEN,-350.0
99,3.2991,248.941,259.5,0.0,100.0,0,0,95.38,REGEN,-350.0
100,3.3324,251.332,256.92,0.0,100.0,0,0,95.65,REGEN,-350.0
101,3.3658,253.698,254.216,0.0,100.0,0,0,95.93,REGEN,-350.0
102,3.3991,256.04,251.393,0.0,100.0,0,0,96.21,REGEN,-350.0
103,3.4324,258.352,248.445,0.0,100.0,0,0,96.49,REGEN,-350.0
104,3.4657,260.637,245.39,0.0,100.0,0,0,96.77,REGEN,-350.0
105,3.499,262.893,242.239,0.0,100.0,0,0,97.06,REGEN,-350.0
106,3.5324,265.12,238.978,0.0,100.0,0,0,97.35,REGEN,-350.0
107,3.5657,267.313,234.685,0.0,100.0,0,0,97.64,REGEN,-350.0
108,3.599,269.463,229.801,0.0,100.0,0,0,97.93,REGEN,-350.0
109,3.6323,271.569,225.131,0.0,100.0,0,0,98.23,REGEN,-350.0
110,3.6657,273.632,220.659,0.0,100.0,0,0,98.52,REGEN,-350.0
111,3.699,275.655,216.372,0.0,100.0,0,0,98.81,REGEN,-350.0
112,3.7323,277.639,212.255,0.0,100.0,0,0,99.1,REGEN,-350.0
113,3.7656,279.585,208.296,0.0,100.0,0,0,99.39,REGEN,-350.0
114,3.799,281.495,204.486,0.0,100.0,0,0,99.68,REGEN,-350.0
115,3.8323,283.37,200.812,0.0,100.0,0,0,99.92,REGEN,-350.0
116,3.8656,285.212,197.267,0.0,100.0,0,0,100.0,REGEN,-350.0
117,3.8989,287.022,193.841,0.0,100.0,0,0,100.0,REGEN,-350.0
118,3.9323,288.801,190.527,0.0,100.0,0,0,100.0,REGEN,-350.0
119,3.9656,290.551,187.317,0.0,100.0,0,0,100.0,REGEN,-350.0
120,3.9989,292.272,184.205,0.0,100.0,0,0,100.0,REGEN,-350.0
121,4.0322,293.964,181.191,0.0,100.0,0,0,100.0,REGEN,-350.0
122,4.0656,295.625,178.276,0.0,100.0,0,0,100.0,REGEN,-350.0
123,4.0989,297.261,175.442,0.0,100.0,0,0,100.0,REGEN,-350.0
124,4.1322,298.872,172.684,0.0,100.0,0,0,100.0,REGEN,-350.0
125,4.1655,300.46,169.996,0.0,100.0,0,0,100.0,REGEN,-350.0
126,4.1989,302.024,167.379,0.0,100.0,0,0,100.0,REGEN,-350.0
127,4.2322,303.558,164.847,0.0,100.0,0,0,100.0,REGEN,-350.0
128,4.2655,305.072,162.373,0.0,100.0,0,0,100.0,REGEN,-350.0
129,4.2988,306.565,159.956,0.0,100.0,0,0,100.0,REGEN,-350.0
130,4.3322,308.038,157.592,0.0,100.0,0,0,100.0,REGEN,-350.0
131,4.3655,309.482,155.305,0.0,100.0,0,0,100.0,REGEN,-350.0
132,4.3988,310.908,153.063,0.0,100.0,0,0,100.0,REGEN,-350.0
133,4.4321,312.318,150.866,0.0,100.0,0,0,100.0,REGEN,-350.0
134,4.4655,313.704,148.728,0.0,100.0,0,0,100.0,REGEN,-350.0
135,4.4988,315.069,146.643,0.0,100.0,0,0,100.0,REGEN,-350.0
136,4.5321,316.419,144.594,0.0,100.0,0,0,100.0,REGEN,-350.0
137,4.5654,317.748,142.596,0.0,100.0,0,0,100.0,REGEN,-350.0
138,4.5987,319.056,140.648,0.0,100.0,0,0,100.0,REGEN,-350.0
139,4.6321,320.352,138.73,0.0,100.0,0,0,100.0,REGEN,-350.0
140,4.6654,321.626,136.86,0.0,100.0,0,0,100.0,REGEN,-350.0
141,4.6987,322.883,135.028,0.0,100.0,0,0,100.0,REGEN,-350.0
142,4.732,324.13,133.219,0.0,100.0,0,0,100.0,REGEN,-350.0
143,4.7654,325.35,131.473,0.0,100.0,0,0,100.0,REGEN,-350.0
144,4.7987,326.56,129.75,0.0,100.0,0,0,100.0,REGEN,-350.0
145,4.832,327.754,128.062,0.0,100.0,0,0,100.0,REGEN,-350.0
146,4.8653,328.93,126.415,0.0,100.0,0,0,100.0,REGEN,-350.0
147,4.8987,330.098,124.785,0.0,100.0,0,0,100.0,REGEN,-350.0
148,4.932,331.24,123.208,0.0,100.0,0,0,100.0,REGEN,-350.0
149,4.9653,332.376,121.645,0.0,100.0,0,0,100.0,REGEN,-350.0
150,4.9986,333.493,120.122,0.0,100.0,0,0,100.0,REGEN,-350.0
151,5.032,334.598,118.623,0.0,100.0,0,0,100.0,REGEN,-350.0
152,5.0653,335.69,117.153,0.0,100.0,0,0,100.0,REGEN,-350.0
153,5.0986,336.767,115.716,0.0,100.0,0,0,100.0,REGEN,-350.0
154,5.1319,337.834,114.297,0.0,100.0,0,0,100.0,REGEN,-350.0
155,5.1653,338.883,112.934,0.0,100.0,0,0,100.0,REGEN,-350.0
156,5.1986,339.926,111.588,0.0,100.0,0,0,100.0,REGEN,-350.0
157,5.2319,340.949,110.362,0.0,100.0,0,0,100.0,REGEN,-350.0
158,5.2652,341.969,109.157,0.0,100.0,0,0,100.0,REGEN,-350.0
159,5.2986,342.969,107.915,0.0,100.0,0,0,100.0,REGEN,-350.0
160,5.3319,343.967,106.668,0.0,100.0,0,0,100.0,REGEN,-350.0
161,5.3652,344.944,105.457,0.0,100.0,0,0,100.0,REGEN,-350.0
162,5.3985,345.919,104.251,0.0,100.0,0,0,100.0,REGEN,-350.0
163,5.4319,346.875,103.078,0.0,100.0,0,0,100.0,REGEN,-350.0
164,5.4652,347.826,101.911,0.0,100.0,0,0,100.0,REGEN,-350.0
165,5.4985,348.762,100.777,0.0,100.0,0,0,100.0,REGEN,-350.0
166,5.5318,349.691,99.654,0.0,100.0,0,0,100.0,REGEN,-350.0
167,5.5652,350.608,98.57,0.0,100.0,0,0,100.0,REGEN,-350.0
168,5.5985,351.515,97.514,0.0,100.0,0,0,100.0,REGEN,-350.0
169,5.6318,352.414,96.494,0.0,100.0,0,0,100.0,REGEN,-350.0
170,5.6651,353.301,95.539,0.0,100.0,0,0,100.0,REGEN,-350.0
171,5.6984,354.185,94.596,0.0,100.0,0,0,100.0,REGEN,-350.0
172,5.7318,355.053,93.775,0.0,100.0,0,0,100.0,REGEN,-350.0
173,5.7651,355.921,92.954,0.0,100.0,0,0,100.0,REGEN,-350.0
174,5.7984,356.776,92.266,0.0,100.0,0,0,100.0,REGEN,-350.0
175,5.8317,357.628,91.616,0.0,100.0,0,0,100.0,REGEN,-350.0
176,5.8651,358.474,91.046,0.0,100.0,0,0,100.0,REGEN,-350.0
177,5.8984,359.314,90.585,0.0,100.0,0,0,100.0,REGEN,-350.0
178,5.9317,360.153,90.127,0.0,100.0,0,0,100.0,REGEN,-350.0
179,5.965,360.983,89.732,0.0,100.0,0,0,100.0,REGEN,-350.0
180,5.9984,361.813,89.336,0.0,100.0,0,0,100.0,REGEN,-350.0
181,6.0317,362.637,88.89,0.0,100.0,0,0,100.0,REGEN,-63.44
182,6.065,363.457,88.413,100.0,100.0,0,0,100.0,REGEN,386.61
183,6.0983,364.275,87.922,100.0,0.0,0,0,99.94,DEPLOY,750.0
184,6.1317,365.083,87.37,100.0,0.0,0,0,99.65,DEPLOY,750.0
185,6.165,365.892,86.817,100.0,0.0,0,0,99.36,DEPLOY,750.0
186,6.1983,366.691,86.245,100.0,0.0,0,0,99.07,DEPLOY,750.0
187,6.2316,367.486,85.664,100.0,0.0,0,0,98.78,DEPLOY,750.0
188,6.265,368.279,85.098,100.0,0.0,0,0,98.49,DEPLOY,669.77
189,6.2983,369.062,84.589,100.0,0.0,0,0,98.19,DEPLOY,240.17
190,6.3316,369.844,84.08,0.0,0.0,0,0,97.9,DEPLOY,-189.42
191,6.3649,370.621,83.74,0.0,100.0,0,0,97.98,REGEN,-350.0
192,6.3983,371.395,83.501,0.0,100.0,0,0,98.27,REGEN,-350.0
193,6.4316,372.169,83.268,0.0,100.0,0,0,98.56,REGEN,-350.0
194,6.4649,372.938,83.172,0.0,100.0,0,0,98.85,REGEN,-350.0
195,6.4982,373.708,83.077,0.0,100.0,0,0,99.14,REGEN,-350.0
196,6.5316,374.475,82.835,0.0,100.0,0,0,99.42,REGEN,-161.97
197,6.5649,375.238,82.411,100.0,100.0,0,0,99.69,REGEN,257.98
198,6.5982,376.002,81.987,100.0,100.0,0,0,99.95,REGEN,677.92
199,6.6315,376.755,81.402,100.0,0.0,0,0,99.76,DEPLOY,750.0
200,6.6649,377.505,80.783,100.0,0.0,0,0,99.47,DEPLOY,750.0
201,6.6982,378.253,80.162,100.0,0.0,0,0,99.18,DEPLOY,750.0
202,6.7315,378.988,79.525,100.0,0.0,0,0,98.88,DEPLOY,750.0
203,6.7648,379.723,78.888,100.0,0.0,0,0,98.59,DEPLOY,750.0
204,6.7981,380.452,78.352,100.0,0.0,0,0,98.3,DEPLOY,750.0
205,6.8315,381.174,77.947,100.0,0.0,0,0,98.01,DEPLOY,750.0
206,6.8648,381.896,77.542,100.0,0.0,0,0,97.72,DEPLOY,750.0
207,6.8981,382.613,77.354,100.0,0.0,0,0,97.43,DEPLOY,750.0
208,6.9314,383.329,77.279,100.0,0.0,0,0,97.13,DEPLOY,750.0
209,6.9648,384.044,77.203,100.0,0.0,0,0,96.84,DEPLOY,750.0
210,6.9981,384.758,77.127,100.0,0.0,0,0,96.55,DEPLOY,750.0
211,7.0314,385.472,77.052,100.0,0.0,0,0,96.26,DEPLOY,750.0
212,7.0647,386.185,76.976,100.0,0.0,0,0,95.97,DEPLOY,750.0
213,7.0981,386.897,76.901,100.0,0.0,0,0,95.68,DEPLOY,750.0
214,7.1314,387.609,76.826,100.0,0.0,0,0,95.38,DEPLOY,750.0
215,7.1647,388.32,76.751,100.0,0.0,0,0,95.09,DEPLOY,750.0
216,7.198,389.029,76.676,100.0,0.0,0,0,94.8,DEPLOY,750.0
217,7.2314,389.739,76.601,100.0,0.0,0,0,94.51,DEPLOY,750.0
218,7.2647,390.448,76.527,100.0,0.0,0,0,94.22,DEPLOY,750.0
219,7.298,391.156,76.452,100.0,0.0,0,0,93.93,DEPLOY,750.0
220,7.3313,391.863,76.378,100.0,0.0,0,0,93.64,DEPLOY,750.0
221,7.3647,392.573,76.573,100.0,0.0,0,0,93.34,DEPLOY,750.0
222,7.398,393.285,76.974,100.0,0.0,0,0,93.05,DEPLOY,750.0
223,7.4313,393.997,77.375,100.0,0.0,0,0,92.76,DEPLOY,750.0
224,7.4646,394.721,78.097,100.0,0.0,0,0,92.47,DEPLOY,750.0
225,7.498,395.449,78.922,100.0,0.0,0,0,92.18,DEPLOY,750.0
226,7.5313,396.176,79.749,100.0,0.0,0,0,91.89,DEPLOY,750.0
227,7.5646,396.928,80.804,100.0,0.0,0,0,91.59,DEPLOY,750.0
228,7.5979,397.679,81.86,100.0,0.0,0,0,91.3,DEPLOY,750.0
229,7.6313,398.439,82.942,100.0,0.0,0,0,91.01,DEPLOY,750.0
230,7.6646,399.217,84.073,100.0,0.0,0,0,90.72,DEPLOY,750.0
231,7.6979,399.994,85.205,100.0,0.0,0,0,90.43,DEPLOY,750.0
232,7.7312,400.793,86.348,100.0,0.0,0,0,90.14,DEPLOY,750.0
233,7.7646,401.597,87.493,100.0,0.0,0,0,89.84,DEPLOY,750.0
234,7.7979,402.408,88.639,100.0,0.0,0,0,89.55,DEPLOY,750.0
235,7.8312,403.239,89.787,100.0,0.0,0,0,89.26,DEPLOY,750.0
236,7.8645,404.069,90.935,100.0,0.0,0,0,88.97,DEPLOY,750.0
237,7.8978,404.921,92.088,100.0,0.0,0,0,88.68,DEPLOY,750.0
238,7.9312,405.777,93.242,100.0,0.0,0,0,88.39,DEPLOY,750.0
239,7.9645,406.646,94.409,100.0,0.0,0,0,88.1,DEPLOY,750.0
240,7.9978,407.526,95.586,100.0,0.0,0,0,87.8,DEPLOY,750.0
241,8.0311,408.413,96.774,100.0,0.0,0,0,87.51,DEPLOY,750.0
242,8.0645,409.319,97.99,100.0,0.0,0,0,87.22,DEPLOY,750.0
243,8.0978,410.225,99.209,100.0,0.0,0,0,86.93,DEPLOY,750.0
244,8.1311,411.156,100.471,100.0,0.0,0,0,86.64,DEPLOY,750.0
245,8.1644,412.086,101.732,100.0,0.0,0,0,86.35,DEPLOY,750.0
246,8.1978,413.039,103.033,100.0,0.0,0,0,86.05,DEPLOY,750.0
247,8.2311,413.995,104.339,100.0,0.0,0,0,85.76,DEPLOY,750.0
248,8.2644,414.97,105.608,100.0,0.0,0,0,85.47,DEPLOY,750.0
249,8.2977,415.95,106.868,100.0,0.0,0,0,85.18,DEPLOY,750.0
250,8.3311,416.949,108.214,100.0,0.0,0,0,84.89,DEPLOY,750.0
251,8.3644,417.953,109.588,100.0,0.0,0,0,84.6,DEPLOY,750.0
252,8.3977,418.978,110.984,100.0,0.0,0,0,84.3,DEPLOY,750.0
253,8.431,420.008,112.387,100.0,0.0,0,0,84.01,DEPLOY,750.0
254,8.4644,421.058,113.803,100.0,0.0,0,0,83.72,DEPLOY,750.0
255,8.4977,422.113,115.221,100.0,0.0,0,0,83.43,DEPLOY,750.0
256,8.531,423.191,116.658,100.0,0.0,0,0,83.14,DEPLOY,750.0
257,8.5643,424.273,118.09,100.0,0.0,0,0,82.85,DEPLOY,750.0
258,8.5977,425.377,119.446,100.0,0.0,0,0,82.56,DEPLOY,750.0
259,8.631,426.486,120.788,100.0,0.0,0,0,82.26,DEPLOY,750.0
260,8.6643,427.612,122.092,100.0,0.0,0,0,81.97,DEPLOY,750.0
261,8.6976,428.748,123.395,100.0,0.0,0,0,81.68,DEPLOY,750.0
262,8.731,429.894,124.698,100.0,0.0,0,0,81.39,DEPLOY,750.0
263,8.7643,431.057,125.999,100.0,0.0,0,0,81.1,DEPLOY,750.0
264,8.7976,432.225,127.301,100.0,0.0,0,0,80.81,DEPLOY,750.0
265,8.8309,433.413,128.604,100.0,0.0,0,0,80.52,DEPLOY,750.0
266,8.8643,434.609,129.907,100.0,0.0,0,0,80.23,DEPLOY,750.0
267,8.8976,435.817,131.209,100.0,0.0,0,0,79.94,DEPLOY,750.0
268,8.9309,437.039,132.511,100.0,0.0,0,0,79.65,DEPLOY,750.0
269,8.9642,438.268,133.813,100.0,0.0,0,0,79.36,DEPLOY,750.0
270,8.9976,439.516,135.113,100.0,0.0,0,0,79.07,DEPLOY,750.0
271,9.0309,440.772,136.413,100.0,0.0,0,0,78.78,DEPLOY,750.0
272,9.0642,442.039,137.712,100.0,0.0,0,0,78.49,DEPLOY,750.0
273,9.0975,443.322,139.01,100.0,0.0,0,0,78.2,DEPLOY,750.0
274,9.1308,444.614,140.307,100.0,0.0,0,0,77.9,DEPLOY,750.0
275,9.1642,445.918,141.603,100.0,0.0,0,0,77.61,DEPLOY,750.0
276,9.1975,447.236,142.892,100.0,0.0,0,0,77.32,DEPLOY,750.0
277,9.2308,448.563,144.174,100.0,0.0,0,0,77.03,DEPLOY,750.0
278,9.2641,449.904,145.447,100.0,0.0,0,0,76.74,DEPLOY,750.0
279,9.2975,451.257,146.722,100.0,0.0,0,0,76.45,DEPLOY,750.0
280,9.3308,452.62,147.999,100.0,0.0,0,0,76.15,DEPLOY,750.0
281,9.3641,453.995,149.277,100.0,0.0,0,0,75.86,DEPLOY,750.0
282,9.3974,455.385,150.557,100.0,0.0,0,0,75.57,DEPLOY,750.0
283,9.4308,456.784,151.839,100.0,0.0,0,0,75.28,DEPLOY,750.0
284,9.4641,458.193,153.122,100.0,0.0,0,0,74.99,DEPLOY,750.0
285,9.4974,459.619,154.407,100.0,0.0,0,0,74.7,DEPLOY,750.0
286,9.5307,461.054,155.694,100.0,0.0,0,0,74.41,DEPLOY,750.0
287,9.5641,462.5,156.982,100.0,0.0,0,0,74.11,DEPLOY,750.0
288,9.5974,463.959,158.272,100.0,0.0,0,0,73.82,DEPLOY,750.0
289,9.6307,465.432,159.565,100.0,0.0,0,0,73.53,DEPLOY,750.0
290,9.664,466.914,160.859,100.0,0.0,0,0,73.24,DEPLOY,750.0
291,9.6974,468.408,162.155,100.0,0.0,0,0,72.95,DEPLOY,750.0
292,9.7307,469.915,163.454,100.0,0.0,0,0,72.66,DEPLOY,750.0
293,9.764,471.436,164.755,100.0,0.0,0,0,72.36,DEPLOY,750.0
294,9.7973,472.967,166.058,100.0,0.0,0,0,72.07,DEPLOY,750.0
295,9.8307,474.509,167.363,100.0,0.0,0,0,71.78,DEPLOY,750.0
296,9.864,476.063,168.671,100.0,0.0,0,0,71.49,DEPLOY,750.0
297,9.8973,477.632,169.981,100.0,0.0,0,0,71.2,DEPLOY,750.0
298,9.9306,479.212,171.293,100.0,0.0,0,0,70.91,DEPLOY,750.0
299,9.964,480.803,172.607,100.0,0.0,0,0,70.61,DEPLOY,750.0
300,9.9973,482.406,173.923,100.0,0.0,0,0,70.32,DEPLOY,750.0
301,10.0306,484.022,175.24,100.0,0.0,0,0,70.03,DEPLOY,750.0
302,10.0639,485.651,176.559,100.0,0.0,0,0,69.74,DEPLOY,750.0
303,10.0973,487.292,177.879,100.0,0.0,0,0,69.45,DEPLOY,750.0
304,10.1306,488.945,179.201,100.0,0.0,0,0,69.16,DEPLOY,750.0
305,10.1639,490.609,180.524,100.0,0.0,0,0,68.87,DEPLOY,750.0
306,10.1972,492.285,181.848,100.0,0.0,0,0,68.57,DEPLOY,750.0
307,10.2305,493.975,183.174,100.0,0.0,0,0,68.28,DEPLOY,750.0
308,10.2639,495.678,184.502,100.0,0.0,0,0,67.99,DEPLOY,750.0
309,10.2972,497.392,185.833,100.0,0.0,0,0,67.7,DEPLOY,750.0
310,10.3305,499.118,187.166,100.0,0.0,0,0,67.41,DEPLOY,750.0
311,10.3638,500.857,188.503,100.0,0.0,0,0,67.12,DEPLOY,750.0
312,10.3972,502.608,189.843,100.0,0.0,0,0,66.82,DEPLOY,750.0
313,10.4305,504.37,191.185,100.0,0.0,0,0,66.53,DEPLOY,750.0
314,10.4638,506.146,192.529,100.0,0.0,0,0,66.24,DEPLOY,750.0
315,10.4971,507.935,193.876,100.0,0.0,0,0,65.95,DEPLOY,750.0
316,10.5305,509.737,195.226,100.0,0.0,0,0,65.66,DEPLOY,750.0
317,10.5638,511.55,196.578,100.0,0.0,0,0,65.37,DEPLOY,750.0
318,10.5971,513.376,197.933,100.0,0.0,0,0,65.07,DEPLOY,750.0
319,10.6304,515.215,199.291,100.0,0.0,0,0,64.78,DEPLOY,749.96
320,10.6638,517.066,200.652,100.0,0.0,0,0,64.49,DEPLOY,747.67
321,10.6971,518.929,202.017,100.0,0.0,0,0,64.2,DEPLOY,742.8
322,10.7304,520.806,203.384,100.0,0.0,0,0,63.92,DEPLOY,737.91
323,10.7637,522.694,204.754,100.0,0.0,0,0,63.63,DEPLOY,733.02
324,10.7971,524.596,206.124,100.0,0.0,0,0,63.36,DEPLOY,728.12
325,10.8304,526.51,207.481,100.0,0.0,0,0,63.08,DEPLOY,723.21
326,10.8637,528.437,208.818,100.0,0.0,0,0,62.81,DEPLOY,718.31
327,10.897,530.376,210.153,100.0,0.0,0,0,62.55,DEPLOY,713.4
328,10.9304,532.327,211.484,100.0,0.0,0,0,62.29,DEPLOY,708.5
329,10.9637,534.291,212.812,100.0,0.0,0,0,62.03,DEPLOY,703.61
330,10.997,536.267,214.136,100.0,0.0,0,0,61.78,DEPLOY,698.71
331,11.0303,538.255,215.454,100.0,0.0,0,0,61.53,DEPLOY,693.82
332,11.0637,540.255,216.768,100.0,0.0,0,0,61.28,DEPLOY,688.92
333,11.097,542.268,218.075,100.0,0.0,0,0,61.04,DEPLOY,684.0
334,11.1303,544.293,219.376,100.0,0.0,0,0,60.81,DEPLOY,679.06
335,11.1636,546.33,220.669,100.0,0.0,0,0,60.58,DEPLOY,674.11
336,11.197,548.378,221.954,100.0,0.0,0,0,60.35,DEPLOY,669.14
337,11.2303,550.439,223.231,100.0,0.0,0,0,60.13,DEPLOY,664.15
338,11.2636,552.511,224.498,100.0,0.0,0,0,59.91,DEPLOY,659.17
339,11.2969,554.595,225.756,100.0,0.0,0,0,59.69,DEPLOY,654.27
340,11.3302,556.691,227.003,100.0,0.0,0,0,59.48,DEPLOY,649.47
341,11.3636,558.798,228.239,100.0,0.0,0,0,59.27,DEPLOY,644.75
342,11.3969,560.917,229.465,100.0,0.0,0,0,59.07,DEPLOY,640.12
343,11.4302,563.046,230.679,100.0,0.0,0,0,58.87,DEPLOY,635.57
344,11.4635,565.187,231.881,100.0,0.0,0,0,58.68,DEPLOY,631.1
345,11.4969,567.339,233.071,100.0,0.0,0,0,58.49,DEPLOY,626.71
346,11.5302,569.502,234.248,100.0,0.0,0,0,58.3,DEPLOY,622.4
347,11.5635,571.676,235.412,100.0,0.0,0,0,58.11,DEPLOY,618.16
348,11.5968,573.86,236.563,100.0,0.0,0,0,57.93,DEPLOY,614.0
349,11.6302,576.055,237.701,100.0,0.0,0,0,57.76,DEPLOY,609.9
350,11.6635,578.26,238.824,100.0,0.0,0,0,57.58,DEPLOY,605.88
351,11.6968,580.476,239.933,100.0,0.0,0,0,57.41,DEPLOY,601.93
352,11.7301,582.703,241.028,100.0,0.0,0,0,57.25,DEPLOY,598.04
353,11.7635,584.939,242.108,100.0,0.0,0,0,57.08,DEPLOY,594.21
354,11.7968,587.185,243.175,100.0,0.0,0,0,56.92,DEPLOY,590.45
355,11.8301,589.441,244.227,100.0,0.0,0,0,56.76,DEPLOY,586.74
356,11.8634,591.706,245.265,100.0,0.0,0,0,56.61,DEPLOY,583.1
357,11.8968,593.981,246.288,100.0,0.0,0,0,56.46,DEPLOY,579.51
358,11.9301,596.265,247.297,100.0,0.0,0,0,56.31,DEPLOY,575.98
359,11.9634,598.559,248.291,100.0,0.0,0,0,56.16,DEPLOY,572.51
360,11.9967,600.863,249.27,100.0,0.0,0,0,56.02,DEPLOY,569.09
361,12.0301,603.175,250.235,100.0,0.0,0,0,55.88,DEPLOY,565.73
362,12.0634,605.495,251.186,100.0,0.0,0,0,55.74,DEPLOY,562.41
363,12.0967,607.825,252.124,100.0,0.0,0,0,55.61,DEPLOY,559.15
364,12.13,610.162,253.048,100.0,0.0,0,0,55.48,DEPLOY,555.93
365,12.1634,612.509,253.957,100.0,0.0,0,0,55.35,DEPLOY,552.77
366,12.1967,614.864,254.853,100.0,0.0,0,0,55.22,DEPLOY,549.66
367,12.23,617.228,255.735,100.0,0.0,0,0,55.1,DEPLOY,546.59
368,12.2633,619.599,256.605,100.0,0.0,0,0,54.98,DEPLOY,543.57
369,12.2967,621.978,257.462,100.0,0.0,0,0,54.86,DEPLOY,540.59
370,12.33,624.365,258.307,100.0,0.0,0,0,54.74,DEPLOY,537.65
371,12.3633,626.76,259.137,100.0,0.0,0,0,54.63,DEPLOY,534.77
372,12.3966,629.163,259.956,100.0,0.0,0,0,54.52,DEPLOY,531.92
373,12.4299,631.573,260.763,100.0,0.0,0,0,54.41,DEPLOY,529.12
374,12.4633,633.99,261.559,100.0,0.0,0,0,54.3,DEPLOY,526.35
375,12.4966,636.415,262.342,100.0,0.0,0,0,54.2,DEPLOY,523.63
376,12.5299,638.847,263.114,100.0,0.0,0,0,54.09,DEPLOY,520.94
377,12.5632,641.286,263.874,100.0,0.0,0,0,53.99,DEPLOY,518.3
378,12.5966,643.732,264.624,100.0,0.0,0,0,53.9,DEPLOY,515.69
379,12.6299,646.185,265.363,100.0,0.0,0,0,53.8,DEPLOY,513.12
380,12.6632,648.645,266.091,100.0,0.0,0,0,53.71,DEPLOY,510.59
381,12.6965,651.112,266.808,100.0,0.0,0,0,53.61,DEPLOY,508.09
382,12.7299,653.585,267.516,100.0,0.0,0,0,53.53,DEPLOY,505.63
383,12.7632,656.064,268.214,100.0,0.0,0,0,53.44,DEPLOY,503.2
384,12.7965,658.55,268.901,100.0,0.0,0,0,53.35,DEPLOY,500.81
385,12.8298,661.042,269.578,100.0,0.0,0,0,53.27,DEPLOY,498.55
386,12.8632,663.541,270.247,100.0,0.0,0,0,53.19,DEPLOY,496.38
387,12.8965,666.045,270.906,100.0,0.0,0,0,53.11,DEPLOY,494.23
388,12.9298,668.556,271.556,100.0,0.0,0,0,53.03,DEPLOY,492.12
389,12.9631,671.073,272.196,100.0,0.0,0,0,52.95,DEPLOY,490.03
390,12.9965,673.596,272.829,100.0,0.0,0,0,52.88,DEPLOY,487.98
391,13.0298,676.124,273.452,100.0,0.0,0,0,52.8,DEPLOY,485.94
392,13.0631,678.658,274.067,100.0,0.0,0,0,52.73,DEPLOY,483.94
393,13.0964,681.198,274.673,100.0,0.0,0,0,52.66,DEPLOY,481.96
394,13.1298,683.743,275.272,100.0,0.0,0,0,52.6,DEPLOY,480.01
395,13.1631,686.294,275.862,100.0,0.0,0,0,52.53,DEPLOY,478.08
396,13.1964,688.85,276.444,100.0,0.0,0,0,52.47,DEPLOY,476.19
397,13.2297,691.412,277.019,100.0,0.0,0,0,52.4,DEPLOY,474.31
398,13.2631,693.979,277.586,100.0,0.0,0,0,52.34,DEPLOY,472.46
399,13.2964,696.551,278.145,100.0,0.0,0,0,52.28,DEPLOY,470.63
400,13.3297,699.128,278.697,100.0,0.0,0,0,52.22,DEPLOY,468.83
401,13.363,701.711,279.241,100.0,0.0,0,0,52.16,DEPLOY,467.05
402,13.3964,704.298,279.779,100.0,0.0,0,0,52.11,DEPLOY,465.29
403,13.4297,706.89,280.309,100.0,0.0,0,0,52.06,DEPLOY,463.56
404,13.463,709.487,280.833,100.0,0.0,0,0,52.0,DEPLOY,461.84
405,13.4963,712.089,281.35,100.0,0.0,0,0,51.95,DEPLOY,460.15
406,13.5296,714.696,281.86,100.0,0.0,0,0,51.9,DEPLOY,458.48
407,13.563,717.308,282.363,100.0,0.0,0,0,51.85,DEPLOY,456.84
408,13.5963,719.924,282.86,100.0,0.0,0,0,51.81,DEPLOY,455.21
409,13.6296,722.544,283.351,100.0,0.0,0,0,51.76,DEPLOY,453.6
410,13.6629,725.169,283.835,100.0,0.0,0,0,51.72,DEPLOY,452.02
411,13.6963,727.799,284.313,100.0,0.0,0,0,51.67,DEPLOY,450.45
412,13.7296,730.433,284.785,100.0,0.0,0,0,51.63,DEPLOY,448.91
413,13.7629,733.071,285.251,100.0,0.0,0,0,51.59,DEPLOY,447.38
414,13.7962,735.714,285.711,100.0,0.0,0,0,51.55,DEPLOY,445.87
415,13.8296,738.361,286.165,100.0,0.0,0,0,51.51,DEPLOY,444.39
416,13.8629,741.012,286.613,100.0,0.0,0,0,51.48,DEPLOY,442.92
417,13.8962,743.667,287.056,100.0,0.0,0,0,51.44,DEPLOY,441.47
418,13.9295,746.326,287.494,100.0,0.0,0,0,51.41,DEPLOY,440.03
419,13.9629,748.99,287.925,100.0,0.0,0,0,51.37,DEPLOY,438.62
420,13.9962,751.657,288.352,100.0,0.0,0,0,51.34,DEPLOY,437.22
421,14.0295,754.328,288.773,100.0,0.0,0,0,51.31,DEPLOY,435.84
422,14.0628,757.003,289.189,100.0,0.0,0,0,51.28,DEPLOY,434.48
423,14.0962,759.682,289.599,100.0,0.0,0,0,51.25,DEPLOY,433.13
424,14.1295,762.364,290.005,100.0,0.0,0,0,51.22,DEPLOY,431.8
425,14.1628,765.051,290.405,100.0,0.0,0,0,51.2,DEPLOY,430.49
426,14.1961,767.741,290.801,100.0,0.0,0,0,51.17,DEPLOY,429.19
427,14.2295,770.434,291.192,100.0,0.0,0,0,51.15,DEPLOY,427.91
428,14.2628,773.132,291.578,100.0,0.0,0,0,51.13,DEPLOY,426.64
429,14.2961,775.832,291.959,100.0,0.0,0,0,51.1,DEPLOY,425.39
430,14.3294,778.537,292.336,100.0,0.0,0,0,51.08,DEPLOY,424.16
431,14.3628,781.245,292.708,100.0,0.0,0,0,51.06,DEPLOY,422.94
432,14.3961,783.956,293.076,100.0,0.0,0,0,51.04,DEPLOY,421.73
433,14.4294,786.67,293.439,100.0,0.0,0,0,51.03,DEPLOY,420.54
434,14.4627,789.388,293.798,100.0,0.0,0,0,51.01,DEPLOY,419.37
435,14.4961,792.11,294.153,100.0,0.0,0,0,50.99,DEPLOY,418.21
436,14.5294,794.834,294.503,100.0,0.0,0,0,50.98,DEPLOY,417.06
437,14.5627,797.562,294.85,100.0,0.0,0,0,50.96,DEPLOY,415.93
438,14.596,800.293,295.193,100.0,0.0,0,0,50.95,DEPLOY,414.81
439,14.6293,803.027,295.531,100.0,0.0,0,0,50.94,DEPLOY,413.7
440,14.6627,805.764,295.866,100.0,0.0,0,0,50.93,DEPLOY,412.61
441,14.696,808.504,296.197,100.0,0.0,0,0,50.92,DEPLOY,411.53
442,14.7293,811.248,296.524,100.0,0.0,0,0,50.91,DEPLOY,410.46
443,14.7626,813.994,296.848,100.0,0.0,0,0,50.9,DEPLOY,409.41
444,14.796,816.743,297.168,100.0,0.0,0,0,50.89,DEPLOY,408.36
445,14.8293,819.496,297.484,100.0,0.0,0,0,50.88,DEPLOY,407.33
446,14.8626,822.251,297.798,100.0,0.0,0,0,50.88,DEPLOY,406.32
447,14.8959,825.009,298.108,100.0,0.0,0,0,50.87,DEPLOY,405.31
448,14.9293,827.77,298.415,100.0,0.0,0,0,50.87,DEPLOY,404.32
449,14.9626,830.534,298.719,100.0,0.0,0,0,50.87,DEPLOY,403.34
450,14.9959,833.3,299.02,100.0,0.0,0,0,50.86,DEPLOY,402.37
451,15.0292,836.07,299.318,100.0,0.0,0,0,50.86,DEPLOY,401.41
452,15.0626,838.842,299.613,100.0,0.0,0,0,50.86,DEPLOY,400.47
453,15.0959,841.616,299.906,100.0,0.0,0,0,50.86,DEPLOY,400.0
454,15.1292,844.394,300.196,100.0,0.0,0,0,50.86,DEPLOY,400.0
455,15.1625,847.174,300.483,100.0,0.0,0,0,50.86,DEPLOY,400.0
456,15.1959,849.957,300.767,100.0,0.0,0,0,50.86,DEPLOY,400.0
457,15.2292,852.742,301.05,100.0,0.0,0,0,50.86,DEPLOY,400.0
458,15.2625,855.53,301.33,100.0,0.0,0,0,50.86,DEPLOY,400.0
459,15.2958,858.321,301.607,100.0,0.0,0,0,50.86,DEPLOY,400.0
460,15.3292,861.114,301.883,100.0,0.0,0,0,50.86,DEPLOY,400.0
461,15.3625,863.91,302.156,100.0,0.0,0,0,50.86,DEPLOY,400.0
462,15.3958,866.708,302.428,100.0,0.0,0,0,50.86,DEPLOY,400.0
463,15.4291,869.509,302.697,100.0,0.0,0,0,50.86,DEPLOY,400.0
464,15.4625,872.312,302.964,100.0,0.0,0,0,50.86,DEPLOY,400.0
465,15.4958,875.118,303.23,100.0,0.0,0,0,50.86,DEPLOY,400.0
466,15.5291,877.926,303.493,100.0,0.0,0,0,50.86,DEPLOY,400.0
467,15.5624,880.736,303.755,100.0,0.0,0,0,50.86,DEPLOY,400.0
468,15.5958,883.549,304.015,100.0,0.0,0,0,50.86,DEPLOY,400.0
469,15.6291,886.365,304.273,100.0,0.0,0,0,50.86,DEPLOY,400.0
470,15.6624,889.183,304.53,100.0,0.0,0,0,50.86,DEPLOY,400.0
471,15.6957,892.003,304.785,100.0,0.0,0,0,50.86,DEPLOY,400.0
472,15.7291,894.825,305.038,100.0,0.0,0,0,50.86,NORMAL,400.0
473,15.7624,897.65,305.29,100.0,0.0,0,0,50.86,NORMAL,400.0
474,15.7957,900.477,305.541,100.0,0.0,0,0,50.86,NORMAL,400.0
475,15.829,903.307,305.789,100.0,0.0,0,0,50.86,NORMAL,400.0
476,15.8623,906.138,306.037,100.0,0.0,0,0,50.86,NORMAL,400.0
477,15.8957,908.972,306.282,100.0,0.0,0,0,50.86,NORMAL,400.0
478,15.929,911.809,306.527,100.0,0.0,0,0,50.86,NORMAL,400.0
479,15.9623,914.647,306.77,100.0,0.0,0,0,50.86,NORMAL,400.0
480,15.9956,917.488,307.011,100.0,0.0,0,0,50.86,NORMAL,400.0
481,16.029,920.331,307.252,100.0,0.0,0,0,50.86,NORMAL,400.0
482,16.0623,923.176,307.49,100.0,0.0,0,0,50.86,NORMAL,400.0
483,16.0956,926.024,307.728,100.0,0.0,0,0,50.86,NORMAL,400.0
484,16.1289,928.874,307.964,100.0,0.0,0,0,50.86,NORMAL,400.0
485,16.1623,931.725,308.199,100.0,0.0,0,0,50.86,NORMAL,400.0
486,16.1956,934.579,308.432,100.0,0.0,0,0,50.86,NORMAL,400.0
487,16.2289,937.436,308.664,100.0,0.0,0,0,50.86,NORMAL,400.0
488,16.2622,940.294,308.895,100.0,0.0,0,0,50.86,NORMAL,400.0
489,16.2956,943.154,309.124,100.0,0.0,0,0,50.86,NORMAL,400.0
490,16.3289,946.017,309.353,100.0,0.0,0,0,50.86,NORMAL,400.0
491,16.3622,948.881,309.579,100.0,0.0,0,0,50.86,NORMAL,400.0
492,16.3955,951.748,309.805,100.0,0.0,0,0,50.86,NORMAL,400.0
493,16.4289,954.617,310.029,100.0,0.0,0,0,50.86,NORMAL,400.0
494,16.4622,957.488,310.253,100.0,0.0,0,0,50.86,NORMAL,400.0
495,16.4955,960.361,310.474,100.0,0.0,0,0,50.86,NORMAL,400.0
496,16.5288,963.236,310.695,100.0,0.0,0,0,50.86,NORMAL,400.0
497,16.5622,966.113,310.914,100.0,0.0,0,0,50.86,NORMAL,400.0
498,16.5955,968.992,311.132,100.0,0.0,0,0,50.86,NORMAL,400.0
499,16.6288,971.873,311.349,100.0,0.0,0,0,50.86,NORMAL,400.0
500,16.6621,974.756,311.565,100.0,0.0,0,0,50.86,NORMAL,400.0
501,16.6955,977.641,311.779,100.0,0.0,0,0,50.86,NORMAL,400.0
502,16.7288,980.528,311.992,100.0,0.0,0,0,50.86,NORMAL,400.0
503,16.7621,983.417,312.204,100.0,0.0,0,0,50.86,NORMAL,400.0
504,16.7954,986.308,312.414,100.0,0.0,0,0,50.86,NORMAL,400.0
505,16.8288,989.201,312.624,100.0,0.0,0,0,50.86,NORMAL,400.0
506,16.8621,992.096,312.831,100.0,0.0,0,0,50.86,NORMAL,400.0
507,16.8954,994.993,313.038,100.0,0.0,0,0,50.86,NORMAL,400.0
508,16.9287,997.891,313.243,100.0,0.0,0,0,50.86,NORMAL,400.0
509,16.962,1000.792,313.447,100.0,0.0,0,0,50.86,NORMAL,400.0
510,16.9954,1003.694,313.649,100.0,0.0,0,0,50.86,NORMAL,400.0
511,17.0287,1006.599,313.849,100.0,0.0,0,0,50.86,NORMAL,400.0
512,17.062,1009.505,314.048,100.0,0.0,0,0,50.86,NORMAL,400.0
513,17.0953,1012.413,314.246,100.0,0.0,0,0,50.86,NORMAL,400.0
514,17.1287,1015.323,314.441,100.0,0.0,0,0,50.86,NORMAL,400.0
515,17.162,1018.234,314.635,100.0,0.0,0,0,50.86,NORMAL,400.0
516,17.1953,1021.148,314.827,100.0,0.0,0,0,50.86,NORMAL,400.0
517,17.2286,1024.063,315.017,100.0,0.0,0,0,50.86,NORMAL,400.0
518,17.262,1026.98,315.204,100.0,0.0,0,0,50.86,NORMAL,400.0
519,17.2953,1029.898,315.389,100.0,0.0,0,0,50.86,NORMAL,400.0
520,17.3286,1032.818,315.572,100.0,0.0,0,0,50.86,NORMAL,400.0
521,17.3619,1035.741,315.752,100.0,0.0,0,0,50.86,NORMAL,400.0
522,17.3953,1038.664,315.929,100.0,0.0,0,0,50.86,NORMAL,400.0
523,17.4286,1041.589,316.104,100.0,0.0,0,0,50.86,NORMAL,400.0
524,17.4619,1044.516,316.275,100.0,0.0,0,0,50.86,NORMAL,400.0
525,17.4952,1047.445,316.443,100.0,0.0,0,0,50.86,NORMAL,400.0
526,17.5286,1050.375,316.607,100.0,0.0,0,0,50.86,NORMAL,400.0
527,17.5619,1053.306,316.767,100.0,0.0,0,0,50.86,NORMAL,400.0
528,17.5952,1056.239,316.924,100.0,0.0,0,0,50.86,NORMAL,400.0
529,17.6285,1059.174,317.076,100.0,0.0,0,0,50.86,NORMAL,400.0
530,17.6619,1062.109,317.225,100.0,0.0,0,0,50.86,NORMAL,400.0
531,17.6952,1065.047,317.368,100.0,0.0,0,0,50.86,NORMAL,400.0
532,17.7285,1067.985,317.508,100.0,0.0,0,0,50.86,NORMAL,400.0
533,17.7618,1070.925,317.642,100.0,0.0,0,0,50.86,NORMAL,400.0
534,17.7952,1073.866,317.772,100.0,0.0,0,0,50.86,NORMAL,400.0
535,17.8285,1076.808,317.897,100.0,0.0,0,0,50.86,NORMAL,400.0
536,17.8618,1079.751,318.017,100.0,0.0,0,0,50.86,NORMAL,400.0
537,17.8951,1082.695,318.132,100.0,0.0,0,0,50.86,NORMAL,400.0
538,17.9285,1085.641,318.242,100.0,0.0,0,0,50.86,NORMAL,400.0
539,17.9618,1088.587,318.347,100.0,0.0,0,0,50.86,NORMAL,400.0
540,17.9951,1091.534,318.447,0.0,0.0,0,0,50.86,NORMAL,-43.6
541,18.0284,1094.483,318.543,0.0,100.0,0,0,51.07,REGEN,-350.0
542,18.0617,1097.432,318.635,0.0,100.0,0,0,51.36,REGEN,-350.0
543,18.0951,1100.382,318.722,0.0,100.0,0,0,51.65,REGEN,-350.0
544,18.1284,1103.332,318.805,0.0,100.0,0,0,51.94,REGEN,-350.0
545,18.1617,1106.284,318.885,0.0,100.0,0,0,52.23,REGEN,-350.0
546,18.195,1109.236,318.96,0.0,100.0,0,0,52.52,REGEN,-350.0
547,18.2284,1112.189,319.033,0.0,100.0,0,0,52.82,REGEN,-350.0
548,18.2617,1115.142,319.104,0.0,100.0,0,0,53.11,REGEN,-350.0
549,18.295,1118.097,319.172,0.0,100.0,0,0,53.4,REGEN,-350.0
550,18.3283,1121.051,319.238,0.0,100.0,0,0,53.69,REGEN,-350.0
551,18.3617,1124.007,319.302,0.0,100.0,0,0,53.98,REGEN,-350.0
552,18.395,1126.963,319.366,0.0,100.0,0,0,54.27,REGEN,-350.0
553,18.4283,1129.919,319.408,0.0,100.0,0,0,54.56,REGEN,-350.0
554,18.4616,1132.876,319.412,0.0,100.0,0,0,54.86,REGEN,-350.0
555,18.495,1135.833,319.412,0.0,100.0,0,0,55.15,REGEN,-350.0
556,18.5283,1138.789,319.412,0.0,100.0,0,0,55.44,REGEN,-350.0
557,18.5616,1141.746,319.412,0.0,100.0,0,0,55.73,REGEN,-350.0
558,18.5949,1144.703,319.412,0.0,100.0,0,0,56.02,REGEN,-350.0
559,18.6283,1147.66,319.412,0.0,100.0,0,0,56.31,REGEN,-350.0
560,18.6616,1150.616,319.412,0.0,100.0,0,0,56.61,REGEN,-350.0
561,18.6949,1153.573,319.412,0.0,100.0,0,0,56.9,REGEN,-350.0
562,18.7282,1156.53,319.412,0.0,100.0,0,0,57.19,REGEN,-350.0
563,18.7616,1159.486,319.412,0.0,100.0,0,0,57.48,REGEN,-350.0
564,18.7949,1162.443,319.412,0.0,100.0,0,0,57.77,REGEN,-316.74
565,18.8282,1165.4,319.473,100.0,0.0,0,0,57.96,DEPLOY,400.0
566,18.8615,1168.358,319.643,100.0,0.0,0,0,57.96,DEPLOY,400.0
567,18.8949,1171.318,319.813,100.0,0.0,0,0,57.96,DEPLOY,400.0
568,18.9282,1174.279,319.982,100.0,0.0,0,0,57.96,DEPLOY,400.0
569,18.9615,1177.242,320.15,100.0,0.0,0,0,57.96,DEPLOY,400.0
570,18.9948,1180.206,320.317,100.0,0.0,0,0,57.96,DEPLOY,400.0
571,19.0282,1183.172,320.483,100.0,0.0,0,0,57.96,DEPLOY,400.0
572,19.0615,1186.139,320.648,100.0,0.0,0,0,57.96,DEPLOY,400.0
573,19.0948,1189.108,320.812,100.0,0.0,0,0,57.96,DEPLOY,400.0
574,19.1281,1192.079,320.976,100.0,0.0,0,0,57.96,DEPLOY,400.0
575,19.1614,1195.05,321.138,100.0,0.0,0,0,57.96,DEPLOY,400.0
576,19.1948,1198.024,321.299,100.0,0.0,0,0,57.96,DEPLOY,400.0
577,19.2281,1200.999,321.46,100.0,0.0,0,0,57.96,DEPLOY,400.0
578,19.2614,1203.975,321.62,100.0,0.0,0,0,57.96,DEPLOY,400.0
579,19.2947,1206.953,321.779,100.0,0.0,0,0,57.96,DEPLOY,400.0
580,19.3281,1209.932,321.937,100.0,0.0,0,0,57.96,DEPLOY,400.0
581,19.3614,1212.913,322.094,100.0,0.0,0,0,57.96,DEPLOY,400.0
582,19.3947,1215.896,322.25,100.0,0.0,0,0,57.96,DEPLOY,400.0
583,19.428,1218.879,322.405,100.0,0.0,0,0,57.96,DEPLOY,400.0
584,19.4614,1221.864,322.559,100.0,0.0,0,0,57.96,DEPLOY,400.0
585,19.4947,1224.851,322.704,100.0,0.0,0,0,57.96,DEPLOY,400.0
586,19.528,1227.839,322.847,100.0,0.0,0,0,57.96,DEPLOY,400.0
587,19.5613,1230.828,322.99,100.0,0.0,0,0,57.96,DEPLOY,400.0
588,19.5947,1233.818,323.133,100.0,0.0,0,0,57.96,DEPLOY,400.0
589,19.628,1236.81,323.277,100.0,0.0,0,0,57.96,DEPLOY,400.0
590,19.6613,1239.803,323.421,100.0,0.0,0,0,57.96,DEPLOY,400.0
591,19.6946,1242.798,323.565,100.0,0.0,0,0,57.96,DEPLOY,400.0
592,19.728,1245.794,323.71,100.0,0.0,0,0,57.96,DEPLOY,400.0
593,19.7613,1248.791,323.853,100.0,0.0,0,0,57.96,DEPLOY,400.0
594,19.7946,1251.789,323.997,100.0,0.0,0,0,57.96,DEPLOY,400.0
595,19.8279,1254.789,324.141,100.0,0.0,0,0,57.96,DEPLOY,400.0
596,19.8613,1257.79,324.284,100.0,0.0,0,0,57.96,DEPLOY,400.0
597,19.8946,1260.793,324.426,100.0,0.0,0,0,57.96,DEPLOY,400.0
598,19.9279,1263.797,324.568,100.0,0.0,0,0,57.96,DEPLOY,400.0
599,19.9612,1266.802,324.71,100.0,0.0,0,0,57.96,DEPLOY,400.0
600,19.9946,1269.808,324.85,100.0,0.0,0,0,57.96,DEPLOY,400.0
601,20.0279,1272.816,324.991,100.0,0.0,0,0,57.96,DEPLOY,400.0
602,20.0612,1275.825,325.13,100.0,0.0,0,0,57.96,DEPLOY,400.0
603,20.0945,1278.835,325.269,100.0,0.0,0,0,57.96,DEPLOY,400.0
604,20.1279,1281.847,325.408,100.0,0.0,0,0,57.96,DEPLOY,400.0
605,20.1612,1284.86,325.545,100.0,0.0,0,0,57.96,DEPLOY,400.0
606,20.1945,1287.874,325.682,100.0,0.0,0,0,57.96,DEPLOY,400.0
607,20.2278,1290.889,325.819,100.0,0.0,0,0,57.96,DEPLOY,400.0
608,20.2611,1293.906,325.954,100.0,0.0,0,0,57.96,DEPLOY,400.0
609,20.2945,1296.924,326.089,100.0,0.0,0,0,57.96,DEPLOY,400.0
610,20.3278,1299.943,326.223,100.0,0.0,0,0,57.96,DEPLOY,400.0
611,20.3611,1302.963,326.356,100.0,0.0,0,0,57.96,DEPLOY,400.0
612,20.3944,1305.985,326.489,100.0,0.0,0,0,57.96,DEPLOY,400.0
613,20.4278,1309.008,326.621,100.0,0.0,0,0,57.96,DEPLOY,400.0
614,20.4611,1312.032,326.752,100.0,0.0,0,0,57.96,DEPLOY,400.0
615,20.4944,1315.057,326.882,100.0,0.0,0,0,57.96,DEPLOY,400.0
616,20.5277,1318.083,327.012,100.0,0.0,0,0,57.96,DEPLOY,400.0
617,20.5611,1321.111,327.141,100.0,0.0,0,0,57.96,DEPLOY,400.0
618,20.5944,1324.14,327.27,100.0,0.0,0,0,57.96,DEPLOY,400.0
619,20.6277,1327.17,327.397,100.0,0.0,0,0,57.96,DEPLOY,400.0
620,20.661,1330.201,327.524,100.0,0.0,0,0,57.96,DEPLOY,400.0
621,20.6944,1333.234,327.65,100.0,0.0,0,0,57.96,DEPLOY,400.0
622,20.7277,1336.267,327.776,100.0,0.0,0,0,57.96,DEPLOY,400.0
623,20.761,1339.302,327.901,100.0,0.0,0,0,57.96,DEPLOY,400.0
624,20.7943,1342.338,328.025,100.0,0.0,0,0,57.96,DEPLOY,400.0
625,20.8277,1345.375,328.148,100.0,0.0,0,0,57.96,DEPLOY,400.0
626,20.861,1348.413,328.271,100.0,0.0,0,0,57.96,DEPLOY,400.0
627,20.8943,1351.452,328.393,100.0,0.0,0,0,57.96,DEPLOY,400.0
628,20.9276,1354.492,328.515,100.0,0.0,0,0,57.96,DEPLOY,400.0
629,20.961,1357.534,328.635,100.0,0.0,0,0,57.96,DEPLOY,400.0
630,20.9943,1360.577,328.755,100.0,0.0,0,0,57.96,DEPLOY,400.0
631,21.0276,1363.62,328.875,100.0,0.0,0,0,57.96,DEPLOY,400.0
632,21.0609,1366.665,328.994,100.0,0.0,0,0,57.96,DEPLOY,400.0
633,21.0943,1369.711,329.112,100.0,0.0,0,0,57.96,DEPLOY,400.0
634,21.1276,1372.758,329.229,100.0,0.0,0,0,57.96,DEPLOY,400.0
635,21.1609,1375.806,329.346,100.0,0.0,0,0,57.96,DEPLOY,400.0
636,21.1942,1378.856,329.462,100.0,0.0,0,0,57.96,DEPLOY,400.0
637,21.2276,1381.906,329.578,100.0,0.0,0,0,57.96,DEPLOY,400.0
638,21.2609,1384.957,329.693,100.0,0.0,0,0,57.96,DEPLOY,400.0
639,21.2942,1388.01,329.807,100.0,0.0,0,0,57.96,DEPLOY,400.0
640,21.3275,1391.063,329.921,100.0,0.0,0,0,57.96,DEPLOY,400.0
641,21.3609,1394.118,330.034,100.0,0.0,0,0,57.96,DEPLOY,400.0
642,21.3942,1397.173,330.146,100.0,0.0,0,0,57.96,DEPLOY,400.0
643,21.4275,1400.23,330.258,100.0,0.0,0,0,57.96,DEPLOY,400.0
644,21.4608,1403.287,330.369,100.0,0.0,0,0,57.96,DEPLOY,400.0
645,21.4941,1406.346,330.48,100.0,0.0,0,0,57.96,DEPLOY,400.0
646,21.5275,1409.406,330.589,100.0,0.0,0,0,57.96,DEPLOY,400.0
647,21.5608,1412.466,330.699,100.0,0.0,0,0,57.96,DEPLOY,400.0
648,21.5941,1415.528,330.807,100.0,0.0,0,0,57.96,DEPLOY,400.0
649,21.6274,1418.591,330.916,100.0,0.0,0,0,57.96,DEPLOY,400.0
650,21.6608,1421.655,331.023,100.0,0.0,0,0,57.96,DEPLOY,400.0
651,21.6941,1424.719,331.13,100.0,0.0,0,0,57.96,DEPLOY,400.0
652,21.7274,1427.785,331.236,100.0,0.0,0,0,57.96,DEPLOY,400.0
653,21.7607,1430.852,331.342,100.0,0.0,0,0,57.96,DEPLOY,400.0
654,21.7941,1433.919,331.447,100.0,0.0,0,0,57.96,DEPLOY,400.0
655,21.8274,1436.988,331.552,100.0,0.0,0,0,57.96,DEPLOY,400.0
656,21.8607,1440.057,331.656,100.0,0.0,0,0,57.96,DEPLOY,400.0
657,21.894,1443.128,331.76,100.0,0.0,0,0,57.96,DEPLOY,400.0
658,21.9274,1446.199,331.862,100.0,0.0,0,0,57.96,DEPLOY,400.0
659,21.9607,1449.272,331.965,100.0,0.0,0,0,57.96,DEPLOY,400.0
660,21.994,1452.345,332.067,100.0,0.0,0,0,57.96,DEPLOY,400.0
661,22.0273,1455.42,332.168,100.0,0.0,0,0,57.96,DEPLOY,400.0
662,22.0607,1458.495,332.268,100.0,0.0,0,0,57.96,DEPLOY,400.0
663,22.094,1461.571,332.368,100.0,0.0,0,0,57.96,DEPLOY,400.0
664,22.1273,1464.648,332.468,100.0,0.0,0,0,57.96,DEPLOY,400.0
665,22.1606,1467.726,332.567,100.0,0.0,0,0,57.96,DEPLOY,400.0
666,22.194,1470.805,332.665,100.0,0.0,0,0,57.96,DEPLOY,400.0
667,22.2273,1473.885,332.763,100.0,0.0,0,0,57.96,DEPLOY,400.0
668,22.2606,1476.966,332.861,100.0,0.0,0,0,57.96,DEPLOY,400.0
669,22.2939,1480.047,332.958,100.0,0.0,0,0,57.96,DEPLOY,400.0
670,22.3273,1483.13,333.054,100.0,0.0,0,0,57.96,DEPLOY,400.0
671,22.3606,1486.213,333.15,100.0,0.0,0,0,57.96,DEPLOY,400.0
672,22.3939,1489.298,333.245,100.0,0.0,0,0,57.96,DEPLOY,400.0
673,22.4272,1492.383,333.34,100.0,0.0,0,0,57.96,DEPLOY,400.0
674,22.4606,1495.469,333.434,100.0,0.0,0,0,57.96,DEPLOY,400.0
675,22.4939,1498.556,333.527,100.0,0.0,0,0,57.96,DEPLOY,400.0
676,22.5272,1501.644,333.621,100.0,0.0,0,0,57.96,DEPLOY,400.0
677,22.5605,1504.732,333.713,100.0,0.0,0,0,57.96,DEPLOY,400.0
678,22.5938,1507.822,333.805,100.0,0.0,0,0,57.96,DEPLOY,400.0
679,22.6272,1510.912,333.897,100.0,0.0,0,0,57.96,DEPLOY,400.0
680,22.6605,1514.003,333.988,100.0,0.0,0,0,57.96,DEPLOY,400.0
681,22.6938,1517.095,334.079,100.0,0.0,0,0,57.96,DEPLOY,400.0
682,22.7271,1520.188,334.169,100.0,0.0,0,0,57.96,DEPLOY,400.0
683,22.7605,1523.282,334.259,100.0,0.0,0,0,57.96,DEPLOY,400.0
684,22.7938,1526.377,334.348,100.0,0.0,0,0,57.96,DEPLOY,400.0
685,22.8271,1529.472,334.436,100.0,0.0,0,0,57.96,DEPLOY,400.0
686,22.8604,1532.568,334.525,100.0,0.0,0,0,57.96,DEPLOY,400.0
687,22.8938,1535.665,334.612,100.0,0.0,0,0,57.96,DEPLOY,400.0
688,22.9271,1538.763,334.699,100.0,0.0,0,0,57.96,DEPLOY,400.0
689,22.9604,1541.862,334.786,100.0,0.0,0,0,57.96,DEPLOY,400.0
690,22.9937,1544.961,334.872,100.0,0.0,0,0,57.96,DEPLOY,400.0
691,23.0271,1548.061,334.958,100.0,0.0,0,0,57.96,DEPLOY,400.0
692,23.0604,1551.162,335.043,100.0,0.0,0,0,57.96,DEPLOY,400.0
693,23.0937,1554.264,335.128,100.0,0.0,0,0,57.96,DEPLOY,400.0
694,23.127,1557.367,335.213,100.0,0.0,0,0,57.96,DEPLOY,400.0
695,23.1604,1560.47,335.297,100.0,0.0,0,0,57.96,DEPLOY,400.0
696,23.1937,1563.574,335.38,100.0,0.0,0,0,57.96,DEPLOY,400.0
697,23.227,1566.679,335.463,100.0,0.0,0,0,57.96,DEPLOY,400.0
698,23.2603,1569.785,335.545,100.0,0.0,0,0,57.96,DEPLOY,400.0
699,23.2937,1572.891,335.628,100.0,0.0,0,0,57.96,DEPLOY,400.0
700,23.327,1575.998,335.709,100.0,0.0,0,0,57.96,DEPLOY,400.0
701,23.3603,1579.106,335.79,100.0,0.0,0,0,57.96,DEPLOY,400.0
702,23.3936,1582.215,335.871,100.0,0.0,0,0,57.96,DEPLOY,400.0
703,23.427,1585.325,335.951,100.0,0.0,0,0,57.96,DEPLOY,400.0
704,23.4603,1588.435,336.031,100.0,0.0,0,0,57.96,DEPLOY,400.0
705,23.4936,1591.546,336.111,100.0,0.0,0,0,57.96,DEPLOY,400.0
706,23.5269,1594.657,336.19,100.0,0.0,0,0,57.96,DEPLOY,400.0
707,23.5603,1597.77,336.268,100.0,0.0,0,0,57.96,DEPLOY,400.0
708,23.5936,1600.883,336.346,100.0,0.0,0,0,57.96,DEPLOY,400.0
709,23.6269,1603.997,336.424,100.0,0.0,0,0,57.96,DEPLOY,400.0
710,23.6602,1607.111,336.501,100.0,0.0,0,0,57.96,DEPLOY,400.0
711,23.6935,1610.226,336.578,100.0,0.0,0,0,57.96,DEPLOY,400.0
712,23.7269,1613.342,336.654,100.0,0.0,0,0,57.96,DEPLOY,400.0
713,23.7602,1616.459,336.73,100.0,0.0,0,0,57.96,DEPLOY,400.0
714,23.7935,1619.576,336.806,100.0,0.0,0,0,57.96,DEPLOY,400.0
715,23.8268,1622.695,336.881,100.0,0.0,0,0,57.96,DEPLOY,400.0
716,23.8602,1625.813,336.956,100.0,0.0,0,0,57.96,DEPLOY,400.0
717,23.8935,1628.933,337.03,100.0,0.0,0,0,57.96,DEPLOY,400.0
718,23.9268,1632.053,337.104,100.0,0.0,0,0,57.96,DEPLOY,400.0
719,23.9601,1635.174,337.177,100.0,0.0,0,0,57.96,DEPLOY,400.0
720,23.9935,1638.295,337.25,100.0,0.0,0,0,57.96,DEPLOY,400.0
721,24.0268,1641.417,337.323,100.0,0.0,0,0,57.96,DEPLOY,400.0
722,24.0601,1644.54,337.395,100.0,0.0,0,0,57.96,DEPLOY,400.0
723,24.0934,1647.664,337.467,100.0,0.0,0,0,57.96,DEPLOY,400.0
724,24.1268,1650.788,337.539,100.0,0.0,0,0,57.96,DEPLOY,400.0
725,24.1601,1653.913,337.61,100.0,0.0,0,0,57.96,DEPLOY,400.0
726,24.1934,1657.038,337.681,100.0,0.0,0,0,57.96,DEPLOY,400.0
727,24.2267,1660.164,337.751,100.0,0.0,0,0,57.96,DEPLOY,400.0
728,24.2601,1663.291,337.821,100.0,0.0,0,0,57.96,DEPLOY,400.0
729,24.2934,1666.419,337.891,100.0,0.0,0,0,57.96,DEPLOY,400.0
730,24.3267,1669.547,337.96,100.0,0.0,0,0,57.96,DEPLOY,400.0
731,24.36,1672.675,338.028,100.0,0.0,0,0,57.96,DEPLOY,400.0
732,24.3934,1675.805,338.097,100.0,0.0,0,0,57.96,DEPLOY,400.0
733,24.4267,1678.935,338.165,100.0,0.0,0,0,57.96,DEPLOY,400.0
734,24.46,1682.065,338.233,100.0,0.0,0,0,57.96,DEPLOY,400.0
735,24.4933,1685.197,338.3,100.0,0.0,0,0,57.96,DEPLOY,400.0
736,24.5267,1688.328,338.367,100.0,0.0,0,0,57.96,DEPLOY,400.0
737,24.56,1691.461,338.433,100.0,0.0,0,0,57.96,DEPLOY,400.0
738,24.5933,1694.594,338.5,100.0,0.0,0,0,57.96,DEPLOY,400.0
739,24.6266,1697.728,338.565,100.0,0.0,0,0,57.96,DEPLOY,400.0
740,24.66,1700.862,338.631,100.0,0.0,0,0,57.96,DEPLOY,400.0
741,24.6933,1703.997,338.696,100.0,0.0,0,0,57.96,DEPLOY,400.0
742,24.7266,1707.133,338.761,100.0,0.0,0,0,57.96,DEPLOY,400.0
743,24.7599,1710.269,338.825,100.0,0.0,0,0,57.96,DEPLOY,400.0
744,24.7932,1713.405,338.889,100.0,0.0,0,0,57.96,DEPLOY,400.0
745,24.8266,1716.543,338.953,100.0,0.0,0,0,57.96,DEPLOY,400.0
746,24.8599,1719.681,339.016,100.0,0.0,0,0,57.96,DEPLOY,400.0
747,24.8932,1722.819,339.079,100.0,0.0,0,0,57.96,DEPLOY,400.0
748,24.9265,1725.958,339.142,100.0,0.0,0,0,57.96,DEPLOY,400.0
749,24.9599,1729.098,339.204,100.0,0.0,0,0,57.96,DEPLOY,400.0
750,24.9932,1732.238,339.266,100.0,0.0,0,0,57.96,DEPLOY,400.0
751,25.0265,1735.379,339.328,100.0,0.0,0,0,57.96,DEPLOY,400.0
752,25.0598,1738.52,339.389,100.0,0.0,0,0,57.96,DEPLOY,400.0
753,25.0932,1741.662,339.45,100.0,0.0,0,0,57.96,DEPLOY,400.0
754,25.1265,1744.804,339.511,100.0,0.0,0,0,57.96,DEPLOY,400.0
755,25.1598,1747.948,339.571,100.0,0.0,0,0,57.96,DEPLOY,400.0
756,25.1931,1751.091,339.631,100.0,0.0,0,0,57.96,DEPLOY,400.0
757,25.2265,1754.235,339.69,100.0,0.0,0,0,57.96,DEPLOY,400.0
758,25.2598,1757.38,339.75,100.0,0.0,0,0,57.96,DEPLOY,400.0
759,25.2931,1760.525,339.809,100.0,0.0,0,0,57.96,DEPLOY,400.0
760,25.3264,1763.671,339.867,100.0,0.0,0,0,57.96,DEPLOY,400.0
761,25.3598,1766.817,339.926,100.0,0.0,0,0,57.96,DEPLOY,400.0
762,25.3931,1769.964,339.984,100.0,0.0,0,0,57.96,DEPLOY,400.0
763,25.4264,1773.112,340.041,100.0,0.0,0,0,57.96,DEPLOY,400.0
764,25.4597,1776.26,340.099,100.0,0.0,0,0,57.96,DEPLOY,400.0
765,25.4931,1779.408,340.156,100.0,0.0,0,0,57.96,DEPLOY,400.0
766,25.5264,1782.557,340.212,100.0,0.0,0,0,57.96,DEPLOY,400.0
767,25.5597,1785.707,340.269,100.0,0.0,0,0,57.96,DEPLOY,400.0
768,25.593,1788.857,340.325,100.0,0.0,0,0,57.96,DEPLOY,400.0
769,25.6264,1792.007,340.381,100.0,0.0,0,0,57.96,DEPLOY,400.0
770,25.6597,1795.158,340.436,100.0,0.0,0,0,57.96,DEPLOY,400.0
771,25.693,1798.31,340.492,100.0,0.0,0,0,57.96,NORMAL,400.0
772,25.7263,1801.462,340.546,100.0,0.0,0,0,57.96,NORMAL,400.0
773,25.7597,1804.614,340.601,100.0,0.0,0,0,57.96,NORMAL,400.0
774,25.793,1807.768,340.655,100.0,0.0,0,0,57.96,NORMAL,400.0
775,25.8263,1810.921,340.709,100.0,0.0,0,0,57.96,NORMAL,400.0
776,25.8596,1814.075,340.763,100.0,0.0,0,0,57.96,NORMAL,400.0
777,25.8929,1817.23,340.816,100.0,0.0,0,0,57.96,NORMAL,400.0
778,25.9263,1820.385,340.869,100.0,0.0,0,0,57.96,NORMAL,400.0
779,25.9596,1823.541,340.922,100.0,0.0,0,0,57.96,NORMAL,400.0
780,25.9929,1826.697,340.975,100.0,0.0,0,0,57.96,NORMAL,400.0
781,26.0262,1829.853,341.027,100.0,0.0,0,0,57.96,NORMAL,400.0
782,26.0596,1833.01,341.079,100.0,0.0,0,0,57.96,NORMAL,400.0
783,26.0929,1836.168,341.131,100.0,0.0,0,0,57.96,NORMAL,400.0
784,26.1262,1839.326,341.182,100.0,0.0,0,0,57.96,NORMAL,400.0
785,26.1595,1842.484,341.233,100.0,0.0,0,0,57.96,NORMAL,400.0
786,26.1929,1845.643,341.284,100.0,0.0,0,0,57.96,NORMAL,400.0
787,26.2262,1848.803,341.334,100.0,0.0,0,0,57.96,NORMAL,400.0
788,26.2595,1851.962,341.385,100.0,0.0,0,0,57.96,NORMAL,400.0
789,26.2928,1855.123,341.435,100.0,0.0,0,0,57.96,NORMAL,400.0
790,26.3262,1858.284,341.484,100.0,0.0,0,0,57.96,NORMAL,400.0
791,26.3595,1861.445,341.534,100.0,0.0,0,0,57.96,NORMAL,400.0
792,26.3928,1864.607,341.583,100.0,0.0,0,0,57.96,NORMAL,400.0
793,26.4261,1867.769,341.632,100.0,0.0,0,0,57.96,NORMAL,400.0
794,26.4595,1870.931,341.68,100.0,0.0,0,0,57.96,NORMAL,400.0
795,26.4928,1874.094,341.728,100.0,0.0,0,0,57.96,NORMAL,400.0
796,26.5261,1877.258,341.776,100.0,0.0,0,0,57.96,NORMAL,400.0
797,26.5594,1880.422,341.824,100.0,0.0,0,0,57.96,NORMAL,400.0
798,26.5928,1883.586,341.871,100.0,0.0,0,0,57.96,NORMAL,400.0
799,26.6261,1886.751,341.918,100.0,0.0,0,0,57.96,NORMAL,400.0
800,26.6594,1889.916,341.964,100.0,0.0,0,0,57.96,NORMAL,400.0
801,26.6927,1893.082,342.01,100.0,0.0,0,0,57.96,NORMAL,400.0
802,26.7261,1896.248,342.056,100.0,0.0,0,0,57.96,NORMAL,400.0
803,26.7594,1899.415,342.102,100.0,0.0,0,0,57.96,NORMAL,400.0
804,26.7927,1902.582,342.146,100.0,0.0,0,0,57.96,NORMAL,400.0
805,26.826,1905.749,342.191,100.0,0.0,0,0,57.96,NORMAL,400.0
806,26.8594,1908.917,342.234,100.0,0.0,0,0,57.96,NORMAL,400.0
807,26.8927,1912.085,342.278,100.0,0.0,0,0,57.96,NORMAL,400.0
808,26.926,1915.254,342.32,100.0,0.0,0,0,57.96,NORMAL,400.0
809,26.9593,1918.423,342.362,100.0,0.0,0,0,57.96,NORMAL,400.0
810,26.9927,1921.592,342.403,100.0,0.0,0,0,57.96,NORMAL,400.0
811,27.026,1924.762,342.443,100.0,0.0,0,0,57.96,NORMAL,400.0
812,27.0593,1927.932,342.483,100.0,0.0,0,0,57.96,NORMAL,400.0
813,27.0926,1931.102,342.521,100.0,0.0,0,0,57.96,NORMAL,400.0
814,27.1259,1934.273,342.558,100.0,0.0,0,0,57.96,NORMAL,400.0
815,27.1593,1937.444,342.594,100.0,0.0,0,0,57.96,NORMAL,400.0
816,27.1926,1940.616,342.628,100.0,0.0,0,0,57.96,NORMAL,400.0
817,27.2259,1943.787,342.661,100.0,0.0,0,0,57.96,NORMAL,400.0
818,27.2592,1946.959,342.693,100.0,0.0,0,0,57.96,NORMAL,400.0
819,27.2926,1950.132,342.723,100.0,0.0,0,0,57.96,NORMAL,400.0
820,27.3259,1953.304,342.751,100.0,0.0,0,0,57.96,NORMAL,400.0
821,27.3592,1956.477,342.777,100.0,0.0,0,0,57.96,NORMAL,400.0
822,27.3925,1959.65,342.801,100.0,0.0,0,0,57.96,NORMAL,400.0
823,27.4259,1962.824,342.823,100.0,0.0,0,0,57.96,NORMAL,400.0
824,27.4592,1965.997,342.842,100.0,0.0,0,0,57.96,NORMAL,400.0
825,27.4925,1969.171,342.859,100.0,0.0,0,0,57.96,NORMAL,400.0
826,27.5258,1972.345,342.873,100.0,0.0,0,0,57.96,NORMAL,400.0
827,27.5592,1975.519,342.885,100.0,0.0,0,0,57.96,NORMAL,400.0
828,27.5925,1978.693,342.894,100.0,0.0,0,0,57.96,NORMAL,400.0
829,27.6258,1981.867,342.9,100.0,0.0,0,0,57.96,NORMAL,400.0
830,27.6591,1985.041,342.903,100.0,0.0,0,0,57.96,NORMAL,400.0
831,27.6925,1988.215,342.903,100.0,0.0,0,0,57.96,NORMAL,400.0
832,27.7258,1991.389,342.9,100.0,0.0,0,0,57.96,NORMAL,400.0
833,27.7591,1994.563,342.894,100.0,0.0,0,0,57.96,NORMAL,400.0
834,27.7924,1997.737,342.885,100.0,0.0,0,0,57.96,NORMAL,361.77
835,27.8258,2000.911,342.872,100.0,0.0,0,0,58.0,SUPERCLIP,335.0
836,27.8591,2004.085,342.857,100.0,0.0,0,0,58.05,SUPERCLIP,335.0
837,27.8924,2007.259,342.839,100.0,0.0,0,0,58.11,SUPERCLIP,335.0
838,27.9257,2010.432,342.817,100.0,0.0,0,0,58.16,SUPERCLIP,335.0
839,27.9591,2013.606,342.793,100.0,0.0,0,0,58.22,SUPERCLIP,335.0
840,27.9924,2016.779,342.766,100.0,0.0,0,0,58.27,SUPERCLIP,335.0
841,28.0257,2019.951,342.736,100.0,0.0,0,0,58.33,SUPERCLIP,335.0
842,28.059,2023.124,342.704,100.0,0.0,0,0,58.38,SUPERCLIP,335.0
843,28.0924,2026.296,342.669,100.0,0.0,0,0,58.43,SUPERCLIP,335.0
844,28.1257,2029.468,342.632,100.0,0.0,0,0,58.49,SUPERCLIP,335.0
845,28.159,2032.639,342.592,100.0,0.0,0,0,58.54,SUPERCLIP,335.0
846,28.1923,2035.81,342.55,100.0,0.0,0,0,58.6,SUPERCLIP,335.0
847,28.2256,2038.981,342.507,100.0,0.0,0,0,58.65,SUPERCLIP,335.0
848,28.259,2042.151,342.462,100.0,0.0,0,0,58.7,SUPERCLIP,335.0
849,28.2923,2045.321,342.415,100.0,0.0,0,0,58.76,SUPERCLIP,335.0
850,28.3256,2048.491,342.366,100.0,0.0,0,0,58.81,SUPERCLIP,335.0
851,28.3589,2051.66,342.316,100.0,0.0,0,0,58.87,SUPERCLIP,335.0
852,28.3923,2054.828,342.265,100.0,0.0,0,0,58.92,SUPERCLIP,335.0
853,28.4256,2057.996,342.213,100.0,0.0,0,0,58.97,SUPERCLIP,335.0
854,28.4589,2061.164,342.16,100.0,0.0,0,0,59.03,SUPERCLIP,335.0
855,28.4922,2064.331,342.106,100.0,0.0,0,0,59.08,SUPERCLIP,335.0
856,28.5256,2067.497,342.052,100.0,0.0,0,0,59.14,SUPERCLIP,335.0
857,28.5589,2070.663,341.996,100.0,0.0,0,0,59.19,SUPERCLIP,335.0
858,28.5922,2073.829,341.936,100.0,0.0,0,0,59.25,SUPERCLIP,335.0
859,28.6255,2076.994,341.876,100.0,0.0,0,0,59.3,SUPERCLIP,335.0
860,28.6589,2080.158,341.817,100.0,0.0,0,0,59.35,SUPERCLIP,335.0
861,28.6922,2083.322,341.757,100.0,0.0,0,0,59.41,SUPERCLIP,335.0
862,28.7255,2086.485,341.698,100.0,0.0,0,0,59.46,SUPERCLIP,335.0
863,28.7588,2089.648,341.64,100.0,0.0,0,0,59.52,SUPERCLIP,335.0
864,28.7922,2092.81,341.582,100.0,0.0,0,0,59.57,SUPERCLIP,335.0
865,28.8255,2095.972,341.524,100.0,0.0,0,0,59.62,SUPERCLIP,335.0
866,28.8588,2099.133,341.466,100.0,0.0,0,0,59.68,SUPERCLIP,335.0
867,28.8921,2102.293,341.408,100.0,0.0,0,0,59.73,SUPERCLIP,335.0
868,28.9255,2105.453,341.351,100.0,0.0,0,0,59.79,SUPERCLIP,335.0
869,28.9588,2108.613,341.295,100.0,0.0,0,0,59.84,SUPERCLIP,335.0
870,28.9921,2111.772,341.238,100.0,0.0,0,0,59.9,SUPERCLIP,335.0
871,29.0254,2114.931,341.182,100.0,0.0,0,0,59.95,SUPERCLIP,335.0
872,29.0588,2118.089,341.126,100.0,0.0,0,0,60.0,SUPERCLIP,335.0
873,29.0921,2121.246,341.07,100.0,0.0,0,0,60.06,SUPERCLIP,335.0
874,29.1254,2124.403,341.015,100.0,0.0,0,0,60.11,SUPERCLIP,335.0
875,29.1587,2127.559,340.96,100.0,0.0,0,0,60.17,SUPERCLIP,335.0
876,29.1921,2130.715,340.905,100.0,0.0,0,0,60.22,SUPERCLIP,335.0
877,29.2254,2133.871,340.851,100.0,0.0,0,0,60.27,SUPERCLIP,335.0
878,29.2587,2137.026,340.796,100.0,0.0,0,0,60.33,SUPERCLIP,335.0
879,29.292,2140.18,340.742,100.0,0.0,0,0,60.38,SUPERCLIP,335.0
880,29.3253,2143.334,340.689,100.0,0.0,0,0,60.44,SUPERCLIP,335.0
881,29.3587,2146.487,340.635,100.0,0.0,0,0,60.49,SUPERCLIP,335.0
882,29.392,2149.64,340.582,100.0,0.0,0,0,60.55,SUPERCLIP,335.0
883,29.4253,2152.793,340.529,100.0,0.0,0,0,60.6,SUPERCLIP,335.0
884,29.4586,2155.945,340.477,100.0,0.0,0,0,60.65,SUPERCLIP,335.0
885,29.492,2159.096,340.425,100.0,0.0,0,0,60.71,SUPERCLIP,335.0
886,29.5253,2162.247,340.373,100.0,0.0,0,0,60.76,SUPERCLIP,335.0
887,29.5586,2165.398,340.321,100.0,0.0,0,0,60.82,SUPERCLIP,335.0
888,29.5919,2168.548,340.269,100.0,0.0,0,0,60.87,SUPERCLIP,335.0
889,29.6253,2171.697,340.218,100.0,0.0,0,0,60.92,SUPERCLIP,335.0
890,29.6586,2174.846,340.167,100.0,0.0,0,0,60.98,SUPERCLIP,335.0
891,29.6919,2177.995,340.117,100.0,0.0,0,0,61.03,SUPERCLIP,335.0
892,29.7252,2181.143,340.066,100.0,0.0,0,0,61.09,SUPERCLIP,335.0
893,29.7586,2184.291,340.016,100.0,0.0,0,0,61.14,SUPERCLIP,335.0
894,29.7919,2187.438,339.959,100.0,0.0,0,0,61.2,SUPERCLIP,335.0
895,29.8252,2190.584,339.899,100.0,0.0,0,0,61.25,SUPERCLIP,335.0
896,29.8585,2193.731,339.837,100.0,0.0,0,0,61.3,SUPERCLIP,335.0
897,29.8919,2196.876,339.772,100.0,0.0,0,0,61.36,SUPERCLIP,335.0
898,29.9252,2200.021,339.703,100.0,0.0,0,0,61.41,SUPERCLIP,335.0
899,29.9585,2203.165,339.63,100.0,0.0,0,0,61.47,SUPERCLIP,335.0
900,29.9918,2206.309,339.55,100.0,0.0,0,0,61.52,SUPERCLIP,335.0
901,30.0252,2209.451,339.464,100.0,0.0,0,0,61.57,SUPERCLIP,335.0
902,30.0585,2212.593,339.369,100.0,0.0,0,0,61.63,SUPERCLIP,335.0
903,30.0918,2215.734,339.263,100.0,0.0,0,0,61.68,SUPERCLIP,335.0
904,30.1251,2218.874,339.146,100.0,0.0,0,0,61.74,SUPERCLIP,335.0
905,30.1585,2222.013,339.014,100.0,0.0,0,0,61.79,SUPERCLIP,335.0
906,30.1918,2225.15,338.866,100.0,0.0,0,0,61.84,SUPERCLIP,335.0
907,30.2251,2228.286,338.697,100.0,0.0,0,0,61.9,SUPERCLIP,335.0
908,30.2584,2231.421,338.506,100.0,0.0,0,0,61.95,SUPERCLIP,335.0
909,30.2918,2234.553,338.289,100.0,0.0,0,0,62.01,SUPERCLIP,335.0
910,30.3251,2237.684,338.039,100.0,0.0,0,0,62.06,SUPERCLIP,335.0
911,30.3584,2240.811,337.757,100.0,0.0,0,0,62.11,SUPERCLIP,335.0
912,30.3917,2243.936,337.434,100.0,0.0,0,0,62.17,SUPERCLIP,335.0
913,30.425,2247.058,337.068,100.0,0.0,0,0,62.22,SUPERCLIP,335.0
914,30.4584,2250.177,336.653,100.0,0.0,0,0,62.28,SUPERCLIP,335.0
915,30.4917,2253.291,336.183,100.0,0.0,0,0,62.33,SUPERCLIP,335.0
916,30.525,2256.4,335.655,100.0,0.0,0,0,62.38,SUPERCLIP,335.0
917,30.5583,2259.505,335.057,100.0,0.0,0,0,62.44,SUPERCLIP,335.0
918,30.5917,2262.603,334.394,100.0,0.0,0,0,62.49,SUPERCLIP,335.0
919,30.625,2265.695,333.647,100.0,0.0,0,0,62.54,SUPERCLIP,335.0
920,30.6583,2268.78,332.825,100.0,0.0,0,0,62.6,SUPERCLIP,335.0
921,30.6916,2271.856,331.909,100.0,0.0,0,0,62.65,SUPERCLIP,335.0
922,30.725,2274.924,330.906,100.0,0.0,0,0,62.7,SUPERCLIP,335.0
923,30.7583,2277.982,329.802,100.0,0.0,0,0,62.76,SUPERCLIP,335.0
924,30.7916,2281.03,328.602,100.0,0.0,0,0,62.81,SUPERCLIP,335.0
925,30.8249,2284.065,327.297,100.0,0.0,0,0,62.86,SUPERCLIP,335.0
926,30.8583,2287.089,325.887,0.0,100.0,0,0,62.95,REGEN,-350.0
927,30.8916,2290.098,324.37,0.0,100.0,0,0,63.23,REGEN,-350.0
928,30.9249,2293.093,322.748,0.0,100.0,0,0,63.51,REGEN,-350.0
929,30.9582,2296.073,321.018,0.0,100.0,0,0,63.78,REGEN,-350.0
930,30.9916,2299.036,319.185,0.0,100.0,0,0,64.06,REGEN,-350.0
931,31.0249,2301.982,317.248,0.0,100.0,0,0,64.33,REGEN,-350.0
932,31.0582,2304.91,315.217,0.0,100.0,0,0,64.61,REGEN,-350.0
933,31.0915,2307.817,313.087,0.0,100.0,0,0,64.88,REGEN,-350.0
934,31.1249,2310.706,310.875,0.0,100.0,0,0,65.15,REGEN,-350.0
935,31.1582,2313.572,308.572,0.0,100.0,0,0,65.41,REGEN,-350.0
936,31.1915,2316.418,306.194,0.0,100.0,0,0,65.68,REGEN,-350.0
937,31.2248,2319.24,303.7,0.0,100.0,0,0,65.95,REGEN,-350.0
938,31.2582,2322.039,301.088,0.0,100.0,0,0,66.22,REGEN,-350.0
939,31.2915,2324.815,298.363,0.0,100.0,0,0,66.49,REGEN,-350.0
940,31.3248,2327.562,295.519,0.0,100.0,0,0,66.77,REGEN,-350.0
941,31.3581,2330.285,292.578,0.0,100.0,0,0,67.05,REGEN,-350.0
942,31.3915,2332.979,289.539,0.0,100.0,0,0,67.34,REGEN,-350.0
943,31.4248,2335.644,286.214,0.0,100.0,0,0,67.63,REGEN,-350.0
944,31.4581,2338.272,281.091,0.0,100.0,0,0,67.92,REGEN,-350.0
945,31.4914,2340.847,275.248,0.0,100.0,0,0,68.21,REGEN,-350.0
946,31.5247,2343.367,269.707,0.0,100.0,0,0,68.5,REGEN,-350.0
947,31.5581,2345.839,264.457,0.0,100.0,0,0,68.8,REGEN,-350.0
948,31.5914,2348.265,259.512,0.0,100.0,0,0,69.09,REGEN,-350.0
949,31.6247,2350.649,254.891,0.0,100.0,0,0,69.38,REGEN,-350.0
950,31.658,2352.986,250.666,0.0,100.0,0,0,69.67,REGEN,-350.0
951,31.6914,2355.288,246.846,0.0,100.0,0,0,69.96,REGEN,-350.0
952,31.7247,2357.557,243.531,0.0,100.0,0,0,70.25,REGEN,-350.0
953,31.758,2359.799,240.884,0.0,100.0,0,0,70.55,REGEN,-350.0
954,31.7913,2362.021,239.236,0.0,100.0,0,0,70.84,REGEN,-350.0
955,31.8247,2364.231,238.363,0.0,100.0,0,0,71.13,REGEN,-350.0
956,31.858,2366.432,237.096,0.0,100.0,0,0,71.42,REGEN,-350.0
957,31.8913,2368.619,235.089,0.0,100.0,0,0,71.71,REGEN,-350.0
958,31.9246,2370.783,232.597,0.0,100.0,0,0,72.0,REGEN,-350.0
959,31.958,2372.923,229.931,0.0,100.0,0,0,72.29,REGEN,-350.0
960,31.9913,2375.039,227.29,0.0,100.0,0,0,72.59,REGEN,-350.0
961,32.0246,2377.13,224.7,0.0,100.0,0,0,72.88,REGEN,-350.0
962,32.0579,2379.198,222.055,0.0,100.0,0,0,73.17,REGEN,-350.0
963,32.0913,2381.24,219.191,0.0,100.0,0,0,73.46,REGEN,-350.0
964,32.1246,2383.254,216.003,0.0,100.0,0,0,73.75,REGEN,-350.0
965,32.1579,2385.237,212.56,0.0,100.0,0,0,74.04,REGEN,-350.0
966,32.1912,2387.189,209.001,0.0,100.0,0,0,74.34,REGEN,-350.0
967,32.2246,2389.107,205.518,0.0,100.0,0,0,74.63,REGEN,-350.0
968,32.2579,2390.997,202.523,0.0,100.0,0,0,74.92,REGEN,-350.0
969,32.2912,2392.864,200.783,0.0,100.0,0,0,75.21,REGEN,-350.0
970,32.3245,2394.72,200.29,0.0,100.0,0,0,75.5,REGEN,-350.0
971,32.3579,2396.574,200.29,0.0,100.0,0,0,75.79,REGEN,-350.0
972,32.3912,2398.428,200.29,0.0,100.0,0,0,76.09,REGEN,-350.0
973,32.4245,2400.282,200.29,100.0,100.0,0,0,76.38,REGEN,543.22
974,32.4578,2402.142,201.434,100.0,0.0,0,0,76.2,DEPLOY,744.88
975,32.4912,2404.013,202.86,100.0,0.0,0,0,75.92,DEPLOY,739.78
976,32.5245,2405.898,204.28,100.0,0.0,0,0,75.63,DEPLOY,734.71
977,32.5578,2407.795,205.676,100.0,0.0,0,0,75.35,DEPLOY,729.72
978,32.5911,2409.704,206.768,100.0,0.0,0,0,75.08,DEPLOY,725.82
979,32.6245,2411.622,207.552,100.0,0.0,0,0,74.81,DEPLOY,723.02
980,32.6578,2413.547,208.393,100.0,0.0,0,0,74.54,DEPLOY,720.02
981,32.6911,2415.481,209.433,100.0,0.0,0,0,74.27,DEPLOY,716.07
982,32.7244,2417.422,209.945,100.0,0.0,0,0,74.01,DEPLOY,711.43
983,32.7577,2419.363,209.496,100.0,0.0,0,0,73.75,DEPLOY,706.7
984,32.7911,2421.3,208.997,100.0,0.0,0,0,73.5,DEPLOY,702.12
985,32.8244,2423.232,208.486,100.0,0.0,0,0,73.25,DEPLOY,697.69
986,32.8577,2425.16,207.953,100.0,0.0,0,0,73.01,DEPLOY,693.39
987,32.891,2427.082,207.394,100.0,0.0,0,0,72.78,DEPLOY,689.22
988,32.9244,2428.999,206.802,100.0,0.0,0,0,72.55,DEPLOY,685.18
989,32.9577,2430.911,206.174,100.0,0.0,0,0,72.33,DEPLOY,681.23
990,32.991,2432.817,205.507,100.0,0.0,0,0,72.11,DEPLOY,677.26
991,33.0243,2434.716,204.799,100.0,0.0,0,0,71.89,DEPLOY,673.09
992,33.0577,2436.608,204.047,100.0,0.0,0,0,71.68,DEPLOY,668.86
993,33.091,2438.493,203.251,0.0,0.0,0,0,71.48,DEPLOY,-265.44
994,33.1243,2440.37,202.409,0.0,100.0,0,0,71.7,REGEN,-350.0
995,33.1576,2442.24,201.51,0.0,100.0,0,0,71.97,REGEN,-350.0
996,33.191,2444.1,200.55,0.0,100.0,0,0,72.24,REGEN,-350.0
997,33.2243,2445.952,199.528,0.0,100.0,0,0,72.51,REGEN,-350.0
998,33.2576,2447.794,198.445,0.0,100.0,0,0,72.79,REGEN,-350.0
999,33.2909,2449.625,197.304,0.0,100.0,0,0,73.07,REGEN,-350.0
1000,33.3243,2451.446,196.107,0.0,100.0,0,0,73.35,REGEN,-350.0
1001,33.3576,2453.256,194.86,0.0,100.0,0,0,73.64,REGEN,-350.0
1002,33.3909,2455.054,193.53,0.0,100.0,0,0,73.93,REGEN,-350.0
1003,33.4242,2456.838,191.913,0.0,100.0,0,0,74.22,REGEN,-350.0
1004,33.4576,2458.603,189.227,0.0,100.0,0,0,74.51,REGEN,-350.0
1005,33.4909,2460.341,186.69,0.0,100.0,0,0,74.8,REGEN,-350.0
1006,33.5242,2462.057,184.29,0.0,100.0,0,0,75.09,REGEN,-350.0
1007,33.5575,2463.752,182.021,0.0,100.0,0,0,75.38,REGEN,-350.0
1008,33.5909,2465.427,179.875,0.0,100.0,0,0,75.68,REGEN,-350.0
1009,33.6242,2467.085,178.028,0.0,100.0,0,0,75.97,REGEN,-350.0
1010,33.6575,2468.728,176.788,0.0,100.0,0,0,76.26,REGEN,-350.0
1011,33.6908,2470.355,175.007,0.0,100.0,0,0,76.55,REGEN,-350.0
1012,33.7242,2471.966,173.312,0.0,100.0,0,0,76.84,REGEN,-350.0
1013,33.7575,2473.563,171.705,0.0,100.0,0,0,77.13,REGEN,-350.0
1014,33.7908,2475.146,170.19,0.0,100.0,0,0,77.42,REGEN,-350.0
1015,33.8241,2476.717,168.767,0.0,100.0,0,0,77.72,REGEN,-350.0
1016,33.8574,2478.271,167.469,0.0,100.0,0,0,78.01,REGEN,-350.0
1017,33.8908,2479.815,166.26,0.0,100.0,0,0,78.3,REGEN,-350.0
1018,33.9241,2481.349,165.133,0.0,100.0,0,0,78.59,REGEN,-350.0
1019,33.9574,2482.874,164.085,0.0,100.0,0,0,78.88,REGEN,-350.0
1020,33.9907,2484.388,163.143,0.0,100.0,0,0,79.17,REGEN,-350.0
1021,34.0241,2485.894,162.317,0.0,100.0,0,0,79.47,REGEN,-350.0
1022,34.0574,2487.393,161.603,100.0,100.0,0,0,79.76,REGEN,42.63
1023,34.0907,2488.887,161.02,100.0,0.0,0,0,79.97,DEPLOY,750.0
1024,34.124,2490.376,160.693,100.0,0.0,0,0,79.68,DEPLOY,750.0
1025,34.1574,2491.862,160.366,100.0,0.0,0,0,79.38,DEPLOY,750.0
1026,34.1907,2493.345,160.039,100.0,0.0,0,0,79.09,DEPLOY,750.0
1027,34.224,2494.825,159.713,100.0,0.0,0,0,78.8,DEPLOY,750.0
1028,34.2573,2496.302,159.39,100.0,0.0,0,0,78.51,DEPLOY,750.0
1029,34.2907,2497.776,159.142,100.0,0.0,0,0,78.22,DEPLOY,750.0
1030,34.324,2499.25,159.147,100.0,0.0,0,0,77.93,DEPLOY,750.0
1031,34.3573,2500.724,159.525,100.0,0.0,0,0,77.64,DEPLOY,750.0
1032,34.3906,2502.205,160.185,100.0,0.0,0,0,77.34,DEPLOY,750.0
1033,34.424,2503.692,160.982,100.0,0.0,0,0,77.05,DEPLOY,750.0
1034,34.4573,2505.186,161.886,100.0,0.0,0,0,76.76,DEPLOY,750.0
1035,34.4906,2506.687,162.869,100.0,0.0,0,0,76.47,DEPLOY,750.0
1036,34.5239,2508.198,163.346,100.0,0.0,0,0,76.18,DEPLOY,750.0
1037,34.5573,2509.716,164.414,100.0,0.0,0,0,75.89,DEPLOY,750.0
1038,34.5906,2511.244,165.822,100.0,0.0,0,0,75.59,DEPLOY,750.0
1039,34.6239,2512.784,167.31,100.0,0.0,0,0,75.3,DEPLOY,750.0
1040,34.6572,2514.341,168.894,100.0,0.0,0,0,75.01,DEPLOY,750.0
1041,34.6906,2515.913,170.473,100.0,0.0,0,0,74.72,DEPLOY,750.0
1042,34.7239,2517.498,172.047,100.0,0.0,0,0,74.43,DEPLOY,750.0
1043,34.7572,2519.097,173.614,100.0,0.0,0,0,74.14,DEPLOY,750.0
1044,34.7905,2520.71,175.175,100.0,0.0,0,0,73.84,DEPLOY,750.0
1045,34.8239,2522.34,176.727,100.0,0.0,0,0,73.55,DEPLOY,750.0
1046,34.8572,2523.982,177.976,100.0,0.0,0,0,73.26,DEPLOY,750.0
1047,34.8905,2525.635,179.148,100.0,0.0,0,0,72.97,DEPLOY,750.0
1048,34.9238,2527.299,180.333,100.0,0.0,0,0,72.68,DEPLOY,750.0
1049,34.9571,2528.973,181.525,100.0,0.0,0,0,72.39,DEPLOY,750.0
1050,34.9905,2530.658,182.721,100.0,0.0,0,0,72.1,DEPLOY,750.0
1051,35.0238,2532.356,183.94,100.0,0.0,0,0,71.8,DEPLOY,750.0
1052,35.0571,2534.065,185.148,100.0,0.0,0,0,71.51,DEPLOY,750.0
1053,35.0904,2535.785,186.359,100.0,0.0,0,0,71.22,DEPLOY,750.0
1054,35.1238,2537.515,187.583,100.0,0.0,0,0,70.93,DEPLOY,750.0
1055,35.1571,2539.257,188.818,100.0,0.0,0,0,70.64,DEPLOY,750.0
1056,35.1904,2541.01,190.04,100.0,0.0,0,0,70.35,DEPLOY,750.0
1057,35.2237,2542.774,191.167,100.0,0.0,0,0,70.05,DEPLOY,750.0
1058,35.2571,2544.549,192.281,100.0,0.0,0,0,69.76,DEPLOY,750.0
1059,35.2904,2546.334,193.378,100.0,0.0,0,0,69.47,DEPLOY,750.0
1060,35.3237,2548.129,194.457,100.0,0.0,0,0,69.18,DEPLOY,750.0
1061,35.357,2549.935,195.513,100.0,0.0,0,0,68.89,DEPLOY,750.0
1062,35.3904,2551.749,196.542,100.0,0.0,0,0,68.6,DEPLOY,750.0
1063,35.4237,2553.573,197.541,100.0,0.0,0,0,68.31,DEPLOY,749.68
1064,35.457,2555.406,198.506,100.0,0.0,0,0,68.02,DEPLOY,747.44
1065,35.4903,2557.248,199.435,100.0,0.0,0,0,67.74,DEPLOY,742.66
1066,35.5237,2559.098,200.324,100.0,0.0,0,0,67.46,DEPLOY,737.92
1067,35.557,2560.956,201.168,100.0,0.0,0,0,67.18,DEPLOY,733.21
1068,35.5903,2562.821,201.967,100.0,0.0,0,0,66.91,DEPLOY,728.56
1069,35.6236,2564.694,202.716,100.0,0.0,0,0,66.64,DEPLOY,723.97
1070,35.657,2566.574,203.41,100.0,0.0,0,0,66.37,DEPLOY,719.46
1071,35.6903,2568.46,204.051,100.0,0.0,0,0,66.12,DEPLOY,715.05
1072,35.7236,2570.352,204.636,100.0,0.0,0,0,65.86,DEPLOY,710.75
1073,35.7569,2572.249,205.165,100.0,0.0,0,0,65.61,DEPLOY,706.58
1074,35.7903,2574.15,205.636,100.0,0.0,0,0,65.36,DEPLOY,702.43
1075,35.8236,2576.055,206.05,100.0,0.0,0,0,65.12,DEPLOY,698.54
1076,35.8569,2577.964,206.407,100.0,0.0,0,0,64.88,DEPLOY,694.92
1077,35.8902,2579.877,206.707,100.0,0.0,0,0,64.65,DEPLOY,691.02
1078,35.9236,2581.791,206.951,100.0,0.0,0,0,64.42,DEPLOY,686.93
1079,35.9569,2583.708,207.141,100.0,0.0,0,0,64.19,DEPLOY,170.85
1080,35.9902,2585.626,207.28,0.0,100.0,0,0,64.2,REGEN,-350.0
1081,36.0235,2587.545,207.369,0.0,100.0,0,0,64.48,REGEN,-350.0
1082,36.0568,2589.465,207.412,0.0,100.0,0,0,64.75,REGEN,-350.0
1083,36.0902,2591.385,207.412,0.0,100.0,0,0,65.03,REGEN,-350.0
1084,36.1235,2593.304,207.371,0.0,100.0,0,0,65.3,REGEN,-350.0
1085,36.1568,2595.224,207.294,0.0,100.0,0,0,65.58,REGEN,-350.0
1086,36.1901,2597.142,207.184,0.0,100.0,0,0,65.86,REGEN,-350.0
1087,36.2235,2599.059,207.045,0.0,100.0,0,0,66.14,REGEN,-350.0
1088,36.2568,2600.975,206.873,0.0,100.0,0,0,66.43,REGEN,-350.0
1089,36.2901,2602.888,206.451,0.0,100.0,0,0,66.72,REGEN,-350.0
1090,36.3234,2604.789,204.106,0.0,100.0,0,0,67.01,REGEN,-350.0
1091,36.3568,2606.669,202.13,0.0,100.0,0,0,67.3,REGEN,-350.0
1092,36.3901,2608.537,201.547,0.0,100.0,0,0,67.59,REGEN,-350.0
1093,36.4234,2610.396,200.149,0.0,100.0,0,0,67.89,REGEN,-350.0
1094,36.4567,2612.243,199.015,0.0,100.0,0,0,68.18,REGEN,-350.0
1095,36.4901,2614.082,198.372,0.0,100.0,0,0,68.47,REGEN,-350.0
1096,36.5234,2615.917,197.963,0.0,100.0,0,0,68.76,REGEN,-350.0
1097,36.5567,2617.749,197.805,0.0,100.0,0,0,69.05,REGEN,-350.0
1098,36.59,2619.58,197.802,100.0,100.0,0,0,69.34,REGEN,121.86
1099,36.6234,2621.41,197.613,100.0,0.0,0,0,69.42,DEPLOY,750.0
1100,36.6567,2623.237,197.232,100.0,0.0,0,0,69.13,DEPLOY,750.0
1101,36.69,2625.063,197.172,100.0,0.0,0,0,68.83,DEPLOY,750.0
1102,36.7233,2626.889,197.321,100.0,0.0,0,0,68.54,DEPLOY,750.0
1103,36.7567,2628.717,197.637,100.0,0.0,0,0,68.25,DEPLOY,750.0
1104,36.79,2630.548,198.095,100.0,0.0,0,0,67.96,DEPLOY,750.0
1105,36.8233,2632.385,198.654,100.0,0.0,0,0,67.67,DEPLOY,750.0
1106,36.8566,2634.227,199.294,100.0,0.0,0,0,67.38,DEPLOY,750.0
1107,36.89,2636.075,199.905,100.0,0.0,0,0,67.08,DEPLOY,749.72
1108,36.9233,2637.928,200.453,100.0,0.0,0,0,66.79,DEPLOY,748.38
1109,36.9566,2639.787,201.168,100.0,0.0,0,0,66.5,DEPLOY,745.83
1110,36.9899,2641.653,202.056,100.0,0.0,0,0,66.21,DEPLOY,742.66
1111,37.0233,2643.527,202.998,100.0,0.0,0,0,65.93,DEPLOY,739.29
1112,37.0566,2645.411,204.01,100.0,0.0,0,0,65.65,DEPLOY,735.68
1113,37.0899,2647.305,205.108,100.0,0.0,0,0,65.37,DEPLOY,731.76
1114,37.1232,2649.209,206.304,100.0,0.0,0,0,65.09,DEPLOY,727.49
1115,37.1565,2651.124,207.594,100.0,0.0,0,0,64.82,DEPLOY,722.88
1116,37.1899,2653.052,208.961,100.0,0.0,0,0,64.55,DEPLOY,717.99
1117,37.2232,2654.992,210.34,100.0,0.0,0,0,64.28,DEPLOY,713.07
1118,37.2565,2656.946,211.686,100.0,0.0,0,0,64.02,DEPLOY,708.26
1119,37.2898,2658.911,212.999,100.0,0.0,0,0,63.76,DEPLOY,703.57
1120,37.3232,2660.889,214.281,100.0,0.0,0,0,63.51,DEPLOY,698.99
1121,37.3565,2662.878,215.533,100.0,0.0,0,0,63.26,DEPLOY,694.52
1122,37.3898,2664.879,216.755,100.0,0.0,0,0,63.02,DEPLOY,690.16
1123,37.4231,2666.891,217.95,100.0,0.0,0,0,62.78,DEPLOY,685.89
1124,37.4565,2668.914,219.116,100.0,0.0,0,0,62.54,DEPLOY,681.73
1125,37.4898,2670.947,220.257,100.0,0.0,0,0,62.3,DEPLOY,677.65
1126,37.5231,2672.991,221.37,100.0,0.0,0,0,62.07,DEPLOY,673.68
1127,37.5564,2675.046,222.459,100.0,0.0,0,0,61.84,DEPLOY,669.79
1128,37.5898,2677.11,223.523,100.0,0.0,0,0,61.62,DEPLOY,665.98
1129,37.6231,2679.184,224.563,100.0,0.0,0,0,61.4,DEPLOY,662.27
1130,37.6564,2681.267,225.568,100.0,0.0,0,0,61.18,DEPLOY,658.68
1131,37.6897,2683.36,226.545,100.0,0.0,0,0,60.96,DEPLOY,655.2
1132,37.7231,2685.462,227.6,100.0,0.0,0,0,60.75,DEPLOY,651.43
1133,37.7564,2687.574,228.736,100.0,0.0,0,0,60.54,DEPLOY,647.37
1134,37.7897,2689.697,229.914,100.0,0.0,0,0,60.34,DEPLOY,643.16
1135,37.823,2691.831,231.096,100.0,0.0,0,0,60.13,DEPLOY,638.87
1136,37.8564,2693.975,232.225,100.0,0.0,0,0,59.93,DEPLOY,634.43
1137,37.8897,2696.13,233.309,100.0,0.0,0,0,59.74,DEPLOY,629.97
1138,37.923,2698.294,234.39,100.0,0.0,0,0,59.55,DEPLOY,625.58
1139,37.9563,2700.469,235.465,100.0,0.0,0,0,59.36,DEPLOY,621.27
1140,37.9897,2702.653,236.535,100.0,0.0,0,0,59.18,DEPLOY,617.04
1141,38.023,2704.847,237.599,100.0,0.0,0,0,59.0,DEPLOY,612.88
1142,38.0563,2707.052,238.656,100.0,0.0,0,0,58.82,DEPLOY,608.8
1143,38.0896,2709.266,239.705,100.0,0.0,0,0,58.65,DEPLOY,604.78
1144,38.123,2711.49,240.747,100.0,0.0,0,0,58.48,DEPLOY,600.84
1145,38.1563,2713.723,241.78,100.0,0.0,0,0,58.31,DEPLOY,596.96
1146,38.1896,2715.966,242.804,100.0,0.0,0,0,58.15,DEPLOY,593.14
1147,38.2229,2718.218,243.819,100.0,0.0,0,0,57.99,DEPLOY,589.39
1148,38.2563,2720.48,244.824,100.0,0.0,0,0,57.83,DEPLOY,585.69
1149,38.2896,2722.75,245.82,100.0,0.0,0,0,57.68,DEPLOY,582.06
1150,38.3229,2725.031,246.804,100.0,0.0,0,0,57.53,DEPLOY,578.49
1151,38.3562,2727.32,247.778,100.0,0.0,0,0,57.38,DEPLOY,574.98
1152,38.3895,2729.618,248.741,100.0,0.0,0,0,57.23,DEPLOY,571.52
1153,38.4229,2731.925,249.693,100.0,0.0,0,0,57.09,DEPLOY,568.11
1154,38.4562,2734.241,250.633,100.0,0.0,0,0,56.95,DEPLOY,564.76
1155,38.4895,2736.565,251.563,100.0,0.0,0,0,56.82,DEPLOY,561.46
1156,38.5228,2738.898,252.481,100.0,0.0,0,0,56.68,DEPLOY,558.21
1157,38.5562,2741.239,253.386,100.0,0.0,0,0,56.55,DEPLOY,555.01
1158,38.5895,2743.589,254.28,100.0,0.0,0,0,56.42,DEPLOY,551.86
1159,38.6228,2745.947,255.162,100.0,0.0,0,0,56.3,DEPLOY,548.76
1160,38.6561,2748.313,256.033,100.0,0.0,0,0,56.17,DEPLOY,545.7
1161,38.6895,2750.686,256.892,100.0,0.0,0,0,56.05,DEPLOY,542.69
1162,38.7228,2753.069,257.738,100.0,0.0,0,0,55.94,DEPLOY,539.73
1163,38.7561,2755.458,258.572,100.0,0.0,0,0,55.82,DEPLOY,536.81
1164,38.7894,2757.856,259.395,100.0,0.0,0,0,55.71,DEPLOY,533.93
1165,38.8228,2760.261,260.206,100.0,0.0,0,0,55.6,DEPLOY,531.1
1166,38.8561,2762.673,261.005,100.0,0.0,0,0,55.49,DEPLOY,528.3
1167,38.8894,2765.093,261.792,100.0,0.0,0,0,55.38,DEPLOY,525.55
1168,38.9227,2767.52,262.567,100.0,0.0,0,0,55.28,DEPLOY,522.84
1169,38.9561,2769.954,263.331,100.0,0.0,0,0,55.18,DEPLOY,520.17
1170,38.9894,2772.395,264.083,100.0,0.0,0,0,55.08,DEPLOY,517.53
1171,39.0227,2774.842,264.823,100.0,0.0,0,0,54.98,DEPLOY,514.93
1172,39.056,2777.297,265.55,100.0,0.0,0,0,54.88,DEPLOY,512.38
1173,39.0894,2779.759,266.264,100.0,0.0,0,0,54.79,DEPLOY,509.85
1174,39.1227,2782.227,266.967,100.0,0.0,0,0,54.7,DEPLOY,507.37
1175,39.156,2784.701,267.656,100.0,0.0,0,0,54.61,DEPLOY,504.91
1176,39.1893,2787.182,268.331,100.0,0.0,0,0,54.52,DEPLOY,502.5
1177,39.2227,2789.669,268.991,100.0,0.0,0,0,54.44,DEPLOY,500.14
1178,39.256,2792.162,269.637,100.0,0.0,0,0,54.36,DEPLOY,497.92
1179,39.2893,2794.661,270.267,100.0,0.0,0,0,54.27,DEPLOY,495.75
1180,39.3226,2797.165,270.879,100.0,0.0,0,0,54.19,DEPLOY,493.62
1181,39.356,2799.676,271.471,100.0,0.0,0,0,54.12,DEPLOY,491.52
1182,39.3893,2802.191,272.044,100.0,0.0,0,0,54.04,DEPLOY,489.44
1183,39.4226,2804.712,272.595,100.0,0.0,0,0,53.97,DEPLOY,487.39
1184,39.4559,2807.238,273.119,100.0,0.0,0,0,53.9,DEPLOY,485.37
1185,39.4892,2809.768,273.617,100.0,0.0,0,0,53.82,DEPLOY,483.38
1186,39.5226,2812.303,274.086,100.0,0.0,0,0,53.76,DEPLOY,481.41
1187,39.5559,2814.842,274.522,100.0,0.0,0,0,53.69,DEPLOY,479.48
1188,39.5892,2817.385,274.919,100.0,0.0,0,0,53.62,DEPLOY,477.56
1189,39.6225,2819.932,275.276,100.0,0.0,0,0,53.56,DEPLOY,475.68
1190,39.6559,2822.482,275.591,100.0,0.0,0,0,53.5,DEPLOY,473.82
1191,39.6892,2825.034,275.856,100.0,0.0,0,0,53.44,DEPLOY,471.99
1192,39.7225,2827.588,276.064,100.0,0.0,0,0,53.38,DEPLOY,470.18
1193,39.7558,2830.145,276.216,100.0,0.0,0,0,53.32,DEPLOY,468.4
1194,39.7892,2832.702,276.307,100.0,0.0,0,0,53.26,DEPLOY,466.64
1195,39.8225,2835.26,276.322,100.0,0.0,0,0,53.21,DEPLOY,464.91
1196,39.8558,2837.817,276.263,100.0,0.0,0,0,53.16,DEPLOY,463.2
1197,39.8891,2840.374,276.129,100.0,0.0,0,0,53.1,DEPLOY,461.52
1198,39.9225,2842.929,275.909,100.0,0.0,0,0,53.05,DEPLOY,459.87
1199,39.9558,2845.482,275.592,100.0,0.0,0,0,53.0,DEPLOY,458.24
1200,39.9891,2848.031,275.184,100.0,0.0,0,0,52.96,DEPLOY,456.63
1201,40.0224,2850.576,274.681,100.0,0.0,0,0,52.91,DEPLOY,455.05
1202,40.0558,2853.116,274.067,100.0,0.0,0,0,52.87,DEPLOY,453.5
1203,40.0891,2855.649,273.345,100.0,0.0,0,0,52.83,DEPLOY,451.97
1204,40.1224,2858.176,272.517,100.0,0.0,0,0,52.78,DEPLOY,450.46
1205,40.1557,2860.695,271.582,100.0,0.0,0,0,52.74,DEPLOY,448.98
1206,40.1891,2863.203,270.524,100.0,0.0,0,0,52.7,DEPLOY,447.53
1207,40.2224,2865.702,269.354,100.0,0.0,0,0,52.67,DEPLOY,446.11
1208,40.2557,2868.189,268.077,100.0,0.0,0,0,52.63,DEPLOY,444.7
1209,40.289,2870.665,266.692,100.0,0.0,0,0,52.6,DEPLOY,443.33
1210,40.3224,2873.126,265.191,0.0,100.0,0,0,52.61,REGEN,-350.0
1211,40.3557,2875.573,263.584,0.0,100.0,0,0,52.87,REGEN,-350.0
1212,40.389,2878.005,261.876,0.0,100.0,0,0,53.14,REGEN,-350.0
1213,40.4223,2880.422,260.074,0.0,100.0,0,0,53.41,REGEN,-350.0
1214,40.4557,2882.821,258.179,0.0,100.0,0,0,53.67,REGEN,-350.0
1215,40.489,2885.201,256.168,0.0,100.0,0,0,53.93,REGEN,-350.0
1216,40.5223,2887.562,254.035,0.0,100.0,0,0,54.2,REGEN,-350.0
1217,40.5556,2889.903,251.781,0.0,100.0,0,0,54.47,REGEN,-350.0
1218,40.5889,2892.223,249.408,0.0,100.0,0,0,54.74,REGEN,-350.0
1219,40.6223,2894.521,246.918,0.0,100.0,0,0,55.02,REGEN,-350.0
1220,40.6556,2896.795,244.317,0.0,100.0,0,0,55.3,REGEN,-350.0
1221,40.6889,2899.043,241.602,0.0,100.0,0,0,55.58,REGEN,-350.0
1222,40.7222,2901.266,238.79,0.0,100.0,0,0,55.87,REGEN,-350.0
1223,40.7556,2903.462,235.891,0.0,100.0,0,0,56.15,REGEN,-350.0
1224,40.7889,2905.63,232.46,0.0,100.0,0,0,56.44,REGEN,-350.0
1225,40.8222,2907.761,228.054,0.0,100.0,0,0,56.74,REGEN,-350.0
1226,40.8555,2909.851,223.485,0.0,100.0,0,0,57.03,REGEN,-350.0
1227,40.8889,2911.899,219.116,0.0,100.0,0,0,57.32,REGEN,-350.0
1228,40.9222,2913.908,214.935,0.0,100.0,0,0,57.61,REGEN,-350.0
1229,40.9555,2915.879,210.932,0.0,100.0,0,0,57.9,REGEN,-350.0
1230,40.9888,2917.814,207.098,0.0,100.0,0,0,58.19,REGEN,-350.0
1231,41.0222,2919.713,203.41,0.0,100.0,0,0,58.49,REGEN,-350.0
1232,41.0555,2921.58,199.86,0.0,100.0,0,0,58.78,REGEN,-350.0
1233,41.0888,2923.415,196.46,0.0,100.0,0,0,59.07,REGEN,-350.0
1234,41.1221,2925.219,193.203,0.0,100.0,0,0,59.36,REGEN,-350.0
1235,41.1555,2926.994,190.077,0.0,100.0,0,0,59.65,REGEN,-350.0
1236,41.1888,2928.741,187.083,0.0,100.0,0,0,59.94,REGEN,-350.0
1237,41.2221,2930.457,184.23,0.0,100.0,0,0,60.23,REGEN,-350.0
1238,41.2554,2932.149,181.498,0.0,100.0,0,0,60.53,REGEN,-350.0
1239,41.2888,2933.816,178.881,0.0,100.0,0,0,60.82,REGEN,-350.0
1240,41.3221,2935.461,176.374,0.0,100.0,0,0,61.11,REGEN,-350.0
1241,41.3554,2937.084,173.973,0.0,100.0,0,0,61.4,REGEN,-350.0
1242,41.3887,2938.685,171.682,0.0,100.0,0,0,61.69,REGEN,-350.0
1243,41.4221,2940.262,169.514,0.0,100.0,0,0,61.98,REGEN,-350.0
1244,41.4554,2941.82,167.44,0.0,100.0,0,0,62.28,REGEN,-350.0
1245,41.4887,2943.362,165.518,0.0,100.0,0,0,62.57,REGEN,-350.0
1246,41.522,2944.889,163.793,0.0,100.0,0,0,62.86,REGEN,-350.0
1247,41.5554,2946.396,162.277,0.0,100.0,0,0,63.15,REGEN,-350.0
1248,41.5887,2947.89,160.673,0.0,100.0,0,0,63.44,REGEN,-350.0
1249,41.622,2949.37,159.075,0.0,100.0,0,0,63.73,REGEN,-350.0
1250,41.6553,2950.838,157.54,0.0,100.0,0,0,64.03,REGEN,-350.0
1251,41.6886,2952.287,156.074,0.0,100.0,0,0,64.32,REGEN,-350.0
1252,41.722,2953.725,154.635,0.0,100.0,0,0,64.61,REGEN,-350.0
1253,41.7553,2955.151,153.217,0.0,100.0,0,0,64.9,REGEN,-350.0
1254,41.7886,2956.563,151.823,0.0,100.0,0,0,65.19,REGEN,-350.0
1255,41.8219,2957.961,150.463,0.0,100.0,0,0,65.48,REGEN,-350.0
1256,41.8553,2959.348,149.14,0.0,100.0,0,0,65.77,REGEN,-350.0
1257,41.8886,2960.724,147.866,0.0,100.0,0,0,66.07,REGEN,-350.0
1258,41.9219,2962.086,146.734,0.0,100.0,0,0,66.36,REGEN,-350.0
1259,41.9552,2963.44,145.722,0.0,100.0,0,0,66.65,REGEN,-3.71
1260,41.9886,2964.786,144.836,100.0,100.0,0,0,66.94,REGEN,736.07
1261,42.0219,2966.125,144.56,100.0,0.0,0,0,66.66,DEPLOY,750.0
1262,42.0552,2967.462,144.295,100.0,0.0,0,0,66.37,DEPLOY,750.0
1263,42.0885,2968.797,144.031,100.0,0.0,0,0,66.08,DEPLOY,750.0
1264,42.1219,2970.129,143.767,100.0,0.0,0,0,65.79,DEPLOY,750.0
1265,42.1552,2971.458,143.505,100.0,0.0,0,0,65.49,DEPLOY,750.0
1266,42.1885,2972.786,143.243,100.0,0.0,0,0,65.2,DEPLOY,750.0
1267,42.2218,2974.11,142.983,100.0,0.0,0,0,64.91,DEPLOY,750.0
1268,42.2552,2975.432,142.626,100.0,0.0,0,0,64.62,DEPLOY,750.0
1269,42.2885,2976.751,142.157,100.0,0.0,0,0,64.33,DEPLOY,750.0
1270,42.3218,2978.064,141.691,100.0,0.0,0,0,64.04,DEPLOY,750.0
1271,42.3551,2979.373,141.225,100.0,0.0,0,0,63.75,DEPLOY,750.0
1272,42.3885,2980.679,140.761,100.0,0.0,0,0,63.47,DEPLOY,750.0
1273,42.4218,2981.979,140.299,100.0,0.0,0,0,63.19,DEPLOY,750.0
1274,42.4551,2983.276,139.838,100.0,0.0,0,0,62.9,DEPLOY,500.64
1275,42.4884,2984.569,139.378,0.0,0.0,0,0,62.62,DEPLOY,-210.36
1276,42.5218,2985.856,138.921,0.0,100.0,0,0,62.79,REGEN,-350.0
1277,42.5551,2987.14,138.464,0.0,100.0,0,0,63.07,REGEN,-350.0
1278,42.5884,2988.42,138.01,0.0,100.0,0,0,63.35,REGEN,-350.0
1279,42.6217,2989.695,137.557,0.0,100.0,0,0,63.63,REGEN,-350.0
1280,42.6551,2990.967,137.105,0.0,100.0,0,0,63.91,REGEN,-350.0
1281,42.6884,2992.233,136.656,0.0,100.0,0,0,64.2,REGEN,-350.0
1282,42.7217,2993.496,136.207,0.0,100.0,0,0,64.49,REGEN,-350.0
1283,42.755,2994.756,135.759,0.0,100.0,0,0,64.77,REGEN,-350.0
1284,42.7883,2996.006,134.848,0.0,100.0,0,0,65.06,REGEN,-350.0
1285,42.8217,2997.25,133.878,0.0,100.0,0,0,65.36,REGEN,-118.93
1286,42.855,2998.485,132.851,100.0,100.0,0,0,65.65,REGEN,560.21
1287,42.8883,2999.713,132.405,100.0,0.0,0,0,65.52,DEPLOY,750.0
1288,42.9216,3000.939,132.183,100.0,0.0,0,0,65.23,DEPLOY,750.0
1289,42.955,3002.161,131.961,100.0,0.0,0,0,64.94,DEPLOY,750.0
1290,42.9883,3003.381,131.74,100.0,0.0,0,0,64.64,DEPLOY,750.0
1291,43.0216,3004.6,131.519,100.0,0.0,0,0,64.35,DEPLOY,750.0
1292,43.0549,3005.816,131.3,100.0,0.0,0,0,64.06,DEPLOY,750.0
1293,43.0883,3007.031,131.081,100.0,0.0,0,0,63.77,DEPLOY,750.0
1294,43.1216,3008.243,130.862,100.0,0.0,0,0,63.48,DEPLOY,750.0
1295,43.1549,3009.454,130.727,100.0,0.0,0,0,63.19,DEPLOY,750.0
1296,43.1882,3010.664,130.672,100.0,0.0,0,0,62.9,DEPLOY,750.0
1297,43.2216,3011.873,130.616,100.0,0.0,0,0,62.61,DEPLOY,750.0
1298,43.2549,3013.082,130.561,100.0,0.0,0,0,62.32,DEPLOY,750.0
1299,43.2882,3014.29,130.505,100.0,0.0,0,0,62.03,DEPLOY,750.0
1300,43.3215,3015.498,130.449,100.0,0.0,0,0,61.74,DEPLOY,750.0
1301,43.3549,3016.705,130.394,100.0,0.0,0,0,61.46,DEPLOY,750.0
1302,43.3882,3017.912,130.339,100.0,0.0,0,0,61.17,DEPLOY,750.0
1303,43.4215,3019.118,130.283,100.0,0.0,0,0,60.89,DEPLOY,750.0
1304,43.4548,3020.324,130.228,100.0,0.0,0,0,60.61,DEPLOY,750.0
1305,43.4882,3021.529,130.172,100.0,0.0,0,0,60.33,DEPLOY,750.0
1306,43.5215,3022.734,130.117,100.0,0.0,0,0,60.05,DEPLOY,750.0
1307,43.5548,3023.938,130.061,100.0,0.0,0,0,59.78,DEPLOY,750.0
1308,43.5881,3025.142,130.006,100.0,0.0,0,0,59.5,DEPLOY,750.0
1309,43.6215,3026.345,129.951,100.0,0.0,0,0,59.22,DEPLOY,750.0
1310,43.6548,3027.548,129.896,100.0,0.0,0,0,58.95,DEPLOY,365.93
1311,43.6881,3028.75,129.84,0.0,0.0,0,0,58.68,DEPLOY,-294.86
1312,43.7214,3029.951,129.785,0.0,100.0,0,0,58.9,REGEN,-350.0
1313,43.7548,3031.153,129.73,0.0,100.0,0,0,59.18,REGEN,-350.0
1314,43.7881,3032.353,129.675,0.0,100.0,0,0,59.45,REGEN,-350.0
1315,43.8214,3033.553,129.619,0.0,100.0,0,0,59.73,REGEN,-350.0
1316,43.8547,3034.753,129.564,0.0,100.0,0,0,60.0,REGEN,-350.0
1317,43.888,3035.952,129.509,0.0,100.0,0,0,60.29,REGEN,-350.0
1318,43.9214,3037.151,129.454,0.0,100.0,0,0,60.57,REGEN,-350.0
1319,43.9547,3038.349,129.399,0.0,100.0,0,0,60.85,REGEN,-350.0
1320,43.988,3039.546,129.344,100.0,100.0,0,0,61.14,REGEN,29.75
1321,44.0213,3040.743,129.289,100.0,100.0,0,0,61.43,REGEN,687.6
1322,44.0547,3041.94,129.234,100.0,0.0,0,0,61.19,DEPLOY,750.0
1323,44.088,3043.136,129.179,100.0,0.0,0,0,60.9,DEPLOY,750.0
1324,44.1213,3044.331,129.124,100.0,0.0,0,0,60.61,DEPLOY,750.0
1325,44.1546,3045.526,129.069,100.0,0.0,0,0,60.32,DEPLOY,750.0
1326,44.188,3046.721,129.014,100.0,0.0,0,0,60.03,DEPLOY,750.0
1327,44.2213,3047.915,128.959,100.0,0.0,0,0,59.74,DEPLOY,750.0
1328,44.2546,3049.108,128.904,100.0,0.0,0,0,59.45,DEPLOY,750.0
1329,44.2879,3050.301,128.85,100.0,0.0,0,0,59.16,DEPLOY,750.0
1330,44.3213,3051.495,128.95,100.0,0.0,0,0,58.87,DEPLOY,750.0
1331,44.3546,3052.689,129.188,100.0,0.0,0,0,58.58,DEPLOY,750.0
1332,44.3879,3053.888,129.559,100.0,0.0,0,0,58.29,DEPLOY,750.0
1333,44.4212,3055.088,129.975,100.0,0.0,0,0,57.99,DEPLOY,750.0
1334,44.4546,3056.294,130.49,100.0,0.0,0,0,57.7,DEPLOY,750.0
1335,44.4879,3057.505,131.056,100.0,0.0,0,0,57.41,DEPLOY,750.0
1336,44.5212,3058.72,131.667,100.0,0.0,0,0,57.12,DEPLOY,750.0
1337,44.5545,3059.944,132.341,100.0,0.0,0,0,56.83,DEPLOY,750.0
1338,44.5879,3061.171,133.037,100.0,0.0,0,0,56.54,DEPLOY,750.0
1339,44.6212,3062.406,133.769,100.0,0.0,0,0,56.24,DEPLOY,750.0
1340,44.6545,3063.648,134.524,100.0,0.0,0,0,55.95,DEPLOY,750.0
1341,44.6878,3064.895,135.292,100.0,0.0,0,0,55.66,DEPLOY,750.0
1342,44.7212,3066.153,136.091,100.0,0.0,0,0,55.37,DEPLOY,750.0
1343,44.7545,3067.417,136.904,100.0,0.0,0,0,55.08,DEPLOY,750.0
1344,44.7878,3068.687,137.734,100.0,0.0,0,0,54.79,DEPLOY,750.0
1345,44.8211,3069.967,138.587,100.0,0.0,0,0,54.49,DEPLOY,750.0
1346,44.8545,3071.253,139.455,100.0,0.0,0,0,54.2,DEPLOY,750.0
1347,44.8878,3072.548,140.346,100.0,0.0,0,0,53.91,DEPLOY,750.0
1348,44.9211,3073.852,141.274,100.0,0.0,0,0,53.62,DEPLOY,750.0
1349,44.9544,3075.163,142.229,100.0,0.0,0,0,53.33,DEPLOY,750.0
1350,44.9878,3076.485,143.235,100.0,0.0,0,0,53.04,DEPLOY,750.0
1351,45.0211,3077.817,144.286,100.0,0.0,0,0,52.74,DEPLOY,750.0
1352,45.0544,3079.156,145.369,100.0,0.0,0,0,52.45,DEPLOY,750.0
1353,45.0877,3080.507,146.498,100.0,0.0,0,0,52.16,DEPLOY,750.0
1354,45.121,3081.87,147.658,100.0,0.0,0,0,51.87,DEPLOY,750.0
1355,45.1544,3083.241,148.837,100.0,0.0,0,0,51.58,DEPLOY,750.0
1356,45.1877,3084.624,150.038,100.0,0.0,0,0,51.29,DEPLOY,750.0
1357,45.221,3086.02,151.245,100.0,0.0,0,0,51.0,DEPLOY,750.0
1358,45.2543,3087.424,152.409,100.0,0.0,0,0,50.7,DEPLOY,750.0
1359,45.2877,3088.838,153.502,100.0,0.0,0,0,50.41,DEPLOY,750.0
1360,45.321,3090.268,154.79,100.0,0.0,0,0,50.12,DEPLOY,750.0
1361,45.3543,3091.707,156.102,100.0,0.0,0,0,49.83,DEPLOY,750.0
1362,45.3876,3093.156,157.432,100.0,0.0,0,0,49.54,DEPLOY,750.0
1363,45.421,3094.62,158.789,100.0,0.0,0,0,49.25,DEPLOY,750.0
1364,45.4543,3096.098,160.172,100.0,0.0,0,0,48.95,DEPLOY,750.0
1365,45.4876,3097.587,161.575,100.0,0.0,0,0,48.66,DEPLOY,750.0
1366,45.5209,3099.087,162.998,100.0,0.0,0,0,48.37,DEPLOY,750.0
1367,45.5543,3100.603,164.445,100.0,0.0,0,0,48.08,DEPLOY,750.0
1368,45.5876,3102.134,165.914,100.0,0.0,0,0,47.79,DEPLOY,750.0
1369,45.6209,3103.676,167.402,100.0,0.0,0,0,47.5,DEPLOY,750.0
1370,45.6542,3105.232,168.909,100.0,0.0,0,0,47.2,DEPLOY,750.0
1371,45.6876,3106.801,170.437,100.0,0.0,0,0,46.91,DEPLOY,750.0
1372,45.7209,3108.388,171.993,100.0,0.0,0,0,46.62,DEPLOY,750.0
1373,45.7542,3109.988,173.555,100.0,0.0,0,0,46.33,DEPLOY,750.0
1374,45.7875,3111.601,175.116,100.0,0.0,0,0,46.04,DEPLOY,750.0
1375,45.8209,3113.228,176.649,100.0,0.0,0,0,45.75,DEPLOY,750.0
1376,45.8542,3114.869,178.097,100.0,0.0,0,0,45.46,DEPLOY,750.0
1377,45.8875,3116.525,179.485,100.0,0.0,0,0,45.16,DEPLOY,750.0
1378,45.9208,3118.194,180.871,100.0,0.0,0,0,44.87,DEPLOY,750.0
1379,45.9542,3119.875,182.256,100.0,0.0,0,0,44.58,DEPLOY,750.0
1380,45.9875,3121.568,183.639,100.0,0.0,0,0,44.29,DEPLOY,750.0
1381,46.0208,3123.273,185.018,100.0,0.0,0,0,44.0,DEPLOY,750.0
1382,46.0541,3124.992,186.394,100.0,0.0,0,0,43.71,DEPLOY,750.0
1383,46.0875,3126.724,187.763,100.0,0.0,0,0,43.42,DEPLOY,750.0
1384,46.1208,3128.469,189.126,100.0,0.0,0,0,43.13,DEPLOY,750.0
1385,46.1541,3130.226,190.482,100.0,0.0,0,0,42.84,DEPLOY,750.0
1386,46.1874,3131.996,191.83,100.0,0.0,0,0,42.55,DEPLOY,750.0
1387,46.2207,3133.778,193.169,100.0,0.0,0,0,42.26,DEPLOY,750.0
1388,46.2541,3135.572,194.499,100.0,0.0,0,0,41.97,DEPLOY,750.0
1389,46.2874,3137.378,195.821,100.0,0.0,0,0,41.68,DEPLOY,750.0
1390,46.3207,3139.196,197.131,100.0,0.0,0,0,41.39,DEPLOY,750.0
1391,46.354,3141.026,198.428,100.0,0.0,0,0,41.1,DEPLOY,749.93
1392,46.3874,3142.869,199.711,100.0,0.0,0,0,40.81,DEPLOY,748.97
1393,46.4207,3144.724,200.975,100.0,0.0,0,0,40.52,DEPLOY,744.61
1394,46.454,3146.59,202.219,100.0,0.0,0,0,40.23,DEPLOY,740.11
1395,46.4873,3148.468,203.442,100.0,0.0,0,0,39.95,DEPLOY,735.53
1396,46.5207,3150.357,204.64,100.0,0.0,0,0,39.67,DEPLOY,730.86
1397,46.554,3152.257,205.81,100.0,0.0,0,0,39.4,DEPLOY,726.11
1398,46.5873,3154.167,206.95,100.0,0.0,0,0,39.13,DEPLOY,721.31
1399,46.6206,3156.088,208.056,100.0,0.0,0,0,38.86,DEPLOY,716.45
1400,46.654,3158.019,209.124,100.0,0.0,0,0,38.6,DEPLOY,711.57
1401,46.6873,3159.96,210.151,100.0,0.0,0,0,38.34,DEPLOY,706.66
1402,46.7206,3161.909,211.133,100.0,0.0,0,0,38.09,DEPLOY,701.76
1403,46.7539,3163.868,212.066,100.0,0.0,0,0,37.84,DEPLOY,696.86
1404,46.7873,3165.835,212.946,100.0,0.0,0,0,37.6,DEPLOY,691.98
1405,46.8206,3167.81,213.769,100.0,0.0,0,0,37.36,DEPLOY,687.13
1406,46.8539,3169.792,214.531,100.0,0.0,0,0,37.12,DEPLOY,682.33
1407,46.8872,3171.782,215.228,100.0,0.0,0,0,36.89,DEPLOY,677.58
1408,46.9206,3173.777,215.856,100.0,0.0,0,0,36.67,DEPLOY,672.91
1409,46.9539,3175.777,216.412,100.0,0.0,0,0,36.45,DEPLOY,668.34
1410,46.9872,3177.783,216.892,100.0,0.0,0,0,36.23,DEPLOY,663.9
1411,47.0205,3179.793,217.294,100.0,0.0,0,0,36.02,DEPLOY,659.61
1412,47.0539,3181.805,217.616,100.0,0.0,0,0,35.81,DEPLOY,655.5
1413,47.0872,3183.821,217.854,100.0,0.0,0,0,35.61,DEPLOY,651.48
1414,47.1205,3185.838,218.006,100.0,0.0,0,0,35.4,DEPLOY,647.66
1415,47.1538,3187.857,218.073,100.0,0.0,0,0,35.21,DEPLOY,644.23
1416,47.1872,3189.875,218.053,100.0,0.0,0,0,35.02,DEPLOY,641.07
1417,47.2205,3191.893,217.946,100.0,0.0,0,0,34.83,DEPLOY,638.07
1418,47.2538,3193.91,217.752,100.0,0.0,0,0,34.64,DEPLOY,635.15
1419,47.2871,3195.924,217.472,100.0,0.0,0,0,34.46,DEPLOY,130.09
1420,47.3204,3197.935,217.109,0.0,100.0,0,0,34.51,REGEN,-350.0
1421,47.3538,3199.943,216.663,0.0,100.0,0,0,34.78,REGEN,-350.0
1422,47.3871,3201.946,216.136,0.0,100.0,0,0,35.05,REGEN,-350.0
1423,47.4204,3203.944,215.531,0.0,100.0,0,0,35.32,REGEN,-350.0
1424,47.4537,3205.936,214.851,0.0,100.0,0,0,35.59,REGEN,-350.0
1425,47.4871,3207.921,214.095,0.0,100.0,0,0,35.86,REGEN,-350.0
1426,47.5204,3209.899,213.259,0.0,100.0,0,0,36.13,REGEN,-350.0
1427,47.5537,3211.869,212.347,0.0,100.0,0,0,36.41,REGEN,-350.0
1428,47.587,3213.83,211.36,0.0,100.0,0,0,36.69,REGEN,-350.0
1429,47.6204,3215.782,210.304,0.0,100.0,0,0,36.97,REGEN,-350.0
1430,47.6537,3217.724,209.183,0.0,100.0,0,0,37.25,REGEN,-350.0
1431,47.687,3219.654,208.003,0.0,100.0,0,0,37.54,REGEN,-350.0
1432,47.7203,3221.574,206.772,0.0,100.0,0,0,37.83,REGEN,-350.0
1433,47.7537,3223.481,205.181,0.0,100.0,0,0,38.12,REGEN,-350.0
1434,47.787,3225.37,202.827,0.0,100.0,0,0,38.41,REGEN,-350.0
1435,47.8203,3227.236,200.44,0.0,100.0,0,0,38.7,REGEN,-350.0
1436,47.8536,3229.082,198.181,0.0,100.0,0,0,38.99,REGEN,-350.0
1437,47.887,3230.908,196.046,0.0,100.0,0,0,39.28,REGEN,-350.0
1438,47.9203,3232.715,194.575,0.0,100.0,0,0,39.58,REGEN,-350.0
1439,47.9536,3234.507,192.813,0.0,100.0,0,0,39.87,REGEN,-350.0
1440,47.9869,3236.283,191.04,0.0,100.0,0,0,40.16,REGEN,-350.0
1441,48.0203,3238.043,189.333,0.0,100.0,0,0,40.45,REGEN,-350.0
1442,48.0536,3239.788,187.7,0.0,100.0,0,0,40.74,REGEN,-350.0
1443,48.0869,3241.519,186.141,0.0,100.0,0,0,41.03,REGEN,-350.0
1444,48.1202,3243.236,184.66,0.0,100.0,0,0,41.33,REGEN,-350.0
1445,48.1536,3244.94,183.261,0.0,100.0,0,0,41.62,REGEN,-350.0
1446,48.1869,3246.629,181.958,0.0,100.0,0,0,41.91,REGEN,-350.0
1447,48.2202,3248.307,180.72,0.0,100.0,0,0,42.2,REGEN,-350.0
1448,48.2535,3249.974,179.527,0.0,100.0,0,0,42.49,REGEN,-350.0
1449,48.2869,3251.631,178.371,0.0,100.0,0,0,42.78,REGEN,-350.0
1450,48.3202,3253.277,177.253,0.0,100.0,0,0,43.08,REGEN,-350.0
1451,48.3535,3254.914,176.184,0.0,100.0,0,0,43.37,REGEN,-350.0
1452,48.3868,3256.54,175.236,0.0,100.0,0,0,43.66,REGEN,-350.0
1453,48.4201,3258.158,174.492,100.0,100.0,0,0,43.95,REGEN,328.67
1454,48.4535,3259.771,173.969,100.0,0.0,0,0,43.94,DEPLOY,750.0
1455,48.4868,3261.38,173.586,100.0,0.0,0,0,43.64,DEPLOY,750.0
1456,48.5201,3262.985,173.203,100.0,0.0,0,0,43.35,DEPLOY,750.0
1457,48.5534,3264.587,172.822,100.0,0.0,0,0,43.06,DEPLOY,750.0
1458,48.5868,3266.184,172.443,100.0,0.0,0,0,42.77,DEPLOY,750.0
1459,48.6201,3267.78,172.284,100.0,0.0,0,0,42.48,DEPLOY,750.0
1460,48.6534,3269.376,172.428,100.0,0.0,0,0,42.19,DEPLOY,750.0
1461,48.6867,3270.973,172.866,100.0,0.0,0,0,41.89,DEPLOY,750.0
1462,48.7201,3272.577,173.539,100.0,0.0,0,0,41.6,DEPLOY,750.0
1463,48.7534,3274.188,174.345,100.0,0.0,0,0,41.31,DEPLOY,750.0
1464,48.7867,3275.805,175.105,100.0,0.0,0,0,41.02,DEPLOY,750.0
1465,48.82,3277.429,175.839,100.0,0.0,0,0,40.73,DEPLOY,750.0
1466,48.8534,3279.06,176.718,100.0,0.0,0,0,40.44,DEPLOY,750.0
1467,48.8867,3280.703,178.012,100.0,0.0,0,0,40.14,DEPLOY,750.0
1468,48.92,3282.358,179.401,100.0,0.0,0,0,39.85,DEPLOY,750.0
1469,48.9533,3284.026,180.872,100.0,0.0,0,0,39.56,DEPLOY,750.0
1470,48.9867,3285.707,182.385,100.0,0.0,0,0,39.27,DEPLOY,750.0
1471,49.02,3287.402,183.906,100.0,0.0,0,0,38.98,DEPLOY,750.0
1472,49.0533,3289.11,185.419,100.0,0.0,0,0,38.69,DEPLOY,750.0
1473,49.0866,3290.833,186.926,100.0,0.0,0,0,38.4,DEPLOY,750.0
1474,49.12,3292.571,188.424,100.0,0.0,0,0,38.1,DEPLOY,750.0
1475,49.1533,3294.323,189.902,100.0,0.0,0,0,37.81,DEPLOY,750.0
1476,49.1866,3296.086,191.143,100.0,0.0,0,0,37.52,DEPLOY,750.0
1477,49.2199,3297.861,192.278,100.0,0.0,0,0,37.23,DEPLOY,750.0
1478,49.2533,3299.646,193.459,100.0,0.0,0,0,36.94,DEPLOY,750.0
1479,49.2866,3301.442,194.686,100.0,0.0,0,0,36.65,DEPLOY,750.0
1480,49.3199,3303.25,195.934,100.0,0.0,0,0,36.35,DEPLOY,750.0
1481,49.3532,3305.069,197.187,100.0,0.0,0,0,36.06,DEPLOY,750.0
1482,49.3866,3306.9,198.461,100.0,0.0,0,0,35.77,DEPLOY,750.0
1483,49.4199,3308.743,199.752,100.0,0.0,0,0,35.48,DEPLOY,750.0
1484,49.4532,3310.599,201.053,100.0,0.0,0,0,35.19,DEPLOY,746.17
1485,49.4865,3312.466,202.361,100.0,0.0,0,0,34.9,DEPLOY,741.57
1486,49.5198,3314.346,203.673,100.0,0.0,0,0,34.61,DEPLOY,736.88
1487,49.5532,3316.237,204.986,100.0,0.0,0,0,34.33,DEPLOY,732.19
1488,49.5865,3318.141,206.296,100.0,0.0,0,0,34.06,DEPLOY,727.51
1489,49.6198,3320.057,207.604,100.0,0.0,0,0,33.78,DEPLOY,722.84
1490,49.6531,3321.984,208.907,100.0,0.0,0,0,33.52,DEPLOY,718.19
1491,49.6865,3323.924,210.204,100.0,0.0,0,0,33.25,DEPLOY,713.56
1492,49.7198,3325.876,211.498,100.0,0.0,0,0,32.99,DEPLOY,708.94
1493,49.7531,3327.84,212.791,100.0,0.0,0,0,32.73,DEPLOY,704.32
1494,49.7864,3329.815,214.091,100.0,0.0,0,0,32.48,DEPLOY,699.67
1495,49.8198,3331.803,215.404,100.0,0.0,0,0,32.23,DEPLOY,694.99
1496,49.8531,3333.803,216.731,100.0,0.0,0,0,31.98,DEPLOY,690.23
1497,49.8864,3335.816,218.04,100.0,0.0,0,0,31.74,DEPLOY,685.41
1498,49.9197,3337.84,219.31,100.0,0.0,0,0,31.5,DEPLOY,680.52
1499,49.9531,3339.876,220.575,100.0,0.0,0,0,31.27,DEPLOY,675.58
1500,49.9864,3341.923,221.835,100.0,0.0,0,0,31.04,DEPLOY,670.61
1501,50.0197,3343.983,223.089,100.0,0.0,0,0,30.82,DEPLOY,665.62
1502,50.053,3346.053,224.336,100.0,0.0,0,0,30.59,DEPLOY,660.62
1503,50.0864,3348.136,225.575,100.0,0.0,0,0,30.38,DEPLOY,655.69
1504,50.1197,3350.229,226.806,100.0,0.0,0,0,30.17,DEPLOY,650.85
1505,50.153,3352.335,228.028,100.0,0.0,0,0,29.96,DEPLOY,646.1
1506,50.1863,3354.451,229.241,100.0,0.0,0,0,29.75,DEPLOY,641.44
1507,50.2197,3356.578,230.444,100.0,0.0,0,0,29.55,DEPLOY,636.87
1508,50.253,3358.717,231.636,100.0,0.0,0,0,29.36,DEPLOY,632.37
1509,50.2863,3360.866,232.818,100.0,0.0,0,0,29.17,DEPLOY,627.96
1510,50.3196,3363.027,233.988,100.0,0.0,0,0,28.98,DEPLOY,623.62
1511,50.353,3365.198,235.146,100.0,0.0,0,0,28.79,DEPLOY,619.37
1512,50.3863,3367.38,236.291,100.0,0.0,0,0,28.61,DEPLOY,615.18
1513,50.4196,3369.573,237.425,100.0,0.0,0,0,28.43,DEPLOY,611.07
1514,50.4529,3371.776,238.545,100.0,0.0,0,0,28.26,DEPLOY,607.03
1515,50.4863,3373.99,239.652,100.0,0.0,0,0,28.09,DEPLOY,603.05
1516,50.5196,3376.213,240.747,100.0,0.0,0,0,27.92,DEPLOY,599.14
1517,50.5529,3378.446,241.827,100.0,0.0,0,0,27.75,DEPLOY,595.29
1518,50.5862,3380.689,242.894,100.0,0.0,0,0,27.59,DEPLOY,591.51
1519,50.6196,3382.942,243.948,100.0,0.0,0,0,27.43,DEPLOY,587.79
1520,50.6529,3385.206,244.986,100.0,0.0,0,0,27.28,DEPLOY,584.13
1521,50.6862,3387.478,246.01,100.0,0.0,0,0,27.13,DEPLOY,580.53
1522,50.7195,3389.761,247.021,100.0,0.0,0,0,26.98,DEPLOY,576.98
1523,50.7528,3392.052,248.017,100.0,0.0,0,0,26.83,DEPLOY,573.49
1524,50.7862,3394.352,248.999,100.0,0.0,0,0,26.69,DEPLOY,570.06
1525,50.8195,3396.661,249.968,100.0,0.0,0,0,26.55,DEPLOY,566.68
1526,50.8528,3398.979,250.923,100.0,0.0,0,0,26.41,DEPLOY,563.35
1527,50.8861,3401.307,251.862,100.0,0.0,0,0,26.27,DEPLOY,560.07
1528,50.9195,3403.643,252.789,100.0,0.0,0,0,26.14,DEPLOY,556.85
1529,50.9528,3405.987,253.701,100.0,0.0,0,0,26.01,DEPLOY,553.67
1530,50.9861,3408.339,254.601,100.0,0.0,0,0,25.88,DEPLOY,550.54
1531,51.0194,3410.7,255.488,100.0,0.0,0,0,25.76,DEPLOY,547.46
1532,51.0528,3413.069,256.361,100.0,0.0,0,0,25.64,DEPLOY,544.42
1533,51.0861,3415.446,257.22,100.0,0.0,0,0,25.52,DEPLOY,541.43
1534,51.1194,3417.831,258.067,100.0,0.0,0,0,25.4,DEPLOY,538.49
1535,51.1527,3420.224,258.902,100.0,0.0,0,0,25.29,DEPLOY,535.59
1536,51.1861,3422.624,259.725,100.0,0.0,0,0,25.17,DEPLOY,532.73
1537,51.2194,3425.032,260.536,100.0,0.0,0,0,25.06,DEPLOY,529.91
1538,51.2527,3427.448,261.334,100.0,0.0,0,0,24.96,DEPLOY,527.13
1539,51.286,3429.871,262.12,100.0,0.0,0,0,24.85,DEPLOY,524.4
1540,51.3194,3432.3,262.895,100.0,0.0,0,0,24.75,DEPLOY,521.7
1541,51.3527,3434.737,263.659,100.0,0.0,0,0,24.65,DEPLOY,519.04
1542,51.386,3437.181,264.412,100.0,0.0,0,0,24.55,DEPLOY,516.43
1543,51.4193,3439.633,265.153,100.0,0.0,0,0,24.45,DEPLOY,513.85
1544,51.4527,3442.091,265.884,100.0,0.0,0,0,24.36,DEPLOY,511.3
1545,51.486,3444.555,266.605,100.0,0.0,0,0,24.27,DEPLOY,508.8
1546,51.5193,3447.026,267.316,100.0,0.0,0,0,24.17,DEPLOY,506.32
1547,51.5526,3449.504,268.016,100.0,0.0,0,0,24.09,DEPLOY,503.89
1548,51.586,3451.988,268.706,100.0,0.0,0,0,24.0,DEPLOY,501.48
1549,51.6193,3454.479,269.387,100.0,0.0,0,0,23.92,DEPLOY,499.18
1550,51.6526,3456.975,270.058,100.0,0.0,0,0,23.83,DEPLOY,496.99
1551,51.6859,3459.478,270.719,100.0,0.0,0,0,23.75,DEPLOY,494.84
1552,51.7193,3461.987,271.372,100.0,0.0,0,0,23.68,DEPLOY,492.72
1553,51.7526,3464.502,272.015,100.0,0.0,0,0,23.6,DEPLOY,490.62
1554,51.7859,3467.023,272.65,100.0,0.0,0,0,23.52,DEPLOY,488.56
1555,51.8192,3469.55,273.275,100.0,0.0,0,0,23.45,DEPLOY,486.52
1556,51.8525,3472.082,273.893,100.0,0.0,0,0,23.38,DEPLOY,484.51
1557,51.8859,3474.62,274.502,100.0,0.0,0,0,23.31,DEPLOY,482.52
1558,51.9192,3477.164,275.102,100.0,0.0,0,0,23.24,DEPLOY,480.56
1559,51.9525,3479.714,275.695,100.0,0.0,0,0,23.17,DEPLOY,478.63
1560,51.9858,3482.268,276.279,100.0,0.0,0,0,23.11,DEPLOY,476.72
1561,52.0192,3484.828,276.856,100.0,0.0,0,0,23.04,DEPLOY,474.84
1562,52.0525,3487.394,277.425,100.0,0.0,0,0,22.98,DEPLOY,472.98
1563,52.0858,3489.965,277.986,100.0,0.0,0,0,22.92,DEPLOY,471.15
1564,52.1191,3492.54,278.54,100.0,0.0,0,0,22.86,DEPLOY,469.34
1565,52.1525,3495.121,279.087,100.0,0.0,0,0,22.81,DEPLOY,467.55
1566,52.1858,3497.707,279.626,100.0,0.0,0,0,22.75,DEPLOY,465.79
1567,52.2191,3500.298,280.159,100.0,0.0,0,0,22.7,DEPLOY,464.05
1568,52.2524,3502.894,280.685,100.0,0.0,0,0,22.64,DEPLOY,462.33
1569,52.2858,3505.494,281.203,100.0,0.0,0,0,22.59,DEPLOY,460.63
1570,52.3191,3508.1,281.715,100.0,0.0,0,0,22.54,DEPLOY,458.96
1571,52.3524,3510.71,282.22,100.0,0.0,0,0,22.49,DEPLOY,457.3
1572,52.3857,3513.325,282.719,100.0,0.0,0,0,22.44,DEPLOY,455.67
1573,52.4191,3515.944,283.211,100.0,0.0,0,0,22.4,DEPLOY,454.06
1574,52.4524,3518.568,283.698,100.0,0.0,0,0,22.35,DEPLOY,452.47
1575,52.4857,3521.196,284.177,100.0,0.0,0,0,22.31,DEPLOY,450.9
1576,52.519,3523.829,284.651,100.0,0.0,0,0,22.27,DEPLOY,449.35
1577,52.5524,3526.466,285.119,100.0,0.0,0,0,22.23,DEPLOY,447.81
1578,52.5857,3529.107,285.581,100.0,0.0,0,0,22.19,DEPLOY,446.3
1579,52.619,3531.753,286.036,100.0,0.0,0,0,22.15,DEPLOY,444.81
1580,52.6523,3534.403,286.486,100.0,0.0,0,0,22.11,DEPLOY,443.33
1581,52.6857,3537.057,286.931,100.0,0.0,0,0,22.08,DEPLOY,441.88
1582,52.719,3539.715,287.37,100.0,0.0,0,0,22.04,DEPLOY,440.44
1583,52.7523,3542.377,287.803,100.0,0.0,0,0,22.01,DEPLOY,439.02
1584,52.7856,3545.043,288.231,100.0,0.0,0,0,21.98,DEPLOY,437.62
1585,52.819,3547.713,288.653,100.0,0.0,0,0,21.94,DEPLOY,436.23
1586,52.8523,3550.387,289.071,100.0,0.0,0,0,21.91,DEPLOY,434.86
1587,52.8856,3553.065,289.483,100.0,0.0,0,0,21.89,DEPLOY,433.51
1588,52.9189,3555.747,289.89,100.0,0.0,0,0,21.86,DEPLOY,432.18
1589,52.9522,3558.432,290.292,100.0,0.0,0,0,21.83,DEPLOY,430.86
1590,52.9856,3561.121,290.689,100.0,0.0,0,0,21.81,DEPLOY,429.56
1591,53.0189,3563.814,291.081,100.0,0.0,0,0,21.78,DEPLOY,428.27
1592,53.0522,3566.51,291.469,100.0,0.0,0,0,21.76,DEPLOY,427.0
1593,53.0855,3569.209,291.851,100.0,0.0,0,0,21.74,DEPLOY,425.75
1594,53.1189,3571.913,292.229,100.0,0.0,0,0,21.71,DEPLOY,424.51
1595,53.1522,3574.62,292.603,100.0,0.0,0,0,21.69,DEPLOY,423.28
1596,53.1855,3577.33,292.972,100.0,0.0,0,0,21.67,DEPLOY,422.08
1597,53.2188,3580.044,293.336,100.0,0.0,0,0,21.66,DEPLOY,420.88
1598,53.2522,3582.761,293.696,100.0,0.0,0,0,21.64,DEPLOY,419.7
1599,53.2855,3585.481,294.052,100.0,0.0,0,0,21.62,DEPLOY,418.54
1600,53.3188,3588.205,294.403,100.0,0.0,0,0,21.61,DEPLOY,417.38
1601,53.3521,3590.931,294.751,100.0,0.0,0,0,21.59,DEPLOY,416.25
1602,53.3855,3593.661,295.094,100.0,0.0,0,0,21.58,DEPLOY,415.12
1603,53.4188,3596.395,295.433,100.0,0.0,0,0,21.57,DEPLOY,414.01
1604,53.4521,3599.131,295.769,100.0,0.0,0,0,21.56,DEPLOY,412.92
1605,53.4854,3601.87,296.1,100.0,0.0,0,0,21.54,DEPLOY,411.83
1606,53.5188,3604.613,296.428,100.0,0.0,0,0,21.54,DEPLOY,410.76
1607,53.5521,3607.358,296.751,100.0,0.0,0,0,21.53,DEPLOY,409.7
1608,53.5854,3610.107,297.071,100.0,0.0,0,0,21.52,DEPLOY,408.66
1609,53.6187,3612.858,297.387,100.0,0.0,0,0,21.51,DEPLOY,407.63
1610,53.6521,3615.612,297.699,100.0,0.0,0,0,21.51,DEPLOY,406.61
1611,53.6854,3618.369,298.007,100.0,0.0,0,0,21.5,DEPLOY,405.6
1612,53.7187,3621.129,298.311,100.0,0.0,0,0,21.5,DEPLOY,404.6
1613,53.752,3623.892,298.611,100.0,0.0,0,0,21.49,DEPLOY,403.62
1614,53.7854,3626.658,298.908,100.0,0.0,0,0,21.49,DEPLOY,402.65
1615,53.8187,3629.426,299.2,100.0,0.0,0,0,21.49,DEPLOY,401.68
1616,53.852,3632.197,299.488,100.0,0.0,0,0,21.49,DEPLOY,400.73
1617,53.8853,3634.97,299.772,100.0,0.0,0,0,21.48,DEPLOY,400.01
1618,53.9187,3637.747,300.05,100.0,0.0,0,0,21.48,DEPLOY,400.0
1619,53.952,3640.525,300.325,100.0,0.0,0,0,21.48,DEPLOY,400.0
1620,53.9853,3643.307,300.594,100.0,0.0,0,0,21.48,DEPLOY,400.0
1621,54.0186,3646.09,300.857,100.0,0.0,0,0,21.48,DEPLOY,400.0
1622,54.0519,3648.877,301.115,100.0,0.0,0,0,21.48,DEPLOY,400.0
1623,54.0853,3651.665,301.366,100.0,0.0,0,0,21.48,DEPLOY,400.0
1624,54.1186,3654.456,301.61,100.0,0.0,0,0,21.48,DEPLOY,400.0
1625,54.1519,3657.249,301.848,100.0,0.0,0,0,21.48,DEPLOY,400.0
1626,54.1852,3660.044,302.077,100.0,0.0,0,0,21.48,DEPLOY,400.0
1627,54.2186,3662.841,302.299,100.0,0.0,0,0,21.48,DEPLOY,400.0
1628,54.2519,3665.641,302.511,100.0,0.0,0,0,21.48,DEPLOY,400.0
1629,54.2852,3668.442,302.714,100.0,0.0,0,0,21.48,DEPLOY,400.0
1630,54.3185,3671.245,302.907,100.0,0.0,0,0,21.48,DEPLOY,400.0
1631,54.3519,3674.05,303.089,100.0,0.0,0,0,21.48,DEPLOY,400.0
1632,54.3852,3676.856,303.259,100.0,0.0,0,0,21.48,DEPLOY,400.0
1633,54.4185,3679.664,303.417,100.0,0.0,0,0,21.48,DEPLOY,400.0
1634,54.4518,3682.473,303.562,100.0,0.0,0,0,21.48,DEPLOY,400.0
1635,54.4852,3685.284,303.695,100.0,0.0,0,0,21.48,DEPLOY,400.0
1636,54.5185,3688.096,303.812,100.0,0.0,0,0,21.48,DEPLOY,400.0
1637,54.5518,3690.909,303.916,100.0,0.0,0,0,21.48,DEPLOY,400.0
1638,54.5851,3693.722,304.004,100.0,0.0,0,0,21.48,DEPLOY,400.0
1639,54.6185,3696.537,304.077,100.0,0.0,0,0,21.48,DEPLOY,400.0
1640,54.6518,3699.352,304.135,100.0,0.0,0,0,21.48,DEPLOY,400.0
1641,54.6851,3702.167,304.176,100.0,0.0,0,0,21.48,DEPLOY,400.0
1642,54.7184,3704.983,304.203,100.0,0.0,0,0,21.48,DEPLOY,400.0
1643,54.7518,3707.799,304.212,100.0,0.0,0,0,21.48,DEPLOY,400.0
1644,54.7851,3710.615,304.207,100.0,0.0,0,0,21.48,DEPLOY,400.0
1645,54.8184,3713.431,304.186,100.0,0.0,0,0,21.48,DEPLOY,400.0
1646,54.8517,3716.246,304.15,100.0,0.0,0,0,21.48,DEPLOY,400.0
1647,54.8851,3719.062,304.101,100.0,0.0,0,0,21.48,DEPLOY,400.0
1648,54.9184,3721.876,304.036,100.0,0.0,0,0,21.48,DEPLOY,400.0
1649,54.9517,3724.69,303.958,100.0,0.0,0,0,21.48,DEPLOY,400.0
1650,54.985,3727.504,303.868,100.0,0.0,0,0,21.48,DEPLOY,400.0
1651,55.0184,3730.316,303.766,100.0,0.0,0,0,21.48,DEPLOY,400.0
1652,55.0517,3733.127,303.654,100.0,0.0,0,0,21.48,DEPLOY,400.0
1653,55.085,3735.938,303.53,100.0,0.0,0,0,21.48,DEPLOY,400.0
1654,55.1183,3738.747,303.399,100.0,0.0,0,0,21.48,DEPLOY,400.0
1655,55.1516,3741.555,303.259,100.0,0.0,0,0,21.48,DEPLOY,400.0
1656,55.185,3744.361,303.101,100.0,0.0,0,0,21.48,DEPLOY,400.0
1657,55.2183,3747.165,302.757,100.0,0.0,0,0,21.48,DEPLOY,400.0
1658,55.2516,3749.966,302.337,100.0,0.0,0,0,21.48,DEPLOY,400.0
1659,55.2849,3752.763,301.922,100.0,0.0,0,0,21.48,DEPLOY,400.0
1660,55.3183,3755.556,301.511,100.0,0.0,0,0,21.48,DEPLOY,400.0
1661,55.3516,3758.345,301.104,100.0,0.0,0,0,21.48,DEPLOY,400.0
1662,55.3849,3761.13,300.701,100.0,0.0,0,0,21.48,DEPLOY,400.0
1663,55.4182,3763.912,300.302,100.0,0.0,0,0,21.48,DEPLOY,400.0
1664,55.4516,3766.69,299.907,100.0,0.0,0,0,21.48,DEPLOY,400.39
1665,55.4849,3769.467,300.1,100.0,0.0,0,0,21.48,DEPLOY,400.0
1666,55.5182,3772.246,300.37,0.0,0.0,0,0,21.48,DEPLOY,-47.78
1667,55.5515,3775.027,300.46,0.0,100.0,0,0,21.69,REGEN,-350.0
1668,55.5849,3777.808,300.46,0.0,100.0,0,0,21.98,REGEN,-350.0
1669,55.6182,3780.589,300.46,0.0,100.0,0,0,22.27,REGEN,-350.0
1670,55.6515,3783.371,300.46,0.0,100.0,0,0,22.57,REGEN,-350.0
1671,55.6848,3786.152,300.46,0.0,100.0,0,0,22.86,REGEN,-350.0
1672,55.7182,3788.933,300.445,0.0,100.0,0,0,23.15,REGEN,-350.0
1673,55.7515,3791.714,300.286,0.0,100.0,0,0,23.44,REGEN,-350.0
1674,55.7848,3794.492,300.114,0.0,100.0,0,0,23.73,REGEN,-350.0
1675,55.8181,3797.27,299.94,0.0,100.0,0,0,24.02,REGEN,-350.0
1676,55.8515,3800.045,299.763,0.0,100.0,0,0,24.31,REGEN,-350.0
1677,55.8848,3802.819,299.583,0.0,100.0,0,0,24.61,REGEN,-350.0
1678,55.9181,3805.592,299.399,100.0,0.0,0,0,24.84,DEPLOY,400.0
1679,55.9514,3808.362,299.212,100.0,0.0,0,0,24.84,DEPLOY,400.0
1680,55.9848,3811.131,299.021,100.0,0.0,0,0,24.84,DEPLOY,400.0
1681,56.0181,3813.898,298.825,100.0,0.0,0,0,24.84,DEPLOY,400.0
1682,56.0514,3816.663,298.624,100.0,0.0,0,0,24.84,DEPLOY,400.0
1683,56.0847,3819.427,298.418,100.0,0.0,0,0,24.84,DEPLOY,400.77
1684,56.1181,3822.188,298.206,100.0,0.0,0,0,24.84,DEPLOY,402.06
1685,56.1514,3824.948,297.989,100.0,0.0,0,0,24.84,DEPLOY,403.32
1686,56.1847,3827.705,297.766,100.0,0.0,0,0,24.83,DEPLOY,404.57
1687,56.218,3830.46,297.538,100.0,0.0,0,0,24.83,DEPLOY,405.8
1688,56.2514,3833.213,297.305,100.0,0.0,0,0,24.82,DEPLOY,407.0
1689,56.2847,3835.964,297.067,100.0,0.0,0,0,24.82,DEPLOY,408.19
1690,56.318,3838.713,296.824,100.0,0.0,0,0,24.81,DEPLOY,409.36
1691,56.3513,3841.46,296.576,100.0,0.0,0,0,24.8,DEPLOY,410.51
1692,56.3846,3844.204,296.324,100.0,0.0,0,0,24.8,DEPLOY,411.64
1693,56.418,3846.946,296.069,100.0,0.0,0,0,24.79,DEPLOY,412.76
1694,56.4513,3849.685,295.81,100.0,0.0,0,0,24.77,DEPLOY,413.85
1695,56.4846,3852.422,295.52,100.0,0.0,0,0,24.76,DEPLOY,414.93
1696,56.5179,3855.156,295.203,100.0,0.0,0,0,24.75,DEPLOY,415.99
1697,56.5513,3857.887,294.89,100.0,0.0,0,0,24.74,DEPLOY,417.03
1698,56.5846,3860.615,294.583,100.0,0.0,0,0,24.72,DEPLOY,418.06
1699,56.6179,3863.341,294.28,100.0,0.0,0,0,24.71,DEPLOY,419.07
1700,56.6512,3866.064,293.983,100.0,0.0,0,0,24.69,DEPLOY,420.06
1701,56.6846,3868.784,293.69,100.0,0.0,0,0,24.67,DEPLOY,421.03
1702,56.7179,3871.501,293.402,100.0,0.0,0,0,24.66,DEPLOY,421.99
1703,56.7512,3874.215,293.119,100.0,0.0,0,0,24.64,DEPLOY,422.94
1704,56.7845,3876.928,292.841,100.0,0.0,0,0,24.62,DEPLOY,423.86
1705,56.8179,3879.637,292.567,100.0,0.0,0,0,24.6,DEPLOY,424.78
1706,56.8512,3882.344,292.298,100.0,0.0,0,0,24.58,DEPLOY,425.67
1707,56.8845,3885.049,292.033,100.0,0.0,0,0,24.56,DEPLOY,426.56
1708,56.9178,3887.75,291.773,100.0,0.0,0,0,24.53,DEPLOY,427.42
1709,56.9512,3890.45,291.517,100.0,0.0,0,0,24.51,DEPLOY,428.28
1710,56.9845,3893.148,291.265,100.0,0.0,0,0,24.49,DEPLOY,429.12
1711,57.0178,3895.843,291.018,100.0,0.0,0,0,24.46,DEPLOY,429.94
1712,57.0511,3898.535,290.774,100.0,0.0,0,0,24.44,DEPLOY,430.75
1713,57.0845,3901.226,290.535,100.0,0.0,0,0,24.41,DEPLOY,431.55
1714,57.1178,3903.914,290.299,100.0,0.0,0,0,24.39,DEPLOY,432.34
1715,57.1511,3906.6,290.068,100.0,0.0,0,0,24.36,DEPLOY,433.11
1716,57.1844,3909.284,289.84,100.0,0.0,0,0,24.33,DEPLOY,433.87
1717,57.2178,3911.966,289.617,100.0,0.0,0,0,24.3,DEPLOY,434.61
1718,57.2511,3914.646,289.396,100.0,0.0,0,0,24.28,DEPLOY,435.35
1719,57.2844,3917.324,289.18,100.0,0.0,0,0,24.25,DEPLOY,436.07
1720,57.3177,3920.0,288.967,100.0,0.0,0,0,24.22,DEPLOY,436.78
1721,57.3511,3922.674,288.758,100.0,0.0,0,0,24.18,DEPLOY,437.47
1722,57.3844,3925.346,288.552,100.0,0.0,0,0,24.15,DEPLOY,438.16
1723,57.4177,3928.016,288.35,100.0,0.0,0,0,24.12,DEPLOY,438.83
1724,57.451,3930.684,288.151,100.0,0.0,0,0,24.09,DEPLOY,439.5
1725,57.4843,3933.351,287.955,100.0,0.0,0,0,24.06,DEPLOY,440.15
1726,57.5177,3936.015,287.763,100.0,0.0,0,0,24.02,DEPLOY,440.79
1727,57.551,3938.678,287.574,100.0,0.0,0,0,23.99,DEPLOY,441.42
1728,57.5843,3941.339,287.388,100.0,0.0,0,0,23.95,DEPLOY,442.04
1729,57.6176,3943.999,287.205,100.0,0.0,0,0,23.92,DEPLOY,442.65
1730,57.651,3946.656,287.026,100.0,0.0,0,0,23.88,DEPLOY,443.25
1731,57.6843,3949.313,286.849,100.0,0.0,0,0,23.85,DEPLOY,443.84
1732,57.7176,3951.967,286.675,100.0,0.0,0,0,23.81,DEPLOY,444.42
1733,57.7509,3954.62,286.504,100.0,0.0,0,0,23.77,DEPLOY,444.99
1734,57.7843,3957.271,286.336,100.0,0.0,0,0,23.74,DEPLOY,445.55
1735,57.8176,3959.921,286.171,100.0,0.0,0,0,23.7,DEPLOY,446.1
1736,57.8509,3962.569,286.009,100.0,0.0,0,0,23.66,DEPLOY,446.64
1737,57.8842,3965.216,285.849,100.0,0.0,0,0,23.62,DEPLOY,447.17
1738,57.9176,3967.861,285.693,100.0,0.0,0,0,23.58,DEPLOY,447.69
1739,57.9509,3970.505,285.538,100.0,0.0,0,0,23.54,DEPLOY,448.21
1740,57.9842,3973.148,285.387,100.0,0.0,0,0,23.5,DEPLOY,448.71
1741,58.0175,3975.789,285.238,100.0,0.0,0,0,23.46,DEPLOY,449.21
1742,58.0509,3978.428,285.091,100.0,0.0,0,0,23.42,DEPLOY,449.7
1743,58.0842,3981.067,284.947,100.0,0.0,0,0,23.38,DEPLOY,450.18
1744,58.1175,3983.704,284.805,100.0,0.0,0,0,23.34,DEPLOY,450.65
1745,58.1508,3986.339,284.666,100.0,0.0,0,0,23.29,DEPLOY,451.11
1746,58.1842,3988.974,284.529,100.0,0.0,0,0,23.25,DEPLOY,451.57
1747,58.2175,3991.607,284.394,100.0,0.0,0,0,23.21,DEPLOY,452.02
1748,58.2508,3994.239,284.262,100.0,0.0,0,0,23.17,DEPLOY,452.46
1749,58.2841,3996.87,284.132,100.0,0.0,0,0,23.12,DEPLOY,452.89
1750,58.3175,3999.499,284.004,100.0,0.0,0,0,23.08,DEPLOY,453.32
1751,58.3508,4002.128,283.878,100.0,0.0,0,0,23.03,DEPLOY,453.74
1752,58.3841,4004.755,283.755,100.0,0.0,0,0,22.99,DEPLOY,454.15
1753,58.4174,4007.381,283.633,100.0,0.0,0,0,22.94,DEPLOY,454.56
1754,58.4508,4010.006,283.514,100.0,0.0,0,0,22.9,DEPLOY,454.95
1755,58.4841,4012.63,283.396,100.0,0.0,0,0,22.85,DEPLOY,455.35
1756,58.5174,4015.253,283.281,100.0,0.0,0,0,22.81,DEPLOY,455.73
1757,58.5507,4017.874,283.168,100.0,0.0,0,0,22.76,DEPLOY,456.11
1758,58.584,4020.495,283.149,100.0,0.0,0,0,22.71,DEPLOY,455.85
1759,58.6174,4023.117,283.209,100.0,0.0,0,0,22.67,DEPLOY,432.01
1760,58.6507,4025.739,283.269,0.0,100.0,0,0,22.71,REGEN,-350.0
1761,58.684,4028.361,283.329,0.0,100.0,0,0,23.0,REGEN,-350.0
1762,58.7173,4030.984,283.389,0.0,100.0,0,0,23.29,REGEN,-350.0
1763,58.7507,4033.608,283.449,0.0,100.0,0,0,23.58,REGEN,-350.0
1764,58.784,4036.232,283.508,0.0,100.0,0,0,23.87,REGEN,-350.0
1765,58.8173,4038.856,283.568,0.0,100.0,0,0,24.16,REGEN,-350.0
1766,58.8506,4041.481,283.628,0.0,100.0,0,0,24.45,REGEN,-350.0
1767,58.884,4044.107,283.688,0.0,100.0,0,0,24.74,REGEN,-350.0
1768,58.9173,4046.733,283.748,0.0,100.0,0,0,25.04,REGEN,-350.0
1769,58.9506,4049.36,283.808,0.0,100.0,0,0,25.33,REGEN,-350.0
1770,58.9839,4051.988,283.868,0.0,100.0,0,0,25.62,REGEN,-350.0
1771,59.0173,4054.616,283.928,0.0,100.0,0,0,25.91,REGEN,-350.0
1772,59.0506,4057.244,283.991,100.0,0.0,0,0,26.18,DEPLOY,453.36
1773,59.0839,4059.874,284.153,100.0,0.0,0,0,26.13,DEPLOY,452.82
1774,59.1172,4062.506,284.538,100.0,0.0,0,0,26.09,DEPLOY,451.54
1775,59.1506,4065.142,285.006,100.0,0.0,0,0,26.05,DEPLOY,449.98
1776,59.1839,4067.782,285.469,100.0,0.0,0,0,26.01,DEPLOY,448.44
1777,59.2172,4070.427,285.926,100.0,0.0,0,0,25.97,DEPLOY,446.91
1778,59.2505,4073.075,286.377,100.0,0.0,0,0,25.93,DEPLOY,445.41
1779,59.2839,4075.729,286.822,100.0,0.0,0,0,25.89,DEPLOY,443.93
1780,59.3172,4078.386,287.262,100.0,0.0,0,0,25.85,DEPLOY,442.46
1781,59.3505,4081.047,287.697,100.0,0.0,0,0,25.82,DEPLOY,441.01
1782,59.3838,4083.712,288.126,100.0,0.0,0,0,25.78,DEPLOY,439.58
1783,59.4172,4086.381,288.549,100.0,0.0,0,0,25.75,DEPLOY,438.17
1784,59.4505,4089.054,288.968,100.0,0.0,0,0,25.72,DEPLOY,436.77
1785,59.4838,4091.731,289.381,100.0,0.0,0,0,25.69,DEPLOY,435.4
1786,59.5171,4094.411,289.789,100.0,0.0,0,0,25.66,DEPLOY,434.04
1787,59.5505,4097.096,290.192,100.0,0.0,0,0,25.63,DEPLOY,432.69
1788,59.5838,4099.784,290.579,100.0,0.0,0,0,25.6,DEPLOY,431.37
1789,59.6171,4102.475,290.926,100.0,0.0,0,0,25.58,DEPLOY,430.06
1790,59.6504,4105.17,291.264,100.0,0.0,0,0,25.55,DEPLOY,428.76
1791,59.6837,4107.868,291.605,100.0,0.0,0,0,25.53,DEPLOY,427.49
1792,59.7171,4110.568,291.947,100.0,0.0,0,0,25.51,DEPLOY,426.23
1793,59.7504,4113.272,292.29,100.0,0.0,0,0,25.48,DEPLOY,424.98
1794,59.7837,4115.98,292.633,100.0,0.0,0,0,25.46,DEPLOY,423.75
1795,59.817,4118.69,292.976,100.0,0.0,0,0,25.44,DEPLOY,422.53
1796,59.8504,4121.404,293.318,100.0,0.0,0,0,25.43,DEPLOY,421.33
1797,59.8837,4124.121,293.66,100.0,0.0,0,0,25.41,DEPLOY,420.15
1798,59.917,4126.84,294.001,100.0,0.0,0,0,25.39,DEPLOY,418.98
1799,59.9503,4129.563,294.339,100.0,0.0,0,0,25.38,DEPLOY,417.82
1800,59.9837,4132.29,294.676,100.0,0.0,0,0,25.36,DEPLOY,416.68
1801,60.017,4135.019,295.011,100.0,0.0,0,0,25.35,DEPLOY,415.55
1802,60.0503,4137.751,295.344,100.0,0.0,0,0,25.33,DEPLOY,414.43
1803,60.0836,4140.487,295.674,100.0,0.0,0,0,25.32,DEPLOY,413.33
1804,60.117,4143.225,296.002,100.0,0.0,0,0,25.31,DEPLOY,412.24
1805,60.1503,4145.967,296.327,100.0,0.0,0,0,25.3,DEPLOY,411.17
1806,60.1836,4148.711,296.649,100.0,0.0,0,0,25.29,DEPLOY,410.1
1807,60.2169,4151.459,296.968,100.0,0.0,0,0,25.28,DEPLOY,409.05
1808,60.2503,4154.209,297.284,100.0,0.0,0,0,25.28,DEPLOY,408.02
1809,60.2836,4156.962,297.598,100.0,0.0,0,0,25.27,DEPLOY,406.99
1810,60.3169,4159.719,297.909,100.0,0.0,0,0,25.26,DEPLOY,405.98
1811,60.3502,4162.478,298.216,100.0,0.0,0,0,25.26,DEPLOY,404.98
1812,60.3836,4165.24,298.521,100.0,0.0,0,0,25.26,DEPLOY,403.99
1813,60.4169,4168.005,298.823,100.0,0.0,0,0,25.25,DEPLOY,403.01
1814,60.4502,4170.772,299.123,100.0,0.0,0,0,25.25,DEPLOY,402.05
1815,60.4835,4173.542,299.419,100.0,0.0,0,0,25.25,DEPLOY,401.09
1816,60.5169,4176.315,299.713,100.0,0.0,0,0,25.25,DEPLOY,400.22
1817,60.5502,4179.091,300.005,100.0,0.0,0,0,25.25,DEPLOY,400.0
1818,60.5835,4181.869,300.293,100.0,0.0,0,0,25.25,DEPLOY,400.0
1819,60.6168,4184.65,300.579,100.0,0.0,0,0,25.25,DEPLOY,400.0
1820,60.6502,4187.434,300.863,100.0,0.0,0,0,25.25,DEPLOY,400.0
1821,60.6835,4190.221,301.145,100.0,0.0,0,0,25.25,DEPLOY,400.0
1822,60.7168,4193.009,301.424,100.0,0.0,0,0,25.25,DEPLOY,400.0
1823,60.7501,4195.801,301.701,100.0,0.0,0,0,25.25,DEPLOY,400.0
1824,60.7834,4198.595,301.975,100.0,0.0,0,0,25.25,DEPLOY,400.0
1825,60.8168,4201.391,302.248,100.0,0.0,0,0,25.25,DEPLOY,400.0
1826,60.8501,4204.191,302.519,100.0,0.0,0,0,25.25,DEPLOY,400.0
1827,60.8834,4206.992,302.787,100.0,0.0,0,0,25.25,DEPLOY,400.0
1828,60.9167,4209.796,303.054,100.0,0.0,0,0,25.25,DEPLOY,400.0
1829,60.9501,4212.603,303.319,100.0,0.0,0,0,25.25,DEPLOY,400.0
1830,60.9834,4215.412,303.582,100.0,0.0,0,0,25.25,DEPLOY,400.0
1831,61.0167,4218.223,303.843,100.0,0.0,0,0,25.25,DEPLOY,400.0
1832,61.05,4221.037,304.102,100.0,0.0,0,0,25.25,DEPLOY,400.0
1833,61.0834,4223.853,304.36,100.0,0.0,0,0,25.25,DEPLOY,400.0
1834,61.1167,4226.672,304.615,100.0,0.0,0,0,25.25,DEPLOY,400.0
1835,61.15,4229.492,304.869,100.0,0.0,0,0,25.25,DEPLOY,400.0
1836,61.1833,4232.316,305.121,100.0,0.0,0,0,25.25,DEPLOY,400.0
1837,61.2167,4235.141,305.372,100.0,0.0,0,0,25.25,DEPLOY,400.0
1838,61.25,4237.969,305.62,100.0,0.0,0,0,25.25,DEPLOY,400.0
1839,61.2833,4240.799,305.866,100.0,0.0,0,0,25.25,DEPLOY,400.0
1840,61.3166,4243.632,306.111,100.0,0.0,0,0,25.25,DEPLOY,400.0
1841,61.35,4246.467,306.352,100.0,0.0,0,0,25.25,DEPLOY,400.0
1842,61.3833,4249.303,306.592,100.0,0.0,0,0,25.25,DEPLOY,400.0
1843,61.4166,4252.143,306.829,100.0,0.0,0,0,25.25,DEPLOY,400.0
1844,61.4499,4254.984,307.063,100.0,0.0,0,0,25.25,DEPLOY,400.0
1845,61.4833,4257.827,307.293,100.0,0.0,0,0,25.25,DEPLOY,400.0
1846,61.5166,4260.673,307.519,100.0,0.0,0,0,25.25,DEPLOY,400.0
1847,61.5499,4263.521,307.741,100.0,0.0,0,0,25.25,DEPLOY,400.0
1848,61.5832,4266.37,307.958,100.0,0.0,0,0,25.25,DEPLOY,400.0
1849,61.6166,4269.222,308.169,100.0,0.0,0,0,25.25,DEPLOY,400.0
1850,61.6499,4272.076,308.373,100.0,0.0,0,0,25.25,DEPLOY,400.0
1851,61.6832,4274.931,308.569,100.0,0.0,0,0,25.25,DEPLOY,400.0
1852,61.7165,4277.788,308.755,100.0,0.0,0,0,25.25,DEPLOY,400.0
1853,61.7499,4280.647,308.931,100.0,0.0,0,0,25.25,DEPLOY,400.0
1854,61.7832,4283.508,309.094,100.0,0.0,0,0,25.25,DEPLOY,400.0
1855,61.8165,4286.37,309.242,100.0,0.0,0,0,25.25,DEPLOY,400.0
1856,61.8498,4289.233,309.374,100.0,0.0,0,0,25.25,DEPLOY,400.0
1857,61.8832,4292.097,309.485,100.0,0.0,0,0,25.25,DEPLOY,400.0
1858,61.9165,4294.962,309.575,100.0,0.0,0,0,25.25,DEPLOY,400.0
1859,61.9498,4297.828,309.637,100.0,0.0,0,0,25.25,DEPLOY,400.0
1860,61.9831,4300.695,309.671,100.0,0.0,0,0,25.25,DEPLOY,400.0
1861,62.0164,4303.561,309.672,100.0,0.0,0,0,25.25,DEPLOY,400.0
1862,62.0498,4306.428,309.635,100.0,0.0,0,0,25.25,DEPLOY,400.0
1863,62.0831,4309.293,309.558,100.0,0.0,0,0,25.25,DEPLOY,400.0
1864,62.1164,4312.158,309.431,100.0,0.0,0,0,25.25,DEPLOY,400.0
1865,62.1497,4315.022,309.257,100.0,0.0,0,0,25.25,DEPLOY,400.0
1866,62.1831,4317.883,309.021,100.0,0.0,0,0,25.25,DEPLOY,400.0
1867,62.2164,4320.743,308.727,100.0,0.0,0,0,25.25,DEPLOY,400.0
1868,62.2497,4323.599,308.363,100.0,0.0,0,0,25.25,DEPLOY,400.0
1869,62.283,4326.451,307.926,100.0,0.0,0,0,25.25,DEPLOY,400.0
1870,62.3164,4329.3,307.416,100.0,0.0,0,0,25.25,DEPLOY,400.0
1871,62.3497,4332.142,306.815,100.0,0.0,0,0,25.25,DEPLOY,400.0
1872,62.383,4334.979,306.133,100.0,0.0,0,0,25.25,DEPLOY,400.0
1873,62.4163,4337.809,305.351,100.0,0.0,0,0,25.25,DEPLOY,400.0
1874,62.4497,4340.632,304.477,100.0,0.0,0,0,25.25,DEPLOY,400.0
1875,62.483,4343.446,303.504,100.0,0.0,0,0,25.25,DEPLOY,400.0
1876,62.5163,4346.25,302.423,100.0,0.0,0,0,25.25,DEPLOY,400.0
1877,62.5496,4349.045,301.246,100.0,0.0,0,0,25.25,DEPLOY,400.0
1878,62.583,4351.827,299.952,100.0,0.0,0,0,25.25,DEPLOY,138.65
1879,62.6163,4354.597,298.558,0.0,100.0,0,0,25.39,REGEN,-350.0
1880,62.6496,4357.354,297.058,0.0,100.0,0,0,25.67,REGEN,-350.0
1881,62.6829,4360.096,295.447,0.0,100.0,0,0,25.94,REGEN,-350.0
1882,62.7163,4362.824,293.739,0.0,100.0,0,0,26.22,REGEN,-350.0
1883,62.7496,4365.534,291.927,0.0,100.0,0,0,26.49,REGEN,-350.0
1884,62.7829,4368.227,290.017,0.0,100.0,0,0,26.76,REGEN,-350.0
1885,62.8162,4370.903,288.021,0.0,100.0,0,0,27.03,REGEN,-350.0
1886,62.8496,4373.56,285.932,0.0,100.0,0,0,27.29,REGEN,-350.0
1887,62.8829,4376.196,283.74,0.0,100.0,0,0,27.56,REGEN,-350.0
1888,62.9162,4378.812,281.434,0.0,100.0,0,0,27.83,REGEN,-350.0
1889,62.9495,4381.406,279.002,0.0,100.0,0,0,28.1,REGEN,-350.0
1890,62.9829,4383.976,276.448,0.0,100.0,0,0,28.38,REGEN,-350.0
1891,63.0162,4386.523,273.789,0.0,100.0,0,0,28.66,REGEN,-350.0
1892,63.0495,4389.046,271.03,0.0,100.0,0,0,28.94,REGEN,-350.0
1893,63.0828,4391.541,268.168,0.0,100.0,0,0,29.23,REGEN,-350.0
1894,63.1161,4394.009,265.224,0.0,100.0,0,0,29.52,REGEN,-350.0
1895,63.1495,4396.45,262.208,0.0,100.0,0,0,29.81,REGEN,-350.0
1896,63.1828,4398.86,258.199,0.0,100.0,0,0,30.1,REGEN,-350.0
1897,63.2161,4401.23,253.506,0.0,100.0,0,0,30.39,REGEN,-350.0
1898,63.2494,4403.553,248.877,0.0,100.0,0,0,30.68,REGEN,-350.0
1899,63.2828,4405.835,244.424,0.0,100.0,0,0,30.97,REGEN,-350.0
1900,63.3161,4408.078,240.218,0.0,100.0,0,0,31.26,REGEN,-350.0
1901,63.3494,4410.283,236.296,0.0,100.0,0,0,31.55,REGEN,-350.0
1902,63.3827,4412.454,232.654,0.0,100.0,0,0,31.85,REGEN,-350.0
1903,63.4161,4414.592,229.194,0.0,100.0,0,0,32.14,REGEN,-350.0
1904,63.4494,4416.698,225.8,0.0,100.0,0,0,32.43,REGEN,-350.0
1905,63.4827,4418.773,222.428,0.0,100.0,0,0,32.72,REGEN,-350.0
1906,63.516,4420.816,219.094,0.0,100.0,0,0,33.01,REGEN,-350.0
1907,63.5494,4422.829,215.855,0.0,100.0,0,0,33.3,REGEN,-350.0
1908,63.5827,4424.813,212.765,0.0,100.0,0,0,33.6,REGEN,-350.0
1909,63.616,4426.769,209.844,0.0,100.0,0,0,33.89,REGEN,-350.0
1910,63.6493,4428.698,207.076,0.0,100.0,0,0,34.18,REGEN,-350.0
1911,63.6827,4430.602,204.4,0.0,100.0,0,0,34.47,REGEN,-350.0
1912,63.716,4432.482,201.738,0.0,100.0,0,0,34.76,REGEN,-350.0
1913,63.7493,4434.336,199.053,0.0,100.0,0,0,35.05,REGEN,-350.0
1914,63.7826,4436.166,196.348,0.0,100.0,0,0,35.35,REGEN,-350.0
1915,63.816,4437.971,193.659,0.0,100.0,0,0,35.64,REGEN,-350.0
1916,63.8493,4439.752,191.045,0.0,100.0,0,0,35.93,REGEN,-350.0
1917,63.8826,4441.51,188.671,0.0,100.0,0,0,36.22,REGEN,-350.0
1918,63.9159,4443.25,186.834,0.0,100.0,0,0,36.51,REGEN,-350.0
1919,63.9493,4444.971,185.129,0.0,100.0,0,0,36.8,REGEN,-350.0
1920,63.9826,4446.676,183.577,0.0,100.0,0,0,37.09,REGEN,-350.0
1921,64.0159,4448.37,182.41,100.0,100.0,0,0,37.39,REGEN,325.51
1922,64.0492,4450.056,181.712,100.0,0.0,0,0,37.36,DEPLOY,750.0
1923,64.0826,4451.736,181.294,100.0,0.0,0,0,37.07,DEPLOY,750.0
1924,64.1159,4453.412,180.877,100.0,0.0,0,0,36.78,DEPLOY,750.0
1925,64.1492,4455.085,180.462,100.0,0.0,0,0,36.49,DEPLOY,750.0
1926,64.1825,4456.753,180.048,100.0,0.0,0,0,36.19,DEPLOY,750.0
1927,64.2158,4458.418,179.748,100.0,0.0,0,0,35.9,DEPLOY,750.0
1928,64.2492,4460.082,179.676,100.0,0.0,0,0,35.61,DEPLOY,750.0
1929,64.2825,4461.746,179.818,100.0,0.0,0,0,35.32,DEPLOY,750.0
1930,64.3158,4463.412,180.095,100.0,0.0,0,0,35.03,DEPLOY,750.0
1931,64.3491,4465.08,180.486,100.0,0.0,0,0,34.74,DEPLOY,750.0
1932,64.3825,4466.754,180.983,100.0,0.0,0,0,34.45,DEPLOY,750.0
1933,64.4158,4468.432,181.554,100.0,0.0,0,0,34.15,DEPLOY,750.0
1934,64.4491,4470.116,182.192,100.0,0.0,0,0,33.86,DEPLOY,750.0
1935,64.4824,4471.805,182.892,100.0,0.0,0,0,33.57,DEPLOY,750.0
1936,64.5158,4473.501,183.649,100.0,0.0,0,0,33.28,DEPLOY,750.0
1937,64.5491,4475.204,184.458,100.0,0.0,0,0,32.99,DEPLOY,750.0
1938,64.5824,4476.916,185.317,100.0,0.0,0,0,32.7,DEPLOY,750.0
1939,64.6157,4478.635,185.941,100.0,0.0,0,0,32.4,DEPLOY,750.0
1940,64.6491,4480.36,186.793,100.0,0.0,0,0,32.11,DEPLOY,750.0
1941,64.6824,4482.095,187.837,100.0,0.0,0,0,31.82,DEPLOY,750.0
1942,64.7157,4483.838,188.975,100.0,0.0,0,0,31.53,DEPLOY,750.0
1943,64.749,4485.593,190.18,100.0,0.0,0,0,31.24,DEPLOY,750.0
1944,64.7824,4487.359,191.451,100.0,0.0,0,0,30.95,DEPLOY,750.0
1945,64.8157,4489.136,192.785,100.0,0.0,0,0,30.65,DEPLOY,750.0
1946,64.849,4490.928,194.192,100.0,0.0,0,0,30.36,DEPLOY,750.0
1947,64.8823,4492.733,195.646,100.0,0.0,0,0,30.07,DEPLOY,750.0
1948,64.9157,4494.551,197.103,100.0,0.0,0,0,29.78,DEPLOY,750.0
1949,64.949,4496.383,198.552,100.0,0.0,0,0,29.49,DEPLOY,750.0
1950,64.9823,4498.227,199.994,100.0,0.0,0,0,29.2,DEPLOY,748.63
1951,65.0156,4500.085,201.428,100.0,0.0,0,0,28.91,DEPLOY,744.9
1952,65.049,4501.956,202.856,100.0,0.0,0,0,28.62,DEPLOY,739.8
1953,65.0823,4503.84,204.275,100.0,0.0,0,0,28.34,DEPLOY,734.73
1954,65.1156,4505.738,205.654,100.0,0.0,0,0,28.06,DEPLOY,729.69
1955,65.1489,4507.647,206.901,100.0,0.0,0,0,27.78,DEPLOY,724.67
1956,65.1823,4509.567,208.008,100.0,0.0,0,0,27.51,DEPLOY,719.68
1957,65.2156,4511.497,209.11,100.0,0.0,0,0,27.25,DEPLOY,714.75
1958,65.2489,4513.438,210.201,100.0,0.0,0,0,26.98,DEPLOY,709.92
1959,65.2822,4515.389,211.278,100.0,0.0,0,0,26.73,DEPLOY,705.22
1960,65.3155,4517.349,212.336,100.0,0.0,0,0,26.47,DEPLOY,700.63
1961,65.3489,4519.32,213.37,100.0,0.0,0,0,26.23,DEPLOY,696.15
1962,65.3822,4521.299,214.375,100.0,0.0,0,0,25.98,DEPLOY,691.83
1963,65.4155,4523.288,215.348,100.0,0.0,0,0,25.74,DEPLOY,688.25
1964,65.4488,4525.286,216.284,100.0,0.0,0,0,25.5,DEPLOY,684.17
1965,65.4822,4527.292,217.177,100.0,0.0,0,0,25.27,DEPLOY,679.96
1966,65.5155,4529.306,218.021,100.0,0.0,0,0,25.04,DEPLOY,675.63
1967,65.5488,4531.328,218.812,100.0,0.0,0,0,24.81,DEPLOY,671.08
1968,65.5821,4533.357,219.544,100.0,0.0,0,0,24.59,DEPLOY,666.34
1969,65.6155,4535.393,220.213,100.0,0.0,0,0,24.37,DEPLOY,661.48
1970,65.6488,4537.434,220.814,100.0,0.0,0,0,24.16,DEPLOY,656.62
1971,65.6821,4539.48,221.344,100.0,0.0,0,0,23.95,DEPLOY,651.87
1972,65.7154,4541.531,221.798,100.0,0.0,0,0,23.75,DEPLOY,647.22
1973,65.7488,4543.586,222.173,100.0,0.0,0,0,23.55,DEPLOY,642.67
1974,65.7821,4545.644,222.466,100.0,0.0,0,0,23.35,DEPLOY,638.22
1975,65.8154,4547.705,222.675,100.0,0.0,0,0,23.16,DEPLOY,633.87
1976,65.8487,4549.766,222.799,100.0,0.0,0,0,22.98,DEPLOY,629.69
1977,65.8821,4551.829,222.833,100.0,0.0,0,0,22.79,DEPLOY,625.82
1978,65.9154,4553.891,222.78,100.0,0.0,0,0,22.62,DEPLOY,622.22
1979,65.9487,4555.953,222.638,100.0,0.0,0,0,22.44,DEPLOY,618.74
1980,65.982,4558.013,222.408,100.0,0.0,0,0,22.27,DEPLOY,615.14
1981,66.0154,4560.07,222.09,100.0,0.0,0,0,22.1,DEPLOY,177.52
1982,66.0487,4562.124,221.686,0.0,100.0,0,0,22.14,REGEN,-350.0
1983,66.082,4564.174,221.197,0.0,100.0,0,0,22.41,REGEN,-350.0
1984,66.1153,4566.219,220.623,0.0,100.0,0,0,22.68,REGEN,-350.0
1985,66.1487,4568.258,219.961,0.0,100.0,0,0,22.95,REGEN,-350.0
1986,66.182,4570.291,219.208,0.0,100.0,0,0,23.23,REGEN,-350.0
1987,66.2153,4572.316,218.369,0.0,100.0,0,0,23.5,REGEN,-350.0
1988,66.2486,4574.333,217.451,0.0,100.0,0,0,23.78,REGEN,-350.0
1989,66.282,4576.341,216.46,0.0,100.0,0,0,24.06,REGEN,-350.0
1990,66.3153,4578.34,215.402,0.0,100.0,0,0,24.33,REGEN,-350.0
1991,66.3486,4580.329,214.276,0.0,100.0,0,0,24.61,REGEN,-350.0
1992,66.3819,4582.307,213.084,0.0,100.0,0,0,24.89,REGEN,-350.0
1993,66.4152,4584.273,211.83,0.0,100.0,0,0,25.17,REGEN,-350.0
1994,66.4486,4586.228,210.517,0.0,100.0,0,0,25.45,REGEN,-350.0
1995,66.4819,4588.171,209.153,0.0,100.0,0,0,25.74,REGEN,-350.0
1996,66.5152,4590.1,207.687,0.0,100.0,0,0,26.03,REGEN,-350.0
1997,66.5485,4592.012,205.432,0.0,100.0,0,0,26.32,REGEN,-350.0
1998,66.5819,4593.899,202.362,0.0,100.0,0,0,26.61,REGEN,-350.0
1999,66.6152,4595.759,199.488,0.0,100.0,0,0,26.9,REGEN,-350.0
2000,66.6485,4597.594,196.857,0.0,100.0,0,0,27.2,REGEN,-350.0
2001,66.6818,4599.407,194.501,0.0,100.0,0,0,27.49,REGEN,-350.0
2002,66.7152,4601.199,192.419,0.0,100.0,0,0,27.78,REGEN,-350.0
2003,66.7485,4602.972,190.91,0.0,100.0,0,0,28.07,REGEN,-350.0
2004,66.7818,4604.732,189.571,0.0,100.0,0,0,28.36,REGEN,-350.0
2005,66.8151,4606.479,187.94,0.0,100.0,0,0,28.65,REGEN,-350.0
2006,66.8485,4608.211,186.242,0.0,100.0,0,0,28.95,REGEN,-350.0
2007,66.8818,4609.927,184.608,0.0,100.0,0,0,29.24,REGEN,-350.0
2008,66.9151,4611.629,183.051,0.0,100.0,0,0,29.53,REGEN,-350.0
2009,66.9484,4613.318,181.576,0.0,100.0,0,0,29.82,REGEN,-350.0
2010,66.9818,4614.992,180.197,0.0,100.0,0,0,30.11,REGEN,-350.0
2011,67.0151,4616.653,178.912,0.0,100.0,0,0,30.4,REGEN,-350.0
2012,67.0484,4618.304,177.714,0.0,100.0,0,0,30.7,REGEN,-350.0
2013,67.0817,4619.944,176.615,0.0,100.0,0,0,30.99,REGEN,-350.0
2014,67.1151,4621.575,175.633,0.0,100.0,0,0,31.28,REGEN,-137.01
2015,67.1484,4623.197,174.801,100.0,0.0,0,0,31.57,DEPLOY,750.0
2016,67.1817,4624.813,174.416,100.0,0.0,0,0,31.28,DEPLOY,750.0
2017,67.215,4626.426,174.03,100.0,0.0,0,0,30.98,DEPLOY,750.0
2018,67.2484,4628.035,173.645,100.0,0.0,0,0,30.69,DEPLOY,750.0
2019,67.2817,4629.641,173.263,100.0,0.0,0,0,30.4,DEPLOY,750.0
2020,67.315,4631.243,172.881,100.0,0.0,0,0,30.11,DEPLOY,750.0
2021,67.3483,4632.842,172.502,100.0,0.0,0,0,29.82,DEPLOY,750.0
2022,67.3817,4634.439,172.577,100.0,0.0,0,0,29.53,DEPLOY,750.0
2023,67.415,4636.038,172.955,100.0,0.0,0,0,29.23,DEPLOY,750.0
2024,67.4483,4637.642,173.548,100.0,0.0,0,0,28.94,DEPLOY,750.0
2025,67.4816,4639.251,174.303,100.0,0.0,0,0,28.65,DEPLOY,750.0
2026,67.5149,4640.87,175.21,100.0,0.0,0,0,28.36,DEPLOY,750.0
2027,67.5483,4642.495,175.982,100.0,0.0,0,0,28.07,DEPLOY,750.0
2028,67.5816,4644.129,176.859,100.0,0.0,0,0,27.78,DEPLOY,750.0
2029,67.6149,4645.771,177.954,100.0,0.0,0,0,27.49,DEPLOY,750.0
2030,67.6482,4647.423,179.273,100.0,0.0,0,0,27.19,DEPLOY,750.0
2031,67.6816,4649.089,180.665,100.0,0.0,0,0,26.9,DEPLOY,750.0
2032,67.7149,4650.769,182.123,100.0,0.0,0,0,26.61,DEPLOY,750.0
2033,67.7482,4652.462,183.627,100.0,0.0,0,0,26.32,DEPLOY,750.0
2034,67.7815,4654.169,185.142,100.0,0.0,0,0,26.03,DEPLOY,750.0
2035,67.8149,4655.89,186.649,100.0,0.0,0,0,25.74,DEPLOY,750.0
2036,67.8482,4657.624,188.15,100.0,0.0,0,0,25.44,DEPLOY,750.0
2037,67.8815,4659.372,189.643,100.0,0.0,0,0,25.15,DEPLOY,750.0
2038,67.9148,4661.134,191.13,100.0,0.0,0,0,24.86,DEPLOY,750.0
2039,67.9482,4662.911,192.608,100.0,0.0,0,0,24.57,DEPLOY,750.0
2040,67.9815,4664.701,194.079,100.0,0.0,0,0,24.28,DEPLOY,750.0
2041,68.0148,4666.504,195.531,100.0,0.0,0,0,23.99,DEPLOY,750.0
2042,68.0481,4668.32,196.787,100.0,0.0,0,0,23.69,DEPLOY,750.0
2043,68.0815,4670.147,197.92,100.0,0.0,0,0,23.4,DEPLOY,750.0
2044,68.1148,4671.984,199.058,100.0,0.0,0,0,23.11,DEPLOY,749.78
2045,68.1481,4673.832,200.21,100.0,0.0,0,0,22.82,DEPLOY,748.02
2046,68.1814,4675.691,201.374,100.0,0.0,0,0,22.53,DEPLOY,743.81
2047,68.2148,4677.56,202.547,100.0,0.0,0,0,22.25,DEPLOY,739.53
2048,68.2481,4679.44,203.729,100.0,0.0,0,0,21.96,DEPLOY,735.23
2049,68.2814,4681.331,204.917,100.0,0.0,0,0,21.68,DEPLOY,730.95
2050,68.3147,4683.233,206.11,100.0,0.0,0,0,21.41,DEPLOY,726.67
2051,68.3481,4685.147,207.307,100.0,0.0,0,0,21.14,DEPLOY,722.42
2052,68.3814,4687.071,208.507,100.0,0.0,0,0,20.87,DEPLOY,718.2
2053,68.4147,4689.007,209.708,100.0,0.0,0,0,20.6,DEPLOY,714.02
2054,68.448,4690.954,210.91,100.0,0.0,0,0,20.34,DEPLOY,709.89
2055,68.4814,4692.912,212.113,100.0,0.0,0,0,20.09,DEPLOY,705.82
2056,68.5147,4694.881,213.316,100.0,0.0,0,0,19.83,DEPLOY,701.85
2057,68.548,4696.861,214.518,100.0,0.0,0,0,19.58,DEPLOY,697.93
2058,68.5813,4698.852,215.662,100.0,0.0,0,0,19.33,DEPLOY,694.04
2059,68.6147,4700.854,216.772,100.0,0.0,0,0,19.09,DEPLOY,690.1
2060,68.648,4702.866,217.895,100.0,0.0,0,0,18.84,DEPLOY,686.09
2061,68.6813,4704.888,219.034,100.0,0.0,0,0,18.61,DEPLOY,682.02
2062,68.7146,4706.921,220.201,100.0,0.0,0,0,18.37,DEPLOY,677.85
2063,68.7479,4708.965,221.4,100.0,0.0,0,0,18.14,DEPLOY,673.57
2064,68.7813,4711.02,222.629,100.0,0.0,0,0,17.91,DEPLOY,669.18
2065,68.8146,4713.086,223.887,100.0,0.0,0,0,17.69,DEPLOY,664.69
2066,68.8479,4715.164,225.17,100.0,0.0,0,0,17.47,DEPLOY,660.11
2067,68.8812,4717.254,226.401,100.0,0.0,0,0,17.25,DEPLOY,655.45
2068,68.9146,4719.356,227.564,100.0,0.0,0,0,17.04,DEPLOY,650.72
2069,68.9479,4721.468,228.72,100.0,0.0,0,0,16.83,DEPLOY,645.96
2070,68.9812,4723.59,229.868,100.0,0.0,0,0,16.63,DEPLOY,641.29
2071,69.0145,4725.724,231.007,100.0,0.0,0,0,16.43,DEPLOY,636.71
2072,69.0479,4727.867,232.137,100.0,0.0,0,0,16.23,DEPLOY,632.21
2073,69.0812,4730.021,233.256,100.0,0.0,0,0,16.04,DEPLOY,627.8
2074,69.1145,4732.186,234.364,100.0,0.0,0,0,15.85,DEPLOY,623.46
2075,69.1478,4734.36,235.459,100.0,0.0,0,0,15.66,DEPLOY,619.2
2076,69.1812,4736.545,236.54,100.0,0.0,0,0,15.48,DEPLOY,615.01
2077,69.2145,4738.739,237.606,100.0,0.0,0,0,15.3,DEPLOY,610.9
2078,69.2478,4740.943,238.655,100.0,0.0,0,0,15.13,DEPLOY,606.85
2079,69.2811,4743.157,239.687,100.0,0.0,0,0,14.96,DEPLOY,602.88
2080,69.3145,4745.38,240.697,100.0,0.0,0,0,14.79,DEPLOY,598.97
2081,69.3478,4747.613,241.684,100.0,0.0,0,0,14.62,DEPLOY,595.13
2082,69.3811,4749.855,242.646,100.0,0.0,0,0,14.46,DEPLOY,591.36
2083,69.4144,4752.106,243.582,100.0,0.0,0,0,14.31,DEPLOY,587.64
2084,69.4478,4754.365,244.488,100.0,0.0,0,0,14.15,DEPLOY,583.99
2085,69.4811,4756.632,245.362,100.0,0.0,0,0,14.0,DEPLOY,580.4
2086,69.5144,4758.907,246.201,100.0,0.0,0,0,13.85,DEPLOY,576.87
2087,69.5477,4761.189,247.001,100.0,0.0,0,0,13.7,DEPLOY,573.39
2088,69.5811,4763.479,247.755,100.0,0.0,0,0,13.56,DEPLOY,569.98
2089,69.6144,4765.776,248.463,100.0,0.0,0,0,13.42,DEPLOY,566.62
2090,69.6477,4768.079,249.121,100.0,0.0,0,0,13.28,DEPLOY,563.31
2091,69.681,4770.388,249.726,100.0,0.0,0,0,13.15,DEPLOY,560.06
2092,69.7144,4772.702,250.273,100.0,0.0,0,0,13.02,DEPLOY,556.86
2093,69.7477,4775.021,250.758,100.0,0.0,0,0,12.89,DEPLOY,553.72
2094,69.781,4777.344,251.175,100.0,0.0,0,0,12.77,DEPLOY,550.63
2095,69.8143,4779.671,251.516,100.0,0.0,0,0,12.64,DEPLOY,547.59
2096,69.8476,4782.0,251.783,100.0,0.0,0,0,12.52,DEPLOY,544.6
2097,69.881,4784.332,251.971,100.0,0.0,0,0,12.4,DEPLOY,541.67
2098,69.9143,4786.665,252.078,100.0,0.0,0,0,12.29,DEPLOY,538.78
2099,69.9476,4788.998,252.1,100.0,0.0,0,0,12.18,DEPLOY,535.94
2100,69.9809,4791.332,252.03,100.0,0.0,0,0,12.07,DEPLOY,533.15
2101,70.0143,4793.664,251.862,100.0,0.0,0,0,11.96,DEPLOY,530.42
2102,70.0476,4795.994,251.6,100.0,0.0,0,0,11.86,DEPLOY,527.73
2103,70.0809,4798.321,251.244,100.0,0.0,0,0,11.76,DEPLOY,525.1
2104,70.1142,4800.645,250.793,100.0,0.0,0,0,11.66,DEPLOY,522.5
2105,70.1476,4802.964,250.246,100.0,0.0,0,0,11.56,DEPLOY,519.96
2106,70.1809,4805.278,249.601,100.0,0.0,0,0,11.47,DEPLOY,517.62
2107,70.2142,4807.585,248.853,100.0,0.0,0,0,11.37,DEPLOY,363.77
2108,70.2475,4809.884,248.011,0.0,100.0,0,0,11.39,REGEN,-350.0
2109,70.2809,4812.176,247.076,0.0,100.0,0,0,11.66,REGEN,-350.0
2110,70.3142,4814.458,246.05,0.0,100.0,0,0,11.93,REGEN,-350.0
2111,70.3475,4816.731,244.938,0.0,100.0,0,0,12.2,REGEN,-350.0
2112,70.3808,4818.993,243.742,0.0,100.0,0,0,12.47,REGEN,-350.0
2113,70.4142,4821.244,242.458,0.0,100.0,0,0,12.73,REGEN,-350.0
2114,70.4475,4823.481,241.069,0.0,100.0,0,0,13.0,REGEN,-350.0
2115,70.4808,4825.705,239.586,0.0,100.0,0,0,13.28,REGEN,-350.0
2116,70.5141,4827.916,238.008,0.0,100.0,0,0,13.56,REGEN,-350.0
2117,70.5475,4830.111,236.339,0.0,100.0,0,0,13.83,REGEN,-350.0
2118,70.5808,4832.29,234.584,0.0,100.0,0,0,14.12,REGEN,-350.0
2119,70.6141,4834.453,232.748,0.0,100.0,0,0,14.4,REGEN,-350.0
2120,70.6474,4836.599,230.837,0.0,100.0,0,0,14.69,REGEN,-350.0
2121,70.6808,4838.727,228.859,0.0,100.0,0,0,14.98,REGEN,-350.0
2122,70.7141,4840.836,226.729,0.0,100.0,0,0,15.27,REGEN,-350.0
2123,70.7474,4842.921,223.702,0.0,100.0,0,0,15.56,REGEN,-350.0
2124,70.7807,4844.977,220.442,0.0,100.0,0,0,15.85,REGEN,-350.0
2125,70.8141,4847.003,217.18,0.0,100.0,0,0,16.14,REGEN,-350.0
2126,70.8474,4848.998,213.98,0.0,100.0,0,0,16.43,REGEN,-350.0
2127,70.8807,4850.965,210.955,0.0,100.0,0,0,16.73,REGEN,-350.0
2128,70.914,4852.904,208.22,0.0,100.0,0,0,17.02,REGEN,-350.0
2129,70.9473,4854.821,205.868,0.0,100.0,0,0,17.31,REGEN,-350.0
2130,70.9807,4856.717,203.957,0.0,100.0,0,0,17.6,REGEN,-350.0
2131,71.014,4858.597,202.337,0.0,100.0,0,0,17.89,REGEN,-350.0
2132,71.0473,4860.462,200.677,0.0,100.0,0,0,18.18,REGEN,-350.0
2133,71.0806,4862.311,198.807,0.0,100.0,0,0,18.47,REGEN,-350.0
2134,71.114,4864.142,196.735,0.0,100.0,0,0,18.77,REGEN,-350.0
2135,71.1473,4865.953,194.563,0.0,100.0,0,0,19.06,REGEN,-350.0
2136,71.1806,4867.745,192.443,0.0,100.0,0,0,19.35,REGEN,-350.0
2137,71.2139,4869.518,190.523,0.0,100.0,0,0,19.64,REGEN,-350.0
2138,71.2473,4871.275,188.897,0.0,100.0,0,0,19.93,REGEN,-350.0
2139,71.2806,4873.017,187.519,0.0,100.0,0,0,20.22,REGEN,-350.0
2140,71.3139,4874.744,185.916,0.0,100.0,0,0,20.52,REGEN,-350.0
2141,71.3472,4876.455,183.871,0.0,100.0,0,0,20.81,REGEN,-350.0
2142,71.3806,4878.145,181.452,0.0,100.0,0,0,21.1,REGEN,-350.0
2143,71.4139,4879.813,178.805,0.0,100.0,0,0,21.39,REGEN,-350.0
2144,71.4472,4881.458,176.073,0.0,100.0,0,0,21.68,REGEN,-350.0
2145,71.4805,4883.075,173.366,0.0,100.0,0,0,21.97,REGEN,-350.0
2146,71.5139,4884.667,170.99,0.0,100.0,0,0,22.27,REGEN,-350.0
2147,71.5472,4886.243,169.586,100.0,100.0,0,0,22.56,REGEN,198.47
2148,71.5805,4887.811,168.9,100.0,0.0,0,0,22.64,DEPLOY,750.0
2149,71.6138,4889.373,168.54,100.0,0.0,0,0,22.35,DEPLOY,750.0
2150,71.6472,4890.931,168.179,100.0,0.0,0,0,22.05,DEPLOY,750.0
2151,71.6805,4892.486,167.82,100.0,0.0,0,0,21.76,DEPLOY,750.0
2152,71.7138,4894.038,167.462,100.0,0.0,0,0,21.47,DEPLOY,750.0
2153,71.7471,4895.587,167.172,100.0,0.0,0,0,21.18,DEPLOY,750.0
2154,71.7805,4897.134,167.123,100.0,0.0,0,0,20.89,DEPLOY,750.0
2155,71.8138,4898.681,167.078,100.0,0.0,0,0,20.6,DEPLOY,750.0
2156,71.8471,4900.227,166.976,100.0,0.0,0,0,20.31,DEPLOY,750.0
2157,71.8804,4901.772,166.842,100.0,0.0,0,0,20.01,DEPLOY,750.0
2158,71.9138,4903.316,166.71,100.0,0.0,0,0,19.72,DEPLOY,750.0
2159,71.9471,4904.858,166.579,100.0,0.0,0,0,19.43,DEPLOY,750.0
2160,71.9804,4906.406,167.443,100.0,0.0,0,0,19.14,DEPLOY,750.0
2161,72.0137,4907.962,168.821,100.0,0.0,0,0,18.85,DEPLOY,750.0
2162,72.047,4909.531,170.402,100.0,0.0,0,0,18.56,DEPLOY,750.0
2163,72.0804,4911.115,171.977,100.0,0.0,0,0,18.26,DEPLOY,750.0
2164,72.1137,4912.716,173.544,100.0,0.0,0,0,17.97,DEPLOY,750.0
2165,72.147,4914.33,175.103,100.0,0.0,0,0,17.68,DEPLOY,750.0
2166,72.1803,4915.957,176.646,100.0,0.0,0,0,17.39,DEPLOY,750.0
2167,72.2137,4917.599,178.146,100.0,0.0,0,0,17.1,DEPLOY,750.0
2168,72.247,4919.253,179.556,100.0,0.0,0,0,16.81,DEPLOY,750.0
2169,72.2803,4920.922,180.889,100.0,0.0,0,0,16.52,DEPLOY,750.0
2170,72.3136,4922.603,182.19,100.0,0.0,0,0,16.22,DEPLOY,750.0
2171,72.347,4924.296,183.473,100.0,0.0,0,0,15.93,DEPLOY,750.0
2172,72.3803,4926.0,184.758,100.0,0.0,0,0,15.64,DEPLOY,750.0
2173,72.4136,4927.716,186.062,100.0,0.0,0,0,15.35,DEPLOY,750.0
2174,72.4469,4929.444,187.395,100.0,0.0,0,0,15.06,DEPLOY,750.0
2175,72.4803,4931.184,188.768,100.0,0.0,0,0,14.77,DEPLOY,750.0
2176,72.5136,4932.939,190.189,100.0,0.0,0,0,14.47,DEPLOY,750.0
2177,72.5469,4934.707,191.659,100.0,0.0,0,0,14.18,DEPLOY,750.0
2178,72.5802,4936.488,193.135,100.0,0.0,0,0,13.89,DEPLOY,750.0
2179,72.6136,4938.283,194.604,100.0,0.0,0,0,13.6,DEPLOY,750.0
2180,72.6469,4940.091,196.065,100.0,0.0,0,0,13.31,DEPLOY,750.0
2181,72.6802,4941.912,197.503,100.0,0.0,0,0,13.02,DEPLOY,750.0
2182,72.7135,4943.747,198.869,100.0,0.0,0,0,12.72,DEPLOY,749.87
2183,72.7469,4945.593,200.136,100.0,0.0,0,0,12.43,DEPLOY,748.55
2184,72.7802,4947.451,201.407,100.0,0.0,0,0,12.14,DEPLOY,743.44
2185,72.8135,4949.321,202.679,100.0,0.0,0,0,11.86,DEPLOY,738.37
2186,72.8468,4951.203,203.95,100.0,0.0,0,0,11.58,DEPLOY,733.32
2187,72.8802,4953.097,205.219,100.0,0.0,0,0,11.3,DEPLOY,728.3
2188,72.9135,4955.003,206.485,100.0,0.0,0,0,11.03,DEPLOY,723.31
2189,72.9468,4956.92,207.745,100.0,0.0,0,0,10.76,DEPLOY,718.35
2190,72.9801,4958.849,209.0,100.0,0.0,0,0,10.5,DEPLOY,713.46
2191,73.0135,4960.79,210.248,100.0,0.0,0,0,10.24,DEPLOY,708.67
2192,73.0468,4962.742,211.488,100.0,0.0,0,0,9.98,DEPLOY,704.01
2193,73.0801,4964.705,212.719,100.0,0.0,0,0,9.73,DEPLOY,699.45
2194,73.1134,4966.68,213.941,100.0,0.0,0,0,9.48,DEPLOY,695.0
2195,73.1467,4968.666,215.154,100.0,0.0,0,0,9.24,DEPLOY,690.65
2196,73.1801,4970.663,216.357,100.0,0.0,0,0,9.0,DEPLOY,686.4
2197,73.2134,4972.671,217.549,100.0,0.0,0,0,8.76,DEPLOY,682.25
2198,73.2467,4974.691,218.73,100.0,0.0,0,0,8.53,DEPLOY,678.19
2199,73.28,4976.721,219.9,100.0,0.0,0,0,8.3,DEPLOY,674.22
2200,73.3134,4978.762,221.059,100.0,0.0,0,0,8.07,DEPLOY,670.34
2201,73.3467,4980.813,222.205,100.0,0.0,0,0,7.84,DEPLOY,666.55
2202,73.38,4982.875,223.34,100.0,0.0,0,0,7.62,DEPLOY,662.83
2203,73.4133,4984.948,224.461,100.0,0.0,0,0,7.41,DEPLOY,659.2
2204,73.4467,4987.03,225.571,100.0,0.0,0,0,7.19,DEPLOY,655.8
2205,73.48,4989.123,226.667,100.0,0.0,0,0,6.98,DEPLOY,652.33
2206,73.5133,4991.226,227.749,100.0,0.0,0,0,6.77,DEPLOY,648.73
2207,73.5466,4993.34,228.817,100.0,0.0,0,0,6.56,DEPLOY,644.99
2208,73.58,4995.463,229.87,100.0,0.0,0,0,6.36,DEPLOY,641.1
2209,73.6133,4997.596,230.907,100.0,0.0,0,0,6.16,DEPLOY,637.05
2210,73.6466,4999.738,231.928,100.0,0.0,0,0,5.96,DEPLOY,632.99
2211,73.6799,5001.89,232.933,100.0,0.0,0,0,5.77,DEPLOY,628.83
2212,73.7133,5004.051,233.921,100.0,0.0,0,0,5.58,DEPLOY,624.59
2213,73.7466,5006.22,234.891,100.0,0.0,0,0,5.39,DEPLOY,620.32
2214,73.7799,5008.399,235.843,100.0,0.0,0,0,5.21,DEPLOY,616.12
2215,73.8132,5010.586,236.777,100.0,0.0,0,0,5.03,DEPLOY,612.0
2216,73.8466,5012.782,237.693,100.0,0.0,0,0,4.86,DEPLOY,607.94
2217,73.8799,5014.987,238.59,100.0,0.0,0,0,4.69,DEPLOY,603.96
2218,73.9132,5017.199,239.469,100.0,0.0,0,0,4.52,DEPLOY,600.05
2219,73.9465,5019.42,240.327,100.0,0.0,0,0,4.35,DEPLOY,596.22
2220,73.9799,5021.648,241.165,100.0,0.0,0,0,4.19,DEPLOY,592.7
2221,74.0132,5023.885,241.984,100.0,0.0,0,0,4.03,DEPLOY,589.67
2222,74.0465,5026.129,242.785,100.0,0.0,0,0,3.88,DEPLOY,587.25
2223,74.0798,5028.38,243.567,100.0,0.0,0,0,3.72,DEPLOY,585.21
2224,74.1132,5030.638,244.332,100.0,0.0,0,0,3.57,DEPLOY,583.2
2225,74.1465,5032.903,245.077,100.0,0.0,0,0,3.42,DEPLOY,581.23
2226,74.1798,5035.174,245.805,100.0,0.0,0,0,3.27,DEPLOY,579.3
2227,74.2131,5037.453,246.512,100.0,0.0,0,0,3.12,DEPLOY,577.4
2228,74.2465,5039.738,247.201,100.0,0.0,0,0,2.97,DEPLOY,575.54
2229,74.2798,5042.03,247.872,100.0,0.0,0,0,2.83,DEPLOY,573.72
2230,74.3131,5044.328,248.525,100.0,0.0,0,0,2.69,DEPLOY,571.93
2231,74.3464,5046.631,249.161,100.0,0.0,0,0,2.54,DEPLOY,570.17
2232,74.3797,5048.94,249.779,100.0,0.0,0,0,2.4,DEPLOY,568.45
2233,74.4131,5051.255,250.38,100.0,0.0,0,0,2.26,DEPLOY,565.94
2234,74.4464,5053.575,250.962,100.0,0.0,0,0,2.13,DEPLOY,563.16
2235,74.4797,5055.901,251.527,100.0,0.0,0,0,1.99,DEPLOY,560.36
2236,74.513,5058.232,252.076,100.0,0.0,0,0,1.86,DEPLOY,557.76
2237,74.5464,5060.568,252.61,100.0,0.0,0,0,1.73,DEPLOY,555.88
2238,74.5797,5062.909,253.129,100.0,0.0,0,0,1.6,DEPLOY,554.43
2239,74.613,5065.254,253.633,100.0,0.0,0,0,1.47,DEPLOY,553.01
2240,74.6463,5067.604,254.123,100.0,0.0,0,0,1.34,DEPLOY,551.62
2241,74.6797,5069.959,254.599,100.0,0.0,0,0,1.22,DEPLOY,550.25
2242,74.713,5072.318,255.063,100.0,0.0,0,0,1.09,DEPLOY,548.91
2243,74.7463,5074.681,255.515,100.0,0.0,0,0,0.97,DEPLOY,547.6
2244,74.7796,5077.048,255.956,100.0,0.0,0,0,0.85,DEPLOY,546.31
2245,74.813,5079.419,256.386,100.0,0.0,0,0,0.73,DEPLOY,545.04
2246,74.8463,5081.795,256.805,100.0,0.0,0,0,0.61,DEPLOY,543.8
2247,74.8796,5084.174,257.214,100.0,0.0,0,0,0.49,DEPLOY,542.58
2248,74.9129,5086.557,257.614,100.0,0.0,0,0,0.37,DEPLOY,541.38
2249,74.9463,5088.943,258.007,100.0,0.0,0,0,0.25,DEPLOY,540.2
2250,74.9796,5091.333,258.391,100.0,0.0,0,0,0.14,DEPLOY,539.05
2251,75.0129,5093.727,258.767,100.0,0.0,0,0,0.03,DEPLOY,537.91
2252,75.0462,5096.124,259.138,100.0,0.0,0,0,0.0,DEPLOY,536.8
2253,75.0796,5098.524,259.502,100.0,0.0,0,0,0.0,DEPLOY,535.71
2254,75.1129,5100.928,259.862,100.0,0.0,0,0,0.0,DEPLOY,534.64
2255,75.1462,5103.335,260.217,100.0,0.0,0,0,0.0,DEPLOY,533.59
2256,75.1795,5105.746,260.568,100.0,0.0,0,0,0.0,DEPLOY,532.56
2257,75.2129,5108.159,260.916,100.0,0.0,0,0,0.0,DEPLOY,531.55
2258,75.2462,5110.576,261.261,100.0,0.0,0,0,0.0,DEPLOY,530.55
2259,75.2795,5112.996,261.605,100.0,0.0,0,0,0.0,DEPLOY,529.58
2260,75.3128,5115.419,261.945,100.0,0.0,0,0,0.0,DEPLOY,528.62
2261,75.3462,5117.845,262.249,100.0,0.0,0,0,0.0,DEPLOY,527.68
2262,75.3795,5120.274,262.508,100.0,0.0,0,0,0.0,DEPLOY,526.76
2263,75.4128,5122.705,262.761,100.0,0.0,0,0,0.0,DEPLOY,525.85
2264,75.4461,5125.139,263.01,100.0,0.0,0,0,0.0,DEPLOY,524.96
2265,75.4794,5127.574,263.254,100.0,0.0,0,0,0.0,DEPLOY,524.09
2266,75.5128,5130.013,263.494,100.0,0.0,0,0,0.0,DEPLOY,523.24
2267,75.5461,5132.453,263.729,100.0,0.0,0,0,0.0,DEPLOY,522.4
2268,75.5794,5134.895,263.96,100.0,0.0,0,0,0.0,DEPLOY,521.57
2269,75.6127,5137.339,264.187,100.0,0.0,0,0,0.0,DEPLOY,520.76
2270,75.6461,5139.786,264.409,100.0,0.0,0,0,0.0,DEPLOY,519.97
2271,75.6794,5142.235,264.77,100.0,0.0,0,0,0.0,DEPLOY,518.68
2272,75.7127,5144.689,265.396,100.0,0.0,0,0,0.0,DEPLOY,516.44
2273,75.746,5147.148,266.097,100.0,0.0,0,0,0.0,DEPLOY,513.94
2274,75.7794,5149.615,266.785,100.0,0.0,0,0,0.0,DEPLOY,511.39
2275,75.8127,5152.087,267.26,100.0,0.0,0,0,0.0,DEPLOY,508.94
2276,75.846,5154.563,267.645,100.0,0.0,0,0,0.0,DEPLOY,506.86
2277,75.8793,5157.042,268.035,100.0,0.0,0,0,0.0,DEPLOY,505.95
2278,75.9127,5159.525,268.415,100.0,0.0,0,0,0.0,DEPLOY,505.42
2279,75.946,5162.011,268.625,100.0,0.0,0,0,0.0,DEPLOY,504.91
2280,75.9793,5164.498,268.766,100.0,0.0,0,0,0.0,DEPLOY,504.41
2281,76.0126,5166.986,268.904,100.0,0.0,0,0,0.0,DEPLOY,503.91
2282,76.046,5169.476,269.04,100.0,0.0,0,0,0.0,DEPLOY,503.43
2283,76.0793,5171.967,269.173,100.0,0.0,0,0,0.0,DEPLOY,502.95
2284,76.1126,5174.459,269.304,100.0,0.0,0,0,0.0,DEPLOY,502.48
2285,76.1459,5176.954,269.722,100.0,0.0,0,0,0.0,DEPLOY,500.99
2286,76.1793,5179.454,270.372,100.0,0.0,0,0,0.0,DEPLOY,498.76
2287,76.2126,5181.96,271.026,100.0,0.0,0,0,0.0,DEPLOY,496.58
2288,76.2459,5184.471,271.671,100.0,0.0,0,0,0.0,DEPLOY,494.43
2289,76.2792,5186.989,272.308,100.0,0.0,0,0,0.0,DEPLOY,492.3
2290,76.3126,5189.513,272.937,100.0,0.0,0,0,0.0,DEPLOY,490.21
2291,76.3459,5192.042,273.557,100.0,0.0,0,0,0.0,DEPLOY,488.14
2292,76.3792,5194.577,274.168,100.0,0.0,0,0,0.0,DEPLOY,486.1
2293,76.4125,5197.118,274.772,100.0,0.0,0,0,0.0,DEPLOY,484.09
2294,76.4459,5199.664,275.367,100.0,0.0,0,0,0.0,DEPLOY,482.11
2295,76.4792,5202.216,275.955,100.0,0.0,0,0,0.0,DEPLOY,480.15
2296,76.5125,5204.773,276.535,100.0,0.0,0,0,0.0,DEPLOY,478.22
2297,76.5458,5207.335,277.053,100.0,0.0,0,0,0.0,DEPLOY,476.31
2298,76.5791,5209.902,277.546,100.0,0.0,0,0,0.0,DEPLOY,474.43
2299,76.6125,5212.474,278.04,100.0,0.0,0,0,0.0,DEPLOY,472.57
2300,76.6458,5215.049,278.535,100.0,0.0,0,0,0.0,DEPLOY,470.74
2301,76.6791,5217.63,279.029,100.0,0.0,0,0,0.0,DEPLOY,468.93
2302,76.7124,5220.215,279.523,100.0,0.0,0,0,0.0,DEPLOY,467.15
2303,76.7458,5222.805,280.016,100.0,0.0,0,0,0.0,DEPLOY,465.39
2304,76.7791,5225.399,280.508,100.0,0.0,0,0,0.0,DEPLOY,463.65
2305,76.8124,5227.998,280.997,100.0,0.0,0,0,0.0,DEPLOY,461.94
2306,76.8457,5230.602,281.485,100.0,0.0,0,0,0.0,DEPLOY,460.24
2307,76.8791,5233.209,281.969,100.0,0.0,0,0,0.0,DEPLOY,458.57
2308,76.9124,5235.822,282.451,100.0,0.0,0,0,0.0,DEPLOY,456.92
2309,76.9457,5238.439,282.929,100.0,0.0,0,0,0.0,DEPLOY,455.3
2310,76.979,5241.06,283.404,100.0,0.0,0,0,0.0,DEPLOY,453.69
2311,77.0124,5243.685,283.875,100.0,0.0,0,0,0.0,DEPLOY,452.1
2312,77.0457,5246.315,284.342,100.0,0.0,0,0,0.0,DEPLOY,450.54
2313,77.079,5248.949,284.804,100.0,0.0,0,0,0.0,DEPLOY,448.99
2314,77.1123,5251.588,285.262,100.0,0.0,0,0,0.0,DEPLOY,447.46
2315,77.1457,5254.231,285.716,100.0,0.0,0,0,0.0,DEPLOY,445.95
2316,77.179,5256.878,286.165,100.0,0.0,0,0,0.0,DEPLOY,444.46
2317,77.2123,5259.529,286.609,100.0,0.0,0,0,0.0,DEPLOY,442.99
2318,77.2456,5262.184,287.048,100.0,0.0,0,0,0.0,DEPLOY,441.54
2319,77.279,5264.843,287.483,100.0,0.0,0,0,0.0,DEPLOY,440.11
2320,77.3123,5267.506,287.913,100.0,0.0,0,0,0.0,DEPLOY,438.69
2321,77.3456,5270.173,288.337,100.0,0.0,0,0,0.0,DEPLOY,437.29
2322,77.3789,5272.844,288.757,100.0,0.0,0,0,0.0,DEPLOY,435.91
2323,77.4123,5275.519,289.172,100.0,0.0,0,0,0.0,DEPLOY,434.55
2324,77.4456,5278.198,289.582,100.0,0.0,0,0,0.0,DEPLOY,433.2
2325,77.4789,5280.88,289.987,100.0,0.0,0,0,0.0,DEPLOY,431.87
2326,77.5122,5283.566,290.387,100.0,0.0,0,0,0.0,DEPLOY,430.55
2327,77.5456,5286.256,290.782,100.0,0.0,0,0,0.0,DEPLOY,429.26
2328,77.5789,5288.95,291.173,100.0,0.0,0,0,0.0,DEPLOY,427.97
2329,77.6122,5291.647,291.559,100.0,0.0,0,0,0.0,DEPLOY,426.71
2330,77.6455,5294.347,291.94,100.0,0.0,0,0,0.0,DEPLOY,425.46
2331,77.6788,5297.052,292.317,100.0,0.0,0,0,0.0,DEPLOY,424.22
2332,77.7122,5299.759,292.689,100.0,0.0,0,0,0.0,DEPLOY,423.0
2333,77.7455,5302.47,293.057,100.0,0.0,0,0,0.0,DEPLOY,421.8
2334,77.7788,5305.185,293.421,100.0,0.0,0,0,0.0,DEPLOY,420.6
2335,77.8121,5307.903,293.78,100.0,0.0,0,0,0.0,DEPLOY,419.43
2336,77.8455,5310.624,294.135,100.0,0.0,0,0,0.0,DEPLOY,418.27
2337,77.8788,5313.348,294.486,100.0,0.0,0,0,0.0,DEPLOY,417.12
2338,77.9121,5316.076,294.832,100.0,0.0,0,0,0.0,DEPLOY,415.98
2339,77.9454,5318.806,295.175,100.0,0.0,0,0,0.0,DEPLOY,414.86
2340,77.9788,5321.54,295.514,100.0,0.0,0,0,0.0,DEPLOY,413.76
2341,78.0121,5324.277,295.849,100.0,0.0,0,0,0.0,DEPLOY,412.66
2342,78.0454,5327.017,296.18,100.0,0.0,0,0,0.0,DEPLOY,411.58
2343,78.0787,5329.761,296.507,100.0,0.0,0,0,0.0,DEPLOY,410.51
2344,78.1121,5332.507,296.831,100.0,0.0,0,0,0.0,DEPLOY,409.46
2345,78.1454,5335.256,297.152,100.0,0.0,0,0,0.0,DEPLOY,408.42
2346,78.1787,5338.008,297.468,100.0,0.0,0,0,0.0,DEPLOY,407.39
2347,78.212,5340.763,297.782,100.0,0.0,0,0,0.0,DEPLOY,406.37
2348,78.2454,5343.521,298.092,100.0,0.0,0,0,0.0,DEPLOY,405.36
2349,78.2787,5346.282,298.399,100.0,0.0,0,0,0.0,DEPLOY,404.37
2350,78.312,5349.045,298.704,100.0,0.0,0,0,0.0,DEPLOY,403.39
2351,78.3453,5351.812,299.005,100.0,0.0,0,0,0.0,DEPLOY,402.42
2352,78.3787,5354.581,299.303,100.0,0.0,0,0,0.0,DEPLOY,401.46
2353,78.412,5357.353,299.598,100.0,0.0,0,0,0.0,DEPLOY,400.52
2354,78.4453,5360.128,299.891,100.0,0.0,0,0,0.0,DEPLOY,400.0
2355,78.4786,5362.905,300.181,100.0,0.0,0,0,0.0,DEPLOY,400.0
2356,78.512,5365.685,300.468,100.0,0.0,0,0,0.0,DEPLOY,400.0
2357,78.5453,5368.468,300.753,100.0,0.0,0,0,0.0,DEPLOY,400.0
2358,78.5786,5371.253,301.035,100.0,0.0,0,0,0.0,DEPLOY,400.0
2359,78.6119,5374.041,301.315,100.0,0.0,0,0,0.0,DEPLOY,400.0
2360,78.6453,5376.831,301.593,100.0,0.0,0,0,0.0,DEPLOY,400.0
2361,78.6786,5379.624,301.869,100.0,0.0,0,0,0.0,DEPLOY,400.0
2362,78.7119,5382.42,302.142,100.0,0.0,0,0,0.0,DEPLOY,400.0
2363,78.7452,5385.218,302.414,100.0,0.0,0,0,0.0,DEPLOY,400.0
2364,78.7785,5388.019,302.683,100.0,0.0,0,0,0.0,DEPLOY,400.0
2365,78.8119,5390.822,302.95,100.0,0.0,0,0,0.0,DEPLOY,400.0
2366,78.8452,5393.627,303.216,100.0,0.0,0,0,0.0,DEPLOY,400.0
2367,78.8785,5396.435,303.48,100.0,0.0,0,0,0.0,DEPLOY,400.0
2368,78.9118,5399.246,303.742,100.0,0.0,0,0,0.0,DEPLOY,400.0
2369,78.9452,5402.059,304.002,100.0,0.0,0,0,0.0,DEPLOY,400.0
2370,78.9785,5404.874,304.26,100.0,0.0,0,0,0.0,DEPLOY,400.0
2371,79.0118,5407.692,304.517,100.0,0.0,0,0,0.0,DEPLOY,400.0
2372,79.0451,5410.512,304.772,100.0,0.0,0,0,0.0,DEPLOY,400.0
2373,79.0785,5413.334,305.025,100.0,0.0,0,0,0.0,DEPLOY,400.0
2374,79.1118,5416.159,305.277,100.0,0.0,0,0,0.0,DEPLOY,400.0
2375,79.1451,5418.986,305.528,100.0,0.0,0,0,0.0,DEPLOY,400.0
2376,79.1784,5421.815,305.777,100.0,0.0,0,0,0.0,DEPLOY,400.0
2377,79.2118,5424.647,306.024,100.0,0.0,0,0,0.0,DEPLOY,400.0
2378,79.2451,5427.481,306.27,100.0,0.0,0,0,0.0,DEPLOY,400.0
2379,79.2784,5430.317,306.514,100.0,0.0,0,0,0.0,DEPLOY,400.0
2380,79.3117,5433.155,306.757,100.0,0.0,0,0,0.0,DEPLOY,400.0
2381,79.3451,5435.996,306.999,100.0,0.0,0,0,0.0,DEPLOY,400.0
2382,79.3784,5438.839,307.239,100.0,0.0,0,0,0.0,DEPLOY,400.0
2383,79.4117,5441.684,307.478,100.0,0.0,0,0,0.0,DEPLOY,400.0
2384,79.445,5444.531,307.716,100.0,0.0,0,0,0.0,DEPLOY,400.0
2385,79.4784,5447.381,307.952,100.0,0.0,0,0,0.0,DEPLOY,400.0
2386,79.5117,5450.233,308.187,100.0,0.0,0,0,0.0,DEPLOY,400.0
2387,79.545,5453.086,308.42,100.0,0.0,0,0,0.0,DEPLOY,400.0
2388,79.5783,5455.943,308.652,100.0,0.0,0,0,0.0,DEPLOY,400.0
2389,79.6117,5458.801,308.883,100.0,0.0,0,0,0.0,DEPLOY,400.0
2390,79.645,5461.661,309.113,100.0,0.0,0,0,0.0,DEPLOY,400.0
2391,79.6783,5464.523,309.341,100.0,0.0,0,0,0.0,DEPLOY,400.0
2392,79.7116,5467.388,309.568,100.0,0.0,0,0,0.0,DEPLOY,400.0
2393,79.745,5470.255,309.794,100.0,0.0,0,0,0.0,DEPLOY,400.0
2394,79.7783,5473.123,310.018,100.0,0.0,0,0,0.0,DEPLOY,400.0
2395,79.8116,5475.994,310.241,100.0,0.0,0,0,0.0,DEPLOY,400.0
2396,79.8449,5478.867,310.463,100.0,0.0,0,0,0.0,DEPLOY,400.0
2397,79.8783,5481.742,310.684,100.0,0.0,0,0,0.0,DEPLOY,400.0
2398,79.9116,5484.619,310.903,100.0,0.0,0,0,0.0,DEPLOY,400.0
2399,79.9449,5487.498,311.122,100.0,0.0,0,0,0.0,DEPLOY,400.0
2400,79.9782,5490.379,311.339,100.0,0.0,0,0,0.0,DEPLOY,400.0
2401,80.0115,5493.262,311.555,100.0,0.0,0,0,0.0,DEPLOY,400.0
2402,80.0449,5496.147,311.769,100.0,0.0,0,0,0.0,DEPLOY,400.0
2403,80.0782,5499.034,311.983,100.0,0.0,0,0,0.0,DEPLOY,400.0
2404,80.1115,5501.923,312.195,100.0,0.0,0,0,0.0,DEPLOY,400.0
2405,80.1448,5504.813,312.406,100.0,0.0,0,0,0.0,DEPLOY,400.0
2406,80.1782,5507.706,312.616,100.0,0.0,0,0,0.0,DEPLOY,400.0
2407,80.2115,5510.601,312.825,100.0,0.0,0,0,0.0,DEPLOY,400.0
2408,80.2448,5513.498,313.032,100.0,0.0,0,0,0.0,DEPLOY,400.0
2409,80.2781,5516.396,313.239,100.0,0.0,0,0,0.0,DEPLOY,400.0
2410,80.3115,5519.297,313.444,100.0,0.0,0,0,0.0,DEPLOY,400.0
2411,80.3448,5522.199,313.648,100.0,0.0,0,0,0.0,DEPLOY,400.0
2412,80.3781,5525.104,313.851,100.0,0.0,0,0,0.0,DEPLOY,400.0
2413,80.4114,5528.01,314.053,100.0,0.0,0,0,0.0,DEPLOY,400.0
2414,80.4448,5530.918,314.254,100.0,0.0,0,0,0.0,DEPLOY,400.0
2415,80.4781,5533.828,314.453,100.0,0.0,0,0,0.0,DEPLOY,400.0
2416,80.5114,5536.739,314.652,100.0,0.0,0,0,0.0,DEPLOY,400.0
2417,80.5447,5539.653,314.849,100.0,0.0,0,0,0.0,DEPLOY,400.0
2418,80.5781,5542.568,315.046,100.0,0.0,0,0,0.0,DEPLOY,400.0
2419,80.6114,5545.486,315.241,100.0,0.0,0,0,0.0,DEPLOY,400.0
2420,80.6447,5548.405,315.435,100.0,0.0,0,0,0.0,DEPLOY,400.0
2421,80.678,5551.325,315.628,100.0,0.0,0,0,0.0,DEPLOY,400.0
2422,80.7114,5554.248,315.82,100.0,0.0,0,0,0.0,DEPLOY,400.0
2423,80.7447,5557.172,316.011,100.0,0.0,0,0,0.0,DEPLOY,400.0
2424,80.778,5560.098,316.201,100.0,0.0,0,0,0.0,DEPLOY,400.0
2425,80.8113,5563.026,316.39,100.0,0.0,0,0,0.0,DEPLOY,400.0
2426,80.8447,5565.956,316.578,100.0,0.0,0,0,0.0,DEPLOY,400.0
2427,80.878,5568.887,316.764,100.0,0.0,0,0,0.0,DEPLOY,400.0
2428,80.9113,5571.82,316.95,100.0,0.0,0,0,0.0,DEPLOY,400.0
2429,80.9446,5574.755,317.135,100.0,0.0,0,0,0.0,DEPLOY,400.0
2430,80.978,5577.692,317.318,100.0,0.0,0,0,0.0,DEPLOY,400.0
2431,81.0113,5580.63,317.501,100.0,0.0,0,0,0.0,DEPLOY,400.0
2432,81.0446,5583.57,317.683,100.0,0.0,0,0,0.0,DEPLOY,400.0
2433,81.0779,5586.511,317.863,100.0,0.0,0,0,0.0,DEPLOY,400.0
2434,81.1112,5589.454,318.043,100.0,0.0,0,0,0.0,DEPLOY,400.0
2435,81.1446,5592.399,318.221,100.0,0.0,0,0,0.0,DEPLOY,400.0
2436,81.1779,5595.346,318.399,100.0,0.0,0,0,0.0,DEPLOY,400.0
2437,81.2112,5598.294,318.576,100.0,0.0,0,0,0.0,DEPLOY,400.0
2438,81.2445,5601.244,318.751,100.0,0.0,0,0,0.0,DEPLOY,400.0
2439,81.2779,5604.195,318.926,100.0,0.0,0,0,0.0,DEPLOY,400.0
2440,81.3112,5607.148,319.1,100.0,0.0,0,0,0.0,DEPLOY,400.0
2441,81.3445,5610.103,319.272,100.0,0.0,0,0,0.0,DEPLOY,400.0
2442,81.3778,5613.059,319.444,100.0,0.0,0,0,0.0,DEPLOY,400.0
2443,81.4112,5616.017,319.615,100.0,0.0,0,0,0.0,DEPLOY,400.0
2444,81.4445,5618.976,319.785,100.0,0.0,0,0,0.0,DEPLOY,400.0
2445,81.4778,5621.937,319.954,100.0,0.0,0,0,0.0,DEPLOY,400.0
2446,81.5111,5624.9,320.122,100.0,0.0,0,0,0.0,DEPLOY,400.0
2447,81.5445,5627.864,320.289,100.0,0.0,0,0,0.0,DEPLOY,400.0
2448,81.5778,5630.829,320.455,100.0,0.0,0,0,0.0,DEPLOY,400.0
2449,81.6111,5633.796,320.621,100.0,0.0,0,0,0.0,DEPLOY,400.0
2450,81.6444,5636.765,320.785,100.0,0.0,0,0,0.0,DEPLOY,400.0
2451,81.6778,5639.735,320.948,100.0,0.0,0,0,0.0,DEPLOY,400.0
2452,81.7111,5642.707,321.111,100.0,0.0,0,0,0.0,DEPLOY,400.0
2453,81.7444,5645.68,321.273,100.0,0.0,0,0,0.0,DEPLOY,400.0
2454,81.7777,5648.655,321.433,100.0,0.0,0,0,0.0,DEPLOY,400.0
2455,81.8111,5651.631,321.593,100.0,0.0,0,0,0.0,DEPLOY,400.0
2456,81.8444,5654.609,321.752,100.0,0.0,0,0,0.0,DEPLOY,400.0
2457,81.8777,5657.588,321.91,100.0,0.0,0,0,0.0,DEPLOY,400.0
2458,81.911,5660.568,322.067,100.0,0.0,0,0,0.0,DEPLOY,400.0
2459,81.9444,5663.55,322.224,100.0,0.0,0,0,0.0,DEPLOY,400.0
2460,81.9777,5666.534,322.379,100.0,0.0,0,0,0.0,DEPLOY,400.0
2461,82.011,5669.519,322.534,100.0,0.0,0,0,0.0,DEPLOY,400.0
2462,82.0443,5672.505,322.688,100.0,0.0,0,0,0.0,DEPLOY,400.0
2463,82.0777,5675.493,322.84,100.0,0.0,0,0,0.0,DEPLOY,400.0
2464,82.111,5678.482,322.993,100.0,0.0,0,0,0.0,DEPLOY,400.0
2465,82.1443,5681.472,323.144,100.0,0.0,0,0,0.0,DEPLOY,400.0
2466,82.1776,5684.464,323.294,100.0,0.0,0,0,0.0,DEPLOY,400.0
2467,82.2109,5687.458,323.444,100.0,0.0,0,0,0.0,DEPLOY,400.0
2468,82.2443,5690.452,323.592,100.0,0.0,0,0,0.0,DEPLOY,400.0
2469,82.2776,5693.448,323.74,100.0,0.0,0,0,0.0,DEPLOY,400.0
2470,82.3109,5696.446,323.887,100.0,0.0,0,0,0.0,DEPLOY,400.0
2471,82.3442,5699.445,324.034,100.0,0.0,0,0,0.0,DEPLOY,400.0
2472,82.3776,5702.445,324.179,100.0,0.0,0,0,0.0,DEPLOY,400.0
2473,82.4109,5705.446,324.324,100.0,0.0,0,0,0.0,DEPLOY,400.0
2474,82.4442,5708.449,324.468,100.0,0.0,0,0,0.0,DEPLOY,400.0
2475,82.4775,5711.453,324.611,100.0,0.0,0,0,0.0,DEPLOY,400.0
2476,82.5109,5714.459,324.753,100.0,0.0,0,0,0.0,DEPLOY,400.0
2477,82.5442,5717.466,324.895,100.0,0.0,0,0,0.0,DEPLOY,400.0
2478,82.5775,5720.474,325.035,100.0,0.0,0,0,0.0,DEPLOY,400.0
2479,82.6108,5723.483,325.175,100.0,0.0,0,0,0.0,DEPLOY,400.0
2480,82.6442,5726.494,325.315,100.0,0.0,0,0,0.0,DEPLOY,400.0
2481,82.6775,5729.506,325.453,100.0,0.0,0,0,0.0,DEPLOY,400.0
2482,82.7108,5732.519,325.591,100.0,0.0,0,0,0.0,DEPLOY,400.0
2483,82.7441,5735.534,325.727,100.0,0.0,0,0,0.0,DEPLOY,400.0
2484,82.7775,5738.55,325.864,100.0,0.0,0,0,0.0,DEPLOY,400.0
2485,82.8108,5741.567,325.999,100.0,0.0,0,0,0.0,DEPLOY,400.0
2486,82.8441,5744.585,326.134,100.0,0.0,0,0,0.0,DEPLOY,400.0
2487,82.8774,5747.605,326.268,100.0,0.0,0,0,0.0,DEPLOY,400.0
2488,82.9108,5750.625,326.401,100.0,0.0,0,0,0.0,DEPLOY,400.0
2489,82.9441,5753.647,326.533,100.0,0.0,0,0,0.0,DEPLOY,400.0
2490,82.9774,5756.671,326.665,100.0,0.0,0,0,0.0,DEPLOY,400.0
2491,83.0107,5759.695,326.796,100.0,0.0,0,0,0.0,DEPLOY,400.0
2492,83.0441,5762.721,326.926,100.0,0.0,0,0,0.0,DEPLOY,400.0
2493,83.0774,5765.748,327.055,100.0,0.0,0,0,0.0,DEPLOY,400.0
2494,83.1107,5768.776,327.184,100.0,0.0,0,0,0.0,DEPLOY,400.0
2495,83.144,5771.805,327.312,100.0,0.0,0,0,0.0,NORMAL,400.0
2496,83.1774,5774.835,327.44,100.0,0.0,0,0,0.0,NORMAL,400.0
2497,83.2107,5777.867,327.566,100.0,0.0,0,0,0.0,NORMAL,400.0
2498,83.244,5780.9,327.692,100.0,0.0,0,0,0.0,NORMAL,400.0
2499,83.2773,5783.934,327.817,100.0,0.0,0,0,0.0,NORMAL,400.0
2500,83.3106,5786.969,327.942,100.0,0.0,0,0,0.0,NORMAL,400.0
2501,83.344,5790.005,328.065,100.0,0.0,0,0,0.0,NORMAL,400.0
2502,83.3773,5793.042,328.188,100.0,0.0,0,0,0.0,NORMAL,400.0
2503,83.4106,5796.081,328.311,100.0,0.0,0,0,0.0,NORMAL,400.0
2504,83.4439,5799.121,328.432,100.0,0.0,0,0,0.0,NORMAL,400.0
2505,83.4773,5802.161,328.553,100.0,0.0,0,0,0.0,NORMAL,400.0
2506,83.5106,5805.203,328.673,100.0,0.0,0,0,0.0,NORMAL,400.0
2507,83.5439,5808.246,328.792,100.0,0.0,0,0,0.0,NORMAL,400.0
2508,83.5772,5811.29,328.91,100.0,0.0,0,0,0.0,NORMAL,400.0
2509,83.6106,5814.336,329.027,100.0,0.0,0,0,0.0,NORMAL,400.0
2510,83.6439,5817.382,329.144,100.0,0.0,0,0,0.0,NORMAL,400.0
2511,83.6772,5820.429,329.259,100.0,0.0,0,0,0.0,NORMAL,400.0
2512,83.7105,5823.477,329.374,100.0,0.0,0,0,0.0,NORMAL,400.0
2513,83.7439,5826.527,329.487,100.0,0.0,0,0,0.0,NORMAL,400.0
2514,83.7772,5829.577,329.6,100.0,0.0,0,0,0.0,NORMAL,400.0
2515,83.8105,5832.629,329.711,100.0,0.0,0,0,0.0,NORMAL,400.0
2516,83.8438,5835.682,329.821,100.0,0.0,0,0,0.0,NORMAL,400.0
2517,83.8772,5838.735,329.929,100.0,0.0,0,0,0.0,NORMAL,400.0
2518,83.9105,5841.79,330.037,100.0,0.0,0,0,0.0,NORMAL,400.0
2519,83.9438,5844.845,330.142,100.0,0.0,0,0,0.0,NORMAL,400.0
2520,83.9771,5847.902,330.246,100.0,0.0,0,0,0.0,NORMAL,400.0
2521,84.0105,5850.959,330.349,100.0,0.0,0,0,0.0,NORMAL,400.0
2522,84.0438,5854.018,330.449,100.0,0.0,0,0,0.0,NORMAL,400.0
2523,84.0771,5857.077,330.548,100.0,0.0,0,0,0.0,NORMAL,400.0
2524,84.1104,5860.137,330.644,100.0,0.0,0,0,0.0,NORMAL,400.0
2525,84.1438,5863.198,330.738,100.0,0.0,0,0,0.0,NORMAL,400.0
2526,84.1771,5866.26,330.83,100.0,0.0,0,0,0.0,NORMAL,400.0
2527,84.2104,5869.323,330.919,100.0,0.0,0,0,0.0,NORMAL,400.0
2528,84.2437,5872.387,331.006,100.0,0.0,0,0,0.0,NORMAL,400.0
2529,84.2771,5875.451,331.09,100.0,0.0,0,0,0.0,NORMAL,400.0
2530,84.3104,5878.516,331.171,100.0,0.0,0,0,0.0,NORMAL,400.0
2531,84.3437,5881.582,331.249,100.0,0.0,0,0,0.0,NORMAL,400.0
2532,84.377,5884.649,331.324,100.0,0.0,0,0,0.0,NORMAL,400.0
2533,84.4103,5887.716,331.396,100.0,0.0,0,0,0.0,NORMAL,400.0
2534,84.4437,5890.784,331.464,100.0,0.0,0,0,0.0,NORMAL,400.0
2535,84.477,5893.853,331.53,100.0,0.0,0,0,0.0,NORMAL,400.0
2536,84.5103,5896.922,331.591,100.0,0.0,0,0,0.0,NORMAL,400.0
2537,84.5436,5899.992,331.649,100.0,0.0,0,0,0.0,NORMAL,400.0
2538,84.577,5903.062,331.704,100.0,0.0,0,0,0.0,NORMAL,400.0
2539,84.6103,5906.133,331.755,100.0,0.0,0,0,0.0,NORMAL,377.16
2540,84.6436,5909.204,331.803,100.0,0.0,0,0,0.03,SUPERCLIP,335.0
2541,84.6769,5912.275,331.847,100.0,0.0,0,0,0.09,SUPERCLIP,335.0
2542,84.7103,5915.347,331.888,100.0,0.0,0,0,0.14,SUPERCLIP,335.0
2543,84.7436,5918.42,331.925,100.0,0.0,0,0,0.19,SUPERCLIP,335.0
2544,84.7769,5921.493,331.959,100.0,0.0,0,0,0.25,SUPERCLIP,335.0
2545,84.8102,5924.566,331.99,100.0,0.0,0,0,0.3,SUPERCLIP,335.0
2546,84.8436,5927.639,332.018,100.0,0.0,0,0,0.36,SUPERCLIP,335.0
2547,84.8769,5930.712,332.042,100.0,0.0,0,0,0.41,SUPERCLIP,335.0
2548,84.9102,5933.786,332.064,100.0,0.0,0,0,0.46,SUPERCLIP,335.0
2549,84.9435,5936.86,332.083,100.0,0.0,0,0,0.52,SUPERCLIP,335.0
2550,84.9769,5939.934,332.099,100.0,0.0,0,0,0.57,SUPERCLIP,335.0
2551,85.0102,5943.008,332.113,100.0,0.0,0,0,0.63,SUPERCLIP,335.0
2552,85.0435,5946.083,332.124,100.0,0.0,0,0,0.68,SUPERCLIP,335.0
2553,85.0768,5949.157,332.133,100.0,0.0,0,0,0.73,SUPERCLIP,335.0
2554,85.1102,5952.232,332.141,100.0,0.0,0,0,0.79,SUPERCLIP,335.0
2555,85.1435,5955.306,332.146,100.0,0.0,0,0,0.84,SUPERCLIP,335.0
2556,85.1768,5958.381,332.15,100.0,0.0,0,0,0.9,SUPERCLIP,335.0
2557,85.2101,5961.455,332.152,100.0,0.0,0,0,0.95,SUPERCLIP,335.0
2558,85.2435,5964.53,332.153,100.0,0.0,0,0,1.01,SUPERCLIP,335.0
2559,85.2768,5967.605,332.153,100.0,0.0,0,0,1.06,SUPERCLIP,335.0
2560,85.3101,5970.679,332.151,100.0,0.0,0,0,1.11,SUPERCLIP,335.0
2561,85.3434,5973.754,332.148,100.0,0.0,0,0,1.17,SUPERCLIP,335.0
2562,85.3768,5976.829,332.145,100.0,0.0,0,0,1.22,SUPERCLIP,335.0
2563,85.4101,5979.903,332.141,100.0,0.0,0,0,1.28,SUPERCLIP,335.0
2564,85.4434,5982.978,332.136,100.0,0.0,0,0,1.33,SUPERCLIP,335.0
2565,85.4767,5986.052,332.13,100.0,0.0,0,0,1.38,SUPERCLIP,335.0
2566,85.5101,5989.127,332.124,100.0,0.0,0,0,1.44,SUPERCLIP,335.0
2567,85.5434,5992.201,332.118,100.0,0.0,0,0,1.49,SUPERCLIP,335.0
2568,85.5767,5995.275,332.111,100.0,0.0,0,0,1.55,SUPERCLIP,335.0
2569,85.61,5998.349,332.104,100.0,0.0,0,0,1.6,SUPERCLIP,335.0
2570,85.6433,6001.424,332.097,100.0,0.0,0,0,1.66,SUPERCLIP,335.0
2571,85.6767,6004.498,332.088,100.0,0.0,0,0,1.71,SUPERCLIP,335.0
2572,85.71,6007.572,332.079,100.0,0.0,0,0,1.76,SUPERCLIP,335.0
2573,85.7433,6010.646,332.07,100.0,0.0,0,0,1.82,SUPERCLIP,335.0
2574,85.7766,6013.719,332.062,100.0,0.0,0,0,1.87,SUPERCLIP,335.0
2575,85.81,6016.793,332.053,100.0,0.0,0,0,1.93,SUPERCLIP,335.0
2576,85.8433,6019.867,332.044,100.0,0.0,0,0,1.98,SUPERCLIP,335.0
2577,85.8766,6022.941,332.036,100.0,0.0,0,0,2.03,SUPERCLIP,335.0
2578,85.9099,6026.014,332.027,100.0,0.0,0,0,2.09,SUPERCLIP,335.0
2579,85.9433,6029.087,332.019,100.0,0.0,0,0,2.14,SUPERCLIP,335.0
2580,85.9766,6032.161,332.01,100.0,0.0,0,0,2.2,SUPERCLIP,335.0
2581,86.0099,6035.234,332.002,100.0,0.0,0,0,2.25,SUPERCLIP,335.0
2582,86.0432,6038.307,331.993,100.0,0.0,0,0,2.3,SUPERCLIP,335.0
2583,86.0766,6041.38,331.985,100.0,0.0,0,0,2.36,SUPERCLIP,335.0
2584,86.1099,6044.454,331.976,100.0,0.0,0,0,2.41,SUPERCLIP,335.0
2585,86.1432,6047.527,331.968,100.0,0.0,0,0,2.47,SUPERCLIP,335.0
2586,86.1765,6050.599,331.96,100.0,0.0,0,0,2.52,SUPERCLIP,335.0
2587,86.2099,6053.672,331.952,100.0,0.0,0,0,2.58,SUPERCLIP,335.0
2588,86.2432,6056.745,331.944,100.0,0.0,0,0,2.63,SUPERCLIP,335.0
2589,86.2765,6059.818,331.935,100.0,0.0,0,0,2.68,SUPERCLIP,335.0
2590,86.3098,6062.89,331.927,100.0,0.0,0,0,2.74,SUPERCLIP,335.0
2591,86.3432,6065.963,331.919,100.0,0.0,0,0,2.79,SUPERCLIP,335.0
2592,86.3765,6069.035,331.911,0.0,0.0,0,0,2.85,SUPERCLIP,-203.58
2593,86.4098,6072.108,331.91,0.0,100.0,0,0,3.1,REGEN,-350.0
2594,86.4431,6075.18,331.91,0.0,100.0,0,0,3.4,REGEN,-350.0
2595,86.4765,6078.252,331.91,0.0,100.0,0,0,3.69,REGEN,-350.0
2596,86.5098,6081.325,331.91,100.0,100.0,0,0,3.98,REGEN,287.27
2597,86.5431,6084.397,331.903,100.0,0.0,0,0,4.04,SUPERCLIP,335.0
2598,86.5764,6087.47,331.895,100.0,0.0,0,0,4.1,SUPERCLIP,335.0
2599,86.6098,6090.542,331.887,100.0,0.0,0,0,4.15,SUPERCLIP,335.0
2600,86.6431,6093.614,331.879,0.0,100.0,0,0,4.22,REGEN,-350.0
2601,86.6764,6096.686,331.879,0.0,100.0,0,0,4.51,REGEN,-350.0
2602,86.7097,6099.758,331.879,0.0,100.0,0,0,4.8,REGEN,-350.0
2603,86.743,6102.83,331.879,0.0,100.0,0,0,5.09,REGEN,-350.0
2604,86.7764,6105.902,331.879,0.0,100.0,0,0,5.38,REGEN,-350.0
2605,86.8097,6108.975,331.879,100.0,100.0,0,0,5.68,REGEN,166.07
2606,86.843,6112.047,331.873,100.0,0.0,0,0,5.77,SUPERCLIP,335.0
2607,86.8763,6115.119,331.865,100.0,0.0,0,0,5.82,SUPERCLIP,335.0
2608,86.9097,6118.191,331.857,100.0,0.0,0,0,5.88,SUPERCLIP,335.0
2609,86.943,6121.263,331.85,0.0,0.0,0,0,5.93,SUPERCLIP,-279.05
2610,86.9763,6124.334,331.849,0.0,100.0,0,0,6.21,REGEN,-350.0
2611,87.0096,6127.406,331.849,0.0,100.0,0,0,6.5,REGEN,-350.0
2612,87.043,6130.478,331.849,0.0,100.0,0,0,6.79,REGEN,-350.0
2613,87.0763,6133.55,331.849,100.0,0.0,0,0,7.08,SUPERCLIP,335.0
2614,87.1096,6136.622,331.841,100.0,0.0,0,0,7.13,SUPERCLIP,335.0
2615,87.1429,6139.693,331.834,100.0,0.0,0,0,7.18,SUPERCLIP,335.0
2616,87.1763,6142.765,331.826,100.0,0.0,0,0,7.24,SUPERCLIP,335.0
2617,87.2096,6145.837,331.82,0.0,100.0,0,0,7.32,REGEN,-350.0
2618,87.2429,6148.908,331.82,0.0,100.0,0,0,7.61,REGEN,-350.0
2619,87.2762,6151.98,331.82,0.0,100.0,0,0,7.9,REGEN,-350.0
2620,87.3096,6155.051,331.82,0.0,100.0,0,0,8.19,REGEN,-350.0
2621,87.3429,6158.123,331.82,0.0,100.0,0,0,8.49,REGEN,-107.01
2622,87.3762,6161.195,331.877,100.0,0.0,0,0,8.61,NORMAL,400.0
2623,87.4095,6164.267,331.979,100.0,0.0,0,0,8.61,NORMAL,400.0
2624,87.4429,6167.341,332.081,100.0,0.0,0,0,8.61,NORMAL,400.0
2625,87.4762,6170.415,332.182,100.0,0.0,0,0,8.61,NORMAL,400.0
2626,87.5095,6173.491,332.283,100.0,0.0,0,0,8.61,NORMAL,400.0
2627,87.5428,6176.567,332.383,100.0,0.0,0,0,8.61,NORMAL,400.0
2628,87.5762,6179.644,332.482,100.0,0.0,0,0,8.61,NORMAL,400.0
2629,87.6095,6182.722,332.567,100.0,0.0,0,0,8.61,NORMAL,400.0
2630,87.6428,6185.801,332.613,100.0,0.0,0,0,8.61,NORMAL,400.0
2631,87.6761,6188.88,332.652,100.0,0.0,0,0,8.61,NORMAL,400.0
2632,87.7095,6191.96,332.69,100.0,0.0,0,0,8.61,NORMAL,400.0
2633,87.7428,6195.039,332.728,100.0,0.0,0,0,8.61,NORMAL,400.0
2634,87.7761,6198.12,332.765,100.0,0.0,0,0,8.61,NORMAL,400.0
2635,87.8094,6201.2,332.8,100.0,0.0,0,0,8.61,NORMAL,400.0
2636,87.8427,6204.281,332.833,100.0,0.0,0,0,8.61,NORMAL,400.0
2637,87.8761,6207.362,332.866,100.0,0.0,0,0,8.61,NORMAL,400.0
2638,87.9094,6210.443,332.896,100.0,0.0,0,0,8.63,SUPERCLIP,335.0
2639,87.9427,6213.525,332.924,100.0,0.0,0,0,8.69,SUPERCLIP,335.0
2640,87.976,6216.607,332.95,100.0,0.0,0,0,8.74,SUPERCLIP,335.0
2641,88.0094,6219.689,332.975,100.0,0.0,0,0,8.79,SUPERCLIP,335.0
2642,88.0427,6222.771,332.997,100.0,0.0,0,0,8.85,SUPERCLIP,335.0
2643,88.076,6225.854,333.016,100.0,0.0,0,0,8.9,SUPERCLIP,335.0
2644,88.1093,6228.937,333.034,100.0,0.0,0,0,8.96,SUPERCLIP,335.0
2645,88.1427,6232.02,333.049,100.0,0.0,0,0,9.01,SUPERCLIP,335.0
2646,88.176,6235.103,333.063,100.0,0.0,0,0,9.06,SUPERCLIP,335.0
2647,88.2093,6238.186,333.074,100.0,0.0,0,0,9.12,SUPERCLIP,335.0
2648,88.2426,6241.269,333.082,100.0,0.0,0,0,9.17,SUPERCLIP,335.0
2649,88.276,6244.352,333.089,100.0,0.0,0,0,9.23,SUPERCLIP,335.0
2650,88.3093,6247.436,333.094,100.0,0.0,0,0,9.28,SUPERCLIP,335.0
2651,88.3426,6250.519,333.097,100.0,0.0,0,0,9.33,SUPERCLIP,335.0
2652,88.3759,6253.602,333.099,100.0,0.0,0,0,9.39,SUPERCLIP,335.0
2653,88.4093,6256.686,333.099,100.0,0.0,0,0,9.44,SUPERCLIP,335.0
2654,88.4426,6259.769,333.097,100.0,0.0,0,0,9.5,SUPERCLIP,335.0
2655,88.4759,6262.852,333.094,100.0,0.0,0,0,9.55,SUPERCLIP,335.0
2656,88.5092,6265.936,333.089,100.0,0.0,0,0,9.61,SUPERCLIP,335.0
2657,88.5426,6269.019,333.084,100.0,0.0,0,0,9.66,SUPERCLIP,335.0
2658,88.5759,6272.102,333.077,100.0,0.0,0,0,9.71,SUPERCLIP,335.0
2659,88.6092,6275.186,333.07,100.0,0.0,0,0,9.77,SUPERCLIP,335.0
2660,88.6425,6278.269,333.061,100.0,0.0,0,0,9.82,SUPERCLIP,335.0
2661,88.6759,6281.352,333.052,100.0,0.0,0,0,9.88,SUPERCLIP,335.0
2662,88.7092,6284.435,333.043,100.0,0.0,0,0,9.93,SUPERCLIP,335.0
2663,88.7425,6287.517,333.032,100.0,0.0,0,0,9.98,SUPERCLIP,335.0
2664,88.7758,6290.6,333.022,100.0,0.0,0,0,10.04,SUPERCLIP,335.0
2665,88.8092,6293.683,333.01,100.0,0.0,0,0,10.09,SUPERCLIP,335.0
2666,88.8425,6296.765,332.999,100.0,0.0,0,0,10.15,SUPERCLIP,335.0
2667,88.8758,6299.848,332.987,100.0,0.0,0,0,10.2,SUPERCLIP,335.0
2668,88.9091,6302.93,332.975,100.0,0.0,0,0,10.26,SUPERCLIP,335.0
2669,88.9424,6306.012,332.962,100.0,0.0,0,0,10.31,SUPERCLIP,335.0
2670,88.9758,6309.094,332.948,100.0,0.0,0,0,10.36,SUPERCLIP,335.0
2671,89.0091,6312.176,332.935,100.0,0.0,0,0,10.42,SUPERCLIP,335.0
2672,89.0424,6315.258,332.922,100.0,0.0,0,0,10.47,SUPERCLIP,335.0
2673,89.0757,6318.34,332.908,100.0,0.0,0,0,10.53,SUPERCLIP,335.0
2674,89.1091,6321.421,332.895,100.0,0.0,0,0,10.58,SUPERCLIP,335.0
2675,89.1424,6324.503,332.882,100.0,0.0,0,0,10.63,SUPERCLIP,335.0
2676,89.1757,6327.584,332.869,100.0,0.0,0,0,10.69,SUPERCLIP,335.0
2677,89.209,6330.665,332.856,100.0,0.0,0,0,10.74,SUPERCLIP,335.0
2678,89.2424,6333.747,332.844,100.0,0.0,0,0,10.8,SUPERCLIP,335.0
2679,89.2757,6336.828,332.831,100.0,0.0,0,0,10.85,SUPERCLIP,335.0
2680,89.309,6339.908,332.818,100.0,0.0,0,0,10.91,SUPERCLIP,335.0
2681,89.3423,6342.989,332.805,100.0,0.0,0,0,10.96,SUPERCLIP,335.0
2682,89.3757,6346.07,332.793,100.0,0.0,0,0,11.01,SUPERCLIP,335.0
2683,89.409,6349.15,332.78,100.0,0.0,0,0,11.07,SUPERCLIP,335.0
2684,89.4423,6352.231,332.768,100.0,0.0,0,0,11.12,SUPERCLIP,335.0
2685,89.4756,6355.311,332.755,100.0,0.0,0,0,11.18,SUPERCLIP,335.0
2686,89.509,6358.391,332.743,100.0,0.0,0,0,11.23,SUPERCLIP,335.0
2687,89.5423,6361.471,332.731,100.0,0.0,0,0,11.28,SUPERCLIP,335.0
2688,89.5756,6364.551,332.719,100.0,0.0,0,0,11.34,SUPERCLIP,335.0
2689,89.6089,6367.631,332.707,100.0,0.0,0,0,11.39,SUPERCLIP,335.0
2690,89.6423,6370.711,332.695,100.0,0.0,0,0,11.45,SUPERCLIP,335.0
2691,89.6756,6373.79,332.683,100.0,0.0,0,0,11.5,SUPERCLIP,335.0
2692,89.7089,6376.87,332.671,100.0,0.0,0,0,11.56,SUPERCLIP,335.0
2693,89.7422,6379.949,332.658,100.0,0.0,0,0,11.61,SUPERCLIP,335.0
2694,89.7756,6383.029,332.645,100.0,0.0,0,0,11.66,SUPERCLIP,335.0
2695,89.8089,6386.108,332.63,100.0,0.0,0,0,11.72,SUPERCLIP,335.0
2696,89.8422,6389.187,332.614,100.0,0.0,0,0,11.77,SUPERCLIP,335.0
2697,89.8755,6392.266,332.597,100.0,0.0,0,0,11.83,SUPERCLIP,335.0
2698,89.9089,6395.344,332.578,100.0,0.0,0,0,11.88,SUPERCLIP,335.0
2699,89.9422,6398.423,332.558,100.0,0.0,0,0,11.93,SUPERCLIP,335.0
2700,89.9755,6401.501,332.535,100.0,0.0,0,0,11.99,SUPERCLIP,335.0
2701,90.0088,6404.579,332.509,100.0,0.0,0,0,12.04,SUPERCLIP,335.0
2702,90.0421,6407.657,332.479,100.0,0.0,0,0,12.1,SUPERCLIP,335.0
2703,90.0755,6410.734,332.445,100.0,0.0,0,0,12.15,SUPERCLIP,335.0
2704,90.1088,6413.812,332.405,100.0,0.0,0,0,12.2,SUPERCLIP,335.0
2705,90.1421,6416.888,332.358,100.0,0.0,0,0,12.26,SUPERCLIP,335.0
2706,90.1754,6419.965,332.303,100.0,0.0,0,0,12.31,SUPERCLIP,335.0
2707,90.2088,6423.04,332.238,100.0,0.0,0,0,12.37,SUPERCLIP,335.0
2708,90.2421,6426.115,332.161,100.0,0.0,0,0,12.42,SUPERCLIP,335.0
2709,90.2754,6429.19,332.071,100.0,0.0,0,0,12.48,SUPERCLIP,335.0
2710,90.3087,6432.263,331.964,100.0,0.0,0,0,12.53,SUPERCLIP,335.0
2711,90.3421,6435.336,331.838,100.0,0.0,0,0,12.58,SUPERCLIP,335.0
2712,90.3754,6438.407,331.688,100.0,0.0,0,0,12.64,SUPERCLIP,335.0
2713,90.4087,6441.476,331.514,100.0,0.0,0,0,12.69,SUPERCLIP,335.0
2714,90.442,6444.544,331.307,100.0,0.0,0,0,12.75,SUPERCLIP,335.0
2715,90.4754,6447.61,331.07,100.0,0.0,0,0,12.8,SUPERCLIP,335.0
2716,90.5087,6450.673,330.789,100.0,0.0,0,0,12.85,SUPERCLIP,335.0
2717,90.542,6453.734,330.468,100.0,0.0,0,0,12.91,SUPERCLIP,335.0
2718,90.5753,6456.791,330.094,100.0,0.0,0,0,12.96,SUPERCLIP,335.0
2719,90.6087,6459.845,329.668,100.0,0.0,0,0,13.01,SUPERCLIP,335.0
2720,90.642,6462.894,329.178,100.0,0.0,0,0,13.07,SUPERCLIP,335.0
2721,90.6753,6465.939,328.623,100.0,0.0,0,0,13.12,SUPERCLIP,335.0
2722,90.7086,6468.978,327.993,100.0,0.0,0,0,13.18,SUPERCLIP,335.0
2723,90.742,6472.011,327.284,100.0,0.0,0,0,13.23,SUPERCLIP,335.0
2724,90.7753,6475.036,326.487,100.0,0.0,0,0,13.28,SUPERCLIP,335.0
2725,90.8086,6478.055,325.598,100.0,0.0,0,0,13.34,SUPERCLIP,335.0
2726,90.8419,6481.064,324.611,100.0,0.0,0,0,13.39,SUPERCLIP,335.0
2727,90.8753,6484.064,323.52,100.0,0.0,0,0,13.44,SUPERCLIP,335.0
2728,90.9086,6487.053,322.32,100.0,0.0,0,0,13.49,SUPERCLIP,335.0
2729,90.9419,6490.031,321.007,100.0,0.0,0,0,13.55,SUPERCLIP,335.0
2730,90.9752,6492.996,319.576,100.0,0.0,0,0,13.6,SUPERCLIP,335.0
2731,91.0086,6495.947,318.028,0.0,100.0,0,0,13.68,REGEN,-350.0
2732,91.0419,6498.883,316.355,0.0,100.0,0,0,13.96,REGEN,-350.0
2733,91.0752,6501.803,314.565,0.0,100.0,0,0,14.24,REGEN,-350.0
2734,91.1085,6504.706,312.645,0.0,100.0,0,0,14.51,REGEN,-350.0
2735,91.1418,6507.592,310.615,0.0,100.0,0,0,14.78,REGEN,-350.0
2736,91.1752,6510.456,308.454,0.0,100.0,0,0,15.06,REGEN,-350.0
2737,91.2085,6513.301,306.187,0.0,100.0,0,0,15.33,REGEN,-350.0
2738,91.2418,6516.124,303.803,0.0,100.0,0,0,15.59,REGEN,-350.0
2739,91.2751,6518.925,301.316,0.0,100.0,0,0,15.86,REGEN,-350.0
2740,91.3085,6521.703,298.734,0.0,100.0,0,0,16.12,REGEN,-350.0
2741,91.3418,6524.455,296.03,0.0,100.0,0,0,16.39,REGEN,-350.0
2742,91.3751,6527.182,293.195,0.0,100.0,0,0,16.65,REGEN,-350.0
2743,91.4084,6529.883,290.207,0.0,100.0,0,0,16.92,REGEN,-350.0
2744,91.4418,6532.554,287.068,0.0,100.0,0,0,17.19,REGEN,-350.0
2745,91.4751,6535.197,283.796,0.0,100.0,0,0,17.47,REGEN,-350.0
2746,91.5084,6537.808,280.385,0.0,100.0,0,0,17.75,REGEN,-350.0
2747,91.5417,6540.386,276.839,0.0,100.0,0,0,18.03,REGEN,-350.0
2748,91.5751,6542.932,273.179,0.0,100.0,0,0,18.31,REGEN,-350.0
2749,91.6084,6545.445,269.414,0.0,100.0,0,0,18.6,REGEN,-350.0
2750,91.6417,6547.92,265.479,0.0,100.0,0,0,18.89,REGEN,-350.0
2751,91.675,6550.354,260.637,0.0,100.0,0,0,19.18,REGEN,-350.0
2752,91.7084,6552.74,254.887,0.0,100.0,0,0,19.47,REGEN,-350.0
2753,91.7417,6555.074,249.31,0.0,100.0,0,0,19.76,REGEN,-350.0
2754,91.775,6557.358,243.904,0.0,100.0,0,0,20.05,REGEN,-350.0
2755,91.8083,6559.593,238.663,0.0,100.0,0,0,20.35,REGEN,-350.0
2756,91.8417,6561.778,233.61,0.0,100.0,0,0,20.64,REGEN,-350.0
2757,91.875,6563.917,228.782,0.0,100.0,0,0,20.93,REGEN,-350.0
2758,91.9083,6566.012,224.162,0.0,100.0,0,0,21.22,REGEN,-350.0
2759,91.9416,6568.066,219.735,0.0,100.0,0,0,21.51,REGEN,-350.0
2760,91.975,6570.081,215.486,0.0,100.0,0,0,21.8,REGEN,-350.0
2761,92.0083,6572.056,211.404,0.0,100.0,0,0,22.09,REGEN,-350.0
2762,92.0416,6573.995,207.476,0.0,100.0,0,0,22.39,REGEN,-350.0
2763,92.0749,6575.899,203.692,0.0,100.0,0,0,22.68,REGEN,-350.0
2764,92.1083,6577.768,200.043,0.0,100.0,0,0,22.97,REGEN,-350.0
2765,92.1416,6579.605,196.518,0.0,100.0,0,0,23.26,REGEN,-350.0
2766,92.1749,6581.407,193.122,0.0,100.0,0,0,23.55,REGEN,-350.0
2767,92.2082,6583.178,189.838,0.0,100.0,0,0,23.84,REGEN,-350.0
2768,92.2416,6584.919,186.658,0.0,100.0,0,0,24.14,REGEN,-350.0
2769,92.2749,6586.632,183.574,0.0,100.0,0,0,24.43,REGEN,-350.0
2770,92.3082,6588.318,180.58,0.0,100.0,0,0,24.72,REGEN,-350.0
2771,92.3415,6589.977,177.671,0.0,100.0,0,0,25.01,REGEN,-350.0
2772,92.3748,6591.612,174.842,0.0,100.0,0,0,25.3,REGEN,-350.0
2773,92.4082,6593.215,172.109,0.0,100.0,0,0,25.59,REGEN,-350.0
2774,92.4415,6594.794,169.447,0.0,100.0,0,0,25.89,REGEN,-350.0
2775,92.4748,6596.35,166.852,0.0,100.0,0,0,26.18,REGEN,-350.0
2776,92.5081,6597.885,164.319,0.0,100.0,0,0,26.47,REGEN,-350.0
2777,92.5415,6599.396,161.854,0.0,100.0,0,0,26.76,REGEN,-350.0
2778,92.5748,6600.88,159.461,0.0,100.0,0,0,27.05,REGEN,-350.0
2779,92.6081,6602.345,157.12,0.0,100.0,0,0,27.34,REGEN,-350.0
2780,92.6414,6603.792,154.827,0.0,100.0,0,0,27.64,REGEN,-350.0
2781,92.6748,6605.213,152.599,0.0,100.0,0,0,27.93,REGEN,-350.0
2782,92.7081,6606.614,150.424,0.0,100.0,0,0,28.22,REGEN,-350.0
2783,92.7414,6607.998,148.289,0.0,100.0,0,0,28.51,REGEN,-350.0
2784,92.7747,6609.362,146.202,0.0,100.0,0,0,28.8,REGEN,-350.0
2785,92.8081,6610.703,144.17,0.0,100.0,0,0,29.09,REGEN,-350.0
2786,92.8414,6612.03,142.171,0.0,100.0,0,0,29.38,REGEN,-350.0
2787,92.8747,6613.338,140.213,0.0,100.0,0,0,29.68,REGEN,-350.0
2788,92.908,6614.624,138.305,0.0,100.0,0,0,29.97,REGEN,-350.0
2789,92.9414,6615.898,136.424,0.0,100.0,0,0,30.26,REGEN,-350.0
2790,92.9747,6617.152,134.587,0.0,100.0,0,0,30.55,REGEN,-350.0
2791,93.008,6618.388,132.787,0.0,100.0,0,0,30.84,REGEN,-350.0
2792,93.0413,6619.613,131.009,0.0,100.0,0,0,31.13,REGEN,-350.0
2793,93.0747,6620.813,129.286,0.0,100.0,0,0,31.43,REGEN,-350.0
2794,93.108,6622.004,127.58,0.0,100.0,0,0,31.72,REGEN,-350.0
2795,93.1413,6623.177,125.905,0.0,100.0,0,0,32.01,REGEN,-350.0
2796,93.1746,6624.333,124.267,0.0,100.0,0,0,32.3,REGEN,-350.0
2797,93.208,6625.48,122.649,0.0,100.0,0,0,32.59,REGEN,-350.0
2798,93.2413,6626.603,121.079,0.0,100.0,0,0,32.88,REGEN,-350.0
2799,93.2746,6627.721,119.521,0.0,100.0,0,0,33.18,REGEN,-350.0
2800,93.3079,6628.817,118.009,0.0,100.0,0,0,33.47,REGEN,-350.0
2801,93.3413,6629.904,116.513,0.0,100.0,0,0,33.76,REGEN,-350.0
2802,93.3746,6630.974,115.054,0.0,100.0,0,0,34.05,REGEN,-350.0
2803,93.4079,6632.033,113.615,0.0,100.0,0,0,34.34,REGEN,-350.0
2804,93.4412,6633.078,112.204,0.0,100.0,0,0,34.63,REGEN,-350.0
2805,93.4745,6634.111,110.845,0.0,100.0,0,0,34.92,REGEN,-350.0
2806,93.5079,6635.131,109.535,0.0,100.0,0,0,35.22,REGEN,-350.0
2807,93.5412,6636.138,108.268,0.0,100.0,0,0,35.51,REGEN,-350.0
2808,93.5745,6637.135,107.035,0.0,100.0,0,0,35.8,REGEN,-350.0
2809,93.6078,6638.12,105.798,0.0,100.0,0,0,36.09,REGEN,-350.0
2810,93.6412,6639.094,104.56,0.0,100.0,0,0,36.38,REGEN,-350.0
2811,93.6745,6640.056,103.359,0.0,100.0,0,0,36.67,REGEN,-350.0
2812,93.7078,6641.007,102.198,0.0,100.0,0,0,36.97,REGEN,-350.0
2813,93.7411,6641.949,101.076,0.0,100.0,0,0,37.26,REGEN,-350.0
2814,93.7745,6642.878,100.019,0.0,100.0,0,0,37.55,REGEN,-350.0
2815,93.8078,6643.802,98.991,0.0,100.0,0,0,37.84,REGEN,-350.0
2816,93.8411,6644.711,98.06,0.0,100.0,0,0,38.13,REGEN,-350.0
2817,93.8744,6645.62,97.133,0.0,100.0,0,0,38.42,REGEN,-350.0
2818,93.9078,6646.511,96.343,0.0,100.0,0,0,38.72,REGEN,-350.0
2819,93.9411,6647.402,95.554,0.0,100.0,0,0,39.01,REGEN,-350.0
2820,93.9744,6648.281,94.858,0.0,100.0,0,0,39.3,REGEN,-350.0
2821,94.0077,6649.157,94.19,0.0,100.0,0,0,39.59,REGEN,-350.0
2822,94.0411,6650.026,93.552,0.0,100.0,0,0,39.88,REGEN,-350.0
2823,94.0744,6650.888,92.946,0.0,100.0,0,0,40.17,REGEN,-350.0
2824,94.1077,6651.748,92.345,0.0,100.0,0,0,40.46,REGEN,-350.0
2825,94.141,6652.598,91.772,0.0,100.0,0,0,40.76,REGEN,-350.0
2826,94.1744,6653.447,91.2,0.0,100.0,0,0,41.05,REGEN,-350.0
2827,94.2077,6654.287,90.663,100.0,100.0,0,0,41.34,REGEN,16.25
2828,94.241,6655.124,90.136,100.0,100.0,0,0,41.63,REGEN,475.15
2829,94.2743,6655.957,89.643,100.0,0.0,0,0,41.69,DEPLOY,750.0
2830,94.3077,6656.784,89.203,100.0,0.0,0,0,41.4,DEPLOY,750.0
2831,94.341,6657.61,88.762,100.0,0.0,0,0,41.11,DEPLOY,750.0
2832,94.3743,6658.431,88.655,100.0,0.0,0,0,40.81,DEPLOY,750.0
2833,94.4076,6659.251,88.555,100.0,0.0,0,0,40.52,DEPLOY,750.0
2834,94.441,6660.07,88.456,100.0,0.0,0,0,40.23,DEPLOY,750.0
2835,94.4743,6660.888,88.356,100.0,0.0,0,0,39.94,DEPLOY,750.0
2836,94.5076,6661.706,88.257,100.0,0.0,0,0,39.65,DEPLOY,750.0
2837,94.5409,6662.522,88.158,100.0,0.0,0,0,39.36,DEPLOY,750.0
2838,94.5742,6663.338,88.059,100.0,0.0,0,0,39.06,DEPLOY,750.0
2839,94.6076,6664.153,87.961,100.0,0.0,0,0,38.77,DEPLOY,750.0
2840,94.6409,6664.966,87.862,100.0,0.0,0,0,38.48,DEPLOY,750.0
2841,94.6742,6665.78,87.764,100.0,0.0,0,0,38.19,DEPLOY,750.0
2842,94.7075,6666.591,87.666,100.0,0.0,0,0,37.9,DEPLOY,750.0
2843,94.7409,6667.403,87.569,100.0,0.0,0,0,37.61,DEPLOY,750.0
2844,94.7742,6668.216,87.809,100.0,0.0,0,0,37.32,DEPLOY,750.0
2845,94.8075,6669.031,88.185,100.0,0.0,0,0,37.02,DEPLOY,750.0
2846,94.8408,6669.848,88.562,100.0,0.0,0,0,36.73,DEPLOY,750.0
2847,94.8742,6670.671,88.943,100.0,0.0,0,0,36.44,DEPLOY,750.0
2848,94.9075,6671.494,89.323,100.0,0.0,0,0,36.16,DEPLOY,750.0
2849,94.9408,6672.324,89.706,100.0,0.0,0,0,35.87,DEPLOY,750.0
2850,94.9741,6673.156,90.091,100.0,0.0,0,0,35.58,DEPLOY,750.0
2851,95.0075,6673.991,90.476,100.0,0.0,0,0,35.3,DEPLOY,750.0
2852,95.0408,6674.832,90.863,100.0,0.0,0,0,35.02,DEPLOY,750.0
2853,95.0741,6675.672,91.251,100.0,0.0,0,0,34.73,DEPLOY,750.0
2854,95.1074,6676.521,91.643,100.0,0.0,0,0,34.45,DEPLOY,750.0
2855,95.1408,6677.37,92.035,100.0,0.0,0,0,34.17,DEPLOY,750.0
2856,95.1741,6678.225,92.432,100.0,0.0,0,0,33.88,DEPLOY,750.0
2857,95.2074,6679.082,92.83,100.0,0.0,0,0,33.6,DEPLOY,750.0
2858,95.2407,6679.942,93.23,100.0,0.0,0,0,33.31,DEPLOY,750.0
2859,95.2741,6680.808,93.632,100.0,0.0,0,0,33.02,DEPLOY,750.0
2860,95.3074,6681.675,94.018,100.0,0.0,0,0,32.73,DEPLOY,750.0
2861,95.3407,6682.544,93.891,100.0,0.0,0,0,32.44,DEPLOY,750.0
2862,95.374,6683.413,93.764,100.0,0.0,0,0,32.16,DEPLOY,750.0
2863,95.4074,6684.28,93.638,100.0,0.0,0,0,31.88,DEPLOY,750.0
2864,95.4407,6685.146,93.511,100.0,0.0,0,0,31.6,DEPLOY,750.0
2865,95.474,6686.011,93.385,100.0,0.0,0,0,31.32,DEPLOY,750.0
2866,95.5073,6686.875,93.259,100.0,0.0,0,0,31.05,DEPLOY,750.0
2867,95.5407,6687.738,93.133,100.0,0.0,0,0,30.78,DEPLOY,750.0
2868,95.574,6688.599,93.007,100.0,0.0,0,0,30.52,DEPLOY,750.0
2869,95.6073,6689.46,92.882,100.0,0.0,0,0,30.25,DEPLOY,750.0
2870,95.6406,6690.318,92.756,100.0,0.0,0,0,30.0,DEPLOY,750.0
2871,95.6739,6691.177,92.631,100.0,0.0,0,0,29.74,DEPLOY,750.0
2872,95.7073,6692.034,92.506,100.0,0.0,0,0,29.49,DEPLOY,539.57
2873,95.7406,6692.889,92.381,100.0,0.0,0,0,29.24,DEPLOY,69.1
2874,95.7739,6693.744,92.256,0.0,100.0,0,0,29.04,REGEN,-350.0
2875,95.8072,6694.597,92.132,0.0,100.0,0,0,29.29,REGEN,-350.0
2876,95.8406,6695.45,92.007,0.0,100.0,0,0,29.53,REGEN,-350.0
2877,95.8739,6696.3,91.883,0.0,100.0,0,0,29.78,REGEN,-350.0
2878,95.9072,6697.15,91.759,0.0,100.0,0,0,30.03,REGEN,-350.0
2879,95.9405,6697.999,91.635,0.0,100.0,0,0,30.28,REGEN,-350.0
2880,95.9739,6698.847,91.511,0.0,100.0,0,0,30.53,REGEN,-350.0
2881,96.0072,6699.694,91.388,0.0,100.0,0,0,30.78,REGEN,-350.0
2882,96.0405,6700.539,91.264,0.0,100.0,0,0,31.03,REGEN,-350.0
2883,96.0738,6701.383,91.141,0.0,100.0,0,0,31.29,REGEN,-350.0
2884,96.1072,6702.226,91.018,0.0,100.0,0,0,31.55,REGEN,-350.0
2885,96.1405,6703.068,90.895,0.0,100.0,0,0,31.81,REGEN,-350.0
2886,96.1738,6703.909,90.772,0.0,100.0,0,0,32.07,REGEN,-350.0
2887,96.2071,6704.748,90.65,0.0,100.0,0,0,32.34,REGEN,-350.0
2888,96.2405,6705.588,90.527,0.0,100.0,0,0,32.6,REGEN,-350.0
2889,96.2738,6706.424,90.406,0.0,100.0,0,0,32.88,REGEN,-350.0
2890,96.3071,6707.261,90.284,0.0,100.0,0,0,33.15,REGEN,-350.0
2891,96.3404,6708.096,90.163,0.0,100.0,0,0,33.42,REGEN,-350.0
2892,96.3738,6708.93,90.041,0.0,100.0,0,0,33.7,REGEN,-350.0
2893,96.4071,6709.764,89.92,0.0,100.0,0,0,33.98,REGEN,-350.0
2894,96.4404,6710.595,89.799,0.0,100.0,0,0,34.26,REGEN,-350.0
2895,96.4737,6711.426,89.679,0.0,100.0,0,0,34.55,REGEN,-350.0
2896,96.5071,6712.255,89.558,0.0,100.0,0,0,34.84,REGEN,-31.85
2897,96.5404,6713.084,89.437,100.0,100.0,0,0,35.12,REGEN,422.87
2898,96.5737,6713.911,89.295,100.0,0.0,0,0,35.25,DEPLOY,750.0
2899,96.607,6714.736,89.096,100.0,0.0,0,0,34.96,DEPLOY,750.0
2900,96.6404,6715.561,88.896,100.0,0.0,0,0,34.67,DEPLOY,750.0
2901,96.6737,6716.383,88.782,100.0,0.0,0,0,34.38,DEPLOY,750.0
2902,96.707,6717.204,88.683,100.0,0.0,0,0,34.08,DEPLOY,750.0
2903,96.7403,6718.025,88.583,100.0,0.0,0,0,33.79,DEPLOY,750.0
2904,96.7736,6718.844,88.483,100.0,0.0,0,0,33.5,DEPLOY,750.0
2905,96.807,6719.663,88.384,100.0,0.0,0,0,33.21,DEPLOY,750.0
2906,96.8403,6720.48,88.285,100.0,0.0,0,0,32.92,DEPLOY,750.0
2907,96.8736,6721.297,88.185,100.0,0.0,0,0,32.63,DEPLOY,750.0
2908,96.9069,6722.113,88.087,100.0,0.0,0,0,32.33,DEPLOY,750.0
2909,96.9403,6722.928,87.988,100.0,0.0,0,0,32.04,DEPLOY,750.0
2910,96.9736,6723.743,87.89,100.0,0.0,0,0,31.75,DEPLOY,750.0
2911,97.0069,6724.555,87.83,100.0,0.0,0,0,31.46,DEPLOY,750.0
2912,97.0402,6725.368,87.77,100.0,0.0,0,0,31.17,DEPLOY,750.0
2913,97.0736,6726.18,87.71,100.0,0.0,0,0,30.88,DEPLOY,750.0
2914,97.1069,6726.992,87.65,100.0,0.0,0,0,30.59,DEPLOY,750.0
2915,97.1402,6727.803,87.591,100.0,0.0,0,0,30.3,DEPLOY,750.0
2916,97.1735,6728.614,87.531,100.0,0.0,0,0,30.01,DEPLOY,750.0
2917,97.2069,6729.424,87.471,100.0,0.0,0,0,29.73,DEPLOY,750.0
2918,97.2402,6730.233,87.412,100.0,0.0,0,0,29.44,DEPLOY,750.0
2919,97.2735,6731.042,87.352,100.0,0.0,0,0,29.15,DEPLOY,750.0
2920,97.3068,6731.851,87.292,100.0,0.0,0,0,28.86,DEPLOY,750.0
2921,97.3402,6732.658,87.233,100.0,0.0,0,0,28.57,DEPLOY,750.0
2922,97.3735,6733.465,87.173,100.0,0.0,0,0,28.28,DEPLOY,750.0
2923,97.4068,6734.272,87.113,100.0,0.0,0,0,27.99,DEPLOY,750.0
2924,97.4401,6735.078,87.054,100.0,0.0,0,0,27.7,DEPLOY,750.0
2925,97.4735,6735.884,86.994,100.0,0.0,0,0,27.41,DEPLOY,750.0
2926,97.5068,6736.689,86.934,100.0,0.0,0,0,27.12,DEPLOY,750.0
2927,97.5401,6737.493,86.875,100.0,0.0,0,0,26.83,DEPLOY,750.0
2928,97.5734,6738.297,86.815,100.0,0.0,0,0,26.53,DEPLOY,750.0
2929,97.6068,6739.1,86.755,100.0,0.0,0,0,26.24,DEPLOY,750.0
2930,97.6401,6739.903,86.695,100.0,0.0,0,0,25.95,DEPLOY,750.0
2931,97.6734,6740.705,86.635,100.0,0.0,0,0,25.66,DEPLOY,750.0
2932,97.7067,6741.507,86.575,100.0,0.0,0,0,25.37,DEPLOY,750.0
2933,97.7401,6742.308,86.516,100.0,0.0,0,0,25.08,DEPLOY,750.0
2934,97.7734,6743.109,86.456,100.0,0.0,0,0,24.79,DEPLOY,750.0
2935,97.8067,6743.909,86.396,100.0,0.0,0,0,24.5,DEPLOY,750.0
2936,97.84,6744.712,86.657,100.0,0.0,0,0,24.21,DEPLOY,750.0
2937,97.8734,6745.515,86.924,100.0,0.0,0,0,23.91,DEPLOY,750.0
2938,97.9067,6746.322,87.353,100.0,0.0,0,0,23.62,DEPLOY,750.0
2939,97.94,6747.135,87.952,100.0,0.0,0,0,23.33,DEPLOY,750.0
2940,97.9733,6747.948,88.555,100.0,0.0,0,0,23.04,DEPLOY,750.0
2941,98.0066,6748.777,89.372,100.0,0.0,0,0,22.75,DEPLOY,750.0
2942,98.04,6749.606,90.189,100.0,0.0,0,0,22.46,DEPLOY,750.0
2943,98.0733,6750.446,91.096,100.0,0.0,0,0,22.16,DEPLOY,750.0
2944,98.1066,6751.295,92.063,100.0,0.0,0,0,21.87,DEPLOY,750.0
2945,98.1399,6752.148,93.053,100.0,0.0,0,0,21.58,DEPLOY,750.0
2946,98.1733,6753.019,94.118,100.0,0.0,0,0,21.29,DEPLOY,750.0
2947,98.2066,6753.889,95.183,100.0,0.0,0,0,21.0,DEPLOY,750.0
2948,98.2399,6754.781,96.303,100.0,0.0,0,0,20.71,DEPLOY,750.0
2949,98.2732,6755.674,97.427,100.0,0.0,0,0,20.41,DEPLOY,750.0
2950,98.3066,6756.584,98.582,100.0,0.0,0,0,20.12,DEPLOY,750.0
2951,98.3399,6757.501,99.752,100.0,0.0,0,0,19.83,DEPLOY,750.0
2952,98.3732,6758.43,100.944,100.0,0.0,0,0,19.54,DEPLOY,750.0
2953,98.4065,6759.37,102.159,100.0,0.0,0,0,19.25,DEPLOY,750.0
2954,98.4399,6760.32,103.391,100.0,0.0,0,0,18.96,DEPLOY,750.0
2955,98.4732,6761.285,104.65,100.0,0.0,0,0,18.66,DEPLOY,750.0
2956,98.5065,6762.257,105.882,100.0,0.0,0,0,18.37,DEPLOY,750.0
2957,98.5398,6763.244,107.048,100.0,0.0,0,0,18.08,DEPLOY,750.0
2958,98.5732,6764.239,108.269,100.0,0.0,0,0,17.79,DEPLOY,750.0
2959,98.6065,6765.25,109.629,100.0,0.0,0,0,17.5,DEPLOY,750.0
2960,98.6398,6766.269,111.013,100.0,0.0,0,0,17.21,DEPLOY,750.0
2961,98.6731,6767.305,112.451,100.0,0.0,0,0,16.92,DEPLOY,750.0
2962,98.7065,6768.35,113.806,100.0,0.0,0,0,16.62,DEPLOY,750.0
2963,98.7398,6769.41,115.019,100.0,0.0,0,0,16.33,DEPLOY,750.0
2964,98.7731,6770.48,116.237,100.0,0.0,0,0,16.04,DEPLOY,750.0
2965,98.8064,6771.561,117.46,100.0,0.0,0,0,15.75,DEPLOY,750.0
2966,98.8398,6772.655,118.691,100.0,0.0,0,0,15.46,DEPLOY,750.0
2967,98.8731,6773.757,119.928,100.0,0.0,0,0,15.17,DEPLOY,750.0
2968,98.9064,6774.876,121.166,100.0,0.0,0,0,14.87,DEPLOY,750.0
2969,98.9397,6775.999,122.405,100.0,0.0,0,0,14.58,DEPLOY,750.0
2970,98.9731,6777.142,123.648,100.0,0.0,0,0,14.29,DEPLOY,750.0
2971,99.0064,6778.29,124.893,100.0,0.0,0,0,14.0,DEPLOY,750.0
2972,99.0397,6779.453,126.142,100.0,0.0,0,0,13.71,DEPLOY,750.0
2973,99.073,6780.627,127.393,100.0,0.0,0,0,13.42,DEPLOY,750.0
2974,99.1063,6781.809,128.645,100.0,0.0,0,0,13.12,DEPLOY,750.0
2975,99.1397,6783.009,129.9,100.0,0.0,0,0,12.83,DEPLOY,750.0
2976,99.173,6784.215,131.155,100.0,0.0,0,0,12.54,DEPLOY,750.0
2977,99.2063,6785.436,132.412,100.0,0.0,0,0,12.25,DEPLOY,750.0
2978,99.2396,6786.668,133.671,100.0,0.0,0,0,11.96,DEPLOY,750.0
2979,99.273,6787.908,134.931,100.0,0.0,0,0,11.67,DEPLOY,750.0
2980,99.3063,6789.166,136.193,100.0,0.0,0,0,11.38,DEPLOY,750.0
2981,99.3396,6790.432,137.457,100.0,0.0,0,0,11.08,DEPLOY,750.0
2982,99.3729,6791.709,138.722,100.0,0.0,0,0,10.79,DEPLOY,750.0
2983,99.4063,6793.001,139.989,100.0,0.0,0,0,10.5,DEPLOY,750.0
2984,99.4396,6794.301,141.257,100.0,0.0,0,0,10.21,DEPLOY,750.0
2985,99.4729,6795.615,142.527,100.0,0.0,0,0,9.92,DEPLOY,750.0
2986,99.5062,6796.941,143.798,100.0,0.0,0,0,9.63,DEPLOY,750.0
2987,99.5396,6798.277,145.072,100.0,0.0,0,0,9.33,DEPLOY,750.0
2988,99.5729,6799.625,146.347,100.0,0.0,0,0,9.04,DEPLOY,750.0
2989,99.6062,6800.987,147.624,100.0,0.0,0,0,8.75,DEPLOY,750.0
2990,99.6395,6802.359,148.902,100.0,0.0,0,0,8.46,DEPLOY,750.0
2991,99.6729,6803.742,150.183,100.0,0.0,0,0,8.17,DEPLOY,750.0
2992,99.7062,6805.14,151.466,100.0,0.0,0,0,7.88,DEPLOY,750.0
2993,99.7395,6806.548,152.75,100.0,0.0,0,0,7.58,DEPLOY,750.0
2994,99.7728,6807.965,154.036,100.0,0.0,0,0,7.29,DEPLOY,750.0
2995,99.8062,6809.399,155.324,100.0,0.0,0,0,7.0,DEPLOY,750.0
2996,99.8395,6810.843,156.614,100.0,0.0,0,0,6.71,DEPLOY,750.0
2997,99.8728,6812.298,157.906,100.0,0.0,0,0,6.42,DEPLOY,750.0
2998,99.9061,6813.765,159.199,100.0,0.0,0,0,6.13,DEPLOY,750.0
2999,99.9395,6815.246,160.495,100.0,0.0,0,0,5.84,DEPLOY,750.0
3000,99.9728,6816.738,161.793,100.0,0.0,0,0,5.54,DEPLOY,750.0
3001,100.0061,6818.24,163.092,100.0,0.0,0,0,5.25,DEPLOY,750.0
3002,100.0394,6819.756,164.393,100.0,0.0,0,0,4.96,DEPLOY,750.0
3003,100.0728,6821.285,165.697,100.0,0.0,0,0,4.67,DEPLOY,750.0
3004,100.1061,6822.825,167.002,100.0,0.0,0,0,4.38,DEPLOY,750.0
3005,100.1394,6824.376,168.31,100.0,0.0,0,0,4.09,DEPLOY,750.0
3006,100.1727,6825.939,169.619,100.0,0.0,0,0,3.79,DEPLOY,750.0
3007,100.206,6827.516,170.931,100.0,0.0,0,0,3.5,DEPLOY,750.0
3008,100.2394,6829.105,172.245,100.0,0.0,0,0,3.21,DEPLOY,750.0
3009,100.2727,6830.706,173.561,100.0,0.0,0,0,2.92,DEPLOY,750.0
3010,100.306,6832.317,174.879,100.0,0.0,0,0,2.63,DEPLOY,750.0
3011,100.3393,6833.941,176.2,100.0,0.0,0,0,2.34,DEPLOY,750.0
3012,100.3727,6835.58,177.522,100.0,0.0,0,0,2.04,DEPLOY,750.0
3013,100.406,6837.23,178.847,100.0,0.0,0,0,1.75,DEPLOY,750.0
3014,100.4393,6838.891,180.174,100.0,0.0,0,0,1.46,DEPLOY,750.0
3015,100.4726,6840.565,181.502,100.0,0.0,0,0,1.17,DEPLOY,750.0
3016,100.506,6842.251,182.833,100.0,0.0,0,0,0.88,DEPLOY,750.0
3017,100.5393,6843.948,184.166,100.0,0.0,0,0,0.59,DEPLOY,750.0
3018,100.5726,6845.66,185.501,100.0,0.0,0,0,0.3,DEPLOY,750.0
3019,100.6059,6847.384,186.839,100.0,0.0,0,0,0.07,DEPLOY,750.0
3020,100.6393,6849.12,188.179,100.0,0.0,0,0,0.0,DEPLOY,750.0
3021,100.6726,6850.868,189.521,100.0,0.0,0,0,0.0,DEPLOY,750.0
3022,100.7059,6852.629,190.867,100.0,0.0,0,0,0.0,DEPLOY,750.0
3023,100.7392,6854.401,192.215,100.0,0.0,0,0,0.0,DEPLOY,750.0
3024,100.7726,6856.186,193.565,100.0,0.0,0,0,0.0,DEPLOY,750.0
3025,100.8059,6857.983,194.918,100.0,0.0,0,0,0.0,DEPLOY,750.0
3026,100.8392,6859.795,196.273,100.0,0.0,0,0,0.0,DEPLOY,750.0
3027,100.8725,6861.618,197.631,100.0,0.0,0,0,0.0,DEPLOY,750.0
3028,100.9059,6863.454,198.991,100.0,0.0,0,0,0.0,DEPLOY,750.0
3029,100.9392,6865.303,200.354,100.0,0.0,0,0,0.0,DEPLOY,747.99
3030,100.9725,6867.164,201.719,100.0,0.0,0,0,0.0,DEPLOY,743.86
3031,101.0058,6869.037,203.074,100.0,0.0,0,0,0.0,DEPLOY,738.98
3032,101.0392,6870.923,204.407,100.0,0.0,0,0,0.0,DEPLOY,734.08
3033,101.0725,6872.822,205.726,100.0,0.0,0,0,0.0,DEPLOY,729.18
3034,101.1058,6874.732,207.038,100.0,0.0,0,0,0.0,DEPLOY,724.27
3035,101.1391,6876.654,208.342,100.0,0.0,0,0,0.0,DEPLOY,719.36
3036,101.1725,6878.589,209.637,100.0,0.0,0,0,0.0,DEPLOY,714.43
3037,101.2058,6880.535,210.921,100.0,0.0,0,0,0.0,DEPLOY,709.5
3038,101.2391,6882.493,212.193,100.0,0.0,0,0,0.0,DEPLOY,704.56
3039,101.2724,6884.463,213.451,100.0,0.0,0,0,0.0,DEPLOY,699.62
3040,101.3057,6886.445,214.693,100.0,0.0,0,0,0.0,DEPLOY,694.67
3041,101.3391,6888.438,215.919,100.0,0.0,0,0,0.0,DEPLOY,689.72
3042,101.3724,6890.442,217.125,100.0,0.0,0,0,0.0,DEPLOY,684.76
3043,101.4057,6892.458,218.31,100.0,0.0,0,0,0.0,DEPLOY,679.79
3044,101.439,6894.484,219.473,100.0,0.0,0,0,0.0,DEPLOY,674.81
3045,101.4724,6896.521,220.611,100.0,0.0,0,0,0.0,DEPLOY,669.83
3046,101.5057,6898.568,221.723,100.0,0.0,0,0,0.0,DEPLOY,664.84
3047,101.539,6900.626,222.806,100.0,0.0,0,0,0.0,DEPLOY,659.87
3048,101.5723,6902.693,223.86,100.0,0.0,0,0,0.0,DEPLOY,654.99
3049,101.6057,6904.77,224.883,100.0,0.0,0,0,0.0,DEPLOY,650.21
3050,101.639,6906.856,225.872,100.0,0.0,0,0,0.0,DEPLOY,645.52
3051,101.6723,6908.952,226.828,100.0,0.0,0,0,0.0,DEPLOY,640.92
3052,101.7056,6911.056,227.748,100.0,0.0,0,0,0.0,DEPLOY,636.4
3053,101.739,6913.168,228.633,100.0,0.0,0,0,0.0,DEPLOY,631.98
3054,101.7723,6915.288,229.479,100.0,0.0,0,0,0.0,DEPLOY,627.63
3055,101.8056,6917.416,230.288,100.0,0.0,0,0,0.0,DEPLOY,623.37
3056,101.8389,6919.551,231.058,100.0,0.0,0,0,0.0,DEPLOY,619.18
3057,101.8723,6921.693,231.79,100.0,0.0,0,0,0.0,DEPLOY,615.08
3058,101.9056,6923.842,232.482,100.0,0.0,0,0,0.0,DEPLOY,611.05
