frame,time_s,distance,speed,throttle,brake,gear,rpm,soc_pct,mode,power_kw
0,0.0,0.0,305.582,100.0,0.0,0,0,100.0,DRS,636.45
1,0.0333,2.83,305.751,100.0,0.0,0,0,100.0,DRS,636.45
2,0.0666,5.661,306.011,100.0,0.0,0,0,100.0,DRS,636.45
3,0.1,8.495,306.268,100.0,0.0,0,0,100.0,DRS,636.45
4,0.1333,11.331,306.522,100.0,0.0,0,0,100.0,DRS,636.45
5,0.1666,14.17,306.774,100.0,0.0,0,0,100.0,DRS,636.45
6,0.1999,17.011,307.023,100.0,0.0,0,0,100.0,DRS,636.45
7,0.2333,19.854,307.27,100.0,0.0,0,0,100.0,DRS,636.45
8,0.2666,22.699,307.514,100.0,0.0,0,0,100.0,DRS,636.45
9,0.2999,25.547,307.755,100.0,0.0,0,0,100.0,DRS,636.45
10,0.3332,28.397,307.994,100.0,0.0,0,0,100.0,DRS,636.45
11,0.3666,31.249,308.231,100.0,0.0,0,0,100.0,DRS,636.45
12,0.3999,34.103,308.465,100.0,0.0,0,0,100.0,DRS,636.45
13,0.4332,36.96,308.696,100.0,0.0,0,0,100.0,DRS,636.45
14,0.4665,39.818,308.926,100.0,0.0,0,0,100.0,DRS,636.45
15,0.4999,42.679,309.153,100.0,0.0,0,0,100.0,DRS,636.45
16,0.5332,45.542,309.377,100.0,0.0,0,0,100.0,DRS,636.45
17,0.5665,48.407,309.588,100.0,0.0,0,0,100.0,DRS,636.45
18,0.5998,51.273,309.781,100.0,0.0,0,0,100.0,DRS,636.45
19,0.6332,54.142,309.976,100.0,0.0,0,0,100.0,DRS,636.45
20,0.6665,57.012,310.172,100.0,0.0,0,0,100.0,DRS,636.45
21,0.6998,59.884,310.368,100.0,0.0,0,0,100.0,DRS,636.45
22,0.7331,62.758,310.565,100.0,0.0,0,0,100.0,DRS,636.45
23,0.7665,65.634,310.761,100.0,0.0,0,0,100.0,DRS,636.45
24,0.7998,68.511,310.958,100.0,0.0,0,0,100.0,DRS,636.45
25,0.8331,71.391,311.154,100.0,0.0,0,0,100.0,DRS,636.45
26,0.8664,74.272,311.35,100.0,0.0,0,0,100.0,DRS,636.45
27,0.8998,77.155,311.545,100.0,0.0,0,0,100.0,DRS,636.45
28,0.9331,80.04,311.739,100.0,0.0,0,0,100.0,DRS,636.45
29,0.9664,82.926,311.932,100.0,0.0,0,0,100.0,DRS,636.45
30,0.9997,85.815,312.124,100.0,0.0,0,0,100.0,DRS,636.45
31,1.0331,88.705,312.315,100.0,0.0,0,0,100.0,DRS,636.45
32,1.0664,91.597,312.504,100.0,0.0,0,0,100.0,DRS,636.45
33,1.0997,94.49,312.692,100.0,0.0,0,0,100.0,DRS,636.45
34,1.133,97.386,312.878,100.0,0.0,0,0,100.0,DRS,636.45
35,1.1664,100.283,313.062,100.0,0.0,0,0,100.0,DRS,636.45
36,1.1997,103.182,313.246,100.0,0.0,0,0,100.0,DRS,636.45
37,1.233,106.082,313.427,100.0,0.0,0,0,100.0,DRS,636.45
38,1.2663,108.984,313.607,100.0,0.0,0,0,100.0,DRS,636.45
39,1.2997,111.888,313.785,100.0,0.0,0,0,100.0,DRS,636.45
40,1.333,114.794,313.961,100.0,0.0,0,0,100.0,DRS,636.45
41,1.3663,117.701,314.136,100.0,0.0,0,0,100.0,DRS,636.45
42,1.3996,120.609,314.309,100.0,0.0,0,0,100.0,DRS,636.45
43,1.433,123.52,314.48,100.0,0.0,0,0,100.0,DRS,636.45
44,1.4663,126.432,314.65,100.0,0.0,0,0,100.0,DRS,636.45
45,1.4996,129.345,314.817,100.0,0.0,0,0,100.0,DRS,636.45
46,1.5329,132.26,314.984,100.0,0.0,0,0,100.0,DRS,636.45
47,1.5662,135.177,315.148,100.0,0.0,0,0,100.0,DRS,636.45
48,1.5996,138.094,315.311,100.0,0.0,0,0,100.0,DRS,636.45
49,1.6329,141.014,315.472,100.0,0.0,0,0,100.0,DRS,636.45
50,1.6662,143.935,315.632,100.0,0.0,0,0,100.0,DRS,636.45
51,1.6995,146.858,315.789,100.0,0.0,0,0,100.0,DRS,636.45
52,1.7329,149.781,315.946,100.0,0.0,0,0,100.0,DRS,636.45
53,1.7662,152.707,316.1,100.0,0.0,0,0,100.0,DRS,636.45
54,1.7995,155.634,316.253,100.0,0.0,0,0,100.0,DRS,636.45
55,1.8328,158.562,316.405,100.0,0.0,0,0,100.0,DRS,636.45
56,1.8662,161.491,316.555,100.0,0.0,0,0,100.0,DRS,636.45
57,1.8995,164.422,316.703,100.0,0.0,0,0,100.0,DRS,636.45
58,1.9328,167.355,316.85,100.0,0.0,0,0,100.0,DRS,636.45
59,1.9661,170.288,316.996,100.0,0.0,0,0,100.0,DRS,636.45
60,1.9995,173.223,317.14,100.0,0.0,0,0,100.0,DRS,636.45
61,2.0328,176.16,317.282,100.0,0.0,0,0,100.0,DRS,636.45
62,2.0661,179.097,317.423,100.0,0.0,0,0,100.0,DRS,636.45
63,2.0994,182.036,317.562,100.0,0.0,0,0,100.0,DRS,636.45
64,2.1328,184.977,317.7,100.0,0.0,0,0,100.0,DRS,636.45
65,2.1661,187.918,317.837,100.0,0.0,0,0,100.0,DRS,636.45
66,2.1994,190.861,317.972,100.0,0.0,0,0,100.0,DRS,636.45
67,2.2327,193.805,318.106,100.0,0.0,0,0,100.0,DRS,636.45
68,2.2661,196.75,318.239,100.0,0.0,0,0,100.0,DRS,636.45
69,2.2994,199.697,318.37,100.0,0.0,0,0,100.0,DRS,636.45
70,2.3327,202.644,318.5,100.0,0.0,0,0,100.0,DRS,636.45
71,2.366,205.593,318.628,100.0,0.0,0,0,100.0,DRS,636.45
72,2.3994,208.543,318.755,100.0,0.0,0,0,100.0,DRS,636.45
73,2.4327,211.495,318.881,100.0,0.0,0,0,100.0,DRS,636.45
74,2.466,214.447,319.006,100.0,0.0,0,0,100.0,DRS,636.45
75,2.4993,217.4,319.129,100.0,0.0,0,0,100.0,DRS,636.45
76,2.5327,220.355,319.251,100.0,0.0,0,0,100.0,DRS,636.45
77,2.566,223.311,319.372,100.0,0.0,0,0,100.0,DRS,636.45
78,2.5993,226.268,319.491,100.0,0.0,0,0,100.0,DRS,636.45
79,2.6326,229.226,319.609,100.0,0.0,0,0,100.0,DRS,636.45
80,2.666,232.185,319.726,100.0,0.0,0,0,100.0,DRS,636.45
81,2.6993,235.145,319.842,100.0,0.0,0,0,100.0,DRS,636.45
82,2.7326,238.106,319.957,100.0,0.0,0,0,100.0,DRS,636.45
83,2.7659,241.069,320.07,100.0,0.0,0,0,100.0,DRS,636.45
84,2.7993,244.032,320.182,100.0,0.0,0,0,100.0,DRS,636.45
85,2.8326,246.996,320.293,100.0,0.0,0,0,100.0,DRS,636.45
86,2.8659,249.962,320.403,100.0,0.0,0,0,100.0,DRS,636.45
87,2.8992,252.928,320.511,100.0,0.0,0,0,100.0,DRS,636.45
88,2.9326,255.896,320.619,100.0,0.0,0,0,100.0,DRS,636.45
89,2.9659,258.864,320.724,100.0,0.0,0,0,100.0,DRS,636.45
90,2.9992,261.833,320.829,100.0,0.0,0,0,100.0,DRS,636.45
91,3.0325,264.804,320.932,100.0,0.0,0,0,100.0,DRS,636.45
92,3.0658,267.775,321.033,100.0,0.0,0,0,100.0,DRS,636.45
93,3.0992,270.747,321.132,100.0,0.0,0,0,100.0,DRS,636.45
94,3.1325,273.72,321.23,100.0,0.0,0,0,100.0,DRS,636.45
95,3.1658,276.694,321.326,100.0,0.0,0,0,100.0,DRS,636.45
96,3.1991,279.669,321.419,100.0,0.0,0,0,100.0,DRS,636.45
97,3.2325,282.645,321.51,100.0,0.0,0,0,100.0,DRS,636.45
98,3.2658,285.621,321.598,100.0,0.0,0,0,100.0,DRS,636.45
99,3.2991,288.599,321.682,100.0,0.0,0,0,100.0,DRS,636.45
100,3.3324,291.577,321.763,100.0,0.0,0,0,100.0,DRS,636.45
101,3.3658,294.556,321.84,100.0,0.0,0,0,100.0,DRS,636.45
102,3.3991,297.535,321.911,100.0,0.0,0,0,100.0,DRS,636.45
103,3.4324,300.515,321.976,100.0,0.0,0,0,100.0,DRS,636.45
104,3.4657,303.496,322.034,100.0,0.0,0,0,100.0,DRS,636.45
105,3.4991,306.477,322.084,100.0,0.0,0,0,100.0,DRS,636.45
106,3.5324,309.459,322.125,100.0,0.0,0,0,100.0,DRS,636.45
107,3.5657,312.441,322.154,100.0,0.0,0,0,100.0,DRS,636.45
108,3.599,315.423,322.171,100.0,0.0,0,0,100.0,DRS,636.45
109,3.6324,318.405,322.172,100.0,0.0,0,0,100.0,DRS,636.45
110,3.6657,321.388,322.156,100.0,0.0,0,0,100.0,DRS,636.45
111,3.699,324.37,322.121,100.0,0.0,0,0,100.0,DRS,636.45
112,3.7323,327.351,322.061,100.0,0.0,0,0,100.0,DRS,636.45
113,3.7657,330.332,321.977,100.0,0.0,0,0,100.0,DRS,636.45
114,3.799,333.312,321.86,100.0,0.0,0,0,100.0,DRS,636.45
115,3.8323,336.291,321.711,100.0,0.0,0,0,100.0,DRS,636.45
116,3.8656,339.268,321.522,100.0,0.0,0,0,100.0,DRS,636.45
117,3.899,342.243,321.291,100.0,0.0,0,0,100.0,DRS,636.45
118,3.9323,345.216,321.009,100.0,0.0,0,0,100.0,DRS,636.45
119,3.9656,348.186,320.676,100.0,0.0,0,0,100.0,DRS,636.45
120,3.9989,351.152,320.279,100.0,0.0,0,0,100.0,DRS,636.45
121,4.0323,354.115,319.821,100.0,0.0,0,0,100.0,DRS,636.45
122,4.0656,357.073,319.284,100.0,0.0,0,0,100.0,DRS,636.45
123,4.0989,360.026,318.676,100.0,0.0,0,0,100.0,DRS,636.45
124,4.1322,362.973,317.975,100.0,0.0,0,0,100.0,DRS,636.45
125,4.1656,365.913,317.19,100.0,0.0,0,0,100.0,DRS,636.45
126,4.1989,368.844,316.3,100.0,0.0,0,0,100.0,FULL,636.45
127,4.2322,371.768,315.313,100.0,0.0,0,0,100.0,FULL,636.45
128,4.2655,374.682,314.211,100.0,0.0,0,0,100.0,FULL,636.45
129,4.2989,377.585,312.996,100.0,0.0,0,0,100.0,FULL,636.45
130,4.3322,380.476,311.663,100.0,0.0,0,0,100.0,FULL,636.45
131,4.3655,383.354,310.203,100.0,0.0,0,0,100.0,FULL,636.45
132,4.3988,386.219,308.624,100.0,0.0,0,0,100.0,FULL,636.45
133,4.4322,389.067,306.905,100.0,0.0,0,0,100.0,FULL,636.45
134,4.4655,391.9,305.07,100.0,0.0,0,0,100.0,FULL,636.45
135,4.4988,394.715,303.094,100.0,0.0,0,0,100.0,FULL,636.45
136,4.5321,397.511,300.996,100.0,0.0,0,0,100.0,FULL,636.45
137,4.5654,400.287,298.774,100.0,0.0,0,0,100.0,FULL,636.45
138,4.5988,403.041,296.423,100.0,0.0,0,0,100.0,FULL,636.45
139,4.6321,405.775,293.963,100.0,0.0,0,0,100.0,FULL,636.45
140,4.6654,408.483,291.385,100.0,0.0,0,0,100.0,FULL,636.45
141,4.6987,411.168,288.701,100.0,0.0,0,0,100.0,FULL,636.45
142,4.7321,413.828,285.923,100.0,0.0,0,0,100.0,FULL,636.45
143,4.7654,416.461,283.012,100.0,0.0,0,0,100.0,FULL,504.26
144,4.7987,419.066,279.945,0.0,100.0,0,0,100.0,REGEN,0.0
145,4.832,421.643,276.728,0.0,100.0,0,0,100.0,REGEN,0.0
146,4.8654,424.19,273.358,0.0,100.0,0,0,100.0,REGEN,0.0
147,4.8987,426.703,269.83,0.0,100.0,0,0,100.0,REGEN,0.0
148,4.932,429.183,266.167,0.0,100.0,0,0,100.0,REGEN,0.0
149,4.9653,431.631,262.377,0.0,100.0,0,0,100.0,REGEN,0.0
150,4.9987,434.043,258.467,0.0,100.0,0,0,100.0,REGEN,0.0
151,5.032,436.415,254.436,0.0,100.0,0,0,100.0,REGEN,0.0
152,5.0653,438.749,250.004,0.0,100.0,0,0,100.0,REGEN,0.0
153,5.0986,441.037,244.448,0.0,100.0,0,0,100.0,REGEN,0.0
154,5.132,443.272,238.511,0.0,100.0,0,0,100.0,REGEN,0.0
155,5.1653,445.454,232.757,0.0,100.0,0,0,100.0,REGEN,0.0
156,5.1986,447.583,227.171,0.0,100.0,0,0,100.0,REGEN,0.0
157,5.2319,449.661,221.747,0.0,100.0,0,0,100.0,REGEN,0.0
158,5.2653,451.69,216.477,0.0,100.0,0,0,100.0,REGEN,0.0
159,5.2986,453.669,211.358,0.0,100.0,0,0,100.0,REGEN,0.0
160,5.3319,455.602,206.389,0.0,100.0,0,0,100.0,REGEN,0.0
161,5.3652,457.49,201.569,0.0,100.0,0,0,100.0,REGEN,0.0
162,5.3986,459.333,196.892,0.0,100.0,0,0,100.0,REGEN,0.0
163,5.4319,461.134,192.334,0.0,100.0,0,0,100.0,REGEN,0.0
164,5.4652,462.893,187.916,0.0,100.0,0,0,100.0,REGEN,0.0
165,5.4985,464.614,183.658,0.0,100.0,0,0,100.0,REGEN,0.0
166,5.5319,466.297,179.555,0.0,100.0,0,0,100.0,REGEN,0.0
167,5.5652,467.943,175.627,0.0,100.0,0,0,100.0,REGEN,0.0
168,5.5985,469.548,171.911,0.0,100.0,0,0,100.0,REGEN,0.0
169,5.6318,471.121,168.378,0.0,100.0,0,0,100.0,REGEN,0.0
170,5.6652,472.665,165.028,0.0,100.0,0,0,100.0,REGEN,0.0
171,5.6985,474.182,161.88,0.0,100.0,0,0,100.0,REGEN,0.0
172,5.7318,475.666,159.2,0.0,100.0,0,0,100.0,REGEN,0.0
173,5.7651,477.13,157.356,0.0,100.0,0,0,100.0,REGEN,0.0
174,5.7985,478.579,155.546,0.0,100.0,0,0,100.0,REGEN,0.0
175,5.8318,480.012,153.298,0.0,100.0,0,0,100.0,REGEN,0.0
176,5.8651,481.417,151.249,0.0,100.0,0,0,100.0,REGEN,0.0
177,5.8984,482.808,149.267,0.0,100.0,0,0,100.0,REGEN,0.0
178,5.9317,484.184,147.334,0.0,100.0,0,0,100.0,REGEN,0.0
179,5.9651,485.536,145.385,0.0,100.0,0,0,100.0,REGEN,0.0
180,5.9984,486.871,143.407,0.0,100.0,0,0,100.0,REGEN,0.0
181,6.0317,488.193,141.403,0.0,100.0,0,0,100.0,REGEN,0.0
182,6.065,489.49,139.344,0.0,100.0,0,0,100.0,REGEN,0.0
183,6.0984,490.769,137.248,0.0,100.0,0,0,100.0,REGEN,0.0
184,6.1317,492.035,135.122,0.0,100.0,0,0,100.0,REGEN,0.0
185,6.165,493.27,133.015,0.0,100.0,0,0,100.0,REGEN,0.0
186,6.1983,494.494,130.974,0.0,100.0,0,0,100.0,REGEN,0.0
187,6.2317,495.698,129.046,0.0,100.0,0,0,100.0,REGEN,0.0
188,6.265,496.882,127.327,0.0,100.0,0,0,100.0,REGEN,0.0
189,6.2983,498.059,125.699,0.0,100.0,0,0,100.0,REGEN,0.0
190,6.3316,499.212,124.452,0.0,100.0,0,0,100.0,REGEN,0.0
191,6.365,500.362,123.372,100.0,100.0,0,0,100.0,REGEN,97.72
192,6.3983,501.5,122.742,100.0,100.0,0,0,100.0,REGEN,459.66
193,6.4316,502.635,122.338,100.0,0.0,0,0,100.0,FULL,636.45
194,6.4649,503.767,122.149,100.0,0.0,0,0,100.0,FULL,636.45
195,6.4983,504.897,121.959,100.0,0.0,0,0,100.0,FULL,636.45
196,6.5316,506.025,121.77,100.0,0.0,0,0,100.0,FULL,636.45
197,6.5649,507.151,121.582,100.0,0.0,0,0,100.0,FULL,636.45
198,6.5982,508.276,121.375,100.0,0.0,0,0,100.0,FULL,636.45
199,6.6316,509.398,121.089,100.0,0.0,0,0,100.0,FULL,636.45
200,6.6649,510.515,120.502,100.0,0.0,0,0,100.0,FULL,636.45
201,6.6982,511.626,119.477,100.0,0.0,0,0,100.0,FULL,636.45
202,6.7315,512.726,118.486,100.0,0.0,0,0,100.0,FULL,424.71
203,6.7649,513.82,117.515,100.0,0.0,0,0,100.0,FULL,76.92
204,6.7982,514.902,116.569,0.0,100.0,0,0,100.0,REGEN,0.0
205,6.8315,515.979,115.629,0.0,100.0,0,0,100.0,REGEN,0.0
206,6.8648,517.042,114.704,0.0,100.0,0,0,100.0,REGEN,0.0
207,6.8982,518.103,113.782,0.0,100.0,0,0,100.0,REGEN,0.0
208,6.9315,519.149,112.88,0.0,100.0,0,0,100.0,REGEN,0.0
209,6.9648,520.192,111.981,0.0,100.0,0,0,100.0,REGEN,0.0
210,6.9981,521.222,111.106,0.0,100.0,0,0,100.0,REGEN,0.0
211,7.0315,522.249,110.194,0.0,100.0,0,0,100.0,REGEN,0.0
212,7.0648,523.261,109.112,0.0,100.0,0,0,100.0,REGEN,0.0
213,7.0981,524.267,107.927,0.0,100.0,0,0,100.0,REGEN,0.0
214,7.1314,525.255,106.348,0.0,100.0,0,0,100.0,REGEN,0.0
215,7.1648,526.237,104.786,0.0,100.0,0,0,100.0,REGEN,0.0
216,7.1981,527.195,103.303,0.0,100.0,0,0,100.0,REGEN,0.0
217,7.2314,528.151,101.842,0.0,100.0,0,0,100.0,REGEN,0.0
218,7.2647,529.082,100.598,0.0,100.0,0,0,100.0,REGEN,0.0
219,7.2981,530.013,99.353,0.0,100.0,0,0,100.0,REGEN,0.0
220,7.3314,530.924,98.381,0.0,100.0,0,0,100.0,REGEN,0.0
221,7.3647,531.833,97.425,0.0,100.0,0,0,100.0,REGEN,0.0
222,7.398,532.73,96.669,100.0,100.0,0,0,100.0,REGEN,210.14
223,7.4313,533.622,95.984,100.0,100.0,0,0,100.0,REGEN,493.77
224,7.4647,534.509,95.428,100.0,0.0,0,0,100.0,FULL,636.45
225,7.498,535.39,95.004,100.0,0.0,0,0,100.0,FULL,636.45
226,7.5313,536.27,94.649,100.0,0.0,0,0,100.0,FULL,636.45
227,7.5646,537.145,94.536,100.0,0.0,0,0,100.0,FULL,636.45
228,7.598,538.02,94.423,100.0,0.0,0,0,100.0,FULL,636.45
229,7.6313,538.893,94.309,100.0,0.0,0,0,100.0,FULL,636.45
230,7.6646,539.766,94.196,100.0,0.0,0,0,100.0,FULL,636.45
231,7.6979,540.637,94.083,100.0,0.0,0,0,100.0,FULL,636.45
232,7.7313,541.507,93.971,100.0,0.0,0,0,100.0,FULL,636.45
233,7.7646,542.377,93.859,100.0,0.0,0,0,100.0,FULL,636.45
234,7.7979,543.245,93.747,100.0,0.0,0,0,100.0,FULL,636.45
235,7.8312,544.113,93.64,100.0,0.0,0,0,100.0,FULL,636.45
236,7.8646,544.98,93.689,100.0,0.0,0,0,100.0,FULL,636.45
237,7.8979,545.847,93.738,100.0,0.0,0,0,100.0,FULL,636.45
238,7.9312,546.719,94.13,100.0,0.0,0,0,100.0,FULL,636.45
239,7.9645,547.592,94.65,100.0,0.0,0,0,100.0,FULL,636.45
240,7.9979,548.47,95.068,100.0,0.0,0,0,100.0,FULL,636.45
241,8.0312,549.351,95.356,100.0,0.0,0,0,100.0,FULL,636.45
242,8.0645,550.234,95.644,100.0,0.0,0,0,100.0,FULL,636.45
243,8.0978,551.122,95.935,100.0,0.0,0,0,100.0,FULL,636.45
244,8.1312,552.01,96.225,100.0,0.0,0,0,100.0,FULL,636.45
245,8.1645,552.904,96.519,100.0,0.0,0,0,100.0,FULL,636.45
246,8.1978,553.798,96.813,100.0,0.0,0,0,100.0,FULL,636.45
247,8.2311,554.696,97.108,100.0,0.0,0,0,100.0,FULL,636.45
248,8.2645,555.596,97.405,100.0,0.0,0,0,100.0,FULL,636.45
249,8.2978,556.499,97.702,100.0,0.0,0,0,100.0,FULL,636.45
250,8.3311,557.405,98.0,100.0,0.0,0,0,100.0,FULL,636.45
251,8.3644,558.312,98.216,100.0,0.0,0,0,100.0,FULL,636.45
252,8.3978,559.221,98.256,100.0,0.0,0,0,100.0,FULL,636.45
253,8.4311,560.131,98.296,100.0,0.0,0,0,100.0,FULL,636.45
254,8.4644,561.041,98.336,100.0,0.0,0,0,100.0,FULL,636.45
255,8.4977,561.952,98.376,100.0,0.0,0,0,100.0,FULL,636.45
256,8.5311,562.863,98.416,100.0,0.0,0,0,100.0,FULL,636.45
257,8.5644,563.774,98.457,100.0,0.0,0,0,100.0,FULL,636.45
258,8.5977,564.685,98.498,100.0,0.0,0,0,100.0,FULL,636.45
259,8.631,565.597,98.539,100.0,0.0,0,0,100.0,FULL,636.45
260,8.6644,566.51,98.58,100.0,0.0,0,0,100.0,FULL,636.45
261,8.6977,567.422,98.621,100.0,0.0,0,0,100.0,FULL,636.45
262,8.731,568.335,98.663,100.0,0.0,0,0,100.0,FULL,636.45
263,8.7643,569.249,98.704,100.0,0.0,0,0,100.0,FULL,636.45
264,8.7977,570.163,98.795,100.0,0.0,0,0,100.0,FULL,636.45
265,8.831,571.079,98.945,100.0,0.0,0,0,100.0,FULL,636.45
266,8.8643,571.997,99.281,100.0,0.0,0,0,100.0,FULL,636.45
267,8.8976,572.92,99.961,100.0,0.0,0,0,100.0,FULL,636.45
268,8.9309,573.847,100.687,100.0,0.0,0,0,100.0,FULL,636.45
269,8.9643,574.786,101.541,100.0,0.0,0,0,100.0,FULL,636.45
270,8.9976,575.727,102.415,100.0,0.0,0,0,100.0,FULL,636.45
271,9.0309,576.682,103.367,100.0,0.0,0,0,100.0,FULL,636.45
272,9.0642,577.641,104.331,100.0,0.0,0,0,100.0,FULL,636.45
273,9.0976,578.614,105.347,100.0,0.0,0,0,100.0,FULL,636.45
274,9.1309,579.591,106.363,100.0,0.0,0,0,100.0,FULL,636.45
275,9.1642,580.583,107.381,100.0,0.0,0,0,100.0,FULL,636.45
276,9.1975,581.58,108.379,100.0,0.0,0,0,100.0,FULL,636.45
277,9.2309,582.588,109.328,100.0,0.0,0,0,100.0,FULL,636.45
278,9.2642,583.604,110.255,100.0,0.0,0,0,100.0,FULL,636.45
279,9.2975,584.629,111.151,100.0,0.0,0,0,100.0,FULL,636.45
280,9.3308,585.662,112.049,100.0,0.0,0,0,100.0,FULL,636.45
281,9.3642,586.702,112.947,100.0,0.0,0,0,100.0,FULL,636.45
282,9.3975,587.754,113.868,100.0,0.0,0,0,100.0,FULL,636.45
283,9.4308,588.809,114.797,100.0,0.0,0,0,100.0,FULL,636.45
284,9.4641,589.879,115.774,100.0,0.0,0,0,100.0,FULL,636.45
285,9.4975,590.954,116.767,100.0,0.0,0,0,100.0,FULL,636.45
286,9.5308,592.041,117.817,100.0,0.0,0,0,100.0,FULL,636.45
287,9.5641,593.136,118.892,100.0,0.0,0,0,100.0,FULL,636.45
288,9.5974,594.241,119.999,100.0,0.0,0,0,100.0,FULL,636.45
289,9.6308,595.359,121.103,100.0,0.0,0,0,100.0,FULL,636.45
290,9.6641,596.482,122.205,100.0,0.0,0,0,100.0,FULL,636.45
291,9.6974,597.62,123.269,100.0,0.0,0,0,100.0,FULL,636.45
292,9.7307,598.766,124.355,100.0,0.0,0,0,100.0,FULL,636.45
293,9.7641,599.921,125.476,100.0,0.0,0,0,100.0,FULL,636.45
294,9.7974,601.089,126.459,100.0,0.0,0,0,100.0,FULL,636.45
295,9.8307,602.262,127.376,100.0,0.0,0,0,100.0,FULL,636.45
296,9.864,603.445,128.141,100.0,0.0,0,0,100.0,FULL,636.45
297,9.8974,604.635,128.865,100.0,0.0,0,0,100.0,FULL,636.45
298,9.9307,605.83,129.55,100.0,0.0,0,0,100.0,FULL,636.45
299,9.964,607.033,130.152,100.0,0.0,0,0,100.0,FULL,636.45
300,9.9973,608.24,130.715,100.0,0.0,0,0,100.0,FULL,636.45
301,10.0307,609.452,131.201,100.0,0.0,0,0,100.0,FULL,636.45
302,10.064,610.669,131.612,100.0,0.0,0,0,100.0,FULL,636.45
303,10.0973,611.888,131.98,100.0,0.0,0,0,100.0,FULL,636.45
304,10.1306,613.111,132.23,100.0,0.0,0,0,100.0,FULL,636.45
305,10.164,614.336,132.43,100.0,0.0,0,0,100.0,FULL,636.45
306,10.1973,615.562,132.556,100.0,0.0,0,0,100.0,FULL,636.45
307,10.2306,616.789,132.586,100.0,0.0,0,0,100.0,FULL,636.45
308,10.2639,618.016,132.57,100.0,0.0,0,0,100.0,FULL,581.64
309,10.2973,619.243,132.449,100.0,0.0,0,0,100.0,FULL,192.58
310,10.3306,620.468,132.267,0.0,100.0,0,0,100.0,REGEN,0.0
311,10.3639,621.691,132.026,0.0,100.0,0,0,100.0,REGEN,0.0
312,10.3972,622.911,131.681,0.0,100.0,0,0,100.0,REGEN,0.0
313,10.4305,624.129,131.295,0.0,100.0,0,0,100.0,REGEN,0.0
314,10.4639,625.341,130.814,0.0,100.0,0,0,100.0,REGEN,0.0
315,10.4972,626.549,130.265,0.0,100.0,0,0,100.0,REGEN,0.0
316,10.5305,627.754,129.657,0.0,100.0,0,0,100.0,REGEN,0.0
317,10.5638,628.949,128.935,0.0,100.0,0,0,100.0,REGEN,0.0
318,10.5972,630.14,128.173,0.0,100.0,0,0,100.0,REGEN,0.0
319,10.6305,631.321,127.304,0.0,100.0,0,0,100.0,REGEN,0.0
320,10.6638,632.495,126.377,0.0,100.0,0,0,100.0,REGEN,0.0
321,10.6971,633.661,125.383,0.0,100.0,0,0,100.0,REGEN,0.0
322,10.7305,634.815,124.309,0.0,100.0,0,0,100.0,REGEN,0.0
323,10.7638,635.964,123.205,0.0,100.0,0,0,100.0,REGEN,0.0
324,10.7971,637.095,122.013,0.0,100.0,0,0,100.0,REGEN,0.0
325,10.8304,638.222,120.748,0.0,100.0,0,0,100.0,REGEN,0.0
326,10.8638,639.327,119.086,0.0,100.0,0,0,100.0,REGEN,0.0
327,10.8971,640.423,117.305,0.0,100.0,0,0,100.0,REGEN,0.0
328,10.9304,641.497,115.26,0.0,100.0,0,0,100.0,REGEN,0.0
329,10.9637,642.556,113.218,0.0,100.0,0,0,100.0,REGEN,0.0
330,10.9971,643.593,111.18,0.0,100.0,0,0,100.0,REGEN,0.0
331,11.0304,644.613,109.119,0.0,100.0,0,0,100.0,REGEN,0.0
332,11.0637,645.613,107.035,0.0,100.0,0,0,100.0,REGEN,0.0
333,11.097,646.595,104.971,0.0,100.0,0,0,100.0,REGEN,0.0
334,11.1304,647.555,102.929,0.0,100.0,0,0,100.0,REGEN,0.0
335,11.1637,648.502,100.958,0.0,100.0,0,0,100.0,REGEN,0.0
336,11.197,649.424,99.108,0.0,100.0,0,0,100.0,REGEN,0.0
337,11.2303,650.34,97.329,100.0,100.0,0,0,100.0,REGEN,50.07
338,11.2637,651.228,95.878,100.0,100.0,0,0,100.0,REGEN,330.31
339,11.297,652.116,94.427,100.0,100.0,0,0,100.0,REGEN,610.56
340,11.3303,652.986,93.934,100.0,0.0,0,0,100.0,FULL,636.45
341,11.3636,653.855,93.538,100.0,0.0,0,0,100.0,FULL,636.45
342,11.397,654.72,93.312,100.0,0.0,0,0,100.0,FULL,636.45
343,11.4303,655.584,93.202,100.0,0.0,0,0,100.0,FULL,636.45
344,11.4636,656.446,93.092,100.0,0.0,0,0,100.0,FULL,636.45
345,11.4969,657.307,92.982,100.0,0.0,0,0,100.0,FULL,636.45
346,11.5303,658.168,92.872,100.0,0.0,0,0,100.0,FULL,636.45
347,11.5636,659.026,92.762,100.0,0.0,0,0,100.0,FULL,636.45
348,11.5969,659.885,92.653,100.0,0.0,0,0,100.0,FULL,636.45
349,11.6302,660.742,92.544,100.0,0.0,0,0,100.0,FULL,636.45
350,11.6636,661.598,92.435,100.0,0.0,0,0,100.0,FULL,636.45
351,11.6969,662.453,92.253,100.0,0.0,0,0,100.0,FULL,636.45
352,11.7302,663.304,91.902,100.0,0.0,0,0,100.0,FULL,636.45
353,11.7635,664.155,91.551,100.0,0.0,0,0,100.0,FULL,636.45
354,11.7969,664.999,91.204,100.0,0.0,0,0,100.0,FULL,636.45
355,11.8302,665.842,90.857,100.0,0.0,0,0,100.0,FULL,636.45
356,11.8635,666.68,90.416,100.0,0.0,0,0,100.0,FULL,636.45
357,11.8968,667.514,89.889,100.0,0.0,0,0,100.0,FULL,636.45
358,11.9301,668.346,89.328,100.0,0.0,0,0,100.0,FULL,636.45
359,11.9635,669.164,88.438,100.0,0.0,0,0,100.0,FULL,636.45
360,11.9968,669.981,87.548,100.0,0.0,0,0,100.0,FULL,636.45
361,12.0301,670.788,86.86,100.0,0.0,0,0,100.0,FULL,636.45
362,12.0634,671.589,86.295,100.0,0.0,0,0,100.0,FULL,636.45
363,12.0968,672.389,85.782,100.0,0.0,0,0,100.0,FULL,636.45
364,12.1301,673.182,85.689,100.0,0.0,0,0,100.0,FULL,636.45
365,12.1634,673.975,85.596,100.0,0.0,0,0,100.0,FULL,636.45
366,12.1967,674.767,85.503,100.0,0.0,0,0,100.0,FULL,636.45
367,12.2301,675.558,85.41,100.0,0.0,0,0,100.0,FULL,636.45
368,12.2634,676.348,85.318,100.0,0.0,0,0,100.0,FULL,636.45
369,12.2967,677.137,85.225,100.0,0.0,0,0,100.0,FULL,636.45
370,12.33,677.926,85.133,100.0,0.0,0,0,100.0,FULL,636.45
371,12.3634,678.713,85.041,100.0,0.0,0,0,100.0,FULL,636.45
372,12.3967,679.5,84.949,100.0,0.0,0,0,100.0,FULL,636.45
373,12.43,680.287,84.857,100.0,0.0,0,0,100.0,FULL,636.45
374,12.4633,681.074,85.013,100.0,0.0,0,0,100.0,FULL,636.45
375,12.4967,681.861,85.174,100.0,0.0,0,0,100.0,FULL,636.45
376,12.53,682.652,85.481,100.0,0.0,0,0,100.0,FULL,636.45
377,12.5633,683.447,85.985,100.0,0.0,0,0,100.0,FULL,636.45
378,12.5966,684.242,86.488,100.0,0.0,0,0,100.0,FULL,636.45
379,12.63,685.049,87.096,100.0,0.0,0,0,100.0,FULL,636.45
380,12.6633,685.857,87.716,100.0,0.0,0,0,100.0,FULL,636.45
381,12.6966,686.672,88.358,100.0,0.0,0,0,100.0,FULL,636.45
382,12.7299,687.495,89.033,100.0,0.0,0,0,100.0,FULL,636.45
383,12.7633,688.318,89.708,100.0,0.0,0,0,100.0,FULL,636.45
384,12.7966,689.156,90.419,100.0,0.0,0,0,100.0,FULL,636.45
385,12.8299,689.994,91.132,100.0,0.0,0,0,100.0,FULL,636.45
386,12.8632,690.842,91.871,100.0,0.0,0,0,100.0,FULL,636.45
387,12.8966,691.697,92.628,100.0,0.0,0,0,100.0,FULL,636.45
388,12.9299,692.555,93.399,100.0,0.0,0,0,100.0,FULL,636.45
389,12.9632,693.427,94.212,100.0,0.0,0,0,100.0,FULL,636.45
390,12.9965,694.298,95.026,100.0,0.0,0,0,100.0,FULL,636.45
391,13.0299,695.186,95.909,100.0,0.0,0,0,100.0,FULL,636.45
392,13.0632,696.076,96.797,100.0,0.0,0,0,100.0,FULL,636.45
393,13.0965,696.978,97.744,100.0,0.0,0,0,100.0,FULL,636.45
394,13.1298,697.887,98.718,100.0,0.0,0,0,100.0,FULL,636.45
395,13.1632,698.805,99.734,100.0,0.0,0,0,100.0,FULL,636.45
396,13.1965,699.734,100.794,100.0,0.0,0,0,100.0,FULL,636.45
397,13.2298,700.67,101.88,100.0,0.0,0,0,100.0,FULL,636.45
398,13.2631,701.621,103.019,100.0,0.0,0,0,100.0,FULL,636.45
399,13.2965,702.577,104.175,100.0,0.0,0,0,100.0,FULL,636.45
400,13.3298,703.55,105.389,100.0,0.0,0,0,100.0,FULL,636.45
401,13.3631,704.527,106.616,100.0,0.0,0,0,100.0,FULL,636.45
402,13.3964,705.524,107.91,100.0,0.0,0,0,100.0,FULL,636.45
403,13.4297,706.525,109.198,100.0,0.0,0,0,100.0,FULL,636.45
404,13.4631,707.545,110.45,100.0,0.0,0,0,100.0,FULL,636.45
405,13.4964,708.57,111.735,100.0,0.0,0,0,100.0,FULL,636.45
406,13.5297,709.615,113.157,100.0,0.0,0,0,100.0,FULL,636.45
407,13.563,710.667,114.629,100.0,0.0,0,0,100.0,FULL,636.45
408,13.5964,711.737,116.227,100.0,0.0,0,0,100.0,FULL,636.45
409,13.6297,712.819,117.835,100.0,0.0,0,0,100.0,FULL,636.45
410,13.663,713.918,119.459,100.0,0.0,0,0,100.0,FULL,636.45
411,13.6963,715.032,121.096,100.0,0.0,0,0,100.0,FULL,636.45
412,13.7297,716.158,122.741,100.0,0.0,0,0,100.0,FULL,636.45
413,13.763,717.305,124.403,100.0,0.0,0,0,100.0,FULL,636.45
414,13.7963,718.459,126.071,100.0,0.0,0,0,100.0,FULL,636.45
415,13.8296,719.638,127.749,100.0,0.0,0,0,100.0,FULL,636.45
416,13.863,720.827,129.436,100.0,0.0,0,0,100.0,FULL,636.45
417,13.8963,722.033,131.135,100.0,0.0,0,0,100.0,FULL,636.45
418,13.9296,723.257,132.846,100.0,0.0,0,0,100.0,FULL,636.45
419,13.9629,724.49,134.564,100.0,0.0,0,0,100.0,FULL,636.45
420,13.9963,725.747,136.297,100.0,0.0,0,0,100.0,FULL,636.45
421,14.0296,727.017,138.038,100.0,0.0,0,0,100.0,FULL,636.45
422,14.0629,728.299,139.788,100.0,0.0,0,0,100.0,FULL,636.45
423,14.0962,729.605,141.553,100.0,0.0,0,0,100.0,FULL,636.45
424,14.1296,730.923,143.327,100.0,0.0,0,0,100.0,FULL,636.45
425,14.1629,732.255,145.11,100.0,0.0,0,0,100.0,FULL,636.45
426,14.1962,733.61,146.907,100.0,0.0,0,0,100.0,FULL,636.45
427,14.2295,734.978,148.712,100.0,0.0,0,0,100.0,FULL,636.45
428,14.2629,736.359,150.524,100.0,0.0,0,0,100.0,FULL,636.45
429,14.2962,737.764,152.347,100.0,0.0,0,0,100.0,FULL,636.45
430,14.3295,739.183,154.173,100.0,0.0,0,0,100.0,FULL,636.45
431,14.3628,740.617,156.0,100.0,0.0,0,0,100.0,FULL,636.45
432,14.3962,742.069,157.809,100.0,0.0,0,0,100.0,FULL,636.45
433,14.4295,743.54,159.544,100.0,0.0,0,0,100.0,FULL,636.45
434,14.4628,745.024,161.258,100.0,0.0,0,0,100.0,FULL,636.45
435,14.4961,746.523,162.967,100.0,0.0,0,0,100.0,FULL,636.45
436,14.5295,748.04,164.669,100.0,0.0,0,0,100.0,FULL,636.45
437,14.5628,749.573,166.362,100.0,0.0,0,0,100.0,FULL,636.45
438,14.5961,751.121,168.048,100.0,0.0,0,0,100.0,FULL,636.45
439,14.6294,752.683,169.724,100.0,0.0,0,0,100.0,FULL,636.45
440,14.6628,754.261,171.39,100.0,0.0,0,0,100.0,FULL,636.45
441,14.6961,755.857,173.043,100.0,0.0,0,0,100.0,FULL,636.45
442,14.7294,757.467,174.684,100.0,0.0,0,0,100.0,FULL,636.45
443,14.7627,759.091,176.314,100.0,0.0,0,0,100.0,FULL,636.45
444,14.796,760.73,177.931,100.0,0.0,0,0,100.0,FULL,636.45
445,14.8294,762.383,179.535,100.0,0.0,0,0,100.0,FULL,636.45
446,14.8627,764.053,181.122,100.0,0.0,0,0,100.0,FULL,636.45
447,14.896,765.738,182.694,100.0,0.0,0,0,100.0,FULL,636.45
448,14.9293,767.436,184.251,100.0,0.0,0,0,100.0,FULL,636.45
449,14.9627,769.149,185.793,100.0,0.0,0,0,100.0,FULL,636.45
450,14.996,770.875,187.32,100.0,0.0,0,0,100.0,FULL,636.45
451,15.0293,772.616,188.83,100.0,0.0,0,0,100.0,FULL,636.45
452,15.0626,774.37,190.324,100.0,0.0,0,0,100.0,FULL,636.45
453,15.096,776.139,191.798,100.0,0.0,0,0,100.0,FULL,636.45
454,15.1293,777.922,193.255,100.0,0.0,0,0,100.0,FULL,636.45
455,15.1626,779.718,194.695,100.0,0.0,0,0,100.0,FULL,636.45
456,15.1959,781.527,196.117,100.0,0.0,0,0,100.0,FULL,636.45
457,15.2293,783.349,197.523,100.0,0.0,0,0,100.0,FULL,636.45
458,15.2626,785.183,198.91,100.0,0.0,0,0,100.0,FULL,636.45
459,15.2959,787.031,200.28,100.0,0.0,0,0,100.0,FULL,636.45
460,15.3292,788.891,201.632,100.0,0.0,0,0,100.0,FULL,636.45
461,15.3626,790.763,202.967,100.0,0.0,0,0,100.0,FULL,636.45
462,15.3959,792.648,204.284,100.0,0.0,0,0,100.0,FULL,636.45
463,15.4292,794.545,205.584,100.0,0.0,0,0,100.0,FULL,636.45
464,15.4625,796.453,206.866,100.0,0.0,0,0,100.0,FULL,636.45
465,15.4959,798.374,208.132,100.0,0.0,0,0,100.0,FULL,636.45
466,15.5292,800.306,209.379,100.0,0.0,0,0,100.0,FULL,636.45
467,15.5625,802.25,210.61,100.0,0.0,0,0,100.0,FULL,636.45
468,15.5958,804.206,211.825,100.0,0.0,0,0,100.0,FULL,636.45
469,15.6292,806.172,213.023,100.0,0.0,0,0,100.0,FULL,636.45
470,15.6625,808.15,214.205,100.0,0.0,0,0,100.0,FULL,636.45
471,15.6958,810.138,215.371,100.0,0.0,0,0,100.0,FULL,636.45
472,15.7291,812.137,216.521,100.0,0.0,0,0,100.0,FULL,636.45
473,15.7625,814.146,217.657,100.0,0.0,0,0,100.0,FULL,636.45
474,15.7958,816.166,218.776,100.0,0.0,0,0,100.0,FULL,636.45
475,15.8291,818.197,219.881,100.0,0.0,0,0,100.0,FULL,636.45
476,15.8624,820.237,220.972,100.0,0.0,0,0,100.0,FULL,636.45
477,15.8958,822.287,222.047,100.0,0.0,0,0,100.0,FULL,636.45
478,15.9291,824.347,223.109,100.0,0.0,0,0,100.0,FULL,636.45
479,15.9624,826.418,224.156,100.0,0.0,0,0,100.0,FULL,636.45
480,15.9957,828.498,225.189,100.0,0.0,0,0,100.0,FULL,636.45
481,16.0291,830.587,226.209,100.0,0.0,0,0,100.0,FULL,636.45
482,16.0624,832.686,227.215,100.0,0.0,0,0,100.0,FULL,636.45
483,16.0957,834.794,228.208,100.0,0.0,0,0,100.0,FULL,636.45
484,16.129,836.911,229.189,100.0,0.0,0,0,100.0,FULL,636.45
485,16.1624,839.037,230.156,100.0,0.0,0,0,100.0,FULL,636.45
486,16.1957,841.172,231.111,100.0,0.0,0,0,100.0,FULL,636.45
487,16.229,843.316,232.054,100.0,0.0,0,0,100.0,FULL,636.45
488,16.2623,845.468,232.985,100.0,0.0,0,0,100.0,FULL,636.45
489,16.2956,847.629,233.903,100.0,0.0,0,0,100.0,FULL,636.45
490,16.329,849.798,234.81,100.0,0.0,0,0,100.0,FULL,636.45
491,16.3623,851.976,235.706,100.0,0.0,0,0,100.0,FULL,636.45
492,16.3956,854.162,236.59,100.0,0.0,0,0,100.0,FULL,636.45
493,16.4289,856.355,237.463,100.0,0.0,0,0,100.0,FULL,636.45
494,16.4623,858.558,238.324,100.0,0.0,0,0,100.0,FULL,636.45
495,16.4956,860.768,239.174,100.0,0.0,0,0,100.0,FULL,636.45
496,16.5289,862.986,240.014,100.0,0.0,0,0,100.0,FULL,636.45
497,16.5622,865.212,240.843,100.0,0.0,0,0,100.0,FULL,636.45
498,16.5956,867.445,241.661,100.0,0.0,0,0,100.0,FULL,636.45
499,16.6289,869.686,242.47,100.0,0.0,0,0,100.0,FULL,636.45
500,16.6622,871.934,243.268,100.0,0.0,0,0,100.0,FULL,636.45
501,16.6955,874.189,244.057,100.0,0.0,0,0,100.0,FULL,636.45
502,16.7289,876.452,244.836,100.0,0.0,0,0,100.0,FULL,636.45
503,16.7622,878.722,245.604,100.0,0.0,0,0,100.0,FULL,636.45
504,16.7955,880.999,246.363,100.0,0.0,0,0,100.0,FULL,636.45
505,16.8288,883.283,247.113,100.0,0.0,0,0,100.0,FULL,636.45
506,16.8622,885.574,247.853,100.0,0.0,0,0,100.0,FULL,636.45
507,16.8955,887.872,248.584,100.0,0.0,0,0,100.0,FULL,636.45
508,16.9288,890.176,249.307,100.0,0.0,0,0,100.0,FULL,636.45
509,16.9621,892.487,250.02,100.0,0.0,0,0,100.0,FULL,636.45
510,16.9955,894.805,250.724,100.0,0.0,0,0,100.0,FULL,636.45
511,17.0288,897.129,251.42,100.0,0.0,0,0,100.0,FULL,636.45
512,17.0621,899.46,252.107,100.0,0.0,0,0,100.0,FULL,636.45
513,17.0954,901.796,252.786,100.0,0.0,0,0,100.0,FULL,636.45
514,17.1288,904.139,253.457,100.0,0.0,0,0,100.0,FULL,636.45
515,17.1621,906.488,254.119,100.0,0.0,0,0,100.0,FULL,636.45
516,17.1954,908.844,254.773,100.0,0.0,0,0,100.0,FULL,636.45
517,17.2287,911.206,255.419,100.0,0.0,0,0,100.0,FULL,636.45
518,17.2621,913.573,256.057,100.0,0.0,0,0,100.0,FULL,636.45
519,17.2954,915.946,256.688,100.0,0.0,0,0,100.0,FULL,636.45
520,17.3287,918.325,257.311,100.0,0.0,0,0,100.0,FULL,636.45
521,17.362,920.71,257.926,100.0,0.0,0,0,100.0,FULL,636.45
522,17.3954,923.1,258.533,100.0,0.0,0,0,100.0,FULL,636.45
523,17.4287,925.496,259.134,100.0,0.0,0,0,100.0,FULL,636.45
524,17.462,927.897,259.727,100.0,0.0,0,0,100.0,FULL,636.45
525,17.4953,930.304,260.313,100.0,0.0,0,0,100.0,FULL,636.45
526,17.5287,932.717,260.891,100.0,0.0,0,0,100.0,FULL,636.45
527,17.562,935.134,261.463,100.0,0.0,0,0,100.0,FULL,636.45
528,17.5953,937.557,262.028,100.0,0.0,0,0,100.0,FULL,636.45
529,17.6286,939.985,262.586,100.0,0.0,0,0,100.0,FULL,636.45
530,17.662,942.418,263.137,100.0,0.0,0,0,100.0,FULL,636.45
531,17.6953,944.857,263.682,100.0,0.0,0,0,100.0,FULL,636.45
532,17.7286,947.3,264.219,100.0,0.0,0,0,100.0,FULL,636.45
533,17.7619,949.749,264.751,100.0,0.0,0,0,100.0,FULL,636.45
534,17.7952,952.202,265.276,100.0,0.0,0,0,100.0,FULL,636.45
535,17.8286,954.66,265.795,100.0,0.0,0,0,100.0,FULL,636.45
536,17.8619,957.123,266.307,100.0,0.0,0,0,100.0,FULL,636.45
537,17.8952,959.59,266.814,100.0,0.0,0,0,100.0,FULL,636.45
538,17.9285,962.062,267.314,100.0,0.0,0,0,100.0,FULL,636.45
539,17.9619,964.539,267.809,100.0,0.0,0,0,100.0,FULL,636.45
540,17.9952,967.02,268.297,100.0,0.0,0,0,100.0,FULL,636.45
541,18.0285,969.506,268.779,100.0,0.0,0,0,100.0,FULL,636.45
542,18.0618,971.996,269.256,100.0,0.0,0,0,100.0,FULL,636.45
543,18.0952,974.491,269.727,100.0,0.0,0,0,100.0,FULL,636.45
544,18.1285,976.99,270.192,100.0,0.0,0,0,100.0,FULL,636.45
545,18.1618,979.493,270.652,100.0,0.0,0,0,100.0,FULL,636.45
546,18.1951,982.001,271.107,100.0,0.0,0,0,100.0,FULL,636.45
547,18.2285,984.512,271.556,100.0,0.0,0,0,100.0,FULL,636.45
548,18.2618,987.028,271.999,100.0,0.0,0,0,100.0,FULL,636.45
549,18.2951,989.548,272.437,100.0,0.0,0,0,100.0,FULL,636.45
550,18.3284,992.072,272.87,100.0,0.0,0,0,100.0,FULL,636.45
551,18.3618,994.6,273.298,100.0,0.0,0,0,100.0,FULL,636.45
552,18.3951,997.132,273.72,100.0,0.0,0,0,100.0,FULL,636.45
553,18.4284,999.667,274.138,100.0,0.0,0,0,100.0,FULL,636.45
554,18.4617,1002.207,274.551,100.0,0.0,0,0,100.0,FULL,636.45
555,18.4951,1004.75,274.959,100.0,0.0,0,0,100.0,FULL,636.45
556,18.5284,1007.297,275.361,100.0,0.0,0,0,100.0,FULL,636.45
557,18.5617,1009.848,275.76,100.0,0.0,0,0,100.0,FULL,636.45
558,18.595,1012.402,276.153,100.0,0.0,0,0,100.0,FULL,636.45
559,18.6284,1014.961,276.542,100.0,0.0,0,0,100.0,FULL,636.45
560,18.6617,1017.522,276.926,100.0,0.0,0,0,100.0,FULL,636.45
561,18.695,1020.087,277.305,100.0,0.0,0,0,100.0,FULL,636.45
562,18.7283,1022.656,277.68,100.0,0.0,0,0,100.0,FULL,636.45
563,18.7617,1025.228,278.051,100.0,0.0,0,0,100.0,FULL,636.45
564,18.795,1027.804,278.417,100.0,0.0,0,0,100.0,FULL,636.45
565,18.8283,1030.383,278.779,100.0,0.0,0,0,100.0,FULL,636.45
566,18.8616,1032.965,279.136,100.0,0.0,0,0,100.0,FULL,636.45
567,18.895,1035.551,279.489,100.0,0.0,0,0,100.0,FULL,636.45
568,18.9283,1038.139,279.838,100.0,0.0,0,0,100.0,FULL,636.45
569,18.9616,1040.731,280.183,100.0,0.0,0,0,100.0,FULL,636.45
570,18.9949,1043.327,280.524,100.0,0.0,0,0,100.0,FULL,636.45
571,19.0283,1045.925,280.861,100.0,0.0,0,0,100.0,FULL,636.45
572,19.0616,1048.526,281.194,100.0,0.0,0,0,100.0,FULL,636.45
573,19.0949,1051.131,281.522,100.0,0.0,0,0,100.0,FULL,636.45
574,19.1282,1053.738,281.847,100.0,0.0,0,0,100.0,FULL,636.45
575,19.1616,1056.349,282.169,100.0,0.0,0,0,100.0,FULL,636.45
576,19.1949,1058.962,282.486,100.0,0.0,0,0,100.0,FULL,636.45
577,19.2282,1061.579,282.799,100.0,0.0,0,0,100.0,FULL,636.45
578,19.2615,1064.198,283.109,100.0,0.0,0,0,100.0,FULL,636.45
579,19.2948,1066.82,283.415,100.0,0.0,0,0,100.0,FULL,636.45
580,19.3282,1069.445,283.718,100.0,0.0,0,0,100.0,FULL,636.45
581,19.3615,1072.072,284.017,100.0,0.0,0,0,100.0,FULL,636.45
582,19.3948,1074.703,284.312,100.0,0.0,0,0,100.0,FULL,636.45
583,19.4281,1077.336,284.604,100.0,0.0,0,0,100.0,FULL,636.45
584,19.4615,1079.972,284.892,100.0,0.0,0,0,100.0,FULL,636.45
585,19.4948,1082.61,285.178,100.0,0.0,0,0,100.0,FULL,636.45
586,19.5281,1085.252,285.459,100.0,0.0,0,0,100.0,FULL,636.45
587,19.5614,1087.895,285.738,100.0,0.0,0,0,100.0,FULL,636.45
588,19.5948,1090.542,286.013,100.0,0.0,0,0,100.0,FULL,636.45
589,19.6281,1093.19,286.284,100.0,0.0,0,0,100.0,FULL,636.45
590,19.6614,1095.842,286.553,100.0,0.0,0,0,100.0,FULL,636.45
591,19.6947,1098.495,286.819,100.0,0.0,0,0,100.0,FULL,636.45
592,19.7281,1101.152,287.081,100.0,0.0,0,0,100.0,FULL,636.45
593,19.7614,1103.81,287.34,100.0,0.0,0,0,100.0,FULL,636.45
594,19.7947,1106.471,287.596,100.0,0.0,0,0,100.0,FULL,636.45
595,19.828,1109.135,287.849,100.0,0.0,0,0,100.0,FULL,636.45
596,19.8614,1111.801,288.099,100.0,0.0,0,0,100.0,FULL,636.45
597,19.8947,1114.468,288.347,100.0,0.0,0,0,100.0,FULL,636.45
598,19.928,1117.139,288.591,100.0,0.0,0,0,100.0,FULL,636.45
599,19.9613,1119.811,288.832,100.0,0.0,0,0,100.0,FULL,636.45
600,19.9947,1122.486,289.071,100.0,0.0,0,0,100.0,FULL,636.45
601,20.028,1125.163,289.306,100.0,0.0,0,0,100.0,FULL,636.45
602,20.0613,1127.842,289.539,100.0,0.0,0,0,100.0,FULL,636.45
603,20.0946,1130.523,289.769,100.0,0.0,0,0,100.0,FULL,636.45
604,20.128,1133.207,289.997,100.0,0.0,0,0,100.0,FULL,636.45
605,20.1613,1135.892,290.222,100.0,0.0,0,0,100.0,FULL,636.45
606,20.1946,1138.58,290.444,100.0,0.0,0,0,100.0,FULL,636.45
607,20.2279,1141.27,290.663,100.0,0.0,0,0,100.0,FULL,636.45
608,20.2613,1143.961,290.88,100.0,0.0,0,0,100.0,FULL,636.45
609,20.2946,1146.655,291.095,100.0,0.0,0,0,100.0,FULL,636.45
610,20.3279,1149.35,291.306,100.0,0.0,0,0,100.0,FULL,636.45
611,20.3612,1152.048,291.516,100.0,0.0,0,0,100.0,FULL,636.45
612,20.3946,1154.747,291.723,100.0,0.0,0,0,100.0,FULL,636.45
613,20.4279,1157.449,291.927,100.0,0.0,0,0,100.0,FULL,636.45
614,20.4612,1160.152,292.129,100.0,0.0,0,0,100.0,FULL,636.45
615,20.4945,1162.857,292.329,100.0,0.0,0,0,100.0,FULL,636.45
616,20.5279,1165.564,292.526,100.0,0.0,0,0,100.0,FULL,636.45
617,20.5612,1168.273,292.721,100.0,0.0,0,0,100.0,FULL,636.45
618,20.5945,1170.983,292.914,100.0,0.0,0,0,100.0,FULL,636.45
619,20.6278,1173.696,293.104,100.0,0.0,0,0,100.0,FULL,636.45
620,20.6612,1176.41,293.292,100.0,0.0,0,0,100.0,FULL,636.45
621,20.6945,1179.125,293.478,100.0,0.0,0,0,100.0,FULL,636.45
622,20.7278,1181.843,293.662,100.0,0.0,0,0,100.0,FULL,636.45
623,20.7611,1184.562,293.844,100.0,0.0,0,0,100.0,FULL,636.45
624,20.7944,1187.283,294.023,100.0,0.0,0,0,100.0,FULL,636.45
625,20.8278,1190.006,294.2,100.0,0.0,0,0,100.0,FULL,636.45
626,20.8611,1192.73,294.376,100.0,0.0,0,0,100.0,FULL,636.45
627,20.8944,1195.456,294.549,100.0,0.0,0,0,100.0,FULL,636.45
628,20.9277,1198.183,294.72,100.0,0.0,0,0,100.0,FULL,636.45
629,20.9611,1200.912,294.889,100.0,0.0,0,0,100.0,FULL,636.45
630,20.9944,1203.642,295.056,100.0,0.0,0,0,100.0,FULL,636.45
631,21.0277,1206.374,295.221,100.0,0.0,0,0,100.0,FULL,636.45
632,21.061,1209.108,295.384,100.0,0.0,0,0,100.0,FULL,636.45
633,21.0944,1211.843,295.546,100.0,0.0,0,0,100.0,FULL,636.45
634,21.1277,1214.58,295.705,100.0,0.0,0,0,100.0,FULL,636.45
635,21.161,1217.318,295.862,100.0,0.0,0,0,100.0,FULL,636.45
636,21.1943,1220.057,296.017,100.0,0.0,0,0,100.0,FULL,636.45
637,21.2277,1222.798,296.17,100.0,0.0,0,0,100.0,FULL,636.45
638,21.261,1225.54,296.32,100.0,0.0,0,0,100.0,FULL,636.45
639,21.2943,1228.284,296.469,100.0,0.0,0,0,100.0,FULL,636.45
640,21.3276,1231.029,296.615,100.0,0.0,0,0,100.0,FULL,636.45
641,21.361,1233.775,296.758,100.0,0.0,0,0,100.0,FULL,636.45
642,21.3943,1236.523,296.899,100.0,0.0,0,0,100.0,FULL,636.45
643,21.4276,1239.272,297.037,100.0,0.0,0,0,100.0,FULL,636.45
644,21.4609,1242.022,297.171,100.0,0.0,0,0,100.0,FULL,636.45
645,21.4943,1244.774,297.302,100.0,0.0,0,0,100.0,FULL,636.45
646,21.5276,1247.526,297.428,100.0,0.0,0,0,100.0,FULL,636.45
647,21.5609,1250.28,297.55,100.0,0.0,0,0,100.0,FULL,636.45
648,21.5942,1253.035,297.666,100.0,0.0,0,0,100.0,FULL,636.45
649,21.6276,1255.791,297.776,100.0,0.0,0,0,100.0,FULL,636.45
650,21.6609,1258.548,297.878,100.0,0.0,0,0,100.0,FULL,636.45
651,21.6942,1261.306,297.972,100.0,0.0,0,0,100.0,FULL,636.45
652,21.7275,1264.064,298.056,100.0,0.0,0,0,100.0,FULL,636.45
653,21.7609,1266.824,298.128,100.0,0.0,0,0,100.0,FULL,636.45
654,21.7942,1269.584,298.186,100.0,0.0,0,0,100.0,FULL,636.45
655,21.8275,1272.344,298.23,100.0,0.0,0,0,100.0,FULL,636.45
656,21.8608,1275.105,298.253,100.0,0.0,0,0,100.0,FULL,636.45
657,21.8942,1277.866,298.257,100.0,0.0,0,0,100.0,FULL,636.45
658,21.9275,1280.626,298.236,100.0,0.0,0,0,100.0,FULL,636.45
659,21.9608,1283.387,298.186,100.0,0.0,0,0,100.0,FULL,636.45
660,21.9941,1286.147,298.107,100.0,0.0,0,0,100.0,FULL,636.45
661,22.0275,1288.906,297.989,100.0,0.0,0,0,100.0,FULL,636.45
662,22.0608,1291.664,297.83,100.0,0.0,0,0,100.0,FULL,636.45
663,22.0941,1294.42,297.629,100.0,0.0,0,0,100.0,FULL,636.45
664,22.1274,1297.173,297.371,100.0,0.0,0,0,100.0,FULL,636.45
665,22.1608,1299.925,297.061,100.0,0.0,0,0,100.0,FULL,636.45
666,22.1941,1302.673,296.686,100.0,0.0,0,0,100.0,FULL,636.45
667,22.2274,1305.417,296.24,100.0,0.0,0,0,100.0,FULL,636.45
668,22.2607,1308.157,295.724,100.0,0.0,0,0,100.0,FULL,636.45
669,22.294,1310.892,295.121,100.0,0.0,0,0,100.0,FULL,636.45
670,22.3274,1313.62,294.433,100.0,0.0,0,0,100.0,FULL,636.45
671,22.3607,1316.343,293.657,100.0,0.0,0,0,100.0,FULL,636.45
672,22.394,1319.057,292.77,100.0,0.0,0,0,100.0,FULL,636.45
673,22.4273,1321.762,291.785,100.0,0.0,0,0,100.0,FULL,636.45
674,22.4607,1324.459,290.695,100.0,0.0,0,0,100.0,FULL,636.45
675,22.494,1327.143,289.481,100.0,0.0,0,0,100.0,FULL,636.45
676,22.5273,1329.817,288.159,100.0,0.0,0,0,100.0,FULL,636.45
677,22.5606,1332.478,286.72,100.0,0.0,0,0,100.0,FULL,636.45
678,22.594,1335.125,285.149,100.0,0.0,0,0,100.0,FULL,636.45
679,22.6273,1337.756,283.464,100.0,0.0,0,0,100.0,FULL,636.45
680,22.6606,1340.373,281.665,100.0,0.0,0,0,100.0,FULL,636.45
681,22.6939,1342.97,279.732,100.0,0.0,0,0,100.0,FULL,636.45
682,22.7273,1345.55,277.69,100.0,0.0,0,0,100.0,FULL,636.45
683,22.7606,1348.112,275.54,100.0,0.0,0,0,100.0,FULL,636.45
684,22.7939,1350.652,273.276,100.0,0.0,0,0,100.0,FULL,636.45
685,22.8272,1353.17,270.907,100.0,0.0,0,0,100.0,FULL,378.04
686,22.8606,1355.666,268.446,0.0,100.0,0,0,100.0,REGEN,0.0
687,22.8939,1358.14,265.879,0.0,100.0,0,0,100.0,REGEN,0.0
688,22.9272,1360.589,263.165,0.0,100.0,0,0,100.0,REGEN,0.0
689,22.9605,1363.01,260.296,0.0,100.0,0,0,100.0,REGEN,0.0
690,22.9939,1365.406,257.288,0.0,100.0,0,0,100.0,REGEN,0.0
691,23.0272,1367.773,254.142,0.0,100.0,0,0,100.0,REGEN,0.0
692,23.0605,1370.112,250.865,0.0,100.0,0,0,100.0,REGEN,0.0
693,23.0938,1372.419,247.458,0.0,100.0,0,0,100.0,REGEN,0.0
694,23.1272,1374.692,243.924,0.0,100.0,0,0,100.0,REGEN,0.0
695,23.1605,1376.932,240.283,0.0,100.0,0,0,100.0,REGEN,0.0
696,23.1938,1379.139,236.546,0.0,100.0,0,0,100.0,REGEN,0.0
697,23.2271,1381.307,232.082,0.0,100.0,0,0,100.0,REGEN,0.0
698,23.2605,1383.43,226.651,0.0,100.0,0,0,100.0,REGEN,0.0
699,23.2938,1385.503,221.204,0.0,100.0,0,0,100.0,REGEN,0.0
700,23.3271,1387.526,215.925,0.0,100.0,0,0,100.0,REGEN,0.0
701,23.3604,1389.501,210.808,0.0,100.0,0,0,100.0,REGEN,0.0
702,23.3938,1391.429,205.851,0.0,100.0,0,0,100.0,REGEN,0.0
703,23.4271,1393.312,201.051,0.0,100.0,0,0,100.0,REGEN,0.0
704,23.4604,1395.151,196.401,0.0,100.0,0,0,100.0,REGEN,0.0
705,23.4937,1396.949,191.877,0.0,100.0,0,0,100.0,REGEN,0.0
706,23.5271,1398.706,187.463,0.0,100.0,0,0,100.0,REGEN,0.0
707,23.5604,1400.425,183.212,0.0,100.0,0,0,100.0,REGEN,0.0
708,23.5937,1402.1,179.113,0.0,100.0,0,0,100.0,REGEN,0.0
709,23.627,1403.736,175.148,0.0,100.0,0,0,100.0,REGEN,0.0
710,23.6603,1405.339,171.308,0.0,100.0,0,0,100.0,REGEN,0.0
711,23.6937,1406.908,167.591,0.0,100.0,0,0,100.0,REGEN,0.0
712,23.727,1408.448,163.996,0.0,100.0,0,0,100.0,REGEN,0.0
713,23.7603,1409.946,160.573,0.0,100.0,0,0,100.0,REGEN,0.0
714,23.7936,1411.415,157.288,0.0,100.0,0,0,100.0,REGEN,0.0
715,23.827,1412.859,154.33,0.0,100.0,0,0,100.0,REGEN,0.0
716,23.8603,1414.28,151.88,0.0,100.0,0,0,100.0,REGEN,0.0
717,23.8936,1415.671,149.584,0.0,100.0,0,0,100.0,REGEN,0.0
718,23.9269,1417.045,147.248,0.0,100.0,0,0,100.0,REGEN,0.0
719,23.9603,1418.401,144.871,0.0,100.0,0,0,100.0,REGEN,0.0
720,23.9936,1419.728,142.749,0.0,100.0,0,0,100.0,REGEN,0.0
721,24.0269,1421.041,140.784,0.0,100.0,0,0,100.0,REGEN,0.0
722,24.0602,1422.34,138.963,0.0,100.0,0,0,100.0,REGEN,0.0
723,24.0936,1423.616,137.496,0.0,100.0,0,0,100.0,REGEN,0.0
724,24.1269,1424.883,136.19,0.0,100.0,0,0,100.0,REGEN,0.0
725,24.1602,1426.14,135.105,0.0,100.0,0,0,100.0,REGEN,0.0
726,24.1935,1427.384,134.055,0.0,100.0,0,0,100.0,REGEN,0.0
727,24.2269,1428.621,132.951,0.0,100.0,0,0,100.0,REGEN,0.0
728,24.2602,1429.845,131.621,0.0,100.0,0,0,100.0,REGEN,0.0
729,24.2935,1431.055,130.162,0.0,100.0,0,0,100.0,REGEN,0.0
730,24.3268,1432.256,128.608,0.0,100.0,0,0,100.0,REGEN,0.0
731,24.3602,1433.436,127.139,0.0,100.0,0,0,100.0,REGEN,0.0
732,24.3935,1434.611,125.942,0.0,100.0,0,0,100.0,REGEN,0.0
733,24.4268,1435.776,125.741,0.0,100.0,0,0,100.0,REGEN,0.0
734,24.4601,1436.939,125.638,0.0,100.0,0,0,100.0,REGEN,0.0
735,24.4935,1438.102,125.638,0.0,100.0,0,0,100.0,REGEN,0.0
736,24.5268,1439.265,125.638,0.0,100.0,0,0,100.0,REGEN,0.0
737,24.5601,1440.428,125.638,0.0,100.0,0,0,100.0,REGEN,0.0
738,24.5934,1441.591,125.638,0.0,100.0,0,0,100.0,REGEN,0.0
739,24.6268,1442.754,125.617,100.0,100.0,0,0,100.0,REGEN,121.63
740,24.6601,1443.917,125.554,100.0,100.0,0,0,100.0,REGEN,492.22
741,24.6934,1445.07,124.442,100.0,0.0,0,0,100.0,FULL,636.45
742,24.7267,1446.218,122.66,100.0,0.0,0,0,100.0,FULL,636.45
743,24.7601,1447.34,120.85,100.0,0.0,0,0,100.0,FULL,636.45
744,24.7934,1448.457,119.161,100.0,0.0,0,0,100.0,FULL,636.45
745,24.8267,1449.559,118.982,100.0,0.0,0,0,100.0,FULL,636.45
746,24.86,1450.659,118.803,100.0,0.0,0,0,100.0,FULL,636.45
747,24.8934,1451.758,118.623,100.0,0.0,0,0,100.0,FULL,636.45
748,24.9267,1452.855,118.444,100.0,0.0,0,0,100.0,FULL,636.45
749,24.96,1453.951,118.266,100.0,0.0,0,0,100.0,FULL,636.45
750,24.9933,1455.053,119.076,100.0,0.0,0,0,100.0,FULL,636.45
751,25.0267,1456.159,120.452,100.0,0.0,0,0,100.0,FULL,636.45
752,25.06,1457.284,121.916,100.0,0.0,0,0,100.0,FULL,636.45
753,25.0933,1458.415,123.381,100.0,0.0,0,0,100.0,FULL,636.45
754,25.1266,1459.566,124.565,100.0,0.0,0,0,100.0,FULL,636.45
755,25.1599,1460.721,125.571,100.0,0.0,0,0,100.0,FULL,636.45
756,25.1933,1461.887,126.2,100.0,0.0,0,0,100.0,FULL,636.45
757,25.2266,1463.057,126.667,100.0,0.0,0,0,100.0,FULL,636.45
758,25.2599,1464.23,127.028,100.0,0.0,0,0,100.0,FULL,636.45
759,25.2932,1465.41,127.537,100.0,0.0,0,0,100.0,FULL,636.45
760,25.3266,1466.592,128.091,100.0,0.0,0,0,100.0,FULL,636.45
761,25.3599,1467.782,128.749,100.0,0.0,0,0,100.0,FULL,636.45
762,25.3932,1468.977,129.426,100.0,0.0,0,0,100.0,FULL,636.45
763,25.4265,1470.177,130.12,100.0,0.0,0,0,100.0,FULL,636.45
764,25.4599,1471.386,130.8,100.0,0.0,0,0,100.0,FULL,636.45
765,25.4932,1472.599,131.475,100.0,0.0,0,0,100.0,FULL,636.45
766,25.5265,1473.82,132.137,100.0,0.0,0,0,100.0,FULL,636.45
767,25.5598,1475.046,132.815,100.0,0.0,0,0,100.0,FULL,636.45
768,25.5932,1476.277,133.506,100.0,0.0,0,0,100.0,FULL,636.45
769,25.6265,1477.519,134.278,100.0,0.0,0,0,100.0,FULL,636.45
770,25.6598,1478.765,135.087,100.0,0.0,0,0,100.0,FULL,636.45
771,25.6931,1480.019,135.961,100.0,0.0,0,0,100.0,FULL,636.45
772,25.7265,1481.283,136.9,100.0,0.0,0,0,100.0,FULL,636.45
773,25.7598,1482.553,137.876,100.0,0.0,0,0,100.0,FULL,636.45
774,25.7931,1483.835,138.921,100.0,0.0,0,0,100.0,FULL,636.45
775,25.8264,1485.127,140.013,100.0,0.0,0,0,100.0,FULL,636.45
776,25.8598,1486.426,141.141,100.0,0.0,0,0,100.0,FULL,636.45
777,25.8931,1487.74,142.339,100.0,0.0,0,0,100.0,FULL,636.45
778,25.9264,1489.064,143.572,100.0,0.0,0,0,100.0,FULL,636.45
779,25.9597,1490.396,144.828,100.0,0.0,0,0,100.0,FULL,636.45
780,25.9931,1491.743,145.855,100.0,0.0,0,0,100.0,FULL,636.45
781,26.0264,1493.1,147.09,100.0,0.0,0,0,100.0,FULL,636.45
782,26.0597,1494.465,148.505,100.0,0.0,0,0,100.0,FULL,636.45
783,26.093,1495.849,149.979,100.0,0.0,0,0,100.0,FULL,636.45
784,26.1264,1497.245,151.483,100.0,0.0,0,0,100.0,FULL,636.45
785,26.1597,1498.652,153.014,100.0,0.0,0,0,100.0,FULL,636.45
786,26.193,1500.076,154.58,100.0,0.0,0,0,100.0,FULL,636.45
787,26.2263,1501.516,156.182,100.0,0.0,0,0,100.0,FULL,636.45
788,26.2597,1502.969,157.81,100.0,0.0,0,0,100.0,FULL,636.45
789,26.293,1504.435,159.463,100.0,0.0,0,0,100.0,FULL,636.45
790,26.3263,1505.92,161.153,100.0,0.0,0,0,100.0,FULL,636.45
791,26.3596,1507.421,162.869,100.0,0.0,0,0,100.0,FULL,636.45
792,26.393,1508.936,164.611,100.0,0.0,0,0,100.0,FULL,636.45
793,26.4263,1510.466,166.38,100.0,0.0,0,0,100.0,FULL,636.45
794,26.4596,1512.016,168.184,100.0,0.0,0,0,100.0,FULL,636.45
795,26.4929,1513.582,170.018,100.0,0.0,0,0,100.0,FULL,636.45
796,26.5263,1515.164,171.785,100.0,0.0,0,0,100.0,FULL,636.45
797,26.5596,1516.761,173.438,100.0,0.0,0,0,100.0,FULL,636.45
798,26.5929,1518.372,174.965,100.0,0.0,0,0,100.0,FULL,636.45
799,26.6262,1520.0,176.491,100.0,0.0,0,0,100.0,FULL,636.45
800,26.6595,1521.642,178.015,100.0,0.0,0,0,100.0,FULL,636.45
801,26.6929,1523.297,179.534,100.0,0.0,0,0,100.0,FULL,636.45
802,26.7262,1524.965,181.049,100.0,0.0,0,0,100.0,FULL,636.45
803,26.7595,1526.647,182.558,100.0,0.0,0,0,100.0,FULL,636.45
804,26.7928,1528.343,184.06,100.0,0.0,0,0,100.0,FULL,636.45
805,26.8262,1530.055,185.551,100.0,0.0,0,0,100.0,FULL,636.45
806,26.8595,1531.78,187.033,100.0,0.0,0,0,100.0,FULL,636.45
807,26.8928,1533.518,188.505,100.0,0.0,0,0,100.0,FULL,636.45
808,26.9261,1535.27,189.965,100.0,0.0,0,0,100.0,FULL,636.45
809,26.9595,1537.035,191.414,100.0,0.0,0,0,100.0,FULL,636.45
810,26.9928,1538.813,192.85,100.0,0.0,0,0,100.0,FULL,636.45
811,27.0261,1540.604,194.272,100.0,0.0,0,0,100.0,FULL,636.45
812,27.0594,1542.408,195.681,100.0,0.0,0,0,100.0,FULL,636.45
813,27.0928,1544.227,197.074,100.0,0.0,0,0,100.0,FULL,636.45
814,27.1261,1546.058,198.451,100.0,0.0,0,0,100.0,FULL,636.45
815,27.1594,1547.901,199.814,100.0,0.0,0,0,100.0,FULL,636.45
816,27.1927,1549.757,201.161,100.0,0.0,0,0,100.0,FULL,636.45
817,27.2261,1551.626,202.492,100.0,0.0,0,0,100.0,FULL,636.45
818,27.2594,1553.506,203.807,100.0,0.0,0,0,100.0,FULL,636.45
819,27.2927,1555.399,205.106,100.0,0.0,0,0,100.0,FULL,636.45
820,27.326,1557.304,206.389,100.0,0.0,0,0,100.0,FULL,636.45
821,27.3594,1559.22,207.656,100.0,0.0,0,0,100.0,FULL,636.45
822,27.3927,1561.148,208.906,100.0,0.0,0,0,100.0,FULL,636.45
823,27.426,1563.087,210.141,100.0,0.0,0,0,100.0,FULL,636.45
824,27.4593,1565.038,211.359,100.0,0.0,0,0,100.0,FULL,636.45
825,27.4927,1567.0,212.562,100.0,0.0,0,0,100.0,FULL,636.45
826,27.526,1568.973,213.748,100.0,0.0,0,0,100.0,FULL,636.45
827,27.5593,1570.957,214.919,100.0,0.0,0,0,100.0,FULL,636.45
828,27.5926,1572.952,216.075,100.0,0.0,0,0,100.0,FULL,636.45
829,27.626,1574.957,217.215,100.0,0.0,0,0,100.0,FULL,636.45
830,27.6593,1576.973,218.34,100.0,0.0,0,0,100.0,FULL,636.45
831,27.6926,1579.0,219.45,100.0,0.0,0,0,100.0,FULL,636.45
832,27.7259,1581.036,220.545,100.0,0.0,0,0,100.0,FULL,636.45
833,27.7593,1583.083,221.626,100.0,0.0,0,0,100.0,FULL,636.45
834,27.7926,1585.139,222.693,100.0,0.0,0,0,100.0,FULL,636.45
835,27.8259,1587.206,223.746,100.0,0.0,0,0,100.0,FULL,636.45
836,27.8592,1589.282,224.784,100.0,0.0,0,0,100.0,FULL,636.45
837,27.8926,1591.367,225.809,100.0,0.0,0,0,100.0,FULL,636.45
838,27.9259,1593.462,226.821,100.0,0.0,0,0,100.0,FULL,636.45
839,27.9592,1595.566,227.82,100.0,0.0,0,0,100.0,FULL,636.45
840,27.9925,1597.68,228.805,100.0,0.0,0,0,100.0,FULL,636.45
841,28.0259,1599.802,229.778,100.0,0.0,0,0,100.0,FULL,636.45
842,28.0592,1601.933,230.738,100.0,0.0,0,0,100.0,FULL,636.45
843,28.0925,1604.073,231.686,100.0,0.0,0,0,100.0,FULL,636.45
844,28.1258,1606.222,232.621,100.0,0.0,0,0,100.0,FULL,636.45
845,28.1591,1608.38,233.545,100.0,0.0,0,0,100.0,FULL,636.45
846,28.1925,1610.546,234.456,100.0,0.0,0,0,100.0,FULL,636.45
847,28.2258,1612.721,235.355,100.0,0.0,0,0,100.0,FULL,636.45
848,28.2591,1614.903,236.243,100.0,0.0,0,0,100.0,FULL,636.45
849,28.2924,1617.095,237.12,100.0,0.0,0,0,100.0,FULL,636.45
850,28.3258,1619.294,237.986,100.0,0.0,0,0,100.0,FULL,636.45
851,28.3591,1621.5,238.841,100.0,0.0,0,0,100.0,FULL,636.45
852,28.3924,1623.715,239.685,100.0,0.0,0,0,100.0,FULL,636.45
853,28.4257,1625.938,240.518,100.0,0.0,0,0,100.0,FULL,636.45
854,28.4591,1628.168,241.342,100.0,0.0,0,0,100.0,FULL,636.45
855,28.4924,1630.405,242.154,100.0,0.0,0,0,100.0,FULL,636.45
856,28.5257,1632.651,242.956,100.0,0.0,0,0,100.0,FULL,636.45
857,28.559,1634.904,243.748,100.0,0.0,0,0,100.0,FULL,636.45
858,28.5924,1637.164,244.53,100.0,0.0,0,0,100.0,FULL,636.45
859,28.6257,1639.431,245.302,100.0,0.0,0,0,100.0,FULL,636.45
860,28.659,1641.705,246.065,100.0,0.0,0,0,100.0,FULL,636.45
861,28.6923,1643.986,246.819,100.0,0.0,0,0,100.0,FULL,636.45
862,28.7257,1646.274,247.563,100.0,0.0,0,0,100.0,FULL,636.45
863,28.759,1648.569,248.298,100.0,0.0,0,0,100.0,FULL,636.45
864,28.7923,1650.871,249.023,100.0,0.0,0,0,100.0,FULL,636.45
865,28.8256,1653.18,249.739,100.0,0.0,0,0,100.0,FULL,636.45
866,28.859,1655.495,250.447,100.0,0.0,0,0,100.0,FULL,636.45
867,28.8923,1657.816,251.145,100.0,0.0,0,0,100.0,FULL,636.45
868,28.9256,1660.144,251.836,100.0,0.0,0,0,100.0,FULL,636.45
869,28.9589,1662.478,252.517,100.0,0.0,0,0,100.0,FULL,636.45
870,28.9923,1664.819,253.19,100.0,0.0,0,0,100.0,FULL,636.45
871,29.0256,1667.166,253.854,100.0,0.0,0,0,100.0,FULL,636.45
872,29.0589,1669.519,254.51,100.0,0.0,0,0,100.0,FULL,636.45
873,29.0922,1671.878,255.158,100.0,0.0,0,0,100.0,FULL,636.45
874,29.1256,1674.243,255.797,100.0,0.0,0,0,100.0,FULL,636.45
875,29.1589,1676.613,256.428,100.0,0.0,0,0,100.0,FULL,636.45
876,29.1922,1678.99,257.051,100.0,0.0,0,0,100.0,FULL,636.45
877,29.2255,1681.373,257.666,100.0,0.0,0,0,100.0,FULL,636.45
878,29.2589,1683.761,258.273,100.0,0.0,0,0,100.0,FULL,636.45
879,29.2922,1686.154,258.872,100.0,0.0,0,0,100.0,FULL,636.45
880,29.3255,1688.553,259.463,100.0,0.0,0,0,100.0,FULL,636.45
881,29.3588,1690.958,260.046,100.0,0.0,0,0,100.0,FULL,636.45
882,29.3922,1693.368,260.621,100.0,0.0,0,0,100.0,FULL,636.45
883,29.4255,1695.783,261.189,100.0,0.0,0,0,100.0,FULL,636.45
884,29.4588,1698.203,261.748,100.0,0.0,0,0,100.0,FULL,636.45
885,29.4921,1700.628,262.3,100.0,0.0,0,0,100.0,FULL,636.45
886,29.5255,1703.059,262.843,100.0,0.0,0,0,100.0,FULL,636.45
887,29.5588,1705.495,263.379,100.0,0.0,0,0,100.0,FULL,636.45
888,29.5921,1707.935,263.907,100.0,0.0,0,0,100.0,FULL,636.45
889,29.6254,1710.38,264.428,100.0,0.0,0,0,100.0,FULL,636.45
890,29.6587,1712.831,264.941,100.0,0.0,0,0,100.0,FULL,636.45
891,29.6921,1715.285,265.446,100.0,0.0,0,0,100.0,FULL,636.45
892,29.7254,1717.745,265.943,100.0,0.0,0,0,100.0,FULL,636.45
893,29.7587,1720.209,266.434,100.0,0.0,0,0,100.0,FULL,636.45
894,29.792,1722.677,266.917,100.0,0.0,0,0,100.0,FULL,636.45
895,29.8254,1725.151,267.392,100.0,0.0,0,0,100.0,FULL,636.45
896,29.8587,1727.628,267.86,100.0,0.0,0,0,100.0,FULL,636.45
897,29.892,1730.109,268.322,100.0,0.0,0,0,100.0,FULL,636.45
898,29.9253,1732.595,268.777,100.0,0.0,0,0,100.0,FULL,636.45
899,29.9587,1735.086,269.224,100.0,0.0,0,0,100.0,FULL,636.45
900,29.992,1737.58,269.665,100.0,0.0,0,0,100.0,FULL,636.45
901,30.0253,1740.078,270.1,100.0,0.0,0,0,100.0,FULL,636.45
902,30.0586,1742.58,270.528,100.0,0.0,0,0,100.0,FULL,636.45
903,30.092,1745.086,270.95,100.0,0.0,0,0,100.0,FULL,636.45
904,30.1253,1747.596,271.367,100.0,0.0,0,0,100.0,FULL,636.45
905,30.1586,1750.11,271.778,100.0,0.0,0,0,100.0,FULL,636.45
906,30.1919,1752.627,272.11,100.0,0.0,0,0,100.0,FULL,636.45
907,30.2253,1755.149,272.547,100.0,0.0,0,0,100.0,FULL,636.45
908,30.2586,1757.673,272.972,100.0,0.0,0,0,100.0,FULL,636.45
909,30.2919,1760.202,273.369,100.0,0.0,0,0,100.0,FULL,636.45
910,30.3252,1762.734,273.753,100.0,0.0,0,0,100.0,FULL,636.45
911,30.3586,1765.27,274.132,100.0,0.0,0,0,100.0,FULL,636.45
912,30.3919,1767.809,274.505,100.0,0.0,0,0,100.0,FULL,636.45
913,30.4252,1770.352,274.874,100.0,0.0,0,0,100.0,FULL,636.45
914,30.4585,1772.898,275.236,100.0,0.0,0,0,100.0,FULL,636.45
915,30.4919,1775.448,275.592,100.0,0.0,0,0,100.0,FULL,636.45
916,30.5252,1778.0,275.943,100.0,0.0,0,0,100.0,FULL,636.45
917,30.5585,1780.556,276.288,100.0,0.0,0,0,100.0,FULL,636.45
918,30.5918,1783.116,276.626,100.0,0.0,0,0,100.0,FULL,636.45
919,30.6252,1785.678,276.958,100.0,0.0,0,0,100.0,FULL,636.45
920,30.6585,1788.243,277.284,100.0,0.0,0,0,100.0,FULL,636.45
921,30.6918,1790.811,277.601,100.0,0.0,0,0,100.0,FULL,636.45
922,30.7251,1793.382,277.911,100.0,0.0,0,0,100.0,FULL,636.45
923,30.7585,1795.956,278.214,100.0,0.0,0,0,100.0,FULL,636.45
924,30.7918,1798.533,278.508,100.0,0.0,0,0,100.0,FULL,636.45
925,30.8251,1801.113,278.793,100.0,0.0,0,0,100.0,FULL,636.45
926,30.8584,1803.695,279.069,100.0,0.0,0,0,100.0,FULL,636.45
927,30.8918,1806.279,279.337,100.0,0.0,0,0,100.0,FULL,636.45
928,30.9251,1808.866,279.594,100.0,0.0,0,0,100.0,FULL,636.45
929,30.9584,1811.455,279.841,100.0,0.0,0,0,100.0,FULL,636.45
930,30.9917,1814.047,280.079,100.0,0.0,0,0,100.0,FULL,636.45
931,31.0251,1816.64,280.305,100.0,0.0,0,0,100.0,FULL,636.45
932,31.0584,1819.236,280.521,100.0,0.0,0,0,100.0,FULL,636.45
933,31.0917,1821.834,280.726,100.0,0.0,0,0,100.0,FULL,636.45
934,31.125,1824.433,280.921,100.0,0.0,0,0,100.0,FULL,636.45
935,31.1583,1827.035,281.104,100.0,0.0,0,0,100.0,FULL,636.45
936,31.1917,1829.638,281.277,100.0,0.0,0,0,100.0,FULL,636.45
937,31.225,1832.242,281.44,100.0,0.0,0,0,100.0,FULL,636.45
938,31.2583,1834.848,281.593,100.0,0.0,0,0,100.0,FULL,636.45
939,31.2916,1837.455,281.736,100.0,0.0,0,0,100.0,FULL,636.45
940,31.325,1840.064,281.87,100.0,0.0,0,0,100.0,FULL,636.45
941,31.3583,1842.674,281.995,100.0,0.0,0,0,100.0,FULL,636.45
942,31.3916,1845.285,282.112,100.0,0.0,0,0,100.0,FULL,636.45
943,31.4249,1847.897,282.222,100.0,0.0,0,0,100.0,FULL,636.45
944,31.4583,1850.51,282.325,100.0,0.0,0,0,100.0,FULL,636.45
945,31.4916,1853.123,282.421,100.0,0.0,0,0,100.0,FULL,636.45
946,31.5249,1855.738,282.513,100.0,0.0,0,0,100.0,FULL,636.45
947,31.5582,1858.354,282.601,100.0,0.0,0,0,100.0,FULL,636.45
948,31.5916,1860.97,282.686,100.0,0.0,0,0,100.0,FULL,636.45
949,31.6249,1863.587,282.769,100.0,0.0,0,0,100.0,FULL,636.45
950,31.6582,1866.205,282.796,100.0,0.0,0,0,100.0,FULL,39.28
951,31.6915,1868.823,282.796,0.0,100.0,0,0,100.0,REGEN,0.0
952,31.7249,1871.44,282.762,100.0,100.0,0,0,100.0,REGEN,354.05
953,31.7582,1874.055,282.116,100.0,0.0,0,0,100.0,FULL,636.45
954,31.7915,1876.662,281.115,100.0,0.0,0,0,100.0,FULL,636.45
955,31.8248,1879.261,280.551,100.0,0.0,0,0,100.0,FULL,636.45
956,31.8582,1881.859,280.839,100.0,0.0,0,0,100.0,FULL,636.45
957,31.8915,1884.46,281.173,100.0,0.0,0,0,100.0,FULL,636.45
958,31.9248,1887.065,281.502,100.0,0.0,0,0,100.0,FULL,636.45
959,31.9581,1889.672,281.827,100.0,0.0,0,0,100.0,FULL,636.45
960,31.9915,1892.282,282.149,100.0,0.0,0,0,100.0,FULL,636.45
961,32.0248,1894.896,282.467,100.0,0.0,0,0,100.0,FULL,636.45
962,32.0581,1897.512,282.781,100.0,0.0,0,0,100.0,FULL,636.45
963,32.0914,1900.131,283.091,100.0,0.0,0,0,100.0,FULL,636.45
964,32.1248,1902.753,283.398,100.0,0.0,0,0,100.0,FULL,636.45
965,32.1581,1905.378,283.701,100.0,0.0,0,0,100.0,FULL,636.45
966,32.1914,1908.005,284.0,100.0,0.0,0,0,100.0,FULL,636.45
967,32.2247,1910.635,284.296,100.0,0.0,0,0,100.0,FULL,636.45
968,32.2581,1913.269,284.588,100.0,0.0,0,0,100.0,FULL,636.45
969,32.2914,1915.904,284.877,100.0,0.0,0,0,100.0,FULL,636.45
970,32.3247,1918.543,285.161,100.0,0.0,0,0,100.0,FULL,636.45
971,32.358,1921.183,285.384,100.0,0.0,0,0,100.0,FULL,636.45
972,32.3914,1923.826,285.528,100.0,0.0,0,0,100.0,FULL,636.45
973,32.4247,1926.469,285.665,100.0,0.0,0,0,100.0,FULL,636.45
974,32.458,1929.114,285.792,100.0,0.0,0,0,100.0,FULL,636.45
975,32.4913,1931.761,285.909,100.0,0.0,0,0,100.0,FULL,636.45
976,32.5246,1934.408,286.013,100.0,0.0,0,0,100.0,FULL,636.45
977,32.558,1937.056,286.099,100.0,0.0,0,0,100.0,FULL,636.45
978,32.5913,1939.704,286.168,100.0,0.0,0,0,100.0,FULL,636.45
979,32.6246,1942.353,286.217,100.0,0.0,0,0,100.0,FULL,636.45
980,32.6579,1945.003,286.241,100.0,0.0,0,0,100.0,FULL,636.45
981,32.6913,1947.653,286.239,100.0,0.0,0,0,100.0,FULL,636.45
982,32.7246,1950.302,286.212,100.0,0.0,0,0,100.0,FULL,636.45
983,32.7579,1952.951,286.15,100.0,0.0,0,0,100.0,FULL,636.45
984,32.7912,1955.6,286.057,100.0,0.0,0,0,100.0,FULL,636.45
985,32.8246,1958.247,285.931,100.0,0.0,0,0,100.0,FULL,636.45
986,32.8579,1960.893,285.765,100.0,0.0,0,0,100.0,FULL,636.45
987,32.8912,1963.538,285.562,100.0,0.0,0,0,100.0,FULL,636.45
988,32.9245,1966.18,285.321,100.0,0.0,0,0,100.0,FULL,636.45
989,32.9579,1968.82,285.037,100.0,0.0,0,0,100.0,FULL,636.45
990,32.9912,1971.457,284.711,100.0,0.0,0,0,100.0,FULL,636.45
991,33.0245,1974.091,284.347,100.0,0.0,0,0,100.0,FULL,636.45
992,33.0578,1976.721,283.939,100.0,0.0,0,0,100.0,FULL,636.45
993,33.0912,1979.347,283.49,100.0,0.0,0,0,100.0,FULL,636.45
994,33.1245,1981.969,283.004,100.0,0.0,0,0,100.0,FULL,636.45
995,33.1578,1984.586,282.478,100.0,0.0,0,0,100.0,FULL,636.45
996,33.1911,1987.198,281.915,100.0,0.0,0,0,100.0,FULL,636.45
997,33.2245,1989.805,281.319,100.0,0.0,0,0,100.0,FULL,163.32
998,33.2578,1992.407,280.693,0.0,100.0,0,0,100.0,REGEN,0.0
999,33.2911,1995.002,280.032,0.0,100.0,0,0,100.0,REGEN,0.0
1000,33.3244,1997.591,279.343,0.0,100.0,0,0,100.0,REGEN,0.0
1001,33.3578,2000.174,278.631,0.0,100.0,0,0,100.0,REGEN,0.0
1002,33.3911,2002.749,277.889,0.0,100.0,0,0,100.0,REGEN,0.0
1003,33.4244,2005.316,276.683,0.0,100.0,0,0,100.0,REGEN,0.0
1004,33.4577,2007.865,273.679,0.0,100.0,0,0,100.0,REGEN,0.0
1005,33.4911,2010.387,270.934,0.0,100.0,0,0,100.0,REGEN,0.0
1006,33.5244,2012.891,270.197,0.0,100.0,0,0,100.0,REGEN,0.0
1007,33.5577,2015.391,270.139,0.0,100.0,0,0,100.0,REGEN,0.0
1008,33.591,2017.892,270.139,0.0,100.0,0,0,100.0,REGEN,0.0
1009,33.6244,2020.393,270.136,0.0,100.0,0,0,100.0,REGEN,0.0
1010,33.6577,2022.892,269.841,0.0,100.0,0,0,100.0,REGEN,0.0
1011,33.691,2025.385,268.858,0.0,100.0,0,0,100.0,REGEN,0.0
1012,33.7243,2027.87,267.929,0.0,100.0,0,0,100.0,REGEN,0.0
1013,33.7577,2030.342,265.938,0.0,100.0,0,0,100.0,REGEN,0.0
1014,33.791,2032.785,262.274,0.0,100.0,0,0,100.0,REGEN,0.0
1015,33.8243,2035.196,258.857,0.0,100.0,0,0,100.0,REGEN,0.0
1016,33.8576,2037.583,257.116,0.0,100.0,0,0,100.0,REGEN,0.0
1017,33.891,2039.962,256.86,0.0,100.0,0,0,100.0,REGEN,0.0
1018,33.9243,2042.34,256.86,100.0,100.0,0,0,100.0,REGEN,10.11
1019,33.9576,2044.717,256.836,100.0,0.0,0,0,100.0,FULL,636.45
1020,33.9909,2047.095,256.975,100.0,0.0,0,0,100.0,FULL,636.45
1021,34.0242,2049.477,257.595,100.0,0.0,0,0,100.0,FULL,636.45
1022,34.0576,2051.864,258.208,100.0,0.0,0,0,100.0,FULL,636.45
1023,34.0909,2054.257,258.813,100.0,0.0,0,0,100.0,FULL,636.45
1024,34.1242,2056.655,259.411,100.0,0.0,0,0,100.0,FULL,636.45
1025,34.1575,2059.06,260.001,100.0,0.0,0,0,100.0,FULL,636.45
1026,34.1909,2061.469,260.584,100.0,0.0,0,0,100.0,FULL,636.45
1027,34.2242,2063.884,261.161,100.0,0.0,0,0,100.0,FULL,636.45
1028,34.2575,2066.304,261.73,100.0,0.0,0,0,100.0,FULL,636.45
1029,34.2908,2068.729,262.292,100.0,0.0,0,0,100.0,FULL,636.45
1030,34.3242,2071.16,262.848,100.0,0.0,0,0,100.0,FULL,636.45
1031,34.3575,2073.596,263.397,100.0,0.0,0,0,100.0,FULL,636.45
1032,34.3908,2076.036,263.939,100.0,0.0,0,0,100.0,FULL,636.45
1033,34.4241,2078.482,264.475,100.0,0.0,0,0,100.0,FULL,636.45
1034,34.4575,2080.933,265.004,100.0,0.0,0,0,100.0,FULL,636.45
1035,34.4908,2083.388,265.526,100.0,0.0,0,0,100.0,FULL,636.45
1036,34.5241,2085.848,266.043,100.0,0.0,0,0,100.0,FULL,636.45
1037,34.5574,2088.313,266.554,100.0,0.0,0,0,100.0,FULL,636.45
1038,34.5908,2090.783,267.057,100.0,0.0,0,0,100.0,FULL,636.45
1039,34.6241,2093.258,267.555,100.0,0.0,0,0,100.0,FULL,636.45
1040,34.6574,2095.737,268.047,100.0,0.0,0,0,100.0,FULL,636.45
1041,34.6907,2098.22,268.533,100.0,0.0,0,0,100.0,FULL,636.45
1042,34.7241,2100.708,268.945,100.0,0.0,0,0,100.0,FULL,636.45
1043,34.7574,2103.199,269.347,100.0,0.0,0,0,100.0,FULL,636.45
1044,34.7907,2105.694,269.756,100.0,0.0,0,0,100.0,FULL,636.45
1045,34.824,2108.193,270.168,100.0,0.0,0,0,100.0,FULL,636.45
1046,34.8574,2110.696,270.585,100.0,0.0,0,0,100.0,FULL,636.45
1047,34.8907,2113.203,271.003,100.0,0.0,0,0,100.0,FULL,636.45
1048,34.924,2115.714,271.423,100.0,0.0,0,0,100.0,FULL,636.45
1049,34.9573,2118.228,271.843,100.0,0.0,0,0,100.0,FULL,636.45
1050,34.9907,2120.746,272.262,100.0,0.0,0,0,100.0,FULL,636.45
1051,35.024,2123.269,272.68,100.0,0.0,0,0,100.0,FULL,636.45
1052,35.0573,2125.795,273.096,100.0,0.0,0,0,100.0,FULL,636.45
1053,35.0906,2128.324,273.51,100.0,0.0,0,0,100.0,FULL,636.45
1054,35.124,2130.858,273.921,100.0,0.0,0,0,100.0,FULL,636.45
1055,35.1573,2133.396,274.329,100.0,0.0,0,0,100.0,FULL,636.45
1056,35.1906,2135.937,274.733,100.0,0.0,0,0,100.0,FULL,636.45
1057,35.2239,2138.482,275.134,100.0,0.0,0,0,100.0,FULL,636.45
1058,35.2573,2141.031,275.531,100.0,0.0,0,0,100.0,FULL,636.45
1059,35.2906,2143.583,275.925,100.0,0.0,0,0,100.0,FULL,636.45
1060,35.3239,2146.139,276.314,100.0,0.0,0,0,100.0,FULL,636.45
1061,35.3572,2148.699,276.699,100.0,0.0,0,0,100.0,FULL,636.45
1062,35.3906,2151.262,277.08,100.0,0.0,0,0,100.0,FULL,636.45
1063,35.4239,2153.828,277.456,100.0,0.0,0,0,100.0,FULL,636.45
1064,35.4572,2156.398,277.829,100.0,0.0,0,0,100.0,FULL,636.45
1065,35.4905,2158.972,278.197,100.0,0.0,0,0,100.0,FULL,636.45
1066,35.5238,2161.549,278.561,100.0,0.0,0,0,100.0,FULL,636.45
1067,35.5572,2164.129,278.921,100.0,0.0,0,0,100.0,FULL,636.45
1068,35.5905,2166.713,279.276,100.0,0.0,0,0,100.0,FULL,636.45
1069,35.6238,2169.299,279.627,100.0,0.0,0,0,100.0,FULL,636.45
1070,35.6571,2171.889,279.975,100.0,0.0,0,0,100.0,FULL,636.45
1071,35.6905,2174.483,280.318,100.0,0.0,0,0,100.0,FULL,636.45
1072,35.7238,2177.079,280.657,100.0,0.0,0,0,100.0,FULL,636.45
1073,35.7571,2179.679,280.992,100.0,0.0,0,0,100.0,FULL,636.45
1074,35.7904,2182.281,281.324,100.0,0.0,0,0,100.0,FULL,636.45
1075,35.8238,2184.887,281.651,100.0,0.0,0,0,100.0,FULL,636.45
1076,35.8571,2187.496,281.974,100.0,0.0,0,0,100.0,FULL,636.45
1077,35.8904,2190.107,282.294,100.0,0.0,0,0,100.0,FULL,636.45
1078,35.9237,2192.722,282.61,100.0,0.0,0,0,100.0,FULL,636.45
1079,35.9571,2195.339,282.922,100.0,0.0,0,0,100.0,FULL,636.45
1080,35.9904,2197.96,283.23,100.0,0.0,0,0,100.0,FULL,636.45
1081,36.0237,2200.583,283.535,100.0,0.0,0,0,100.0,FULL,636.45
1082,36.057,2203.209,283.836,100.0,0.0,0,0,100.0,FULL,636.45
1083,36.0904,2205.838,284.134,100.0,0.0,0,0,100.0,FULL,636.45
1084,36.1237,2208.469,284.428,100.0,0.0,0,0,100.0,FULL,636.45
1085,36.157,2211.104,284.718,100.0,0.0,0,0,100.0,FULL,636.45
1086,36.1903,2213.74,285.005,100.0,0.0,0,0,100.0,FULL,636.45
1087,36.2237,2216.38,285.288,100.0,0.0,0,0,100.0,FULL,636.45
1088,36.257,2219.022,285.568,100.0,0.0,0,0,100.0,FULL,636.45
1089,36.2903,2221.667,285.844,100.0,0.0,0,0,100.0,FULL,636.45
1090,36.3236,2224.314,286.116,100.0,0.0,0,0,100.0,FULL,636.45
1091,36.357,2226.964,286.385,100.0,0.0,0,0,100.0,FULL,636.45
1092,36.3903,2229.616,286.65,100.0,0.0,0,0,100.0,FULL,636.45
1093,36.4236,2232.271,286.911,100.0,0.0,0,0,100.0,FULL,636.45
1094,36.4569,2234.928,287.168,100.0,0.0,0,0,100.0,FULL,636.45
1095,36.4903,2237.587,287.42,100.0,0.0,0,0,100.0,FULL,636.45
1096,36.5236,2240.249,287.669,100.0,0.0,0,0,100.0,FULL,636.45
1097,36.5569,2242.913,287.912,100.0,0.0,0,0,100.0,FULL,636.45
1098,36.5902,2245.579,288.149,100.0,0.0,0,0,100.0,FULL,636.45
1099,36.6236,2248.248,288.381,100.0,0.0,0,0,100.0,FULL,636.45
1100,36.6569,2250.918,288.606,100.0,0.0,0,0,100.0,FULL,636.45
1101,36.6902,2253.591,288.824,100.0,0.0,0,0,100.0,FULL,636.45
1102,36.7235,2256.265,289.035,100.0,0.0,0,0,100.0,FULL,636.45
1103,36.7569,2258.942,289.234,100.0,0.0,0,0,100.0,FULL,636.45
1104,36.7902,2261.62,289.424,100.0,0.0,0,0,100.0,FULL,636.45
1105,36.8235,2264.3,289.603,100.0,0.0,0,0,100.0,FULL,636.45
1106,36.8568,2266.982,289.766,100.0,0.0,0,0,100.0,FULL,636.45
1107,36.8902,2269.665,289.914,100.0,0.0,0,0,100.0,FULL,636.45
1108,36.9235,2272.349,290.045,100.0,0.0,0,0,100.0,FULL,636.45
1109,36.9568,2275.034,290.152,100.0,0.0,0,0,100.0,FULL,636.45
1110,36.9901,2277.72,290.238,100.0,0.0,0,0,100.0,FULL,636.45
1111,37.0234,2280.407,290.298,100.0,0.0,0,0,100.0,FULL,636.45
1112,37.0568,2283.095,290.326,100.0,0.0,0,0,100.0,FULL,636.45
1113,37.0901,2285.782,290.321,100.0,0.0,0,0,100.0,FULL,636.45
1114,37.1234,2288.47,290.278,100.0,0.0,0,0,100.0,FULL,636.45
1115,37.1567,2291.156,290.19,100.0,0.0,0,0,100.0,FULL,636.45
1116,37.1901,2293.842,290.057,100.0,0.0,0,0,100.0,FULL,636.45
1117,37.2234,2296.526,289.872,100.0,0.0,0,0,100.0,FULL,636.45
1118,37.2567,2299.208,289.626,100.0,0.0,0,0,100.0,FULL,636.45
1119,37.29,2301.888,289.321,100.0,0.0,0,0,100.0,FULL,636.45
1120,37.3234,2304.564,288.947,100.0,0.0,0,0,100.0,FULL,636.45
1121,37.3567,2307.237,288.495,100.0,0.0,0,0,100.0,FULL,636.45
1122,37.39,2309.905,287.969,100.0,0.0,0,0,100.0,FULL,636.45
1123,37.4233,2312.568,287.357,100.0,0.0,0,0,100.0,FULL,636.45
1124,37.4567,2315.224,286.652,100.0,0.0,0,0,100.0,FULL,636.45
1125,37.49,2317.875,285.859,100.0,0.0,0,0,100.0,FULL,636.45
1126,37.5233,2320.517,284.969,100.0,0.0,0,0,100.0,FULL,636.45
1127,37.5566,2323.15,283.971,100.0,0.0,0,0,100.0,FULL,636.45
1128,37.59,2325.773,282.876,100.0,0.0,0,0,100.0,FULL,636.45
1129,37.6233,2328.387,281.678,100.0,0.0,0,0,100.0,FULL,636.45
1130,37.6566,2330.988,280.363,100.0,0.0,0,0,100.0,FULL,636.45
1131,37.6899,2333.576,278.946,100.0,0.0,0,0,100.0,FULL,636.45
1132,37.7233,2336.152,277.429,100.0,0.0,0,0,100.0,FULL,636.45
1133,37.7566,2338.712,275.799,100.0,0.0,0,0,100.0,FULL,636.45
1134,37.7899,2341.257,274.066,100.0,0.0,0,0,100.0,FULL,636.45
1135,37.8232,2343.786,272.239,100.0,0.0,0,0,100.0,FULL,636.45
1136,37.8566,2346.298,270.322,100.0,0.0,0,0,100.0,FULL,636.45
1137,37.8899,2348.79,268.305,100.0,0.0,0,0,100.0,FULL,483.36
1138,37.9232,2351.263,266.204,0.0,100.0,0,0,100.0,REGEN,0.0
1139,37.9565,2353.718,264.001,0.0,100.0,0,0,100.0,REGEN,0.0
1140,37.9899,2356.152,261.68,0.0,100.0,0,0,100.0,REGEN,0.0
1141,38.0232,2358.562,259.23,0.0,100.0,0,0,100.0,REGEN,0.0
1142,38.0565,2360.949,256.66,0.0,100.0,0,0,100.0,REGEN,0.0
1143,38.0898,2363.312,253.983,0.0,100.0,0,0,100.0,REGEN,0.0
1144,38.1232,2365.651,251.204,0.0,100.0,0,0,100.0,REGEN,0.0
1145,38.1565,2367.964,248.333,0.0,100.0,0,0,100.0,REGEN,0.0
1146,38.1898,2370.25,245.378,0.0,100.0,0,0,100.0,REGEN,0.0
1147,38.2231,2372.506,242.275,0.0,100.0,0,0,100.0,REGEN,0.0
1148,38.2565,2374.729,238.237,0.0,100.0,0,0,100.0,REGEN,0.0
1149,38.2898,2376.912,233.483,0.0,100.0,0,0,100.0,REGEN,0.0
1150,38.3231,2379.051,228.982,0.0,100.0,0,0,100.0,REGEN,0.0
1151,38.3564,2381.151,224.663,0.0,100.0,0,0,100.0,REGEN,0.0
1152,38.3898,2383.211,220.442,0.0,100.0,0,0,100.0,REGEN,0.0
1153,38.4231,2385.232,216.284,0.0,100.0,0,0,100.0,REGEN,0.0
1154,38.4564,2387.215,212.23,0.0,100.0,0,0,100.0,REGEN,0.0
1155,38.4897,2389.161,208.359,0.0,100.0,0,0,100.0,REGEN,0.0
1156,38.523,2391.074,204.743,0.0,100.0,0,0,100.0,REGEN,0.0
1157,38.5564,2392.954,201.42,0.0,100.0,0,0,100.0,REGEN,0.0
1158,38.5897,2394.805,198.383,0.0,100.0,0,0,100.0,REGEN,0.0
1159,38.623,2396.628,195.54,0.0,100.0,0,0,100.0,REGEN,0.0
1160,38.6563,2398.426,192.675,0.0,100.0,0,0,100.0,REGEN,0.0
1161,38.6897,2400.195,189.449,0.0,100.0,0,0,100.0,REGEN,0.0
1162,38.723,2401.929,185.718,0.0,100.0,0,0,100.0,REGEN,0.0
1163,38.7563,2403.627,181.623,0.0,100.0,0,0,100.0,REGEN,0.0
1164,38.7896,2405.288,177.43,0.0,100.0,0,0,100.0,REGEN,0.0
1165,38.823,2406.912,173.279,0.0,100.0,0,0,100.0,REGEN,0.0
1166,38.8563,2408.501,169.315,100.0,100.0,0,0,100.0,REGEN,64.73
1167,38.8896,2410.053,166.085,100.0,100.0,0,0,100.0,REGEN,558.59
1168,38.9229,2411.587,165.284,100.0,0.0,0,0,100.0,FULL,636.45
1169,38.9563,2413.116,164.938,100.0,0.0,0,0,100.0,FULL,636.45
1170,38.9896,2414.641,164.592,100.0,0.0,0,0,100.0,FULL,636.45
1171,39.0229,2416.163,164.248,100.0,0.0,0,0,100.0,FULL,636.45
1172,39.0562,2417.682,163.905,100.0,0.0,0,0,100.0,FULL,636.45
1173,39.0896,2419.202,164.431,100.0,0.0,0,0,100.0,FULL,636.45
1174,39.1229,2420.729,165.546,100.0,0.0,0,0,100.0,FULL,636.45
1175,39.1562,2422.265,166.668,100.0,0.0,0,0,100.0,FULL,636.45
1176,39.1895,2423.815,167.8,100.0,0.0,0,0,100.0,FULL,636.45
1177,39.2229,2425.374,168.939,100.0,0.0,0,0,100.0,FULL,636.45
1178,39.2562,2426.943,170.086,100.0,0.0,0,0,100.0,FULL,636.45
1179,39.2895,2428.522,171.239,100.0,0.0,0,0,100.0,FULL,636.45
1180,39.3228,2430.112,172.401,100.0,0.0,0,0,100.0,FULL,636.45
1181,39.3562,2431.714,173.571,100.0,0.0,0,0,100.0,FULL,636.45
1182,39.3895,2433.327,174.749,100.0,0.0,0,0,100.0,FULL,636.45
1183,39.4228,2434.95,175.935,100.0,0.0,0,0,100.0,FULL,636.45
1184,39.4561,2436.582,176.922,100.0,0.0,0,0,100.0,FULL,636.45
1185,39.4895,2438.22,176.954,100.0,0.0,0,0,100.0,FULL,636.45
1186,39.5228,2439.862,177.73,100.0,0.0,0,0,100.0,FULL,636.45
1187,39.5561,2441.512,178.597,100.0,0.0,0,0,100.0,FULL,636.45
1188,39.5894,2443.168,179.36,100.0,0.0,0,0,100.0,FULL,636.45
1189,39.6228,2444.832,180.11,100.0,0.0,0,0,100.0,FULL,636.45
1190,39.6561,2446.503,181.08,100.0,0.0,0,0,100.0,FULL,636.45
1191,39.6894,2448.184,182.128,100.0,0.0,0,0,100.0,FULL,636.45
1192,39.7227,2449.876,183.272,100.0,0.0,0,0,100.0,FULL,636.45
1193,39.7561,2451.578,184.496,100.0,0.0,0,0,100.0,FULL,636.45
1194,39.7894,2453.292,185.785,100.0,0.0,0,0,100.0,FULL,636.45
1195,39.8227,2455.017,186.925,100.0,0.0,0,0,100.0,FULL,636.45
1196,39.856,2456.751,187.745,100.0,0.0,0,0,100.0,FULL,636.45
1197,39.8894,2458.491,188.363,100.0,0.0,0,0,100.0,FULL,636.45
1198,39.9227,2460.238,188.959,100.0,0.0,0,0,100.0,FULL,636.45
1199,39.956,2461.99,189.527,100.0,0.0,0,0,100.0,FULL,636.45
1200,39.9893,2463.747,190.066,100.0,0.0,0,0,100.0,FULL,636.45
1201,40.0226,2465.509,190.572,100.0,0.0,0,0,100.0,FULL,636.45
1202,40.056,2467.275,191.042,100.0,0.0,0,0,100.0,FULL,636.45
1203,40.0893,2469.045,191.474,100.0,0.0,0,0,100.0,FULL,636.45
1204,40.1226,2470.819,191.865,100.0,0.0,0,0,100.0,FULL,636.45
1205,40.1559,2472.597,192.215,100.0,0.0,0,0,100.0,FULL,539.74
1206,40.1893,2474.378,192.52,0.0,100.0,0,0,100.0,REGEN,0.0
1207,40.2226,2476.161,192.779,0.0,100.0,0,0,100.0,REGEN,0.0
1208,40.2559,2477.946,192.992,0.0,100.0,0,0,100.0,REGEN,0.0
1209,40.2892,2479.734,193.161,0.0,100.0,0,0,100.0,REGEN,0.0
1210,40.3226,2481.522,193.285,0.0,100.0,0,0,100.0,REGEN,0.0
1211,40.3559,2483.312,193.366,0.0,100.0,0,0,100.0,REGEN,0.0
1212,40.3892,2485.102,193.403,0.0,100.0,0,0,100.0,REGEN,0.0
1213,40.4225,2486.892,193.397,0.0,100.0,0,0,100.0,REGEN,0.0
1214,40.4559,2488.682,193.351,0.0,100.0,0,0,100.0,REGEN,0.0
1215,40.4892,2490.472,193.267,0.0,100.0,0,0,100.0,REGEN,0.0
1216,40.5225,2492.26,193.148,0.0,100.0,0,0,100.0,REGEN,0.0
1217,40.5558,2494.047,192.995,0.0,100.0,0,0,100.0,REGEN,0.0
1218,40.5892,2495.833,192.815,0.0,100.0,0,0,100.0,REGEN,0.0
1219,40.6225,2497.617,192.615,0.0,100.0,0,0,100.0,REGEN,0.0
1220,40.6558,2499.399,192.398,0.0,100.0,0,0,100.0,REGEN,0.0
1221,40.6891,2501.179,192.17,0.0,100.0,0,0,100.0,REGEN,0.0
1222,40.7225,2502.957,191.936,0.0,100.0,0,0,100.0,REGEN,0.0
1223,40.7558,2504.732,191.7,0.0,100.0,0,0,100.0,REGEN,0.0
1224,40.7891,2506.506,191.415,0.0,100.0,0,0,100.0,REGEN,0.0
1225,40.8224,2508.275,190.753,0.0,100.0,0,0,100.0,REGEN,0.0
1226,40.8558,2510.02,186.931,0.0,100.0,0,0,100.0,REGEN,0.0
1227,40.8891,2511.732,183.394,0.0,100.0,0,0,100.0,REGEN,0.0
1228,40.9224,2513.42,181.296,100.0,100.0,0,0,100.0,REGEN,358.18
1229,40.9557,2515.095,180.359,100.0,0.0,0,0,100.0,FULL,636.45
1230,40.9891,2516.763,179.947,100.0,0.0,0,0,100.0,FULL,636.45
1231,41.0224,2518.427,179.535,100.0,0.0,0,0,100.0,FULL,636.45
1232,41.0557,2520.087,179.126,100.0,0.0,0,0,100.0,FULL,636.45
1233,41.089,2521.743,178.719,100.0,0.0,0,0,100.0,FULL,636.45
1234,41.1224,2523.396,178.437,100.0,0.0,0,0,100.0,FULL,636.45
1235,41.1557,2525.047,178.4,100.0,0.0,0,0,100.0,FULL,636.45
1236,41.189,2526.701,178.841,100.0,0.0,0,0,100.0,FULL,636.45
1237,41.2223,2528.361,180.086,100.0,0.0,0,0,100.0,FULL,636.45
1238,41.2557,2530.036,181.502,100.0,0.0,0,0,100.0,FULL,636.45
1239,41.289,2531.724,183.018,100.0,0.0,0,0,100.0,FULL,636.45
1240,41.3223,2533.425,184.606,100.0,0.0,0,0,100.0,FULL,636.45
1241,41.3556,2535.142,186.206,100.0,0.0,0,0,100.0,FULL,636.45
1242,41.3889,2536.872,187.782,100.0,0.0,0,0,100.0,FULL,636.45
1243,41.4223,2538.617,189.334,100.0,0.0,0,0,100.0,FULL,636.45
1244,41.4556,2540.376,190.863,100.0,0.0,0,0,100.0,FULL,636.45
1245,41.4889,2542.15,192.366,100.0,0.0,0,0,100.0,FULL,636.45
1246,41.5222,2543.938,193.846,100.0,0.0,0,0,100.0,FULL,636.45
1247,41.5556,2545.74,195.304,100.0,0.0,0,0,100.0,FULL,636.45
1248,41.5889,2547.554,196.74,100.0,0.0,0,0,100.0,FULL,636.45
1249,41.6222,2549.382,198.156,100.0,0.0,0,0,100.0,FULL,636.45
1250,41.6555,2551.223,199.551,100.0,0.0,0,0,100.0,FULL,636.45
1251,41.6889,2553.076,200.925,100.0,0.0,0,0,100.0,FULL,636.45
1252,41.7222,2554.942,202.28,100.0,0.0,0,0,100.0,FULL,636.45
1253,41.7555,2556.821,203.574,100.0,0.0,0,0,100.0,FULL,636.45
1254,41.7888,2558.71,204.73,100.0,0.0,0,0,100.0,FULL,636.45
1255,41.8222,2560.61,205.823,100.0,0.0,0,0,100.0,FULL,636.45
1256,41.8555,2562.52,206.927,100.0,0.0,0,0,100.0,FULL,636.45
1257,41.8888,2564.441,208.039,100.0,0.0,0,0,100.0,FULL,636.45
1258,41.9221,2566.372,209.158,100.0,0.0,0,0,100.0,FULL,636.45
1259,41.9555,2568.313,210.28,100.0,0.0,0,0,100.0,FULL,636.45
1260,41.9888,2570.264,211.403,100.0,0.0,0,0,100.0,FULL,636.45
1261,42.0221,2572.227,212.525,100.0,0.0,0,0,100.0,FULL,636.45
1262,42.0554,2574.199,213.644,100.0,0.0,0,0,100.0,FULL,636.45
1263,42.0888,2576.182,214.759,100.0,0.0,0,0,100.0,FULL,636.45
1264,42.1221,2578.175,215.869,100.0,0.0,0,0,100.0,FULL,636.45
1265,42.1554,2580.179,216.972,100.0,0.0,0,0,100.0,FULL,636.45
1266,42.1887,2582.192,218.067,100.0,0.0,0,0,100.0,FULL,636.45
1267,42.2221,2584.216,219.153,100.0,0.0,0,0,100.0,FULL,636.45
1268,42.2554,2586.249,220.23,100.0,0.0,0,0,100.0,FULL,636.45
1269,42.2887,2588.293,221.297,100.0,0.0,0,0,100.0,FULL,636.45
1270,42.322,2590.346,222.352,100.0,0.0,0,0,100.0,FULL,636.45
1271,42.3554,2592.409,223.397,100.0,0.0,0,0,100.0,FULL,636.45
1272,42.3887,2594.482,224.43,100.0,0.0,0,0,100.0,FULL,636.45
1273,42.422,2596.565,225.452,100.0,0.0,0,0,100.0,FULL,636.45
1274,42.4553,2598.656,226.462,100.0,0.0,0,0,100.0,FULL,636.45
1275,42.4887,2600.757,227.46,100.0,0.0,0,0,100.0,FULL,636.45
1276,42.522,2602.868,228.445,100.0,0.0,0,0,100.0,FULL,636.45
1277,42.5553,2604.987,229.42,100.0,0.0,0,0,100.0,FULL,636.45
1278,42.5886,2607.115,230.382,100.0,0.0,0,0,100.0,FULL,636.45
1279,42.622,2609.252,231.332,100.0,0.0,0,0,100.0,FULL,636.45
1280,42.6553,2611.398,232.27,100.0,0.0,0,0,100.0,FULL,636.45
1281,42.6886,2613.552,233.197,100.0,0.0,0,0,100.0,FULL,636.45
1282,42.7219,2615.715,234.112,100.0,0.0,0,0,100.0,FULL,636.45
1283,42.7553,2617.886,235.016,100.0,0.0,0,0,100.0,FULL,636.45
1284,42.7886,2620.065,235.909,100.0,0.0,0,0,100.0,FULL,636.45
1285,42.8219,2622.253,236.79,100.0,0.0,0,0,100.0,FULL,636.45
1286,42.8552,2624.449,237.659,100.0,0.0,0,0,100.0,FULL,636.45
1287,42.8885,2626.653,238.518,100.0,0.0,0,0,100.0,FULL,636.45
1288,42.9219,2628.865,239.366,100.0,0.0,0,0,100.0,FULL,636.45
1289,42.9552,2631.085,240.203,100.0,0.0,0,0,100.0,FULL,636.45
1290,42.9885,2633.312,241.03,100.0,0.0,0,0,100.0,FULL,636.45
1291,43.0218,2635.547,241.846,100.0,0.0,0,0,100.0,FULL,636.45
1292,43.0552,2637.79,242.652,100.0,0.0,0,0,100.0,FULL,636.45
1293,43.0885,2640.039,243.449,100.0,0.0,0,0,100.0,FULL,636.45
1294,43.1218,2642.296,244.235,100.0,0.0,0,0,100.0,FULL,636.45
1295,43.1551,2644.561,245.011,100.0,0.0,0,0,100.0,FULL,636.45
1296,43.1885,2646.833,245.777,100.0,0.0,0,0,100.0,FULL,636.45
1297,43.2218,2649.111,246.534,100.0,0.0,0,0,100.0,FULL,636.45
1298,43.2551,2651.397,247.282,100.0,0.0,0,0,100.0,FULL,636.45
1299,43.2884,2653.689,248.02,100.0,0.0,0,0,100.0,FULL,636.45
1300,43.3218,2655.988,248.75,100.0,0.0,0,0,100.0,FULL,636.45
1301,43.3551,2658.294,249.47,100.0,0.0,0,0,100.0,FULL,636.45
1302,43.3884,2660.607,250.181,100.0,0.0,0,0,100.0,FULL,636.45
1303,43.4217,2662.926,250.883,100.0,0.0,0,0,100.0,FULL,636.45
1304,43.4551,2665.252,251.577,100.0,0.0,0,0,100.0,FULL,636.45
1305,43.4884,2667.584,252.262,100.0,0.0,0,0,100.0,FULL,636.45
1306,43.5217,2669.922,252.939,100.0,0.0,0,0,100.0,FULL,636.45
1307,43.555,2672.266,253.608,100.0,0.0,0,0,100.0,FULL,636.45
1308,43.5884,2674.617,254.268,100.0,0.0,0,0,100.0,FULL,636.45
1309,43.6217,2676.974,254.921,100.0,0.0,0,0,100.0,FULL,636.45
1310,43.655,2679.337,255.565,100.0,0.0,0,0,100.0,FULL,636.45
1311,43.6883,2681.705,256.201,100.0,0.0,0,0,100.0,FULL,636.45
1312,43.7217,2684.08,256.83,100.0,0.0,0,0,100.0,FULL,636.45
1313,43.755,2686.46,257.451,100.0,0.0,0,0,100.0,FULL,636.45
1314,43.7883,2688.846,258.065,100.0,0.0,0,0,100.0,FULL,636.45
1315,43.8216,2691.238,258.67,100.0,0.0,0,0,100.0,FULL,636.45
1316,43.855,2693.635,259.269,100.0,0.0,0,0,100.0,FULL,636.45
1317,43.8883,2696.038,259.861,100.0,0.0,0,0,100.0,FULL,636.45
1318,43.9216,2698.446,260.445,100.0,0.0,0,0,100.0,FULL,636.45
1319,43.9549,2700.859,261.022,100.0,0.0,0,0,100.0,FULL,636.45
1320,43.9883,2703.278,261.592,100.0,0.0,0,0,100.0,FULL,636.45
1321,44.0216,2705.702,262.155,100.0,0.0,0,0,100.0,FULL,636.45
1322,44.0549,2708.131,262.712,100.0,0.0,0,0,100.0,FULL,636.45
1323,44.0882,2710.566,263.262,100.0,0.0,0,0,100.0,FULL,636.45
1324,44.1216,2713.006,263.804,100.0,0.0,0,0,100.0,FULL,636.45
1325,44.1549,2715.45,264.341,100.0,0.0,0,0,100.0,FULL,636.45
1326,44.1882,2717.899,264.871,100.0,0.0,0,0,100.0,FULL,636.45
1327,44.2215,2720.353,265.395,100.0,0.0,0,0,100.0,FULL,636.45
1328,44.2549,2722.813,265.912,100.0,0.0,0,0,100.0,FULL,636.45
1329,44.2882,2725.277,266.423,100.0,0.0,0,0,100.0,FULL,636.45
1330,44.3215,2727.745,266.928,100.0,0.0,0,0,100.0,FULL,636.45
1331,44.3548,2730.218,267.427,100.0,0.0,0,0,100.0,FULL,636.45
1332,44.3881,2732.696,267.92,100.0,0.0,0,0,100.0,FULL,636.45
1333,44.4215,2735.179,268.407,100.0,0.0,0,0,100.0,FULL,636.45
1334,44.4548,2737.665,268.888,100.0,0.0,0,0,100.0,FULL,636.45
1335,44.4881,2740.156,269.364,100.0,0.0,0,0,100.0,FULL,636.45
1336,44.5214,2742.652,269.833,100.0,0.0,0,0,100.0,FULL,636.45
1337,44.5548,2745.152,270.297,100.0,0.0,0,0,100.0,FULL,636.45
1338,44.5881,2747.656,270.756,100.0,0.0,0,0,100.0,FULL,636.45
1339,44.6214,2750.165,271.209,100.0,0.0,0,0,100.0,FULL,636.45
1340,44.6547,2752.677,271.657,100.0,0.0,0,0,100.0,FULL,636.45
1341,44.6881,2755.194,272.099,100.0,0.0,0,0,100.0,FULL,636.45
1342,44.7214,2757.715,272.536,100.0,0.0,0,0,100.0,FULL,636.45
1343,44.7547,2760.24,272.968,100.0,0.0,0,0,100.0,FULL,636.45
1344,44.788,2762.768,273.394,100.0,0.0,0,0,100.0,FULL,636.45
1345,44.8214,2765.301,273.816,100.0,0.0,0,0,100.0,FULL,636.45
1346,44.8547,2767.838,274.232,100.0,0.0,0,0,100.0,FULL,636.45
1347,44.888,2770.378,274.643,100.0,0.0,0,0,100.0,FULL,636.45
1348,44.9213,2772.922,275.049,100.0,0.0,0,0,100.0,FULL,636.45
1349,44.9547,2775.47,275.45,100.0,0.0,0,0,100.0,FULL,636.45
1350,44.988,2778.022,275.846,100.0,0.0,0,0,100.0,FULL,636.45
1351,45.0213,2780.577,276.236,100.0,0.0,0,0,100.0,FULL,636.45
1352,45.0546,2783.136,276.621,100.0,0.0,0,0,100.0,FULL,636.45
1353,45.088,2785.698,277.001,100.0,0.0,0,0,100.0,FULL,636.45
1354,45.1213,2788.264,277.376,100.0,0.0,0,0,100.0,FULL,636.45
1355,45.1546,2790.834,277.744,100.0,0.0,0,0,100.0,FULL,636.45
1356,45.1879,2793.406,278.106,100.0,0.0,0,0,100.0,FULL,636.45
1357,45.2213,2795.982,278.463,100.0,0.0,0,0,100.0,FULL,636.45
1358,45.2546,2798.562,278.812,100.0,0.0,0,0,100.0,FULL,636.45
1359,45.2879,2801.144,279.154,100.0,0.0,0,0,100.0,FULL,636.45
1360,45.3212,2803.73,279.488,100.0,0.0,0,0,100.0,FULL,636.45
1361,45.3546,2806.318,279.814,100.0,0.0,0,0,100.0,FULL,636.45
1362,45.3879,2808.91,280.128,100.0,0.0,0,0,100.0,FULL,636.45
1363,45.4212,2811.505,280.433,100.0,0.0,0,0,100.0,FULL,636.45
1364,45.4545,2814.102,280.726,100.0,0.0,0,0,100.0,FULL,636.45
1365,45.4879,2816.702,281.004,100.0,0.0,0,0,100.0,FULL,636.45
1366,45.5212,2819.304,281.266,100.0,0.0,0,0,100.0,FULL,636.45
1367,45.5545,2821.909,281.512,100.0,0.0,0,0,100.0,FULL,636.45
1368,45.5878,2824.516,281.737,100.0,0.0,0,0,100.0,FULL,636.45
1369,45.6212,2827.125,281.938,100.0,0.0,0,0,100.0,FULL,636.45
1370,45.6545,2829.735,282.115,100.0,0.0,0,0,100.0,FULL,636.45
1371,45.6878,2832.347,282.263,100.0,0.0,0,0,100.0,FULL,636.45
1372,45.7211,2834.961,282.375,100.0,0.0,0,0,100.0,FULL,636.45
1373,45.7545,2837.575,282.451,100.0,0.0,0,0,100.0,FULL,636.45
1374,45.7878,2840.19,282.488,100.0,0.0,0,0,100.0,FULL,636.45
1375,45.8211,2842.805,282.474,100.0,0.0,0,0,100.0,FULL,636.45
1376,45.8544,2845.419,282.409,100.0,0.0,0,0,100.0,FULL,636.45
1377,45.8877,2848.033,282.29,100.0,0.0,0,0,100.0,FULL,636.45
1378,45.9211,2850.645,282.105,100.0,0.0,0,0,100.0,FULL,636.45
1379,45.9544,2853.255,281.848,100.0,0.0,0,0,100.0,FULL,636.45
1380,45.9877,2855.863,281.521,100.0,0.0,0,0,100.0,FULL,636.45
1381,46.021,2858.467,281.114,100.0,0.0,0,0,100.0,FULL,636.45
1382,46.0544,2861.067,280.612,100.0,0.0,0,0,100.0,FULL,636.45
1383,46.0877,2863.662,280.022,100.0,0.0,0,0,100.0,FULL,636.45
1384,46.121,2866.251,279.339,100.0,0.0,0,0,100.0,FULL,636.45
1385,46.1543,2868.833,278.541,100.0,0.0,0,0,100.0,FULL,636.45
1386,46.1877,2871.407,277.637,100.0,0.0,0,0,100.0,FULL,636.45
1387,46.221,2873.973,276.627,100.0,0.0,0,0,100.0,FULL,636.45
1388,46.2543,2876.528,275.499,100.0,0.0,0,0,100.0,FULL,636.45
1389,46.2876,2879.072,274.245,100.0,0.0,0,0,100.0,FULL,636.45
1390,46.321,2881.605,272.876,100.0,0.0,0,0,100.0,FULL,636.45
1391,46.3543,2884.124,271.392,100.0,0.0,0,0,100.0,FULL,636.45
1392,46.3876,2886.629,269.779,100.0,0.0,0,0,100.0,FULL,636.45
1393,46.4209,2889.118,268.045,100.0,0.0,0,0,100.0,FULL,636.45
1394,46.4543,2891.59,266.199,100.0,0.0,0,0,100.0,FULL,636.45
1395,46.4876,2894.046,264.243,100.0,0.0,0,0,100.0,FULL,636.45
1396,46.5209,2896.483,262.174,100.0,0.0,0,0,100.0,FULL,636.45
1397,46.5542,2898.899,259.996,100.0,0.0,0,0,100.0,FULL,452.58
1398,46.5876,2901.295,257.72,0.0,100.0,0,0,100.0,REGEN,0.0
1399,46.6209,2903.67,255.338,0.0,100.0,0,0,100.0,REGEN,0.0
1400,46.6542,2906.022,252.82,0.0,100.0,0,0,100.0,REGEN,0.0
1401,46.6875,2908.351,250.158,0.0,100.0,0,0,100.0,REGEN,0.0
1402,46.7209,2910.653,247.339,0.0,100.0,0,0,100.0,REGEN,0.0
1403,46.7542,2912.928,244.381,0.0,100.0,0,0,100.0,REGEN,0.0
1404,46.7875,2915.175,241.289,0.0,100.0,0,0,100.0,REGEN,0.0
1405,46.8208,2917.394,238.069,0.0,100.0,0,0,100.0,REGEN,0.0
1406,46.8542,2919.582,234.726,0.0,100.0,0,0,100.0,REGEN,0.0
1407,46.8875,2921.739,231.27,0.0,100.0,0,0,100.0,REGEN,0.0
1408,46.9208,2923.864,227.709,0.0,100.0,0,0,100.0,REGEN,0.0
1409,46.9541,2925.955,224.055,0.0,100.0,0,0,100.0,REGEN,0.0
1410,46.9875,2928.008,219.312,0.0,100.0,0,0,100.0,REGEN,0.0
1411,47.0208,2930.014,214.142,0.0,100.0,0,0,100.0,REGEN,0.0
1412,47.0541,2931.972,209.066,0.0,100.0,0,0,100.0,REGEN,0.0
1413,47.0874,2933.884,204.138,0.0,100.0,0,0,100.0,REGEN,0.0
1414,47.1208,2935.75,199.356,0.0,100.0,0,0,100.0,REGEN,0.0
1415,47.1541,2937.573,194.716,0.0,100.0,0,0,100.0,REGEN,0.0
1416,47.1874,2939.354,190.218,0.0,100.0,0,0,100.0,REGEN,0.0
1417,47.2207,2941.095,185.838,0.0,100.0,0,0,100.0,REGEN,0.0
1418,47.2541,2942.796,181.57,0.0,100.0,0,0,100.0,REGEN,0.0
1419,47.2874,2944.461,177.445,0.0,100.0,0,0,100.0,REGEN,0.0
1420,47.3207,2946.084,173.481,0.0,100.0,0,0,100.0,REGEN,0.0
1421,47.354,2947.669,169.654,0.0,100.0,0,0,100.0,REGEN,0.0
1422,47.3873,2949.221,165.937,0.0,100.0,0,0,100.0,REGEN,0.0
1423,47.4207,2950.743,162.319,0.0,100.0,0,0,100.0,REGEN,0.0
1424,47.454,2952.233,158.799,0.0,100.0,0,0,100.0,REGEN,0.0
1425,47.4873,2953.682,155.4,0.0,100.0,0,0,100.0,REGEN,0.0
1426,47.5206,2955.104,152.087,0.0,100.0,0,0,100.0,REGEN,0.0
1427,47.554,2956.501,148.86,0.0,100.0,0,0,100.0,REGEN,0.0
1428,47.5873,2957.862,145.796,0.0,100.0,0,0,100.0,REGEN,0.0
1429,47.6206,2959.196,142.846,0.0,100.0,0,0,100.0,REGEN,0.0
1430,47.6539,2960.51,140.017,0.0,100.0,0,0,100.0,REGEN,0.0
1431,47.6873,2961.792,137.555,0.0,100.0,0,0,100.0,REGEN,0.0
1432,47.7206,2963.053,135.15,0.0,100.0,0,0,100.0,REGEN,0.0
1433,47.7539,2964.299,132.786,0.0,100.0,0,0,100.0,REGEN,0.0
1434,47.7872,2965.51,130.413,0.0,100.0,0,0,100.0,REGEN,0.0
1435,47.8206,2966.709,128.088,0.0,100.0,0,0,100.0,REGEN,0.0
1436,47.8539,2967.884,125.861,0.0,100.0,0,0,100.0,REGEN,0.0
1437,47.8872,2969.037,123.725,0.0,100.0,0,0,100.0,REGEN,0.0
1438,47.9205,2970.178,121.642,0.0,100.0,0,0,100.0,REGEN,0.0
1439,47.9539,2971.289,119.68,0.0,100.0,0,0,100.0,REGEN,0.0
1440,47.9872,2972.395,117.746,0.0,100.0,0,0,100.0,REGEN,0.0
1441,48.0205,2973.47,115.955,0.0,100.0,0,0,100.0,REGEN,0.0
1442,48.0538,2974.54,114.204,0.0,100.0,0,0,100.0,REGEN,0.0
1443,48.0872,2975.586,112.611,0.0,100.0,0,0,100.0,REGEN,0.0
1444,48.1205,2976.624,111.088,0.0,100.0,0,0,100.0,REGEN,0.0
1445,48.1538,2977.644,109.738,0.0,100.0,0,0,100.0,REGEN,0.0
1446,48.1871,2978.656,108.453,0.0,100.0,0,0,100.0,REGEN,0.0
1447,48.2205,2979.653,107.303,0.0,100.0,0,0,100.0,REGEN,0.0
1448,48.2538,2980.642,106.134,0.0,100.0,0,0,100.0,REGEN,0.0
1449,48.2871,2981.617,104.925,0.0,100.0,0,0,100.0,REGEN,0.0
1450,48.3204,2982.585,103.657,0.0,100.0,0,0,100.0,REGEN,0.0
1451,48.3538,2983.534,102.235,0.0,100.0,0,0,100.0,REGEN,0.0
1452,48.3871,2984.478,100.782,0.0,100.0,0,0,100.0,REGEN,0.0
1453,48.4204,2985.397,99.18,0.0,100.0,0,0,100.0,REGEN,0.0
1454,48.4537,2986.317,97.578,0.0,100.0,0,0,100.0,REGEN,0.0
1455,48.4871,2987.203,95.916,0.0,100.0,0,0,100.0,REGEN,0.0
1456,48.5204,2988.088,94.253,0.0,100.0,0,0,100.0,REGEN,0.0
1457,48.5537,2988.949,92.642,0.0,100.0,0,0,100.0,REGEN,0.0
1458,48.587,2989.8,91.05,0.0,100.0,0,0,100.0,REGEN,0.0
1459,48.6204,2990.639,89.553,0.0,100.0,0,0,100.0,REGEN,0.0
1460,48.6537,2991.457,88.219,0.0,100.0,0,0,100.0,REGEN,0.0
1461,48.687,2992.275,86.886,0.0,100.0,0,0,100.0,REGEN,0.0
1462,48.7203,2993.072,86.08,100.0,100.0,0,0,100.0,REGEN,227.02
1463,48.7537,2993.866,85.332,100.0,100.0,0,0,100.0,REGEN,478.89
1464,48.787,2994.657,84.83,100.0,0.0,0,0,100.0,FULL,636.45
1465,48.8203,2995.441,84.74,100.0,0.0,0,0,100.0,FULL,636.45
1466,48.8536,2996.226,84.649,100.0,0.0,0,0,100.0,FULL,636.45
1467,48.8869,2997.009,84.558,100.0,0.0,0,0,100.0,FULL,636.45
1468,48.9203,2997.791,84.467,100.0,0.0,0,0,100.0,FULL,636.45
1469,48.9536,2998.573,84.376,100.0,0.0,0,0,100.0,FULL,636.45
1470,48.9869,2999.353,84.285,100.0,0.0,0,0,100.0,FULL,636.45
1471,49.0202,3000.133,84.195,100.0,0.0,0,0,100.0,FULL,636.45
1472,49.0536,3000.912,84.105,100.0,0.0,0,0,100.0,FULL,636.45
1473,49.0869,3001.69,84.015,100.0,0.0,0,0,100.0,FULL,636.45
1474,49.1202,3002.468,83.992,100.0,0.0,0,0,100.0,FULL,636.45
1475,49.1535,3003.249,84.308,100.0,0.0,0,0,100.0,FULL,636.45
1476,49.1869,3004.03,84.624,100.0,0.0,0,0,100.0,FULL,636.45
1477,49.2202,3004.815,84.942,100.0,0.0,0,0,100.0,FULL,636.45
1478,49.2535,3005.603,85.26,100.0,0.0,0,0,100.0,FULL,636.45
1479,49.2868,3006.392,85.578,100.0,0.0,0,0,100.0,FULL,636.45
1480,49.3202,3007.188,85.9,100.0,0.0,0,0,100.0,FULL,636.45
1481,49.3535,3007.984,86.222,100.0,0.0,0,0,100.0,FULL,636.45
1482,49.3868,3008.783,86.546,100.0,0.0,0,0,100.0,FULL,636.45
1483,49.4201,3009.587,86.873,100.0,0.0,0,0,100.0,FULL,636.45
1484,49.4535,3010.39,87.199,100.0,0.0,0,0,100.0,FULL,636.45
1485,49.4868,3011.201,87.53,100.0,0.0,0,0,100.0,FULL,636.45
1486,49.5201,3012.012,87.86,100.0,0.0,0,0,100.0,FULL,636.45
1487,49.5534,3012.827,88.193,100.0,0.0,0,0,100.0,FULL,636.45
1488,49.5868,3013.646,88.527,100.0,0.0,0,0,100.0,FULL,636.45
1489,49.6201,3014.465,88.862,100.0,0.0,0,0,100.0,FULL,636.45
1490,49.6534,3015.291,89.199,100.0,0.0,0,0,100.0,FULL,636.45
1491,49.6867,3016.117,89.536,100.0,0.0,0,0,100.0,FULL,636.45
1492,49.7201,3016.948,89.875,100.0,0.0,0,0,100.0,FULL,636.45
1493,49.7534,3017.782,90.214,100.0,0.0,0,0,100.0,FULL,636.45
1494,49.7867,3018.617,90.485,100.0,0.0,0,0,100.0,FULL,636.45
1495,49.82,3019.455,90.569,100.0,0.0,0,0,100.0,FULL,636.45
1496,49.8534,3020.293,90.653,100.0,0.0,0,0,100.0,FULL,636.45
1497,49.8867,3021.137,91.102,100.0,0.0,0,0,100.0,FULL,636.45
1498,49.92,3021.982,91.606,100.0,0.0,0,0,100.0,FULL,636.45
1499,49.9533,3022.833,92.179,100.0,0.0,0,0,100.0,FULL,636.45
1500,49.9867,3023.69,92.825,100.0,0.0,0,0,100.0,FULL,636.45
1501,50.02,3024.55,93.483,100.0,0.0,0,0,100.0,FULL,636.45
1502,50.0533,3025.422,94.214,100.0,0.0,0,0,100.0,FULL,636.45
1503,50.0866,3026.294,94.945,100.0,0.0,0,0,100.0,FULL,636.45
1504,50.12,3027.18,95.744,100.0,0.0,0,0,100.0,FULL,636.45
1505,50.1533,3028.068,96.556,100.0,0.0,0,0,100.0,FULL,636.45
1506,50.1866,3028.967,97.421,100.0,0.0,0,0,100.0,FULL,636.45
1507,50.2199,3029.873,98.325,100.0,0.0,0,0,100.0,FULL,636.45
1508,50.2532,3030.787,99.264,100.0,0.0,0,0,100.0,FULL,636.45
1509,50.2866,3031.712,100.262,100.0,0.0,0,0,100.0,FULL,636.45
1510,50.3199,3032.642,101.275,100.0,0.0,0,0,100.0,FULL,636.45
1511,50.3532,3033.588,102.349,100.0,0.0,0,0,100.0,FULL,636.45
1512,50.3865,3034.536,103.428,100.0,0.0,0,0,100.0,FULL,636.45
1513,50.4199,3035.503,104.55,100.0,0.0,0,0,100.0,FULL,636.45
1514,50.4532,3036.471,105.673,100.0,0.0,0,0,100.0,FULL,636.45
1515,50.4865,3037.459,106.827,100.0,0.0,0,0,100.0,FULL,636.45
1516,50.5198,3038.448,107.98,100.0,0.0,0,0,100.0,FULL,636.45
1517,50.5532,3039.459,109.171,100.0,0.0,0,0,100.0,FULL,636.45
1518,50.5865,3040.469,110.362,100.0,0.0,0,0,100.0,FULL,636.45
1519,50.6198,3041.502,111.589,100.0,0.0,0,0,100.0,FULL,636.45
1520,50.6531,3042.536,112.815,100.0,0.0,0,0,100.0,FULL,636.45
1521,50.6865,3043.59,114.035,100.0,0.0,0,0,100.0,FULL,636.45
1522,50.7198,3044.649,115.329,100.0,0.0,0,0,100.0,FULL,636.45
1523,50.7531,3045.727,116.94,100.0,0.0,0,0,100.0,FULL,636.45
1524,50.7864,3046.815,118.558,100.0,0.0,0,0,100.0,FULL,636.45
1525,50.8198,3047.921,120.194,100.0,0.0,0,0,100.0,FULL,636.45
1526,50.8531,3049.042,121.835,100.0,0.0,0,0,100.0,FULL,636.45
1527,50.8864,3050.175,123.481,100.0,0.0,0,0,100.0,FULL,636.45
1528,50.9197,3051.328,125.134,100.0,0.0,0,0,100.0,FULL,636.45
1529,50.9531,3052.489,126.791,100.0,0.0,0,0,100.0,FULL,636.45
1530,50.9864,3053.675,128.471,100.0,0.0,0,0,100.0,FULL,636.45
1531,51.0197,3054.871,130.155,100.0,0.0,0,0,100.0,FULL,636.45
1532,51.053,3056.083,131.847,100.0,0.0,0,0,100.0,FULL,636.45
1533,51.0864,3057.313,133.553,100.0,0.0,0,0,100.0,FULL,636.45
1534,51.1197,3058.553,135.268,100.0,0.0,0,0,100.0,FULL,636.45
1535,51.153,3059.817,137.002,100.0,0.0,0,0,100.0,FULL,636.45
1536,51.1863,3061.093,138.746,100.0,0.0,0,0,100.0,FULL,636.45
1537,51.2197,3062.382,140.5,100.0,0.0,0,0,100.0,FULL,636.45
1538,51.253,3063.694,142.27,100.0,0.0,0,0,100.0,FULL,636.45
1539,51.2863,3065.019,144.048,100.0,0.0,0,0,100.0,FULL,636.45
1540,51.3196,3066.358,145.835,100.0,0.0,0,0,100.0,FULL,636.45
1541,51.353,3067.719,147.635,100.0,0.0,0,0,100.0,FULL,636.45
1542,51.3863,3069.094,149.442,100.0,0.0,0,0,100.0,FULL,636.45
1543,51.4196,3070.482,151.257,100.0,0.0,0,0,100.0,FULL,636.45
1544,51.4529,3071.894,153.084,100.0,0.0,0,0,100.0,FULL,636.45
1545,51.4863,3073.32,154.825,100.0,0.0,0,0,100.0,FULL,636.45
1546,51.5196,3074.759,156.507,100.0,0.0,0,0,100.0,FULL,636.45
1547,51.5529,3076.215,158.167,100.0,0.0,0,0,100.0,FULL,636.45
1548,51.5862,3077.688,159.816,100.0,0.0,0,0,100.0,FULL,636.45
1549,51.6196,3079.175,161.455,100.0,0.0,0,0,100.0,FULL,636.45
1550,51.6529,3080.675,163.083,100.0,0.0,0,0,100.0,FULL,636.45
1551,51.6862,3082.193,164.695,100.0,0.0,0,0,100.0,FULL,636.45
1552,51.7195,3083.726,166.289,100.0,0.0,0,0,100.0,FULL,636.45
1553,51.7528,3085.273,167.867,100.0,0.0,0,0,100.0,FULL,636.45
1554,51.7862,3086.833,169.428,100.0,0.0,0,0,100.0,FULL,636.45
1555,51.8195,3088.407,170.969,100.0,0.0,0,0,100.0,FULL,636.45
1556,51.8528,3089.998,172.486,100.0,0.0,0,0,100.0,FULL,636.45
1557,51.8861,3091.602,173.982,100.0,0.0,0,0,100.0,FULL,636.45
1558,51.9195,3093.219,175.457,100.0,0.0,0,0,100.0,FULL,636.45
1559,51.9528,3094.849,176.91,100.0,0.0,0,0,100.0,FULL,636.45
1560,51.9861,3096.492,178.341,100.0,0.0,0,0,100.0,FULL,636.45
1561,52.0194,3098.151,179.744,100.0,0.0,0,0,100.0,FULL,636.45
1562,52.0528,3099.822,181.125,100.0,0.0,0,0,100.0,FULL,636.45
1563,52.0861,3101.505,182.485,100.0,0.0,0,0,100.0,FULL,636.45
1564,52.1194,3103.2,183.823,100.0,0.0,0,0,100.0,FULL,636.45
1565,52.1527,3104.907,185.14,100.0,0.0,0,0,100.0,FULL,636.45
1566,52.1861,3106.626,186.436,100.0,0.0,0,0,100.0,FULL,636.45
1567,52.2194,3108.358,187.71,100.0,0.0,0,0,100.0,FULL,636.45
1568,52.2527,3110.102,188.961,100.0,0.0,0,0,100.0,FULL,636.45
1569,52.286,3111.857,190.193,100.0,0.0,0,0,100.0,FULL,636.45
1570,52.3194,3113.624,191.414,100.0,0.0,0,0,100.0,FULL,636.45
1571,52.3527,3115.401,192.625,100.0,0.0,0,0,100.0,FULL,636.45
1572,52.386,3117.19,193.825,100.0,0.0,0,0,100.0,FULL,636.45
1573,52.4193,3118.989,195.013,100.0,0.0,0,0,100.0,FULL,636.45
1574,52.4527,3120.799,196.187,100.0,0.0,0,0,100.0,FULL,636.45
1575,52.486,3122.62,197.346,100.0,0.0,0,0,100.0,FULL,636.45
1576,52.5193,3124.452,198.476,100.0,0.0,0,0,100.0,FULL,636.45
1577,52.5526,3126.293,199.161,100.0,0.0,0,0,100.0,FULL,636.45
1578,52.586,3128.14,199.93,100.0,0.0,0,0,100.0,FULL,636.45
1579,52.6193,3129.995,200.861,100.0,0.0,0,0,100.0,FULL,636.45
1580,52.6526,3131.86,201.933,100.0,0.0,0,0,100.0,FULL,636.45
1581,52.6859,3133.735,203.107,100.0,0.0,0,0,100.0,FULL,636.45
1582,52.7193,3135.621,204.357,100.0,0.0,0,0,100.0,FULL,636.45
1583,52.7526,3137.518,205.646,100.0,0.0,0,0,100.0,FULL,636.45
1584,52.7859,3139.428,206.932,100.0,0.0,0,0,100.0,FULL,636.45
1585,52.8192,3141.349,208.201,100.0,0.0,0,0,100.0,FULL,636.45
1586,52.8526,3143.282,209.452,100.0,0.0,0,0,100.0,FULL,636.45
1587,52.8859,3145.226,210.638,100.0,0.0,0,0,100.0,FULL,636.45
1588,52.9192,3147.181,211.731,100.0,0.0,0,0,100.0,FULL,636.45
1589,52.9525,3149.146,212.802,100.0,0.0,0,0,100.0,FULL,636.45
1590,52.9859,3151.121,213.868,100.0,0.0,0,0,100.0,FULL,636.45
1591,53.0192,3153.106,214.929,100.0,0.0,0,0,100.0,FULL,636.45
1592,53.0525,3155.1,215.986,100.0,0.0,0,0,100.0,FULL,636.45
1593,53.0858,3157.104,217.038,100.0,0.0,0,0,100.0,FULL,636.45
1594,53.1192,3159.118,218.084,100.0,0.0,0,0,100.0,FULL,636.45
1595,53.1525,3161.142,219.124,100.0,0.0,0,0,100.0,FULL,636.45
1596,53.1858,3163.175,220.158,100.0,0.0,0,0,100.0,FULL,636.45
1597,53.2191,3165.218,221.185,100.0,0.0,0,0,100.0,FULL,636.45
1598,53.2524,3167.27,222.204,100.0,0.0,0,0,100.0,FULL,636.45
1599,53.2858,3169.331,223.217,100.0,0.0,0,0,100.0,FULL,636.45
1600,53.3191,3171.402,224.221,100.0,0.0,0,0,100.0,FULL,636.45
1601,53.3524,3173.482,225.216,100.0,0.0,0,0,100.0,FULL,636.45
1602,53.3857,3175.572,226.203,100.0,0.0,0,0,100.0,FULL,636.45
1603,53.4191,3177.67,227.18,100.0,0.0,0,0,100.0,FULL,636.45
1604,53.4524,3179.778,228.147,100.0,0.0,0,0,100.0,FULL,636.45
1605,53.4857,3181.894,229.104,100.0,0.0,0,0,100.0,FULL,636.45
1606,53.519,3184.019,230.05,100.0,0.0,0,0,100.0,FULL,636.45
1607,53.5524,3186.152,230.984,100.0,0.0,0,0,100.0,FULL,636.45
1608,53.5857,3188.295,231.906,100.0,0.0,0,0,100.0,FULL,636.45
1609,53.619,3190.445,232.816,100.0,0.0,0,0,100.0,FULL,636.45
1610,53.6523,3192.605,233.711,100.0,0.0,0,0,100.0,FULL,636.45
1611,53.6857,3194.773,234.592,100.0,0.0,0,0,100.0,FULL,636.45
1612,53.719,3196.948,235.458,100.0,0.0,0,0,100.0,FULL,636.45
1613,53.7523,3199.132,236.308,100.0,0.0,0,0,100.0,FULL,636.45
1614,53.7856,3201.323,237.141,100.0,0.0,0,0,100.0,FULL,636.45
1615,53.819,3203.522,237.955,100.0,0.0,0,0,100.0,FULL,636.45
1616,53.8523,3205.729,238.75,100.0,0.0,0,0,100.0,FULL,636.45
1617,53.8856,3207.942,239.523,100.0,0.0,0,0,100.0,FULL,636.45
1618,53.9189,3210.163,240.273,100.0,0.0,0,0,100.0,FULL,636.45
1619,53.9523,3212.39,240.997,100.0,0.0,0,0,100.0,FULL,636.45
1620,53.9856,3214.624,241.691,100.0,0.0,0,0,100.0,FULL,636.45
1621,54.0189,3216.865,242.354,100.0,0.0,0,0,100.0,FULL,636.45
1622,54.0522,3219.111,242.983,100.0,0.0,0,0,100.0,FULL,636.45
1623,54.0856,3221.363,243.576,100.0,0.0,0,0,100.0,FULL,636.45
1624,54.1189,3223.62,244.129,100.0,0.0,0,0,100.0,FULL,636.45
1625,54.1522,3225.883,244.638,100.0,0.0,0,0,100.0,FULL,636.45
1626,54.1855,3228.149,245.1,100.0,0.0,0,0,100.0,FULL,636.45
1627,54.2189,3230.42,245.511,100.0,0.0,0,0,100.0,FULL,636.45
1628,54.2522,3232.694,245.861,100.0,0.0,0,0,100.0,FULL,636.45
1629,54.2855,3234.971,246.15,100.0,0.0,0,0,100.0,FULL,636.45
1630,54.3188,3237.251,246.374,100.0,0.0,0,0,100.0,FULL,636.45
1631,54.3522,3239.532,246.53,100.0,0.0,0,0,100.0,FULL,636.45
1632,54.3855,3241.815,246.613,100.0,0.0,0,0,100.0,FULL,636.45
1633,54.4188,3244.098,246.619,100.0,0.0,0,0,100.0,FULL,636.45
1634,54.4521,3246.38,246.544,100.0,0.0,0,0,100.0,FULL,636.45
1635,54.4855,3248.662,246.376,100.0,0.0,0,0,100.0,FULL,636.45
1636,54.5188,3250.941,246.12,100.0,0.0,0,0,100.0,FULL,636.45
1637,54.5521,3253.218,245.772,100.0,0.0,0,0,100.0,FULL,636.45
1638,54.5854,3255.491,245.332,100.0,0.0,0,0,100.0,FULL,636.45
1639,54.6188,3257.759,244.797,100.0,0.0,0,0,100.0,FULL,636.45
1640,54.6521,3260.023,244.167,100.0,0.0,0,0,100.0,FULL,636.45
1641,54.6854,3262.28,243.443,100.0,0.0,0,0,100.0,FULL,636.45
1642,54.7187,3264.53,242.617,100.0,0.0,0,0,100.0,FULL,636.45
1643,54.752,3266.771,241.694,100.0,0.0,0,0,100.0,FULL,636.45
1644,54.7854,3269.003,240.68,100.0,0.0,0,0,100.0,FULL,636.45
1645,54.8187,3271.226,239.576,100.0,0.0,0,0,100.0,FULL,636.45
1646,54.852,3273.438,238.387,100.0,0.0,0,0,100.0,FULL,310.77
1647,54.8853,3275.639,237.116,0.0,100.0,0,0,100.0,REGEN,0.0
1648,54.9187,3277.828,235.76,0.0,100.0,0,0,100.0,REGEN,0.0
1649,54.952,3280.004,234.309,0.0,100.0,0,0,100.0,REGEN,0.0
1650,54.9853,3282.166,232.758,0.0,100.0,0,0,100.0,REGEN,0.0
1651,55.0186,3284.313,231.111,0.0,100.0,0,0,100.0,REGEN,0.0
1652,55.052,3286.445,229.367,0.0,100.0,0,0,100.0,REGEN,0.0
1653,55.0853,3288.559,227.532,0.0,100.0,0,0,100.0,REGEN,0.0
1654,55.1186,3290.656,225.612,0.0,100.0,0,0,100.0,REGEN,0.0
1655,55.1519,3292.735,223.613,0.0,100.0,0,0,100.0,REGEN,0.0
1656,55.1853,3294.795,221.542,0.0,100.0,0,0,100.0,REGEN,0.0
1657,55.2186,3296.836,219.358,0.0,100.0,0,0,100.0,REGEN,0.0
1658,55.2519,3298.853,216.644,0.0,100.0,0,0,100.0,REGEN,0.0
1659,55.2852,3300.842,212.927,0.0,100.0,0,0,100.0,REGEN,0.0
1660,55.3186,3302.797,209.459,0.0,100.0,0,0,100.0,REGEN,0.0
1661,55.3519,3304.721,206.224,0.0,100.0,0,0,100.0,REGEN,0.0
1662,55.3852,3306.616,203.114,0.0,100.0,0,0,100.0,REGEN,0.0
1663,55.4185,3308.483,199.975,0.0,100.0,0,0,100.0,REGEN,0.0
1664,55.4519,3310.319,196.734,0.0,100.0,0,0,100.0,REGEN,0.0
1665,55.4852,3312.123,193.453,0.0,100.0,0,0,100.0,REGEN,0.0
1666,55.5185,3313.898,190.295,0.0,100.0,0,0,100.0,REGEN,0.0
1667,55.5518,3315.647,187.664,0.0,100.0,0,0,100.0,REGEN,0.0
1668,55.5852,3317.376,186.01,0.0,100.0,0,0,100.0,REGEN,0.0
1669,55.6185,3319.093,184.794,0.0,100.0,0,0,100.0,REGEN,0.0
1670,55.6518,3320.797,183.288,0.0,100.0,0,0,100.0,REGEN,0.0
1671,55.6851,3322.487,181.604,0.0,100.0,0,0,100.0,REGEN,0.0
1672,55.7185,3324.157,179.512,0.0,100.0,0,0,100.0,REGEN,0.0
1673,55.7518,3325.807,177.222,0.0,100.0,0,0,100.0,REGEN,0.0
1674,55.7851,3327.436,174.959,0.0,100.0,0,0,100.0,REGEN,0.0
1675,55.8184,3329.047,172.952,0.0,100.0,0,0,100.0,REGEN,0.0
1676,55.8518,3330.643,171.466,0.0,100.0,0,0,100.0,REGEN,0.0
1677,55.8851,3332.228,171.094,0.0,100.0,0,0,100.0,REGEN,0.0
1678,55.9184,3333.81,170.724,0.0,100.0,0,0,100.0,REGEN,0.0
1679,55.9517,3335.39,170.584,0.0,100.0,0,0,100.0,REGEN,0.0
1680,55.9851,3336.969,170.584,0.0,100.0,0,0,100.0,REGEN,0.0
1681,56.0184,3338.548,170.517,0.0,100.0,0,0,100.0,REGEN,0.0
1682,56.0517,3340.122,169.738,0.0,100.0,0,0,100.0,REGEN,0.0
1683,56.085,3341.687,168.526,0.0,100.0,0,0,100.0,REGEN,0.0
1684,56.1184,3343.238,166.876,0.0,100.0,0,0,100.0,REGEN,0.0
1685,56.1517,3344.775,164.803,0.0,100.0,0,0,100.0,REGEN,0.0
1686,56.185,3346.29,162.319,0.0,100.0,0,0,100.0,REGEN,0.0
1687,56.2183,3347.778,159.793,0.0,100.0,0,0,100.0,REGEN,0.0
1688,56.2516,3349.245,157.287,0.0,100.0,0,0,100.0,REGEN,0.0
1689,56.285,3350.692,154.839,0.0,100.0,0,0,100.0,REGEN,0.0
1690,56.3183,3352.115,152.552,0.0,100.0,0,0,100.0,REGEN,0.0
1691,56.3516,3353.515,150.57,0.0,100.0,0,0,100.0,REGEN,0.0
1692,56.3849,3354.904,148.98,100.0,100.0,0,0,100.0,REGEN,155.37
1693,56.4183,3356.279,147.953,100.0,100.0,0,0,100.0,REGEN,593.12
1694,56.4516,3357.647,147.603,100.0,0.0,0,0,100.0,FULL,636.45
1695,56.4849,3359.012,147.327,100.0,0.0,0,0,100.0,FULL,636.45
1696,56.5182,3360.375,147.05,100.0,0.0,0,0,100.0,FULL,636.45
1697,56.5516,3361.734,146.776,100.0,0.0,0,0,100.0,FULL,636.45
1698,56.5849,3363.092,146.502,100.0,0.0,0,0,100.0,FULL,636.45
1699,56.6182,3364.447,146.25,100.0,0.0,0,0,100.0,FULL,636.45
1700,56.6515,3365.805,146.846,100.0,0.0,0,0,100.0,FULL,636.45
1701,56.6849,3367.168,147.556,100.0,0.0,0,0,100.0,FULL,636.45
1702,56.7182,3368.536,148.356,100.0,0.0,0,0,100.0,FULL,636.45
1703,56.7515,3369.914,149.122,100.0,0.0,0,0,100.0,FULL,636.45
1704,56.7848,3371.298,149.857,100.0,0.0,0,0,100.0,FULL,636.45
1705,56.8182,3372.688,150.597,100.0,0.0,0,0,100.0,FULL,636.45
1706,56.8515,3374.086,151.426,100.0,0.0,0,0,100.0,FULL,636.45
1707,56.8848,3375.493,152.353,100.0,0.0,0,0,100.0,FULL,636.45
1708,56.9181,3376.907,153.303,100.0,0.0,0,0,100.0,FULL,636.45
1709,56.9515,3378.329,154.238,100.0,0.0,0,0,100.0,FULL,636.45
1710,56.9848,3379.762,155.06,100.0,0.0,0,0,100.0,FULL,636.45
1711,57.0181,3381.201,155.826,100.0,0.0,0,0,100.0,FULL,636.45
1712,57.0514,3382.646,156.556,100.0,0.0,0,0,100.0,FULL,636.45
1713,57.0848,3384.099,157.317,100.0,0.0,0,0,100.0,FULL,636.45
1714,57.1181,3385.56,158.168,100.0,0.0,0,0,100.0,FULL,636.45
1715,57.1514,3387.028,159.104,100.0,0.0,0,0,100.0,FULL,636.45
1716,57.1847,3388.504,160.13,100.0,0.0,0,0,100.0,FULL,636.45
1717,57.2181,3389.993,161.313,100.0,0.0,0,0,100.0,FULL,636.45
1718,57.2514,3391.493,162.508,100.0,0.0,0,0,100.0,FULL,636.45
1719,57.2847,3393.003,163.818,100.0,0.0,0,0,100.0,FULL,636.45
1720,57.318,3394.524,165.301,100.0,0.0,0,0,100.0,FULL,636.45
1721,57.3514,3396.062,166.75,100.0,0.0,0,0,100.0,FULL,636.45
1722,57.3847,3397.613,168.027,100.0,0.0,0,0,100.0,FULL,636.45
1723,57.418,3399.173,169.146,100.0,0.0,0,0,100.0,FULL,636.45
1724,57.4513,3400.743,170.164,100.0,0.0,0,0,100.0,FULL,636.45
1725,57.4847,3402.322,171.232,100.0,0.0,0,0,100.0,FULL,636.45
1726,57.518,3403.914,172.467,100.0,0.0,0,0,100.0,FULL,636.45
1727,57.5513,3405.517,173.815,100.0,0.0,0,0,100.0,FULL,636.45
1728,57.5846,3407.133,175.256,100.0,0.0,0,0,100.0,FULL,636.45
1729,57.618,3408.761,176.772,100.0,0.0,0,0,100.0,FULL,636.45
1730,57.6513,3410.403,178.349,100.0,0.0,0,0,100.0,FULL,636.45
1731,57.6846,3412.063,179.991,100.0,0.0,0,0,100.0,FULL,636.45
1732,57.7179,3413.738,181.651,100.0,0.0,0,0,100.0,FULL,636.45
1733,57.7512,3415.427,183.299,100.0,0.0,0,0,100.0,FULL,636.45
1734,57.7846,3417.131,184.921,100.0,0.0,0,0,100.0,FULL,636.45
1735,57.8179,3418.85,186.47,100.0,0.0,0,0,100.0,FULL,636.45
1736,57.8512,3420.581,187.851,100.0,0.0,0,0,100.0,FULL,636.45
1737,57.8845,3422.326,189.193,100.0,0.0,0,0,100.0,FULL,636.45
1738,57.9179,3424.085,190.535,100.0,0.0,0,0,100.0,FULL,636.45
1739,57.9512,3425.855,191.876,100.0,0.0,0,0,100.0,FULL,636.45
1740,57.9845,3427.638,193.213,100.0,0.0,0,0,100.0,FULL,636.45
1741,58.0178,3429.432,194.547,100.0,0.0,0,0,100.0,FULL,636.45
1742,58.0512,3431.239,195.876,100.0,0.0,0,0,100.0,FULL,636.45
1743,58.0845,3433.058,197.198,100.0,0.0,0,0,100.0,FULL,636.45
1744,58.1178,3434.89,198.514,100.0,0.0,0,0,100.0,FULL,636.45
1745,58.1511,3436.733,199.821,100.0,0.0,0,0,100.0,FULL,636.45
1746,58.1845,3438.588,201.12,100.0,0.0,0,0,100.0,FULL,636.45
1747,58.2178,3440.456,202.41,100.0,0.0,0,0,100.0,FULL,636.45
1748,58.2511,3442.335,203.688,100.0,0.0,0,0,100.0,FULL,636.45
1749,58.2844,3444.227,204.955,100.0,0.0,0,0,100.0,FULL,636.45
1750,58.3178,3446.13,206.211,100.0,0.0,0,0,100.0,FULL,636.45
1751,58.3511,3448.045,207.455,100.0,0.0,0,0,100.0,FULL,636.45
1752,58.3844,3449.971,208.686,100.0,0.0,0,0,100.0,FULL,636.45
1753,58.4177,3451.909,209.905,100.0,0.0,0,0,100.0,FULL,636.45
1754,58.4511,3453.857,211.11,100.0,0.0,0,0,100.0,FULL,636.45
1755,58.4844,3455.817,212.302,100.0,0.0,0,0,100.0,FULL,636.45
1756,58.5177,3457.788,213.48,100.0,0.0,0,0,100.0,FULL,636.45
1757,58.551,3459.769,214.645,100.0,0.0,0,0,100.0,FULL,636.45
1758,58.5844,3461.762,215.796,100.0,0.0,0,0,100.0,FULL,636.45
1759,58.6177,3463.764,216.933,100.0,0.0,0,0,100.0,FULL,636.45
1760,58.651,3465.778,218.056,100.0,0.0,0,0,100.0,FULL,636.45
1761,58.6843,3467.801,219.165,100.0,0.0,0,0,100.0,FULL,636.45
1762,58.7177,3469.835,220.261,100.0,0.0,0,0,100.0,FULL,636.45
1763,58.751,3471.879,221.342,100.0,0.0,0,0,100.0,FULL,636.45
1764,58.7843,3473.933,222.41,100.0,0.0,0,0,100.0,FULL,636.45
1765,58.8176,3475.996,223.465,100.0,0.0,0,0,100.0,FULL,636.45
1766,58.851,3478.07,224.506,100.0,0.0,0,0,100.0,FULL,636.45
1767,58.8843,3480.152,225.533,100.0,0.0,0,0,100.0,FULL,636.45
1768,58.9176,3482.245,226.548,100.0,0.0,0,0,100.0,FULL,636.45
1769,58.9509,3484.346,227.549,100.0,0.0,0,0,100.0,FULL,636.45
1770,58.9843,3486.457,228.537,100.0,0.0,0,0,100.0,FULL,636.45
1771,59.0176,3488.577,229.513,100.0,0.0,0,0,100.0,FULL,636.45
1772,59.0509,3490.707,230.475,100.0,0.0,0,0,100.0,FULL,636.45
1773,59.0842,3492.845,231.426,100.0,0.0,0,0,100.0,FULL,636.45
1774,59.1175,3494.991,232.364,100.0,0.0,0,0,100.0,FULL,636.45
1775,59.1509,3497.147,233.29,100.0,0.0,0,0,100.0,FULL,636.45
1776,59.1842,3499.31,234.205,100.0,0.0,0,0,100.0,FULL,636.45
1777,59.2175,3501.483,235.108,100.0,0.0,0,0,100.0,FULL,636.45
1778,59.2508,3503.663,235.999,100.0,0.0,0,0,100.0,FULL,636.45
1779,59.2842,3505.852,236.879,100.0,0.0,0,0,100.0,FULL,636.45
1780,59.3175,3508.048,237.748,100.0,0.0,0,0,100.0,FULL,636.45
1781,59.3508,3510.253,238.606,100.0,0.0,0,0,100.0,FULL,636.45
1782,59.3841,3512.465,239.453,100.0,0.0,0,0,100.0,FULL,636.45
1783,59.4175,3514.686,240.289,100.0,0.0,0,0,100.0,FULL,636.45
1784,59.4508,3516.914,241.115,100.0,0.0,0,0,100.0,FULL,636.45
1785,59.4841,3519.15,241.93,100.0,0.0,0,0,100.0,FULL,636.45
1786,59.5174,3521.393,242.735,100.0,0.0,0,0,100.0,FULL,636.45
1787,59.5508,3523.644,243.53,100.0,0.0,0,0,100.0,FULL,636.45
1788,59.5841,3525.902,244.315,100.0,0.0,0,0,100.0,FULL,636.45
1789,59.6174,3528.167,245.091,100.0,0.0,0,0,100.0,FULL,636.45
1790,59.6507,3530.439,245.856,100.0,0.0,0,0,100.0,FULL,636.45
1791,59.6841,3532.718,246.612,100.0,0.0,0,0,100.0,FULL,636.45
1792,59.7174,3535.005,247.358,100.0,0.0,0,0,100.0,FULL,636.45
1793,59.7507,3537.298,248.094,100.0,0.0,0,0,100.0,FULL,636.45
1794,59.784,3539.598,248.822,100.0,0.0,0,0,100.0,FULL,636.45
1795,59.8174,3541.904,249.54,100.0,0.0,0,0,100.0,FULL,636.45
1796,59.8507,3544.217,250.249,100.0,0.0,0,0,100.0,FULL,636.45
1797,59.884,3546.537,250.949,100.0,0.0,0,0,100.0,FULL,636.45
1798,59.9173,3548.864,251.639,100.0,0.0,0,0,100.0,FULL,636.45
1799,59.9507,3551.196,252.32,100.0,0.0,0,0,100.0,FULL,636.45
1800,59.984,3553.535,252.991,100.0,0.0,0,0,100.0,FULL,636.45
1801,60.0173,3555.88,253.653,100.0,0.0,0,0,100.0,FULL,636.45
1802,60.0506,3558.231,254.305,100.0,0.0,0,0,100.0,FULL,636.45
1803,60.084,3560.588,254.947,100.0,0.0,0,0,100.0,FULL,636.45
1804,60.1173,3562.951,255.578,100.0,0.0,0,0,100.0,FULL,636.45
1805,60.1506,3565.32,256.198,100.0,0.0,0,0,100.0,FULL,636.45
1806,60.1839,3567.694,256.807,100.0,0.0,0,0,100.0,FULL,636.45
1807,60.2173,3570.074,257.404,100.0,0.0,0,0,100.0,FULL,636.45
1808,60.2506,3572.459,257.989,100.0,0.0,0,0,100.0,FULL,636.45
1809,60.2839,3574.85,258.557,100.0,0.0,0,0,100.0,FULL,636.45
1810,60.3172,3577.246,259.111,100.0,0.0,0,0,100.0,FULL,636.45
1811,60.3506,3579.647,259.648,100.0,0.0,0,0,100.0,FULL,636.45
1812,60.3839,3582.053,260.168,100.0,0.0,0,0,100.0,FULL,636.45
1813,60.4172,3584.463,260.668,100.0,0.0,0,0,100.0,FULL,636.45
1814,60.4505,3586.879,261.144,100.0,0.0,0,0,100.0,FULL,636.45
1815,60.4839,3589.298,261.595,100.0,0.0,0,0,100.0,FULL,636.45
1816,60.5172,3591.722,262.02,100.0,0.0,0,0,100.0,FULL,636.45
1817,60.5505,3594.149,262.416,100.0,0.0,0,0,100.0,FULL,636.45
1818,60.5838,3596.58,262.778,100.0,0.0,0,0,100.0,FULL,636.45
1819,60.6171,3599.014,263.101,100.0,0.0,0,0,100.0,FULL,636.45
1820,60.6505,3601.451,263.385,100.0,0.0,0,0,100.0,FULL,636.45
1821,60.6838,3603.89,263.626,100.0,0.0,0,0,100.0,FULL,636.45
1822,60.7171,3606.331,263.821,100.0,0.0,0,0,100.0,FULL,636.45
1823,60.7504,3608.774,263.958,100.0,0.0,0,0,100.0,FULL,636.45
1824,60.7838,3611.218,264.038,100.0,0.0,0,0,100.0,FULL,636.45
1825,60.8171,3613.662,264.059,100.0,0.0,0,0,100.0,FULL,636.45
1826,60.8504,3616.106,264.017,100.0,0.0,0,0,100.0,FULL,636.45
1827,60.8837,3618.55,263.904,100.0,0.0,0,0,100.0,FULL,636.45
1828,60.9171,3620.992,263.712,100.0,0.0,0,0,100.0,FULL,636.45
1829,60.9504,3623.431,263.444,100.0,0.0,0,0,100.0,FULL,636.45
1830,60.9837,3625.869,263.098,100.0,0.0,0,0,100.0,FULL,636.45
1831,61.017,3628.302,262.671,100.0,0.0,0,0,100.0,FULL,636.45
1832,61.0504,3630.731,262.152,100.0,0.0,0,0,100.0,FULL,636.45
1833,61.0837,3633.155,261.544,100.0,0.0,0,0,100.0,FULL,636.45
1834,61.117,3635.573,260.85,100.0,0.0,0,0,100.0,FULL,636.45
1835,61.1503,3637.984,260.07,100.0,0.0,0,0,100.0,FULL,636.45
1836,61.1837,3640.388,259.204,100.0,0.0,0,0,100.0,FULL,636.45
1837,61.217,3642.782,258.244,100.0,0.0,0,0,100.0,FULL,636.45
1838,61.2503,3645.168,257.2,100.0,0.0,0,0,100.0,FULL,636.45
1839,61.2836,3647.543,256.078,100.0,0.0,0,0,100.0,FULL,636.45
1840,61.317,3649.909,254.882,100.0,0.0,0,0,100.0,FULL,636.45
1841,61.3503,3652.263,253.615,100.0,0.0,0,0,100.0,FULL,636.45
1842,61.3836,3654.604,252.28,0.0,100.0,0,0,100.0,REGEN,0.0
1843,61.4169,3656.932,250.877,0.0,100.0,0,0,100.0,REGEN,0.0
1844,61.4503,3659.248,249.402,0.0,100.0,0,0,100.0,REGEN,0.0
1845,61.4836,3661.549,247.853,0.0,100.0,0,0,100.0,REGEN,0.0
1846,61.5169,3663.836,246.236,0.0,100.0,0,0,100.0,REGEN,0.0
1847,61.5502,3666.108,244.557,0.0,100.0,0,0,100.0,REGEN,0.0
1848,61.5836,3668.365,242.825,0.0,100.0,0,0,100.0,REGEN,0.0
1849,61.6169,3670.604,241.046,0.0,100.0,0,0,100.0,REGEN,0.0
1850,61.6502,3672.826,239.233,0.0,100.0,0,0,100.0,REGEN,0.0
1851,61.6835,3675.031,237.115,0.0,100.0,0,0,100.0,REGEN,0.0
1852,61.7169,3677.209,233.476,0.0,100.0,0,0,100.0,REGEN,0.0
1853,61.7502,3679.346,228.432,0.0,100.0,0,0,100.0,REGEN,0.0
1854,61.7835,3681.437,223.338,0.0,100.0,0,0,100.0,REGEN,0.0
1855,61.8168,3683.481,218.359,0.0,100.0,0,0,100.0,REGEN,0.0
1856,61.8502,3685.48,213.669,0.0,100.0,0,0,100.0,REGEN,0.0
1857,61.8835,3687.438,209.443,0.0,100.0,0,0,100.0,REGEN,0.0
1858,61.9168,3689.36,205.81,0.0,100.0,0,0,100.0,REGEN,0.0
1859,61.9501,3691.252,202.819,0.0,100.0,0,0,100.0,REGEN,0.0
1860,61.9835,3693.119,200.529,0.0,100.0,0,0,100.0,REGEN,0.0
1861,62.0168,3694.969,199.141,0.0,100.0,0,0,100.0,REGEN,0.0
1862,62.0501,3696.811,198.747,0.0,100.0,0,0,100.0,REGEN,0.0
1863,62.0834,3698.65,198.747,0.0,100.0,0,0,100.0,REGEN,0.0
1864,62.1167,3700.49,198.747,0.0,100.0,0,0,100.0,REGEN,0.0
1865,62.1501,3702.33,198.747,0.0,100.0,0,0,100.0,REGEN,0.0
1866,62.1834,3704.17,198.747,100.0,100.0,0,0,100.0,REGEN,558.92
1867,62.2167,3706.011,198.986,100.0,0.0,0,0,100.0,FULL,636.45
1868,62.25,3707.858,200.089,100.0,0.0,0,0,100.0,FULL,636.45
1869,62.2834,3709.717,201.44,100.0,0.0,0,0,100.0,FULL,636.45
1870,62.3167,3711.588,202.787,100.0,0.0,0,0,100.0,FULL,636.45
1871,62.35,3713.471,204.114,100.0,0.0,0,0,100.0,FULL,636.45
1872,62.3833,3715.367,205.423,100.0,0.0,0,0,100.0,FULL,636.45
1873,62.4167,3717.274,206.713,100.0,0.0,0,0,100.0,FULL,636.45
1874,62.45,3719.193,207.985,100.0,0.0,0,0,100.0,FULL,636.45
1875,62.4833,3721.124,209.24,100.0,0.0,0,0,100.0,FULL,636.45
1876,62.5166,3723.067,210.477,100.0,0.0,0,0,100.0,FULL,636.45
1877,62.55,3725.021,211.696,100.0,0.0,0,0,100.0,FULL,636.45
1878,62.5833,3726.986,212.898,100.0,0.0,0,0,100.0,FULL,636.45
1879,62.6166,3728.962,214.084,100.0,0.0,0,0,100.0,FULL,636.45
1880,62.6499,3730.949,215.254,100.0,0.0,0,0,100.0,FULL,636.45
1881,62.6833,3732.947,216.408,100.0,0.0,0,0,100.0,FULL,636.45
1882,62.7166,3734.956,217.546,100.0,0.0,0,0,100.0,FULL,636.45
1883,62.7499,3736.975,218.669,100.0,0.0,0,0,100.0,FULL,636.45
1884,62.7832,3739.004,219.777,100.0,0.0,0,0,100.0,FULL,636.45
1885,62.8166,3741.043,220.87,100.0,0.0,0,0,100.0,FULL,636.45
1886,62.8499,3743.093,221.9,100.0,0.0,0,0,100.0,FULL,636.45
1887,62.8832,3745.151,222.807,100.0,0.0,0,0,100.0,FULL,636.45
1888,62.9165,3747.218,223.692,100.0,0.0,0,0,100.0,FULL,636.45
1889,62.9499,3749.293,224.59,100.0,0.0,0,0,100.0,FULL,636.45
1890,62.9832,3751.376,225.497,100.0,0.0,0,0,100.0,FULL,636.45
1891,63.0165,3753.467,226.411,100.0,0.0,0,0,100.0,FULL,636.45
1892,63.0498,3755.567,227.329,100.0,0.0,0,0,100.0,FULL,636.45
1893,63.0832,3757.676,228.25,100.0,0.0,0,0,100.0,FULL,636.45
1894,63.1165,3759.793,229.17,100.0,0.0,0,0,100.0,FULL,636.45
1895,63.1498,3761.918,230.088,100.0,0.0,0,0,100.0,FULL,636.45
1896,63.1831,3764.052,231.004,100.0,0.0,0,0,100.0,FULL,636.45
1897,63.2165,3766.195,231.914,100.0,0.0,0,0,100.0,FULL,636.45
1898,63.2498,3768.346,232.82,100.0,0.0,0,0,100.0,FULL,636.45
1899,63.2831,3770.505,233.718,100.0,0.0,0,0,100.0,FULL,636.45
1900,63.3164,3772.673,234.609,100.0,0.0,0,0,100.0,FULL,636.45
1901,63.3498,3774.849,235.492,100.0,0.0,0,0,100.0,FULL,636.45
1902,63.3831,3777.033,236.367,100.0,0.0,0,0,100.0,FULL,636.45
1903,63.4164,3779.225,237.233,100.0,0.0,0,0,100.0,FULL,636.45
1904,63.4497,3781.425,238.09,100.0,0.0,0,0,100.0,FULL,636.45
1905,63.4831,3783.633,238.938,100.0,0.0,0,0,100.0,FULL,636.45
1906,63.5164,3785.848,239.777,100.0,0.0,0,0,100.0,FULL,636.45
1907,63.5497,3788.072,240.605,100.0,0.0,0,0,100.0,FULL,636.45
1908,63.583,3790.302,241.425,100.0,0.0,0,0,100.0,FULL,636.45
1909,63.6163,3792.541,242.234,100.0,0.0,0,0,100.0,FULL,636.45
1910,63.6497,3794.787,243.034,100.0,0.0,0,0,100.0,FULL,636.45
1911,63.683,3797.041,243.824,100.0,0.0,0,0,100.0,FULL,636.45
1912,63.7163,3799.301,244.604,100.0,0.0,0,0,100.0,FULL,636.45
1913,63.7496,3801.569,245.375,100.0,0.0,0,0,100.0,FULL,636.45
1914,63.783,3803.844,246.137,100.0,0.0,0,0,100.0,FULL,636.45
1915,63.8163,3806.126,246.889,100.0,0.0,0,0,100.0,FULL,636.45
1916,63.8496,3808.414,247.632,100.0,0.0,0,0,100.0,FULL,636.45
1917,63.8829,3810.71,248.365,100.0,0.0,0,0,100.0,FULL,636.45
1918,63.9163,3813.013,249.089,100.0,0.0,0,0,100.0,FULL,636.45
1919,63.9496,3815.322,249.803,100.0,0.0,0,0,100.0,FULL,636.45
1920,63.9829,3817.638,250.509,100.0,0.0,0,0,100.0,FULL,636.45
1921,64.0162,3819.96,251.206,100.0,0.0,0,0,100.0,FULL,636.45
1922,64.0496,3822.288,251.894,100.0,0.0,0,0,100.0,FULL,636.45
1923,64.0829,3824.623,252.572,100.0,0.0,0,0,100.0,FULL,636.45
1924,64.1162,3826.964,253.24,100.0,0.0,0,0,100.0,FULL,636.45
1925,64.1495,3829.312,253.899,100.0,0.0,0,0,100.0,FULL,636.45
1926,64.1829,3831.665,254.549,100.0,0.0,0,0,100.0,FULL,636.45
1927,64.2162,3834.024,255.189,100.0,0.0,0,0,100.0,FULL,636.45
1928,64.2495,3836.389,255.819,100.0,0.0,0,0,100.0,FULL,636.45
1929,64.2828,3838.76,256.438,100.0,0.0,0,0,100.0,FULL,636.45
1930,64.3162,3841.137,257.045,100.0,0.0,0,0,100.0,FULL,636.45
1931,64.3495,3843.519,257.641,100.0,0.0,0,0,100.0,FULL,636.45
1932,64.3828,3845.906,258.225,100.0,0.0,0,0,100.0,FULL,636.45
1933,64.4161,3848.299,258.796,100.0,0.0,0,0,100.0,FULL,636.45
1934,64.4495,3850.698,259.351,100.0,0.0,0,0,100.0,FULL,636.45
1935,64.4828,3853.101,259.89,100.0,0.0,0,0,100.0,FULL,636.45
1936,64.5161,3855.509,260.412,100.0,0.0,0,0,100.0,FULL,636.45
1937,64.5494,3857.922,260.916,100.0,0.0,0,0,100.0,FULL,636.45
1938,64.5828,3860.339,261.399,100.0,0.0,0,0,100.0,FULL,636.45
1939,64.6161,3862.761,261.858,100.0,0.0,0,0,100.0,FULL,636.45
1940,64.6494,3865.187,262.291,100.0,0.0,0,0,100.0,FULL,636.45
1941,64.6827,3867.617,262.697,100.0,0.0,0,0,100.0,FULL,636.45
1942,64.7161,3870.051,263.073,100.0,0.0,0,0,100.0,FULL,636.45
1943,64.7494,3872.487,263.415,100.0,0.0,0,0,100.0,FULL,636.45
1944,64.7827,3874.927,263.716,100.0,0.0,0,0,100.0,FULL,636.45
1945,64.816,3877.37,263.977,100.0,0.0,0,0,100.0,FULL,636.45
1946,64.8494,3879.814,264.194,100.0,0.0,0,0,100.0,FULL,636.45
1947,64.8827,3882.26,264.364,100.0,0.0,0,0,100.0,FULL,636.45
1948,64.916,3884.708,264.478,100.0,0.0,0,0,100.0,FULL,636.45
1949,64.9493,3887.157,264.533,100.0,0.0,0,0,100.0,FULL,636.45
1950,64.9827,3889.605,264.528,100.0,0.0,0,0,100.0,FULL,636.45
1951,65.016,3892.054,264.459,100.0,0.0,0,0,100.0,FULL,636.45
1952,65.0493,3894.501,264.321,100.0,0.0,0,0,100.0,FULL,636.45
1953,65.0826,3896.947,264.104,100.0,0.0,0,0,100.0,FULL,636.45
1954,65.1159,3899.39,263.81,100.0,0.0,0,0,100.0,FULL,636.45
1955,65.1493,3901.831,263.439,100.0,0.0,0,0,100.0,FULL,636.45
1956,65.1826,3904.267,262.987,100.0,0.0,0,0,100.0,FULL,636.45
1957,65.2159,3906.699,262.444,100.0,0.0,0,0,100.0,FULL,636.45
1958,65.2492,3909.126,261.811,100.0,0.0,0,0,100.0,FULL,636.45
1959,65.2826,3911.546,261.092,100.0,0.0,0,0,100.0,FULL,636.45
1960,65.3159,3913.959,260.286,100.0,0.0,0,0,100.0,FULL,636.45
1961,65.3492,3916.365,259.393,100.0,0.0,0,0,100.0,FULL,636.45
1962,65.3825,3918.761,258.402,100.0,0.0,0,0,100.0,FULL,636.45
1963,65.4159,3921.148,257.325,100.0,0.0,0,0,100.0,FULL,636.45
1964,65.4492,3923.524,256.166,100.0,0.0,0,0,100.0,FULL,636.45
1965,65.4825,3925.89,254.925,100.0,0.0,0,0,100.0,FULL,636.45
1966,65.5158,3928.244,253.608,100.0,0.0,0,0,100.0,FULL,636.45
1967,65.5492,3930.585,252.21,0.0,100.0,0,0,100.0,REGEN,0.0
1968,65.5825,3932.913,250.719,0.0,100.0,0,0,100.0,REGEN,0.0
1969,65.6158,3935.226,249.131,0.0,100.0,0,0,100.0,REGEN,0.0
1970,65.6491,3937.524,247.447,0.0,100.0,0,0,100.0,REGEN,0.0
1971,65.6825,3939.807,245.672,0.0,100.0,0,0,100.0,REGEN,0.0
1972,65.7158,3942.073,243.809,0.0,100.0,0,0,100.0,REGEN,0.0
1973,65.7491,3944.321,241.863,0.0,100.0,0,0,100.0,REGEN,0.0
1974,65.7824,3946.55,239.832,0.0,100.0,0,0,100.0,REGEN,0.0
1975,65.8158,3948.76,237.725,0.0,100.0,0,0,100.0,REGEN,0.0
1976,65.8491,3950.95,235.405,0.0,100.0,0,0,100.0,REGEN,0.0
1977,65.8824,3953.114,232.264,0.0,100.0,0,0,100.0,REGEN,0.0
1978,65.9157,3955.246,228.527,0.0,100.0,0,0,100.0,REGEN,0.0
1979,65.9491,3957.346,225.161,0.0,100.0,0,0,100.0,REGEN,0.0
1980,65.9824,3959.417,222.273,0.0,100.0,0,0,100.0,REGEN,0.0
1981,66.0157,3961.463,219.815,0.0,100.0,0,0,100.0,REGEN,0.0
1982,66.049,3963.487,217.495,0.0,100.0,0,0,100.0,REGEN,0.0
1983,66.0824,3965.489,215.048,0.0,100.0,0,0,100.0,REGEN,0.0
1984,66.1157,3967.467,212.452,0.0,100.0,0,0,100.0,REGEN,0.0
1985,66.149,3969.422,209.855,0.0,100.0,0,0,100.0,REGEN,0.0
1986,66.1823,3971.353,207.474,0.0,100.0,0,0,100.0,REGEN,0.0
1987,66.2157,3973.265,205.487,0.0,100.0,0,0,100.0,REGEN,0.0
1988,66.249,3975.16,203.929,0.0,100.0,0,0,100.0,REGEN,0.0
1989,66.2823,3977.041,202.56,0.0,100.0,0,0,100.0,REGEN,0.0
1990,66.3156,3978.909,201.02,0.0,100.0,0,0,100.0,REGEN,0.0
1991,66.349,3980.762,199.16,0.0,100.0,0,0,100.0,REGEN,0.0
1992,66.3823,3982.596,196.888,0.0,100.0,0,0,100.0,REGEN,0.0
1993,66.4156,3984.408,194.507,0.0,100.0,0,0,100.0,REGEN,0.0
1994,66.4489,3986.196,192.104,0.0,100.0,0,0,100.0,REGEN,0.0
1995,66.4823,3987.962,189.705,0.0,100.0,0,0,100.0,REGEN,0.0
1996,66.5156,3989.707,187.306,0.0,100.0,0,0,100.0,REGEN,0.0
1997,66.5489,3991.429,184.893,0.0,100.0,0,0,100.0,REGEN,0.0
1998,66.5822,3993.129,182.46,0.0,100.0,0,0,100.0,REGEN,0.0
1999,66.6155,3994.808,180.017,0.0,100.0,0,0,100.0,REGEN,0.0
2000,66.6489,3996.465,177.595,0.0,100.0,0,0,100.0,REGEN,0.0
2001,66.6822,3998.097,175.319,0.0,100.0,0,0,100.0,REGEN,0.0
2002,66.7155,3999.709,173.261,0.0,100.0,0,0,100.0,REGEN,0.0
2003,66.7488,4001.303,171.288,0.0,100.0,0,0,100.0,REGEN,0.0
2004,66.7822,4002.88,169.277,0.0,100.0,0,0,100.0,REGEN,0.0
2005,66.8155,4004.44,167.118,0.0,100.0,0,0,100.0,REGEN,0.0
2006,66.8488,4005.973,164.748,0.0,100.0,0,0,100.0,REGEN,0.0
2007,66.8821,4007.485,162.341,0.0,100.0,0,0,100.0,REGEN,0.0
2008,66.9155,4008.978,160.028,0.0,100.0,0,0,100.0,REGEN,0.0
2009,66.9488,4010.453,157.904,0.0,100.0,0,0,100.0,REGEN,0.0
2010,66.9821,4011.906,156.42,0.0,100.0,0,0,100.0,REGEN,0.0
2011,67.0154,4013.351,155.717,0.0,100.0,0,0,100.0,REGEN,0.0
2012,67.0488,4014.791,155.41,0.0,100.0,0,0,100.0,REGEN,0.0
2013,67.0821,4016.229,155.105,0.0,100.0,0,0,100.0,REGEN,0.0
2014,67.1154,4017.663,154.801,0.0,100.0,0,0,100.0,REGEN,0.0
2015,67.1487,4019.094,154.477,0.0,100.0,0,0,100.0,REGEN,0.0
2016,67.1821,4020.522,154.036,0.0,100.0,0,0,100.0,REGEN,0.0
2017,67.2154,4021.94,152.628,0.0,100.0,0,0,100.0,REGEN,0.0
2018,67.2487,4023.343,150.815,0.0,100.0,0,0,100.0,REGEN,0.0
2019,67.282,4024.731,148.734,0.0,100.0,0,0,100.0,REGEN,0.0
2020,67.3154,4026.097,146.417,0.0,100.0,0,0,100.0,REGEN,0.0
2021,67.3487,4027.438,144.009,0.0,100.0,0,0,100.0,REGEN,0.0
2022,67.382,4028.763,141.639,0.0,100.0,0,0,100.0,REGEN,0.0
2023,67.4153,4030.064,139.434,0.0,100.0,0,0,100.0,REGEN,0.0
2024,67.4487,4031.346,137.789,100.0,100.0,0,0,100.0,REGEN,301.18
2025,67.482,4032.619,136.551,100.0,0.0,0,0,100.0,FULL,636.45
2026,67.5153,4033.881,136.315,100.0,0.0,0,0,100.0,FULL,636.45
2027,67.5486,4035.142,136.08,100.0,0.0,0,0,100.0,FULL,636.45
2028,67.582,4036.401,135.844,100.0,0.0,0,0,100.0,FULL,636.45
2029,67.6153,4037.657,135.61,100.0,0.0,0,0,100.0,FULL,636.45
2030,67.6486,4038.911,135.376,100.0,0.0,0,0,100.0,FULL,636.45
2031,67.6819,4040.163,135.143,100.0,0.0,0,0,100.0,FULL,636.45
2032,67.7153,4041.413,134.911,100.0,0.0,0,0,100.0,FULL,636.45
2033,67.7486,4042.661,134.627,100.0,0.0,0,0,100.0,FULL,636.45
2034,67.7819,4043.904,134.148,100.0,0.0,0,0,100.0,FULL,636.45
2035,67.8152,4045.144,133.671,100.0,0.0,0,0,100.0,FULL,636.45
2036,67.8486,4046.38,133.194,100.0,0.0,0,0,100.0,FULL,636.45
2037,67.8819,4047.609,132.72,100.0,0.0,0,0,100.0,FULL,251.58
2038,67.9152,4048.836,132.248,0.0,100.0,0,0,100.0,REGEN,0.0
2039,67.9485,4050.058,131.777,0.0,100.0,0,0,100.0,REGEN,0.0
2040,67.9818,4051.275,131.308,0.0,100.0,0,0,100.0,REGEN,0.0
2041,68.0152,4052.49,130.84,0.0,100.0,0,0,100.0,REGEN,0.0
2042,68.0485,4053.698,130.375,0.0,100.0,0,0,100.0,REGEN,0.0
2043,68.0818,4054.902,129.783,0.0,100.0,0,0,100.0,REGEN,0.0
2044,68.1151,4056.1,129.018,0.0,100.0,0,0,100.0,REGEN,0.0
2045,68.1485,4057.287,127.891,0.0,100.0,0,0,100.0,REGEN,0.0
2046,68.1818,4058.469,126.681,100.0,100.0,0,0,100.0,REGEN,21.92
2047,68.2151,4059.637,126.06,100.0,100.0,0,0,100.0,REGEN,393.52
2048,68.2484,4060.803,125.586,100.0,0.0,0,0,100.0,FULL,636.45
2049,68.2818,4061.964,125.386,100.0,0.0,0,0,100.0,FULL,636.45
2050,68.3151,4063.124,125.187,100.0,0.0,0,0,100.0,FULL,636.45
2051,68.3484,4064.282,124.988,100.0,0.0,0,0,100.0,FULL,636.45
2052,68.3817,4065.438,124.789,100.0,0.0,0,0,100.0,FULL,636.45
2053,68.4151,4066.592,124.591,100.0,0.0,0,0,100.0,FULL,636.45
2054,68.4484,4067.745,124.394,100.0,0.0,0,0,100.0,FULL,636.45
2055,68.4817,4068.895,124.197,100.0,0.0,0,0,100.0,FULL,636.45
2056,68.515,4070.044,124.001,100.0,0.0,0,0,100.0,FULL,636.45
2057,68.5484,4071.194,124.232,100.0,0.0,0,0,100.0,FULL,636.45
2058,68.5817,4072.345,124.656,100.0,0.0,0,0,100.0,FULL,636.45
2059,68.615,4073.504,125.324,100.0,0.0,0,0,100.0,FULL,636.45
2060,68.6483,4074.666,126.038,100.0,0.0,0,0,100.0,FULL,636.45
2061,68.6817,4075.838,126.863,100.0,0.0,0,0,100.0,FULL,636.45
2062,68.715,4077.016,127.735,100.0,0.0,0,0,100.0,FULL,636.45
2063,68.7483,4078.201,128.65,100.0,0.0,0,0,100.0,FULL,636.45
2064,68.7816,4079.399,129.629,100.0,0.0,0,0,100.0,FULL,636.45
2065,68.815,4080.602,130.636,100.0,0.0,0,0,100.0,FULL,636.45
2066,68.8483,4081.817,131.714,100.0,0.0,0,0,100.0,FULL,636.45
2067,68.8816,4083.042,132.842,100.0,0.0,0,0,100.0,FULL,636.45
2068,68.9149,4084.275,134.015,100.0,0.0,0,0,100.0,FULL,636.45
2069,68.9483,4085.524,135.272,100.0,0.0,0,0,100.0,FULL,636.45
2070,68.9816,4086.781,136.538,100.0,0.0,0,0,100.0,FULL,636.45
2071,69.0149,4088.05,137.803,100.0,0.0,0,0,100.0,FULL,636.45
2072,69.0482,4089.333,139.049,100.0,0.0,0,0,100.0,FULL,636.45
2073,69.0816,4090.624,140.331,100.0,0.0,0,0,100.0,FULL,636.45
2074,69.1149,4091.931,141.831,100.0,0.0,0,0,100.0,FULL,636.45
2075,69.1482,4093.252,143.355,100.0,0.0,0,0,100.0,FULL,636.45
2076,69.1815,4094.584,144.898,100.0,0.0,0,0,100.0,FULL,636.45
2077,69.2149,4095.934,146.474,100.0,0.0,0,0,100.0,FULL,636.45
2078,69.2482,4097.298,148.073,100.0,0.0,0,0,100.0,FULL,636.45
2079,69.2815,4098.674,149.691,100.0,0.0,0,0,100.0,FULL,636.45
2080,69.3148,4100.068,151.339,100.0,0.0,0,0,100.0,FULL,636.45
2081,69.3482,4101.478,153.013,100.0,0.0,0,0,100.0,FULL,636.45
2082,69.3815,4102.901,154.707,100.0,0.0,0,0,100.0,FULL,636.45
2083,69.4148,4104.339,156.423,100.0,0.0,0,0,100.0,FULL,636.45
2084,69.4481,4105.798,158.227,100.0,0.0,0,0,100.0,DRS,636.45
2085,69.4814,4107.272,160.056,100.0,0.0,0,0,100.0,DRS,636.45
2086,69.5148,4108.76,161.907,100.0,0.0,0,0,100.0,DRS,636.45
2087,69.5481,4110.267,163.785,100.0,0.0,0,0,100.0,DRS,636.45
2088,69.5814,4111.794,165.694,100.0,0.0,0,0,100.0,DRS,636.45
2089,69.6147,4113.337,167.631,100.0,0.0,0,0,100.0,DRS,636.45
2090,69.6481,4114.896,169.52,100.0,0.0,0,0,100.0,DRS,636.45
2091,69.6814,4116.472,171.258,100.0,0.0,0,0,100.0,DRS,636.45
2092,69.7147,4118.066,172.887,100.0,0.0,0,0,100.0,DRS,636.45
2093,69.748,4119.675,174.515,100.0,0.0,0,0,100.0,DRS,636.45
2094,69.7814,4121.298,176.141,100.0,0.0,0,0,100.0,DRS,636.45
2095,69.8147,4122.935,177.763,100.0,0.0,0,0,100.0,DRS,636.45
2096,69.848,4124.587,179.381,100.0,0.0,0,0,100.0,DRS,636.45
2097,69.8813,4126.255,180.992,100.0,0.0,0,0,100.0,DRS,636.45
2098,69.9147,4127.939,182.594,100.0,0.0,0,0,100.0,DRS,636.45
2099,69.948,4129.637,184.188,100.0,0.0,0,0,100.0,DRS,636.45
2100,69.9813,4131.349,185.773,100.0,0.0,0,0,100.0,DRS,636.45
2101,70.0146,4133.076,187.347,100.0,0.0,0,0,100.0,DRS,636.45
2102,70.048,4134.817,188.909,100.0,0.0,0,0,100.0,DRS,636.45
2103,70.0813,4136.572,190.46,100.0,0.0,0,0,100.0,DRS,636.45
2104,70.1146,4138.341,191.997,100.0,0.0,0,0,100.0,DRS,636.45
2105,70.1479,4140.127,193.52,100.0,0.0,0,0,100.0,DRS,636.45
2106,70.1813,4141.925,195.028,100.0,0.0,0,0,100.0,DRS,636.45
2107,70.2146,4143.738,196.521,100.0,0.0,0,0,100.0,DRS,636.45
2108,70.2479,4145.564,198.0,100.0,0.0,0,0,100.0,DRS,636.45
2109,70.2812,4147.404,199.463,100.0,0.0,0,0,100.0,DRS,636.45
2110,70.3146,4149.257,200.911,100.0,0.0,0,0,100.0,DRS,636.45
2111,70.3479,4151.123,202.343,100.0,0.0,0,0,100.0,DRS,636.45
2112,70.3812,4153.002,203.758,100.0,0.0,0,0,100.0,DRS,636.45
2113,70.4145,4154.895,205.158,100.0,0.0,0,0,100.0,DRS,636.45
2114,70.4479,4156.8,206.541,100.0,0.0,0,0,100.0,DRS,636.45
2115,70.4812,4158.718,207.908,100.0,0.0,0,0,100.0,DRS,636.45
2116,70.5145,4160.649,209.259,100.0,0.0,0,0,100.0,DRS,636.45
2117,70.5478,4162.592,210.593,100.0,0.0,0,0,100.0,DRS,636.45
2118,70.5812,4164.547,211.911,100.0,0.0,0,0,100.0,DRS,636.45
2119,70.6145,4166.515,213.213,100.0,0.0,0,0,100.0,DRS,636.45
2120,70.6478,4168.494,214.499,100.0,0.0,0,0,100.0,DRS,636.45
2121,70.6811,4170.486,215.77,100.0,0.0,0,0,100.0,DRS,636.45
2122,70.7145,4172.489,217.025,100.0,0.0,0,0,100.0,DRS,636.45
2123,70.7478,4174.504,218.264,100.0,0.0,0,0,100.0,DRS,636.45
2124,70.7811,4176.53,219.488,100.0,0.0,0,0,100.0,DRS,636.45
2125,70.8144,4178.567,220.698,100.0,0.0,0,0,100.0,DRS,636.45
2126,70.8478,4180.616,221.892,100.0,0.0,0,0,100.0,DRS,636.45
2127,70.8811,4182.675,223.072,100.0,0.0,0,0,100.0,DRS,636.45
2128,70.9144,4184.746,224.238,100.0,0.0,0,0,100.0,DRS,636.45
2129,70.9477,4186.827,225.389,100.0,0.0,0,0,100.0,DRS,636.45
2130,70.981,4188.919,226.527,100.0,0.0,0,0,100.0,DRS,636.45
2131,71.0144,4191.021,227.651,100.0,0.0,0,0,100.0,DRS,636.45
2132,71.0477,4193.134,228.761,100.0,0.0,0,0,100.0,DRS,636.45
2133,71.081,4195.256,229.859,100.0,0.0,0,0,100.0,DRS,636.45
2134,71.1143,4197.389,230.943,100.0,0.0,0,0,100.0,DRS,636.45
2135,71.1477,4199.532,232.014,100.0,0.0,0,0,100.0,DRS,636.45
2136,71.181,4201.684,233.073,100.0,0.0,0,0,100.0,DRS,636.45
2137,71.2143,4203.847,234.119,100.0,0.0,0,0,100.0,DRS,636.45
2138,71.2476,4206.018,235.153,100.0,0.0,0,0,100.0,DRS,636.45
2139,71.281,4208.2,236.176,100.0,0.0,0,0,100.0,DRS,636.45
2140,71.3143,4210.39,237.186,100.0,0.0,0,0,100.0,DRS,636.45
2141,71.3476,4212.591,238.184,100.0,0.0,0,0,100.0,DRS,636.45
2142,71.3809,4214.8,239.17,100.0,0.0,0,0,100.0,DRS,636.45
2143,71.4143,4217.019,240.145,100.0,0.0,0,0,100.0,DRS,636.45
2144,71.4476,4219.247,241.109,100.0,0.0,0,0,100.0,DRS,636.45
2145,71.4809,4221.483,242.062,100.0,0.0,0,0,100.0,DRS,636.45
2146,71.5142,4223.728,243.004,100.0,0.0,0,0,100.0,DRS,636.45
2147,71.5476,4225.981,243.935,100.0,0.0,0,0,100.0,DRS,636.45
2148,71.5809,4228.243,244.856,100.0,0.0,0,0,100.0,DRS,636.45
2149,71.6142,4230.514,245.766,100.0,0.0,0,0,100.0,DRS,636.45
2150,71.6475,4232.794,246.666,100.0,0.0,0,0,100.0,DRS,636.45
2151,71.6809,4235.081,247.555,100.0,0.0,0,0,100.0,DRS,636.45
2152,71.7142,4237.377,248.435,100.0,0.0,0,0,100.0,DRS,636.45
2153,71.7475,4239.681,249.305,100.0,0.0,0,0,100.0,DRS,636.45
2154,71.7808,4241.992,250.165,100.0,0.0,0,0,100.0,DRS,636.45
2155,71.8142,4244.312,251.016,100.0,0.0,0,0,100.0,DRS,636.45
2156,71.8475,4246.639,251.857,100.0,0.0,0,0,100.0,DRS,636.45
2157,71.8808,4248.975,252.688,100.0,0.0,0,0,100.0,DRS,636.45
2158,71.9141,4251.318,253.51,100.0,0.0,0,0,100.0,DRS,636.45
2159,71.9475,4253.668,254.323,100.0,0.0,0,0,100.0,DRS,636.45
2160,71.9808,4256.026,255.128,100.0,0.0,0,0,100.0,DRS,636.45
2161,72.0141,4258.391,255.924,100.0,0.0,0,0,100.0,DRS,636.45
2162,72.0474,4260.764,256.71,100.0,0.0,0,0,100.0,DRS,636.45
2163,72.0808,4263.144,257.488,100.0,0.0,0,0,100.0,DRS,636.45
2164,72.1141,4265.531,258.257,100.0,0.0,0,0,100.0,DRS,636.45
2165,72.1474,4267.925,259.018,100.0,0.0,0,0,100.0,DRS,636.45
2166,72.1807,4270.326,259.771,100.0,0.0,0,0,100.0,DRS,636.45
2167,72.2141,4272.734,260.515,100.0,0.0,0,0,100.0,DRS,636.45
2168,72.2474,4275.149,261.251,100.0,0.0,0,0,100.0,DRS,636.45
2169,72.2807,4277.571,261.979,100.0,0.0,0,0,100.0,DRS,636.45
2170,72.314,4279.999,262.7,100.0,0.0,0,0,100.0,DRS,636.45
2171,72.3474,4282.434,263.413,100.0,0.0,0,0,100.0,DRS,636.45
2172,72.3807,4284.876,264.117,100.0,0.0,0,0,100.0,DRS,636.45
2173,72.414,4287.324,264.814,100.0,0.0,0,0,100.0,DRS,636.45
2174,72.4473,4289.779,265.504,100.0,0.0,0,0,100.0,DRS,636.45
2175,72.4806,4292.239,266.186,100.0,0.0,0,0,100.0,DRS,636.45
2176,72.514,4294.707,266.861,100.0,0.0,0,0,100.0,DRS,636.45
2177,72.5473,4297.18,267.528,100.0,0.0,0,0,100.0,DRS,636.45
2178,72.5806,4299.66,268.189,100.0,0.0,0,0,100.0,DRS,636.45
2179,72.6139,4302.145,268.842,100.0,0.0,0,0,100.0,DRS,636.45
2180,72.6473,4304.637,269.489,100.0,0.0,0,0,100.0,DRS,636.45
2181,72.6806,4307.134,270.128,100.0,0.0,0,0,100.0,DRS,636.45
2182,72.7139,4309.638,270.76,100.0,0.0,0,0,100.0,DRS,636.45
2183,72.7472,4312.147,271.386,100.0,0.0,0,0,100.0,DRS,636.45
2184,72.7806,4314.662,272.005,100.0,0.0,0,0,100.0,DRS,636.45
2185,72.8139,4317.183,272.617,100.0,0.0,0,0,100.0,DRS,636.45
2186,72.8472,4319.709,273.223,100.0,0.0,0,0,100.0,DRS,636.45
2187,72.8805,4322.241,273.823,100.0,0.0,0,0,100.0,DRS,636.45
2188,72.9139,4324.779,274.416,100.0,0.0,0,0,100.0,DRS,636.45
2189,72.9472,4327.322,275.002,100.0,0.0,0,0,100.0,DRS,636.45
2190,72.9805,4329.87,275.583,100.0,0.0,0,0,100.0,DRS,636.45
2191,73.0138,4332.423,276.157,100.0,0.0,0,0,100.0,DRS,636.45
2192,73.0472,4334.982,276.725,100.0,0.0,0,0,100.0,DRS,636.45
2193,73.0805,4337.547,277.287,100.0,0.0,0,0,100.0,DRS,636.45
2194,73.1138,4340.116,277.844,100.0,0.0,0,0,100.0,DRS,636.45
2195,73.1471,4342.69,278.394,100.0,0.0,0,0,100.0,DRS,636.45
2196,73.1805,4345.27,278.939,100.0,0.0,0,0,100.0,DRS,636.45
2197,73.2138,4347.855,279.477,100.0,0.0,0,0,100.0,DRS,636.45
2198,73.2471,4350.444,280.011,100.0,0.0,0,0,100.0,DRS,636.45
2199,73.2804,4353.039,280.538,100.0,0.0,0,0,100.0,DRS,636.45
2200,73.3138,4355.638,281.06,100.0,0.0,0,0,100.0,DRS,636.45
2201,73.3471,4358.242,281.577,100.0,0.0,0,0,100.0,DRS,636.45
2202,73.3804,4360.851,282.087,100.0,0.0,0,0,100.0,DRS,636.45
2203,73.4137,4363.465,282.593,100.0,0.0,0,0,100.0,DRS,636.45
2204,73.4471,4366.083,283.093,100.0,0.0,0,0,100.0,DRS,636.45
2205,73.4804,4368.705,283.588,100.0,0.0,0,0,100.0,DRS,636.45
2206,73.5137,4371.333,284.078,100.0,0.0,0,0,100.0,DRS,636.45
2207,73.547,4373.965,284.563,100.0,0.0,0,0,100.0,DRS,636.45
2208,73.5804,4376.601,285.043,100.0,0.0,0,0,100.0,DRS,636.45
2209,73.6137,4379.242,285.517,100.0,0.0,0,0,100.0,DRS,636.45
2210,73.647,4381.887,285.986,100.0,0.0,0,0,100.0,DRS,636.45
2211,73.6803,4384.536,286.451,100.0,0.0,0,0,100.0,DRS,636.45
2212,73.7137,4387.19,286.911,100.0,0.0,0,0,100.0,DRS,636.45
2213,73.747,4389.848,287.366,100.0,0.0,0,0,100.0,DRS,636.45
2214,73.7803,4392.51,287.816,100.0,0.0,0,0,100.0,DRS,636.45
2215,73.8136,4395.177,288.262,100.0,0.0,0,0,100.0,DRS,636.45
2216,73.847,4397.847,288.703,100.0,0.0,0,0,100.0,DRS,636.45
2217,73.8803,4400.521,289.139,100.0,0.0,0,0,100.0,DRS,636.45
2218,73.9136,4403.2,289.571,100.0,0.0,0,0,100.0,DRS,636.45
2219,73.9469,4405.883,289.998,100.0,0.0,0,0,100.0,DRS,636.45
2220,73.9802,4408.569,290.421,100.0,0.0,0,0,100.0,DRS,636.45
2221,74.0136,4411.259,290.839,100.0,0.0,0,0,100.0,DRS,636.45
2222,74.0469,4413.953,291.253,100.0,0.0,0,0,100.0,DRS,636.45
2223,74.0802,4416.651,291.663,100.0,0.0,0,0,100.0,DRS,636.45
2224,74.1135,4419.353,292.068,100.0,0.0,0,0,100.0,DRS,636.45
2225,74.1469,4422.059,292.469,100.0,0.0,0,0,100.0,DRS,636.45
2226,74.1802,4424.768,292.866,100.0,0.0,0,0,100.0,DRS,636.45
2227,74.2135,4427.481,293.259,100.0,0.0,0,0,100.0,DRS,636.45
2228,74.2468,4430.197,293.648,100.0,0.0,0,0,100.0,DRS,636.45
2229,74.2802,4432.917,294.033,100.0,0.0,0,0,100.0,DRS,636.45
2230,74.3135,4435.641,294.413,100.0,0.0,0,0,100.0,DRS,636.45
2231,74.3468,4438.368,294.79,100.0,0.0,0,0,100.0,DRS,636.45
2232,74.3801,4441.098,295.163,100.0,0.0,0,0,100.0,DRS,636.45
2233,74.4135,4443.832,295.532,100.0,0.0,0,0,100.0,DRS,636.45
2234,74.4468,4446.569,295.897,100.0,0.0,0,0,100.0,DRS,636.45
2235,74.4801,4449.31,296.259,100.0,0.0,0,0,100.0,DRS,636.45
2236,74.5134,4452.054,296.616,100.0,0.0,0,0,100.0,DRS,636.45
2237,74.5468,4454.802,296.97,100.0,0.0,0,0,100.0,DRS,636.45
2238,74.5801,4457.552,297.32,100.0,0.0,0,0,100.0,DRS,636.45
2239,74.6134,4460.306,297.667,100.0,0.0,0,0,100.0,DRS,636.45
2240,74.6467,4463.063,298.01,100.0,0.0,0,0,100.0,DRS,636.45
2241,74.6801,4465.823,298.35,100.0,0.0,0,0,100.0,DRS,636.45
2242,74.7134,4468.587,298.686,100.0,0.0,0,0,100.0,DRS,636.45
2243,74.7467,4471.353,299.018,100.0,0.0,0,0,100.0,DRS,636.45
2244,74.78,4474.123,299.347,100.0,0.0,0,0,100.0,DRS,636.45
2245,74.8134,4476.895,299.673,100.0,0.0,0,0,100.0,DRS,636.45
2246,74.8467,4479.671,299.995,100.0,0.0,0,0,100.0,DRS,636.45
2247,74.88,4482.449,300.314,100.0,0.0,0,0,100.0,DRS,636.45
2248,74.9133,4485.23,300.63,100.0,0.0,0,0,100.0,DRS,636.45
2249,74.9467,4488.015,300.942,100.0,0.0,0,0,100.0,DRS,636.45
2250,74.98,4490.802,301.251,100.0,0.0,0,0,100.0,DRS,636.45
2251,75.0133,4493.592,301.557,100.0,0.0,0,0,100.0,DRS,636.45
2252,75.0466,4496.385,301.86,100.0,0.0,0,0,100.0,DRS,636.45
2253,75.08,4499.18,302.16,100.0,0.0,0,0,100.0,DRS,636.45
2254,75.1133,4501.979,302.456,100.0,0.0,0,0,100.0,DRS,636.45
2255,75.1466,4504.78,302.75,100.0,0.0,0,0,100.0,DRS,636.45
2256,75.1799,4507.584,303.04,100.0,0.0,0,0,100.0,DRS,636.45
2257,75.2133,4510.39,303.328,100.0,0.0,0,0,100.0,DRS,636.45
2258,75.2466,4513.2,303.612,100.0,0.0,0,0,100.0,DRS,636.45
2259,75.2799,4516.011,303.894,100.0,0.0,0,0,100.0,DRS,636.45
2260,75.3132,4518.826,304.173,100.0,0.0,0,0,100.0,DRS,636.45
2261,75.3466,4521.643,304.448,100.0,0.0,0,0,100.0,DRS,636.45
2262,75.3799,4524.462,304.721,100.0,0.0,0,0,100.0,DRS,636.45
2263,75.4132,4527.284,304.991,100.0,0.0,0,0,100.0,DRS,636.45
2264,75.4465,4530.108,305.259,100.0,0.0,0,0,100.0,DRS,636.45
2265,75.4798,4532.935,305.523,100.0,0.0,0,0,100.0,DRS,636.45
2266,75.5132,4535.765,305.785,100.0,0.0,0,0,100.0,DRS,636.45
2267,75.5465,4538.597,306.044,100.0,0.0,0,0,100.0,DRS,636.45
2268,75.5798,4541.431,306.301,100.0,0.0,0,0,100.0,DRS,636.45
2269,75.6131,4544.267,306.555,100.0,0.0,0,0,100.0,DRS,636.45
2270,75.6465,4547.106,306.806,100.0,0.0,0,0,100.0,DRS,636.45
2271,75.6798,4549.947,307.055,100.0,0.0,0,0,100.0,DRS,636.45
2272,75.7131,4552.791,307.301,100.0,0.0,0,0,100.0,DRS,636.45
2273,75.7464,4555.637,307.544,100.0,0.0,0,0,100.0,DRS,636.45
2274,75.7798,4558.485,307.785,100.0,0.0,0,0,100.0,DRS,636.45
2275,75.8131,4561.335,308.024,100.0,0.0,0,0,100.0,DRS,636.45
2276,75.8464,4564.187,308.26,100.0,0.0,0,0,100.0,DRS,636.45
2277,75.8797,4567.042,308.494,100.0,0.0,0,0,100.0,DRS,636.45
2278,75.9131,4569.899,308.725,100.0,0.0,0,0,100.0,DRS,636.45
2279,75.9464,4572.757,308.954,100.0,0.0,0,0,100.0,DRS,636.45
2280,75.9797,4575.618,309.18,100.0,0.0,0,0,100.0,DRS,636.45
2281,76.013,4578.481,309.405,100.0,0.0,0,0,100.0,DRS,636.45
2282,76.0464,4581.347,309.626,100.0,0.0,0,0,100.0,DRS,636.45
2283,76.0797,4584.214,309.846,100.0,0.0,0,0,100.0,DRS,636.45
2284,76.113,4587.083,310.063,100.0,0.0,0,0,100.0,DRS,636.45
2285,76.1463,4589.954,310.279,100.0,0.0,0,0,100.0,DRS,636.45
2286,76.1797,4592.827,310.491,100.0,0.0,0,0,100.0,DRS,636.45
2287,76.213,4595.702,310.702,100.0,0.0,0,0,100.0,DRS,636.45
2288,76.2463,4598.579,310.911,100.0,0.0,0,0,100.0,DRS,636.45
2289,76.2796,4601.458,311.117,100.0,0.0,0,0,100.0,DRS,636.45
2290,76.313,4604.339,311.321,100.0,0.0,0,0,100.0,DRS,636.45
2291,76.3463,4607.222,311.524,100.0,0.0,0,0,100.0,DRS,636.45
2292,76.3796,4610.107,311.724,100.0,0.0,0,0,100.0,DRS,636.45
2293,76.4129,4612.993,311.922,100.0,0.0,0,0,100.0,DRS,636.45
2294,76.4463,4615.882,312.118,100.0,0.0,0,0,100.0,DRS,636.45
2295,76.4796,4618.772,312.312,100.0,0.0,0,0,100.0,DRS,636.45
2296,76.5129,4621.664,312.504,100.0,0.0,0,0,100.0,DRS,636.45
2297,76.5462,4624.557,312.694,100.0,0.0,0,0,100.0,DRS,636.45
2298,76.5796,4627.453,312.882,100.0,0.0,0,0,100.0,DRS,636.45
2299,76.6129,4630.35,313.068,100.0,0.0,0,0,100.0,DRS,636.45
2300,76.6462,4633.249,313.252,100.0,0.0,0,0,100.0,DRS,636.45
2301,76.6795,4636.149,313.435,100.0,0.0,0,0,100.0,DRS,636.45
2302,76.7129,4639.051,313.615,100.0,0.0,0,0,100.0,DRS,636.45
2303,76.7462,4641.955,313.794,100.0,0.0,0,0,100.0,DRS,636.45
2304,76.7795,4644.861,313.97,100.0,0.0,0,0,100.0,DRS,636.45
2305,76.8128,4647.768,314.145,100.0,0.0,0,0,100.0,DRS,636.45
2306,76.8461,4650.677,314.318,100.0,0.0,0,0,100.0,DRS,636.45
2307,76.8795,4653.587,314.49,100.0,0.0,0,0,100.0,DRS,636.45
2308,76.9128,4656.499,314.66,100.0,0.0,0,0,100.0,DRS,636.45
2309,76.9461,4659.413,314.827,100.0,0.0,0,0,100.0,DRS,636.45
2310,76.9794,4662.328,314.993,100.0,0.0,0,0,100.0,DRS,636.45
2311,77.0128,4665.244,315.158,100.0,0.0,0,0,100.0,DRS,636.45
2312,77.0461,4668.162,315.321,100.0,0.0,0,0,100.0,DRS,636.45
2313,77.0794,4671.082,315.482,100.0,0.0,0,0,100.0,DRS,636.45
2314,77.1127,4674.003,315.641,100.0,0.0,0,0,100.0,DRS,636.45
2315,77.1461,4676.926,315.799,100.0,0.0,0,0,100.0,DRS,636.45
2316,77.1794,4679.85,315.955,100.0,0.0,0,0,100.0,DRS,636.45
2317,77.2127,4682.775,316.109,100.0,0.0,0,0,100.0,DRS,636.45
2318,77.246,4685.702,316.262,100.0,0.0,0,0,100.0,DRS,636.45
2319,77.2794,4688.63,316.413,100.0,0.0,0,0,100.0,DRS,636.45
2320,77.3127,4691.56,316.562,100.0,0.0,0,0,100.0,DRS,636.45
2321,77.346,4694.491,316.71,100.0,0.0,0,0,100.0,DRS,636.45
2322,77.3793,4697.423,316.856,100.0,0.0,0,0,100.0,DRS,636.45
2323,77.4127,4700.357,317.0,100.0,0.0,0,0,100.0,DRS,636.45
2324,77.446,4703.292,317.142,100.0,0.0,0,0,100.0,DRS,636.45
2325,77.4793,4706.228,317.282,100.0,0.0,0,0,100.0,DRS,636.45
2326,77.5126,4709.166,317.42,100.0,0.0,0,0,100.0,DRS,636.45
2327,77.546,4712.105,317.557,100.0,0.0,0,0,100.0,DRS,636.45
2328,77.5793,4715.045,317.69,100.0,0.0,0,0,100.0,DRS,636.45
2329,77.6126,4717.987,317.821,100.0,0.0,0,0,100.0,DRS,636.45
2330,77.6459,4720.929,317.95,100.0,0.0,0,0,100.0,DRS,636.45
2331,77.6793,4723.873,318.075,100.0,0.0,0,0,100.0,DRS,636.45
2332,77.7126,4726.818,318.196,100.0,0.0,0,0,100.0,DRS,636.45
2333,77.7459,4729.764,318.314,100.0,0.0,0,0,100.0,DRS,636.45
2334,77.7792,4732.711,318.428,100.0,0.0,0,0,100.0,DRS,636.45
2335,77.8126,4735.659,318.536,100.0,0.0,0,0,100.0,DRS,636.45
2336,77.8459,4738.608,318.638,100.0,0.0,0,0,100.0,DRS,636.45
2337,77.8792,4741.558,318.734,100.0,0.0,0,0,100.0,DRS,636.45
2338,77.9125,4744.509,318.822,100.0,0.0,0,0,100.0,DRS,636.45
2339,77.9459,4747.461,318.901,100.0,0.0,0,0,100.0,DRS,636.45
2340,77.9792,4750.413,318.97,100.0,0.0,0,0,100.0,DRS,636.45
2341,78.0125,4753.366,319.026,100.0,0.0,0,0,100.0,DRS,636.45
2342,78.0458,4756.319,319.07,100.0,0.0,0,0,100.0,DRS,636.45
2343,78.0792,4759.273,319.096,100.0,0.0,0,0,100.0,DRS,636.45
2344,78.1125,4762.227,319.106,100.0,0.0,0,0,100.0,DRS,636.45
2345,78.1458,4765.181,319.093,100.0,0.0,0,0,100.0,DRS,636.45
2346,78.1791,4768.134,319.057,100.0,0.0,0,0,100.0,DRS,636.45
2347,78.2125,4771.087,318.993,100.0,0.0,0,0,100.0,DRS,636.45
2348,78.2458,4774.04,318.898,100.0,0.0,0,0,100.0,DRS,636.45
2349,78.2791,4776.991,318.768,100.0,0.0,0,0,100.0,DRS,636.45
2350,78.3124,4779.941,318.599,100.0,0.0,0,0,100.0,DRS,636.45
2351,78.3457,4782.889,318.385,100.0,0.0,0,0,100.0,DRS,636.45
2352,78.3791,4785.835,318.121,100.0,0.0,0,0,100.0,DRS,636.45
2353,78.4124,4788.779,317.803,100.0,0.0,0,0,100.0,DRS,636.45
2354,78.4457,4791.719,317.423,100.0,0.0,0,0,100.0,DRS,636.45
2355,78.479,4794.655,316.979,100.0,0.0,0,0,100.0,DRS,636.45
2356,78.5124,4797.587,316.459,100.0,0.0,0,0,100.0,DRS,636.45
2357,78.5457,4800.514,315.866,100.0,0.0,0,0,100.0,DRS,636.45
2358,78.579,4803.434,315.18,100.0,0.0,0,0,100.0,DRS,636.45
2359,78.6123,4806.349,314.411,100.0,0.0,0,0,100.0,FULL,636.45
2360,78.6457,4809.255,313.537,100.0,0.0,0,0,100.0,FULL,636.45
2361,78.679,4812.153,312.566,100.0,0.0,0,0,100.0,FULL,636.45
2362,78.7123,4815.041,311.483,100.0,0.0,0,0,100.0,FULL,636.45
2363,78.7456,4817.919,310.289,100.0,0.0,0,0,100.0,FULL,636.45
2364,78.779,4820.785,308.978,100.0,0.0,0,0,100.0,FULL,636.45
2365,78.8123,4823.639,307.542,100.0,0.0,0,0,100.0,FULL,636.45
2366,78.8456,4826.479,305.993,100.0,0.0,0,0,100.0,FULL,636.45
2367,78.8789,4829.303,304.305,100.0,0.0,0,0,100.0,FULL,636.45
2368,78.9123,4832.112,302.5,100.0,0.0,0,0,100.0,FULL,636.45
2369,78.9456,4834.903,300.568,100.0,0.0,0,0,100.0,FULL,636.45
2370,78.9789,4837.676,298.511,100.0,0.0,0,0,100.0,FULL,636.45
2371,79.0122,4840.43,296.341,100.0,0.0,0,0,100.0,FULL,636.45
2372,79.0456,4843.161,294.042,100.0,0.0,0,0,100.0,FULL,636.45
2373,79.0789,4845.872,291.636,100.0,0.0,0,0,100.0,FULL,636.45
2374,79.1122,4848.561,289.129,100.0,0.0,0,0,100.0,FULL,636.45
2375,79.1455,4851.224,286.511,100.0,0.0,0,0,100.0,FULL,636.45
2376,79.1789,4853.864,283.797,100.0,0.0,0,0,100.0,FULL,636.45
2377,79.2122,4856.48,280.963,100.0,0.0,0,0,100.0,FULL,1.52
2378,79.2455,4859.065,277.959,0.0,100.0,0,0,100.0,REGEN,0.0
2379,79.2788,4861.623,274.813,0.0,100.0,0,0,100.0,REGEN,0.0
2380,79.3122,4864.153,271.527,0.0,100.0,0,0,100.0,REGEN,0.0
2381,79.3455,4866.651,268.099,0.0,100.0,0,0,100.0,REGEN,0.0
2382,79.3788,4869.115,264.53,0.0,100.0,0,0,100.0,REGEN,0.0
2383,79.4121,4871.546,260.841,0.0,100.0,0,0,100.0,REGEN,0.0
2384,79.4455,4873.943,257.041,0.0,100.0,0,0,100.0,REGEN,0.0
2385,79.4788,4876.306,253.141,0.0,100.0,0,0,100.0,REGEN,0.0
2386,79.5121,4878.626,247.904,0.0,100.0,0,0,100.0,REGEN,0.0
2387,79.5454,4880.891,242.013,0.0,100.0,0,0,100.0,REGEN,0.0
2388,79.5788,4883.104,236.319,0.0,100.0,0,0,100.0,REGEN,0.0
2389,79.6121,4885.265,230.803,0.0,100.0,0,0,100.0,REGEN,0.0
2390,79.6454,4887.376,225.517,0.0,100.0,0,0,100.0,REGEN,0.0
2391,79.6787,4889.44,220.434,0.0,100.0,0,0,100.0,REGEN,0.0
2392,79.7121,4891.458,215.549,0.0,100.0,0,0,100.0,REGEN,0.0
2393,79.7454,4893.431,210.858,0.0,100.0,0,0,100.0,REGEN,0.0
2394,79.7787,4895.362,206.357,0.0,100.0,0,0,100.0,REGEN,0.0
2395,79.812,4897.252,202.04,0.0,100.0,0,0,100.0,REGEN,0.0
2396,79.8453,4899.104,197.904,0.0,100.0,0,0,100.0,REGEN,0.0
2397,79.8787,4900.918,193.942,0.0,100.0,0,0,100.0,REGEN,0.0
2398,79.912,4902.697,190.147,0.0,100.0,0,0,100.0,REGEN,0.0
2399,79.9453,4904.442,186.514,0.0,100.0,0,0,100.0,REGEN,0.0
2400,79.9786,4906.15,183.049,0.0,100.0,0,0,100.0,REGEN,0.0
2401,80.012,4907.827,179.715,0.0,100.0,0,0,100.0,REGEN,0.0
2402,80.0453,4909.475,176.498,0.0,100.0,0,0,100.0,REGEN,0.0
2403,80.0786,4911.095,173.384,0.0,100.0,0,0,100.0,REGEN,0.0
2404,80.1119,4912.689,170.358,0.0,100.0,0,0,100.0,REGEN,0.0
2405,80.1453,4914.252,167.417,0.0,100.0,0,0,100.0,REGEN,0.0
2406,80.1786,4915.787,164.737,0.0,100.0,0,0,100.0,REGEN,0.0
2407,80.2119,4917.299,162.208,0.0,100.0,0,0,100.0,REGEN,0.0
2408,80.2452,4918.792,159.725,0.0,100.0,0,0,100.0,REGEN,0.0
2409,80.2786,4920.259,157.078,0.0,100.0,0,0,100.0,REGEN,0.0
2410,80.3119,4921.697,154.496,0.0,100.0,0,0,100.0,REGEN,0.0
2411,80.3452,4923.116,151.975,0.0,100.0,0,0,100.0,REGEN,0.0
2412,80.3785,4924.516,149.516,0.0,100.0,0,0,100.0,REGEN,0.0
2413,80.4119,4925.885,147.203,0.0,100.0,0,0,100.0,REGEN,0.0
2414,80.4452,4927.237,144.967,0.0,100.0,0,0,100.0,REGEN,0.0
2415,80.4785,4928.573,142.798,0.0,100.0,0,0,100.0,REGEN,0.0
2416,80.5118,4929.881,140.736,0.0,100.0,0,0,100.0,REGEN,0.0
2417,80.5452,4931.175,138.727,0.0,100.0,0,0,100.0,REGEN,0.0
2418,80.5785,4932.454,136.762,0.0,100.0,0,0,100.0,REGEN,0.0
2419,80.6118,4933.707,134.884,0.0,100.0,0,0,100.0,REGEN,0.0
2420,80.6451,4934.948,133.04,0.0,100.0,0,0,100.0,REGEN,0.0
2421,80.6785,4936.172,131.25,0.0,100.0,0,0,100.0,REGEN,0.0
2422,80.7118,4937.377,129.538,0.0,100.0,0,0,100.0,REGEN,0.0
2423,80.7451,4938.573,127.866,0.0,100.0,0,0,100.0,REGEN,0.0
2424,80.7784,4939.745,126.353,0.0,100.0,0,0,100.0,REGEN,0.0
2425,80.8118,4940.91,124.927,0.0,100.0,0,0,100.0,REGEN,0.0
2426,80.8451,4942.06,123.659,0.0,100.0,0,0,100.0,REGEN,0.0
2427,80.8784,4943.199,122.464,0.0,100.0,0,0,100.0,REGEN,0.0
2428,80.9117,4944.329,121.316,0.0,100.0,0,0,100.0,REGEN,0.0
2429,80.9451,4945.442,119.921,0.0,100.0,0,0,100.0,REGEN,0.0
2430,80.9784,4946.55,118.465,0.0,100.0,0,0,100.0,REGEN,0.0
2431,81.0117,4947.632,116.672,0.0,100.0,0,0,100.0,REGEN,0.0
2432,81.045,4948.708,114.846,0.0,100.0,0,0,100.0,REGEN,0.0
2433,81.0784,4949.757,112.887,0.0,100.0,0,0,100.0,REGEN,0.0
2434,81.1117,4950.796,110.944,0.0,100.0,0,0,100.0,REGEN,0.0
2435,81.145,4951.811,109.04,0.0,100.0,0,0,100.0,REGEN,0.0
2436,81.1783,4952.815,107.209,0.0,100.0,0,0,100.0,REGEN,0.0
2437,81.2117,4953.797,105.533,0.0,100.0,0,0,100.0,REGEN,0.0
2438,81.245,4954.77,103.951,0.0,100.0,0,0,100.0,REGEN,0.0
2439,81.2783,4955.723,102.613,0.0,100.0,0,0,100.0,REGEN,0.0
2440,81.3116,4956.672,101.355,100.0,100.0,0,0,100.0,REGEN,51.71
2441,81.3449,4957.603,100.47,100.0,100.0,0,0,100.0,REGEN,347.88
2442,81.3783,4958.533,99.605,100.0,0.0,0,0,100.0,FULL,636.45
2443,81.4116,4959.454,99.48,100.0,0.0,0,0,100.0,FULL,636.45
2444,81.4449,4960.375,99.355,100.0,0.0,0,0,100.0,FULL,636.45
2445,81.4782,4961.294,99.229,100.0,0.0,0,0,100.0,FULL,636.45
2446,81.5116,4962.212,99.104,100.0,0.0,0,0,100.0,FULL,636.45
2447,81.5449,4963.128,98.979,100.0,0.0,0,0,100.0,FULL,636.45
2448,81.5782,4964.044,98.855,100.0,0.0,0,0,100.0,FULL,636.45
2449,81.6115,4964.959,98.73,100.0,0.0,0,0,100.0,FULL,636.45
2450,81.6449,4965.872,98.607,100.0,0.0,0,0,100.0,FULL,636.45
2451,81.6782,4966.784,98.483,100.0,0.0,0,0,100.0,FULL,636.45
2452,81.7115,4967.695,98.36,100.0,0.0,0,0,100.0,FULL,636.45
2453,81.7448,4968.606,98.236,100.0,0.0,0,0,100.0,FULL,636.45
2454,81.7782,4969.514,98.114,100.0,0.0,0,0,100.0,FULL,636.45
2455,81.8115,4970.422,97.991,100.0,0.0,0,0,100.0,FULL,636.45
2456,81.8448,4971.331,98.156,100.0,0.0,0,0,100.0,FULL,636.45
2457,81.8781,4972.24,98.359,100.0,0.0,0,0,100.0,FULL,636.45
2458,81.9115,4973.152,98.594,100.0,0.0,0,0,100.0,FULL,636.45
2459,81.9448,4974.066,98.843,100.0,0.0,0,0,100.0,FULL,636.45
2460,81.9781,4974.982,99.082,100.0,0.0,0,0,100.0,FULL,636.45
2461,82.0114,4975.9,99.31,100.0,0.0,0,0,100.0,FULL,636.45
2462,82.0448,4976.82,99.538,100.0,0.0,0,0,100.0,FULL,636.45
2463,82.0781,4977.743,99.767,100.0,0.0,0,0,100.0,FULL,636.45
2464,82.1114,4978.667,99.996,100.0,0.0,0,0,100.0,FULL,636.45
2465,82.1447,4979.594,100.226,100.0,0.0,0,0,100.0,FULL,636.45
2466,82.1781,4980.522,100.456,100.0,0.0,0,0,100.0,FULL,636.45
2467,82.2114,4981.454,100.686,100.0,0.0,0,0,100.0,FULL,636.45
2468,82.2447,4982.386,100.917,100.0,0.0,0,0,100.0,FULL,636.45
2469,82.278,4983.322,101.149,100.0,0.0,0,0,100.0,FULL,636.45
2470,82.3114,4984.259,101.381,100.0,0.0,0,0,100.0,FULL,636.45
2471,82.3447,4985.199,101.614,100.0,0.0,0,0,100.0,FULL,636.45
2472,82.378,4986.141,101.847,100.0,0.0,0,0,100.0,FULL,636.45
2473,82.4113,4987.085,102.082,100.0,0.0,0,0,100.0,FULL,636.45
2474,82.4447,4988.031,102.317,100.0,0.0,0,0,100.0,FULL,636.45
2475,82.478,4988.979,102.553,100.0,0.0,0,0,100.0,FULL,636.45
2476,82.5113,4989.929,102.79,100.0,0.0,0,0,100.0,FULL,636.45
2477,82.5446,4990.882,103.027,100.0,0.0,0,0,100.0,FULL,636.45
2478,82.578,4991.837,103.264,100.0,0.0,0,0,100.0,FULL,636.45
2479,82.6113,4992.794,103.612,100.0,0.0,0,0,100.0,FULL,636.45
2480,82.6446,4993.758,104.253,100.0,0.0,0,0,100.0,FULL,636.45
2481,82.6779,4994.725,104.985,100.0,0.0,0,0,100.0,FULL,636.45
2482,82.7113,4995.705,106.097,100.0,0.0,0,0,100.0,FULL,636.45
2483,82.7446,4996.689,107.237,100.0,0.0,0,0,100.0,FULL,636.45
2484,82.7779,4997.692,108.546,100.0,0.0,0,0,100.0,FULL,636.45
2485,82.8112,4998.698,109.858,100.0,0.0,0,0,100.0,FULL,636.45
2486,82.8445,4999.726,111.19,100.0,0.0,0,0,100.0,FULL,636.45
2487,82.8779,5000.757,112.502,100.0,0.0,0,0,100.0,FULL,636.45
2488,82.9112,5001.807,113.728,100.0,0.0,0,0,100.0,FULL,636.45
2489,82.9445,5002.863,114.899,100.0,0.0,0,0,100.0,FULL,636.45
2490,82.9778,5003.933,115.926,100.0,0.0,0,0,100.0,FULL,636.45
2491,83.0112,5005.009,116.844,100.0,0.0,0,0,100.0,FULL,636.45
2492,83.0445,5006.094,117.606,100.0,0.0,0,0,100.0,FULL,636.45
2493,83.0778,5007.186,118.304,100.0,0.0,0,0,100.0,DRS,636.45
2494,83.1111,5008.283,118.953,100.0,0.0,0,0,100.0,DRS,636.45
2495,83.1445,5009.39,119.728,100.0,0.0,0,0,100.0,DRS,636.45
2496,83.1778,5010.499,120.544,100.0,0.0,0,0,100.0,DRS,636.45
2497,83.2111,5011.623,121.578,100.0,0.0,0,0,100.0,DRS,636.45
2498,83.2444,5012.751,122.648,100.0,0.0,0,0,100.0,DRS,636.45
2499,83.2778,5013.894,123.84,100.0,0.0,0,0,100.0,DRS,636.45
2500,83.3111,5015.046,125.053,100.0,0.0,0,0,100.0,DRS,636.45
2501,83.3444,5016.208,126.296,100.0,0.0,0,0,100.0,DRS,636.45
2502,83.3777,5017.385,127.543,100.0,0.0,0,0,100.0,DRS,636.45
2503,83.4111,5018.567,128.791,100.0,0.0,0,0,100.0,DRS,636.45
2504,83.4444,5019.769,130.031,100.0,0.0,0,0,100.0,DRS,636.45
2505,83.4777,5020.977,131.27,100.0,0.0,0,0,100.0,DRS,636.45
2506,83.511,5022.198,132.505,100.0,0.0,0,0,100.0,DRS,636.45
2507,83.5444,5023.431,133.751,100.0,0.0,0,0,100.0,DRS,636.45
2508,83.5777,5024.672,135.008,100.0,0.0,0,0,100.0,DRS,636.45
2509,83.611,5025.931,136.322,100.0,0.0,0,0,100.0,DRS,636.45
2510,83.6443,5027.198,137.614,100.0,0.0,0,0,100.0,DRS,636.45
2511,83.6777,5028.476,138.884,100.0,0.0,0,0,100.0,DRS,636.45
2512,83.711,5029.771,140.324,100.0,0.0,0,0,100.0,DRS,636.45
2513,83.7443,5031.076,141.81,100.0,0.0,0,0,100.0,DRS,636.45
2514,83.7776,5032.394,143.349,100.0,0.0,0,0,100.0,DRS,636.45
2515,83.811,5033.731,144.887,100.0,0.0,0,0,100.0,DRS,636.45
2516,83.8443,5035.078,146.421,100.0,0.0,0,0,100.0,DRS,636.45
2517,83.8776,5036.438,147.951,100.0,0.0,0,0,100.0,DRS,636.45
2518,83.9109,5037.818,149.493,100.0,0.0,0,0,100.0,DRS,636.45
2519,83.9443,5039.209,151.06,100.0,0.0,0,0,100.0,DRS,636.45
2520,83.9776,5040.611,152.657,100.0,0.0,0,0,100.0,DRS,636.45
2521,84.0109,5042.035,154.323,100.0,0.0,0,0,100.0,DRS,636.45
2522,84.0442,5043.472,156.028,100.0,0.0,0,0,100.0,DRS,636.45
2523,84.0776,5044.923,157.769,100.0,0.0,0,0,100.0,DRS,636.45
2524,84.1109,5046.39,159.548,100.0,0.0,0,0,100.0,DRS,636.45
2525,84.1442,5047.878,161.358,100.0,0.0,0,0,100.0,DRS,636.45
2526,84.1775,5049.38,163.189,100.0,0.0,0,0,100.0,DRS,636.45
2527,84.2109,5050.898,165.042,100.0,0.0,0,0,100.0,DRS,636.45
2528,84.2442,5052.433,166.918,100.0,0.0,0,0,100.0,DRS,636.45
2529,84.2775,5053.989,168.821,100.0,0.0,0,0,100.0,DRS,636.45
2530,84.3108,5055.56,170.611,100.0,0.0,0,0,100.0,DRS,636.45
2531,84.3441,5057.147,172.301,100.0,0.0,0,0,100.0,DRS,636.45
2532,84.3775,5058.748,173.933,100.0,0.0,0,0,100.0,DRS,636.45
2533,84.4108,5060.366,175.562,100.0,0.0,0,0,100.0,DRS,636.45
2534,84.4441,5062.0,177.186,100.0,0.0,0,0,100.0,DRS,636.45
2535,84.4774,5063.648,178.804,100.0,0.0,0,0,100.0,DRS,636.45
2536,84.5108,5065.31,180.415,100.0,0.0,0,0,100.0,DRS,636.45
2537,84.5441,5066.987,182.019,100.0,0.0,0,0,100.0,DRS,636.45
2538,84.5774,5068.678,183.614,100.0,0.0,0,0,100.0,DRS,636.45
2539,84.6107,5070.385,185.199,100.0,0.0,0,0,100.0,DRS,636.45
2540,84.6441,5072.108,186.773,100.0,0.0,0,0,100.0,DRS,636.45
2541,84.6774,5073.844,188.335,100.0,0.0,0,0,100.0,DRS,636.45
2542,84.7107,5075.595,189.886,100.0,0.0,0,0,100.0,DRS,636.45
2543,84.744,5077.36,191.425,100.0,0.0,0,0,100.0,DRS,636.45
2544,84.7774,5079.138,192.95,100.0,0.0,0,0,100.0,DRS,636.45
2545,84.8107,5080.931,194.462,100.0,0.0,0,0,100.0,DRS,636.45
2546,84.844,5082.737,195.959,100.0,0.0,0,0,100.0,DRS,636.45
2547,84.8773,5084.558,197.442,100.0,0.0,0,0,100.0,DRS,636.45
2548,84.9107,5086.393,198.908,100.0,0.0,0,0,100.0,DRS,636.45
2549,84.944,5088.241,200.359,100.0,0.0,0,0,100.0,DRS,636.45
2550,84.9773,5090.103,201.795,100.0,0.0,0,0,100.0,DRS,636.45
2551,85.0106,5091.977,203.214,100.0,0.0,0,0,100.0,DRS,636.45
2552,85.044,5093.865,204.618,100.0,0.0,0,0,100.0,DRS,636.45
2553,85.0773,5095.766,206.006,100.0,0.0,0,0,100.0,DRS,636.45
2554,85.1106,5097.679,207.378,100.0,0.0,0,0,100.0,DRS,636.45
2555,85.1439,5099.605,208.733,100.0,0.0,0,0,100.0,DRS,636.45
2556,85.1773,5101.543,210.073,100.0,0.0,0,0,100.0,DRS,636.45
2557,85.2106,5103.494,211.397,100.0,0.0,0,0,100.0,DRS,636.45
2558,85.2439,5105.457,212.704,100.0,0.0,0,0,100.0,DRS,636.45
2559,85.2772,5107.432,213.996,100.0,0.0,0,0,100.0,DRS,636.45
2560,85.3106,5109.419,215.272,100.0,0.0,0,0,100.0,DRS,636.45
2561,85.3439,5111.417,216.533,100.0,0.0,0,0,100.0,DRS,636.45
2562,85.3772,5113.427,217.778,100.0,0.0,0,0,100.0,DRS,636.45
2563,85.4105,5115.449,219.008,100.0,0.0,0,0,100.0,DRS,636.45
2564,85.4439,5117.482,220.223,100.0,0.0,0,0,100.0,DRS,636.45
2565,85.4772,5119.526,221.423,100.0,0.0,0,0,100.0,DRS,636.45
2566,85.5105,5121.581,222.609,100.0,0.0,0,0,100.0,DRS,636.45
2567,85.5438,5123.647,223.78,100.0,0.0,0,0,100.0,DRS,636.45
2568,85.5772,5125.724,224.937,100.0,0.0,0,0,100.0,DRS,636.45
2569,85.6105,5127.811,226.081,100.0,0.0,0,0,100.0,DRS,636.45
2570,85.6438,5129.909,227.21,100.0,0.0,0,0,100.0,DRS,636.45
2571,85.6771,5132.018,228.326,100.0,0.0,0,0,100.0,DRS,636.45
2572,85.7104,5134.136,229.429,100.0,0.0,0,0,100.0,DRS,636.45
2573,85.7438,5136.265,230.518,100.0,0.0,0,0,100.0,DRS,636.45
2574,85.7771,5138.403,231.595,100.0,0.0,0,0,100.0,DRS,636.45
2575,85.8104,5140.552,232.659,100.0,0.0,0,0,100.0,DRS,636.45
2576,85.8437,5142.711,233.71,100.0,0.0,0,0,100.0,DRS,636.45
2577,85.8771,5144.879,234.748,100.0,0.0,0,0,100.0,DRS,636.45
2578,85.9104,5147.057,235.774,100.0,0.0,0,0,100.0,DRS,636.45
2579,85.9437,5149.244,236.789,100.0,0.0,0,0,100.0,DRS,636.45
2580,85.977,5151.441,237.791,100.0,0.0,0,0,100.0,DRS,636.45
2581,86.0104,5153.647,238.782,100.0,0.0,0,0,100.0,DRS,636.45
2582,86.0437,5155.862,239.762,100.0,0.0,0,0,100.0,DRS,636.45
2583,86.077,5158.085,240.731,100.0,0.0,0,0,100.0,DRS,636.45
2584,86.1103,5160.318,241.688,100.0,0.0,0,0,100.0,DRS,636.45
2585,86.1437,5162.559,242.635,100.0,0.0,0,0,100.0,DRS,636.45
2586,86.177,5164.81,243.57,100.0,0.0,0,0,100.0,DRS,636.45
2587,86.2103,5167.069,244.494,100.0,0.0,0,0,100.0,DRS,636.45
2588,86.2436,5169.337,245.409,100.0,0.0,0,0,100.0,DRS,636.45
2589,86.277,5171.613,246.312,100.0,0.0,0,0,100.0,DRS,636.45
2590,86.3103,5173.897,247.206,100.0,0.0,0,0,100.0,DRS,636.45
2591,86.3436,5176.189,248.09,100.0,0.0,0,0,100.0,DRS,636.45
2592,86.3769,5178.489,248.964,100.0,0.0,0,0,100.0,DRS,636.45
2593,86.4103,5180.798,249.828,100.0,0.0,0,0,100.0,DRS,636.45
2594,86.4436,5183.115,250.682,100.0,0.0,0,0,100.0,DRS,636.45
2595,86.4769,5185.439,251.526,100.0,0.0,0,0,100.0,DRS,636.45
2596,86.5102,5187.772,252.362,100.0,0.0,0,0,100.0,DRS,636.45
2597,86.5436,5190.111,253.188,100.0,0.0,0,0,100.0,DRS,636.45
2598,86.5769,5192.458,254.005,100.0,0.0,0,0,100.0,DRS,636.45
2599,86.6102,5194.814,254.813,100.0,0.0,0,0,100.0,DRS,636.45
2600,86.6435,5197.176,255.611,100.0,0.0,0,0,100.0,DRS,636.45
2601,86.6769,5199.546,256.401,100.0,0.0,0,0,100.0,DRS,636.45
2602,86.7102,5201.923,257.182,100.0,0.0,0,0,100.0,DRS,636.45
2603,86.7435,5204.307,257.955,100.0,0.0,0,0,100.0,DRS,636.45
2604,86.7768,5206.698,258.72,100.0,0.0,0,0,100.0,DRS,636.45
2605,86.8102,5209.097,259.475,100.0,0.0,0,0,100.0,DRS,636.45
2606,86.8435,5211.503,260.223,100.0,0.0,0,0,100.0,DRS,636.45
2607,86.8768,5213.915,260.962,100.0,0.0,0,0,100.0,DRS,636.45
2608,86.9101,5216.334,261.694,100.0,0.0,0,0,100.0,DRS,636.45
2609,86.9435,5218.759,262.418,100.0,0.0,0,0,100.0,DRS,636.45
2610,86.9768,5221.192,263.133,100.0,0.0,0,0,100.0,DRS,636.45
2611,87.0101,5223.631,263.841,100.0,0.0,0,0,100.0,DRS,636.45
2612,87.0434,5226.077,264.541,100.0,0.0,0,0,100.0,DRS,636.45
2613,87.0768,5228.528,265.234,100.0,0.0,0,0,100.0,DRS,636.45
2614,87.1101,5230.987,265.919,100.0,0.0,0,0,100.0,DRS,636.45
2615,87.1434,5233.452,266.596,100.0,0.0,0,0,100.0,DRS,636.45
2616,87.1767,5235.923,267.266,100.0,0.0,0,0,100.0,DRS,636.45
2617,87.21,5238.4,267.93,100.0,0.0,0,0,100.0,DRS,636.45
2618,87.2434,5240.883,268.586,100.0,0.0,0,0,100.0,DRS,636.45
2619,87.2767,5243.372,269.235,100.0,0.0,0,0,100.0,DRS,636.45
2620,87.31,5245.868,269.877,100.0,0.0,0,0,100.0,DRS,636.45
2621,87.3433,5248.368,270.512,100.0,0.0,0,0,100.0,DRS,636.45
2622,87.3767,5250.875,271.14,100.0,0.0,0,0,100.0,DRS,636.45
2623,87.41,5253.388,271.762,100.0,0.0,0,0,100.0,DRS,636.45
2624,87.4433,5255.907,272.377,100.0,0.0,0,0,100.0,DRS,636.45
2625,87.4766,5258.431,272.986,100.0,0.0,0,0,100.0,DRS,636.45
2626,87.51,5260.961,273.587,100.0,0.0,0,0,100.0,DRS,636.45
2627,87.5433,5263.496,274.183,100.0,0.0,0,0,100.0,DRS,636.45
2628,87.5766,5266.037,274.772,100.0,0.0,0,0,100.0,DRS,636.45
2629,87.6099,5268.583,275.355,100.0,0.0,0,0,100.0,DRS,636.45
2630,87.6433,5271.135,275.932,100.0,0.0,0,0,100.0,DRS,636.45
2631,87.6766,5273.692,276.502,100.0,0.0,0,0,100.0,DRS,636.45
2632,87.7099,5276.254,277.067,100.0,0.0,0,0,100.0,DRS,636.45
2633,87.7432,5278.821,277.626,100.0,0.0,0,0,100.0,DRS,636.45
2634,87.7766,5281.393,278.178,100.0,0.0,0,0,100.0,DRS,636.45
2635,87.8099,5283.971,278.725,100.0,0.0,0,0,100.0,DRS,636.45
2636,87.8432,5286.553,279.266,100.0,0.0,0,0,100.0,DRS,636.45
2637,87.8765,5289.141,279.801,100.0,0.0,0,0,100.0,DRS,636.45
2638,87.9099,5291.734,280.331,100.0,0.0,0,0,100.0,DRS,636.45
2639,87.9432,5294.331,280.855,100.0,0.0,0,0,100.0,DRS,636.45
2640,87.9765,5296.933,281.374,100.0,0.0,0,0,100.0,DRS,636.45
2641,88.0098,5299.54,281.887,100.0,0.0,0,0,100.0,DRS,636.45
2642,88.0432,5302.152,282.395,100.0,0.0,0,0,100.0,DRS,636.45
2643,88.0765,5304.768,282.897,100.0,0.0,0,0,100.0,DRS,636.45
2644,88.1098,5307.389,283.394,100.0,0.0,0,0,100.0,DRS,636.45
2645,88.1431,5310.015,283.886,100.0,0.0,0,0,100.0,DRS,636.45
2646,88.1765,5312.645,284.373,100.0,0.0,0,0,100.0,DRS,636.45
2647,88.2098,5315.28,284.854,100.0,0.0,0,0,100.0,DRS,636.45
2648,88.2431,5317.919,285.331,100.0,0.0,0,0,100.0,DRS,636.45
2649,88.2764,5320.562,285.802,100.0,0.0,0,0,100.0,DRS,636.45
2650,88.3098,5323.21,286.269,100.0,0.0,0,0,100.0,DRS,636.45
2651,88.3431,5325.862,286.73,100.0,0.0,0,0,100.0,DRS,636.45
2652,88.3764,5328.518,287.188,100.0,0.0,0,0,100.0,DRS,636.45
2653,88.4097,5331.179,287.639,100.0,0.0,0,0,100.0,DRS,636.45
2654,88.4431,5333.844,288.087,100.0,0.0,0,0,100.0,DRS,636.45
2655,88.4764,5336.512,288.53,100.0,0.0,0,0,100.0,DRS,636.45
2656,88.5097,5339.185,288.967,100.0,0.0,0,0,100.0,DRS,636.45
2657,88.543,5341.862,289.401,100.0,0.0,0,0,100.0,DRS,636.45
2658,88.5764,5344.543,289.83,100.0,0.0,0,0,100.0,DRS,636.45
2659,88.6097,5347.228,290.254,100.0,0.0,0,0,100.0,DRS,636.45
2660,88.643,5349.917,290.674,100.0,0.0,0,0,100.0,DRS,636.45
2661,88.6763,5352.609,291.09,100.0,0.0,0,0,100.0,DRS,636.45
2662,88.7096,5355.306,291.501,100.0,0.0,0,0,100.0,DRS,636.45
2663,88.743,5358.006,291.907,100.0,0.0,0,0,100.0,DRS,636.45
2664,88.7763,5360.71,292.31,100.0,0.0,0,0,100.0,DRS,636.45
2665,88.8096,5363.418,292.708,100.0,0.0,0,0,100.0,DRS,636.45
2666,88.8429,5366.129,293.102,100.0,0.0,0,0,100.0,DRS,636.45
2667,88.8763,5368.844,293.491,100.0,0.0,0,0,100.0,DRS,636.45
2668,88.9096,5371.563,293.876,100.0,0.0,0,0,100.0,DRS,636.45
2669,88.9429,5374.285,294.257,100.0,0.0,0,0,100.0,DRS,636.45
2670,88.9762,5377.01,294.634,100.0,0.0,0,0,100.0,DRS,636.45
2671,89.0096,5379.74,295.006,100.0,0.0,0,0,100.0,DRS,636.45
2672,89.0429,5382.472,295.375,100.0,0.0,0,0,100.0,DRS,636.45
2673,89.0762,5385.208,295.738,100.0,0.0,0,0,100.0,DRS,636.45
2674,89.1095,5387.947,296.097,100.0,0.0,0,0,100.0,DRS,636.45
2675,89.1429,5390.69,296.452,100.0,0.0,0,0,100.0,DRS,636.45
2676,89.1762,5393.436,296.802,100.0,0.0,0,0,100.0,DRS,636.45
2677,89.2095,5396.185,297.147,100.0,0.0,0,0,100.0,DRS,636.45
2678,89.2428,5398.937,297.488,100.0,0.0,0,0,100.0,DRS,636.45
2679,89.2762,5401.692,297.823,100.0,0.0,0,0,100.0,DRS,636.45
2680,89.3095,5404.45,298.154,100.0,0.0,0,0,100.0,DRS,636.45
2681,89.3428,5407.212,298.479,100.0,0.0,0,0,100.0,DRS,636.45
2682,89.3761,5409.976,298.799,100.0,0.0,0,0,100.0,DRS,636.45
2683,89.4095,5412.744,299.113,100.0,0.0,0,0,100.0,DRS,636.45
2684,89.4428,5415.514,299.421,100.0,0.0,0,0,100.0,DRS,636.45
2685,89.4761,5418.287,299.723,100.0,0.0,0,0,100.0,DRS,636.45
2686,89.5094,5421.063,300.019,100.0,0.0,0,0,100.0,DRS,636.45
2687,89.5428,5423.842,300.308,100.0,0.0,0,0,100.0,DRS,636.45
2688,89.5761,5426.623,300.591,100.0,0.0,0,0,100.0,DRS,636.45
2689,89.6094,5429.407,300.865,100.0,0.0,0,0,100.0,DRS,636.45
2690,89.6427,5432.193,301.133,100.0,0.0,0,0,100.0,DRS,636.45
2691,89.6761,5434.981,301.393,100.0,0.0,0,0,100.0,DRS,636.45
2692,89.7094,5437.773,301.645,100.0,0.0,0,0,100.0,DRS,636.45
2693,89.7427,5440.566,301.889,100.0,0.0,0,0,100.0,DRS,636.45
2694,89.776,5443.362,302.124,100.0,0.0,0,0,100.0,DRS,636.45
2695,89.8094,5446.159,302.351,100.0,0.0,0,0,100.0,DRS,636.45
2696,89.8427,5448.959,302.569,100.0,0.0,0,0,100.0,DRS,636.45
2697,89.876,5451.761,302.778,100.0,0.0,0,0,100.0,DRS,636.45
2698,89.9093,5454.565,302.978,100.0,0.0,0,0,100.0,DRS,636.45
2699,89.9427,5457.37,303.167,100.0,0.0,0,0,100.0,DRS,636.45
2700,89.976,5460.177,303.348,100.0,0.0,0,0,100.0,DRS,636.45
2701,90.0093,5462.986,303.52,100.0,0.0,0,0,100.0,DRS,636.45
2702,90.0426,5465.797,303.681,100.0,0.0,0,0,100.0,DRS,636.45
