frame,time_s,distance,speed,throttle,brake,gear,rpm,soc_pct,mode,power_kw
0,0.0,0.0,305.96,100.0,0.0,0,0,100.0,DRS,636.45
1,0.0333,2.833,306.125,100.0,0.0,0,0,100.0,DRS,636.45
2,0.0666,5.668,306.38,100.0,0.0,0,0,100.0,DRS,636.45
3,0.1,8.505,306.634,100.0,0.0,0,0,100.0,DRS,636.45
4,0.1333,11.345,306.884,100.0,0.0,0,0,100.0,DRS,636.45
5,0.1666,14.187,307.132,100.0,0.0,0,0,100.0,DRS,636.45
6,0.1999,17.031,307.378,100.0,0.0,0,0,100.0,DRS,636.45
7,0.2333,19.877,307.621,100.0,0.0,0,0,100.0,DRS,636.45
8,0.2666,22.726,307.861,100.0,0.0,0,0,100.0,DRS,636.45
9,0.2999,25.577,308.099,100.0,0.0,0,0,100.0,DRS,636.45
10,0.3332,28.43,308.335,100.0,0.0,0,0,100.0,DRS,636.45
11,0.3666,31.285,308.568,100.0,0.0,0,0,100.0,DRS,636.45
12,0.3999,34.143,308.798,100.0,0.0,0,0,100.0,DRS,636.45
13,0.4332,37.002,309.027,100.0,0.0,0,0,100.0,DRS,636.45
14,0.4665,39.864,309.252,100.0,0.0,0,0,100.0,DRS,636.45
15,0.4999,42.727,309.476,100.0,0.0,0,0,100.0,DRS,636.45
16,0.5332,45.593,309.697,100.0,0.0,0,0,100.0,DRS,636.45
17,0.5665,48.461,309.904,100.0,0.0,0,0,100.0,DRS,636.45
18,0.5998,51.331,310.095,100.0,0.0,0,0,100.0,DRS,636.45
19,0.6332,54.202,310.287,100.0,0.0,0,0,100.0,DRS,636.45
20,0.6665,57.075,310.48,100.0,0.0,0,0,100.0,DRS,636.45
21,0.6998,59.95,310.673,100.0,0.0,0,0,100.0,DRS,636.45
22,0.7331,62.827,310.867,100.0,0.0,0,0,100.0,DRS,636.45
23,0.7665,65.705,311.061,100.0,0.0,0,0,100.0,DRS,636.45
24,0.7998,68.586,311.255,100.0,0.0,0,0,100.0,DRS,636.45
25,0.8331,71.468,311.448,100.0,0.0,0,0,100.0,DRS,636.45
26,0.8664,74.352,311.641,100.0,0.0,0,0,100.0,DRS,636.45
27,0.8998,77.237,311.833,100.0,0.0,0,0,100.0,DRS,636.45
28,0.9331,80.125,312.024,100.0,0.0,0,0,100.0,DRS,636.45
29,0.9664,83.014,312.214,100.0,0.0,0,0,100.0,DRS,636.45
30,0.9997,85.905,312.403,100.0,0.0,0,0,100.0,DRS,636.45
31,1.0331,88.798,312.591,100.0,0.0,0,0,100.0,DRS,636.45
32,1.0664,91.692,312.778,100.0,0.0,0,0,100.0,DRS,636.45
33,1.0997,94.588,312.963,100.0,0.0,0,0,100.0,DRS,636.45
34,1.133,97.486,313.146,100.0,0.0,0,0,100.0,DRS,636.45
35,1.1664,100.386,313.328,100.0,0.0,0,0,100.0,DRS,636.45
36,1.1997,103.287,313.508,100.0,0.0,0,0,100.0,DRS,636.45
37,1.233,106.19,313.687,100.0,0.0,0,0,100.0,DRS,636.45
38,1.2663,109.095,313.864,100.0,0.0,0,0,100.0,DRS,636.45
39,1.2997,112.001,314.04,100.0,0.0,0,0,100.0,DRS,636.45
40,1.333,114.909,314.213,100.0,0.0,0,0,100.0,DRS,636.45
41,1.3663,117.818,314.386,100.0,0.0,0,0,100.0,DRS,636.45
42,1.3996,120.729,314.556,100.0,0.0,0,0,100.0,DRS,636.45
43,1.4329,123.642,314.725,100.0,0.0,0,0,100.0,DRS,636.45
44,1.4663,126.556,314.892,100.0,0.0,0,0,100.0,DRS,636.45
45,1.4996,129.471,315.057,100.0,0.0,0,0,100.0,DRS,636.45
46,1.5329,132.388,315.221,100.0,0.0,0,0,100.0,DRS,636.45
47,1.5662,135.307,315.383,100.0,0.0,0,0,100.0,DRS,636.45
48,1.5996,138.227,315.543,100.0,0.0,0,0,100.0,DRS,636.45
49,1.6329,141.149,315.702,100.0,0.0,0,0,100.0,DRS,636.45
50,1.6662,144.072,315.859,100.0,0.0,0,0,100.0,DRS,636.45
51,1.6995,146.997,316.015,100.0,0.0,0,0,100.0,DRS,636.45
52,1.7329,149.923,316.169,100.0,0.0,0,0,100.0,DRS,636.45
53,1.7662,152.85,316.321,100.0,0.0,0,0,100.0,DRS,636.45
54,1.7995,155.779,316.472,100.0,0.0,0,0,100.0,DRS,636.45
55,1.8328,158.709,316.621,100.0,0.0,0,0,100.0,DRS,636.45
56,1.8662,161.641,316.769,100.0,0.0,0,0,100.0,DRS,636.45
57,1.8995,164.574,316.915,100.0,0.0,0,0,100.0,DRS,636.45
58,1.9328,167.508,317.06,100.0,0.0,0,0,100.0,DRS,636.45
59,1.9661,170.443,317.203,100.0,0.0,0,0,100.0,DRS,636.45
60,1.9995,173.38,317.345,100.0,0.0,0,0,100.0,DRS,636.45
61,2.0328,176.319,317.485,100.0,0.0,0,0,100.0,DRS,636.45
62,2.0661,179.258,317.624,100.0,0.0,0,0,100.0,DRS,636.45
63,2.0994,182.199,317.762,100.0,0.0,0,0,100.0,DRS,636.45
64,2.1328,185.141,317.898,100.0,0.0,0,0,100.0,DRS,636.45
65,2.1661,188.084,318.032,100.0,0.0,0,0,100.0,DRS,636.45
66,2.1994,191.029,318.166,100.0,0.0,0,0,100.0,DRS,636.45
67,2.2327,193.975,318.298,100.0,0.0,0,0,100.0,DRS,636.45
68,2.2661,196.922,318.428,100.0,0.0,0,0,100.0,DRS,636.45
69,2.2994,199.87,318.557,100.0,0.0,0,0,100.0,DRS,636.45
70,2.3327,202.819,318.685,100.0,0.0,0,0,100.0,DRS,636.45
71,2.366,205.77,318.812,100.0,0.0,0,0,100.0,DRS,636.45
72,2.3994,208.722,318.937,100.0,0.0,0,0,100.0,DRS,636.45
73,2.4327,211.675,319.061,100.0,0.0,0,0,100.0,DRS,636.45
74,2.466,214.629,319.184,100.0,0.0,0,0,100.0,DRS,636.45
75,2.4993,217.584,319.305,100.0,0.0,0,0,100.0,DRS,636.45
76,2.5327,220.54,319.425,100.0,0.0,0,0,100.0,DRS,636.45
77,2.566,223.498,319.544,100.0,0.0,0,0,100.0,DRS,636.45
78,2.5993,226.456,319.662,100.0,0.0,0,0,100.0,DRS,636.45
79,2.6326,229.416,319.778,100.0,0.0,0,0,100.0,DRS,636.45
80,2.666,232.376,319.894,100.0,0.0,0,0,100.0,DRS,636.45
81,2.6993,235.338,320.008,100.0,0.0,0,0,100.0,DRS,636.45
82,2.7326,238.301,320.12,100.0,0.0,0,0,100.0,DRS,636.45
83,2.7659,241.265,320.232,100.0,0.0,0,0,100.0,DRS,636.45
84,2.7993,244.229,320.341,100.0,0.0,0,0,100.0,DRS,636.45
85,2.8326,247.195,320.45,100.0,0.0,0,0,100.0,DRS,636.45
86,2.8659,250.162,320.557,100.0,0.0,0,0,100.0,DRS,636.45
87,2.8992,253.13,320.662,100.0,0.0,0,0,100.0,DRS,636.45
88,2.9325,256.099,320.765,100.0,0.0,0,0,100.0,DRS,636.45
89,2.9659,259.068,320.866,100.0,0.0,0,0,100.0,DRS,636.45
90,2.9992,262.039,320.965,100.0,0.0,0,0,100.0,DRS,636.45
91,3.0325,265.011,321.062,100.0,0.0,0,0,100.0,DRS,636.45
92,3.0658,267.983,321.156,100.0,0.0,0,0,100.0,DRS,636.45
93,3.0992,270.956,321.246,100.0,0.0,0,0,100.0,DRS,636.45
94,3.1325,273.93,321.333,100.0,0.0,0,0,100.0,DRS,636.45
95,3.1658,276.905,321.415,100.0,0.0,0,0,100.0,DRS,636.45
96,3.1991,279.881,321.491,100.0,0.0,0,0,100.0,DRS,636.45
97,3.2325,282.857,321.562,100.0,0.0,0,0,100.0,DRS,636.45
98,3.2658,285.834,321.625,100.0,0.0,0,0,100.0,DRS,636.45
99,3.2991,288.812,321.68,100.0,0.0,0,0,100.0,DRS,636.45
100,3.3324,291.79,321.725,100.0,0.0,0,0,100.0,DRS,636.45
101,3.3658,294.768,321.758,100.0,0.0,0,0,100.0,DRS,636.45
102,3.3991,297.746,321.776,100.0,0.0,0,0,100.0,DRS,636.45
103,3.4324,300.725,321.779,100.0,0.0,0,0,100.0,DRS,636.45
104,3.4657,303.704,321.763,100.0,0.0,0,0,100.0,DRS,636.45
105,3.4991,306.682,321.725,100.0,0.0,0,0,100.0,DRS,636.45
106,3.5324,309.66,321.662,100.0,0.0,0,0,100.0,DRS,636.45
107,3.5657,312.637,321.569,100.0,0.0,0,0,100.0,DRS,636.45
108,3.599,315.613,321.445,100.0,0.0,0,0,100.0,DRS,636.45
109,3.6324,318.588,321.28,100.0,0.0,0,0,100.0,DRS,636.45
110,3.6657,321.561,321.077,100.0,0.0,0,0,100.0,DRS,636.45
111,3.699,324.532,320.821,100.0,0.0,0,0,100.0,DRS,636.45
112,3.7323,327.5,320.516,100.0,0.0,0,0,100.0,DRS,636.45
113,3.7657,330.465,320.147,100.0,0.0,0,0,100.0,DRS,636.45
114,3.799,333.427,319.716,100.0,0.0,0,0,100.0,DRS,636.45
115,3.8323,336.384,319.211,100.0,0.0,0,0,100.0,DRS,636.45
116,3.8656,339.336,318.627,100.0,0.0,0,0,100.0,DRS,636.45
117,3.899,342.283,317.962,100.0,0.0,0,0,100.0,DRS,636.45
118,3.9323,345.223,317.198,100.0,0.0,0,0,100.0,DRS,636.45
119,3.9656,348.155,316.345,100.0,0.0,0,0,100.0,DRS,636.45
120,3.9989,351.079,315.376,100.0,0.0,0,0,100.0,DRS,636.45
121,4.0323,353.993,314.306,100.0,0.0,0,0,100.0,DRS,636.45
122,4.0656,356.897,313.117,100.0,0.0,0,0,100.0,DRS,636.45
123,4.0989,359.79,311.808,100.0,0.0,0,0,100.0,DRS,636.45
124,4.1322,362.67,310.381,100.0,0.0,0,0,100.0,DRS,636.45
125,4.1656,365.535,308.818,100.0,0.0,0,0,100.0,DRS,636.45
126,4.1989,368.387,307.136,100.0,0.0,0,0,100.0,FULL,636.45
127,4.2322,371.221,305.317,100.0,0.0,0,0,100.0,FULL,636.45
128,4.2655,374.038,303.368,100.0,0.0,0,0,100.0,FULL,636.45
129,4.2988,376.838,301.297,100.0,0.0,0,0,100.0,FULL,636.45
130,4.3322,379.616,299.086,100.0,0.0,0,0,100.0,FULL,636.45
131,4.3655,382.374,296.758,100.0,0.0,0,0,100.0,FULL,636.45
132,4.3988,385.11,294.312,100.0,0.0,0,0,100.0,FULL,636.45
133,4.4321,387.821,291.743,100.0,0.0,0,0,100.0,FULL,636.45
134,4.4655,390.51,289.072,100.0,0.0,0,0,100.0,FULL,636.45
135,4.4988,393.174,286.294,100.0,0.0,0,0,100.0,FULL,636.45
136,4.5321,395.809,283.362,100.0,0.0,0,0,100.0,FULL,398.45
137,4.5654,398.418,280.277,0.0,100.0,0,0,100.0,REGEN,0.0
138,4.5988,400.999,277.039,0.0,100.0,0,0,100.0,REGEN,0.0
139,4.6321,403.547,273.631,0.0,100.0,0,0,100.0,REGEN,0.0
140,4.6654,406.063,270.077,0.0,100.0,0,0,100.0,REGEN,0.0
141,4.6987,408.546,266.385,0.0,100.0,0,0,100.0,REGEN,0.0
142,4.7321,410.996,262.562,0.0,100.0,0,0,100.0,REGEN,0.0
143,4.7654,413.407,258.602,0.0,100.0,0,0,100.0,REGEN,0.0
144,4.7987,415.781,254.522,0.0,100.0,0,0,100.0,REGEN,0.0
145,4.832,418.117,250.338,0.0,100.0,0,0,100.0,REGEN,0.0
146,4.8654,420.411,245.2,0.0,100.0,0,0,100.0,REGEN,0.0
147,4.8987,422.654,239.314,0.0,100.0,0,0,100.0,REGEN,0.0
148,4.932,424.843,233.561,0.0,100.0,0,0,100.0,REGEN,0.0
149,4.9653,426.98,227.984,0.0,100.0,0,0,100.0,REGEN,0.0
150,4.9987,429.065,222.561,0.0,100.0,0,0,100.0,REGEN,0.0
151,5.032,431.1,217.323,0.0,100.0,0,0,100.0,REGEN,0.0
152,5.0653,433.088,212.258,0.0,100.0,0,0,100.0,REGEN,0.0
153,5.0986,435.029,207.349,0.0,100.0,0,0,100.0,REGEN,0.0
154,5.132,436.925,202.587,0.0,100.0,0,0,100.0,REGEN,0.0
155,5.1653,438.779,197.966,0.0,100.0,0,0,100.0,REGEN,0.0
156,5.1986,440.59,193.477,0.0,100.0,0,0,100.0,REGEN,0.0
157,5.2319,442.362,189.114,0.0,100.0,0,0,100.0,REGEN,0.0
158,5.2653,444.096,184.869,0.0,100.0,0,0,100.0,REGEN,0.0
159,5.2986,445.789,180.746,0.0,100.0,0,0,100.0,REGEN,0.0
160,5.3319,447.439,176.72,0.0,100.0,0,0,100.0,REGEN,0.0
161,5.3652,449.055,172.715,0.0,100.0,0,0,100.0,REGEN,0.0
162,5.3986,450.636,168.743,0.0,100.0,0,0,100.0,REGEN,0.0
163,5.4319,452.184,164.822,0.0,100.0,0,0,100.0,REGEN,0.0
164,5.4652,453.69,161.009,0.0,100.0,0,0,100.0,REGEN,0.0
165,5.4985,455.16,157.317,0.0,100.0,0,0,100.0,REGEN,0.0
166,5.5319,456.601,153.734,0.0,100.0,0,0,100.0,REGEN,0.0
167,5.5652,458.013,150.272,0.0,100.0,0,0,100.0,REGEN,0.0
168,5.5985,459.383,147.077,0.0,100.0,0,0,100.0,REGEN,0.0
169,5.6318,460.731,144.03,0.0,100.0,0,0,100.0,REGEN,0.0
170,5.6651,462.056,141.137,0.0,100.0,0,0,100.0,REGEN,0.0
171,5.6985,463.344,138.509,0.0,100.0,0,0,100.0,REGEN,0.0
172,5.7318,464.617,136.002,0.0,100.0,0,0,100.0,REGEN,0.0
173,5.7651,465.867,133.666,0.0,100.0,0,0,100.0,REGEN,0.0
174,5.7984,467.09,131.487,0.0,100.0,0,0,100.0,REGEN,0.0
175,5.8318,468.302,129.343,0.0,100.0,0,0,100.0,REGEN,0.0
176,5.8651,469.485,127.141,0.0,100.0,0,0,100.0,REGEN,0.0
177,5.8984,470.652,124.91,0.0,100.0,0,0,100.0,REGEN,0.0
178,5.9317,471.799,122.64,0.0,100.0,0,0,100.0,REGEN,0.0
179,5.9651,472.92,120.374,0.0,100.0,0,0,100.0,REGEN,0.0
180,5.9984,474.03,118.108,0.0,100.0,0,0,100.0,REGEN,0.0
181,6.0317,475.107,115.933,0.0,100.0,0,0,100.0,REGEN,0.0
182,6.065,476.178,113.776,0.0,100.0,0,0,100.0,REGEN,0.0
183,6.0984,477.214,111.734,0.0,100.0,0,0,100.0,REGEN,0.0
184,6.1317,478.245,109.711,0.0,100.0,0,0,100.0,REGEN,0.0
185,6.165,479.246,107.782,0.0,100.0,0,0,100.0,REGEN,0.0
186,6.1983,480.239,105.883,0.0,100.0,0,0,100.0,REGEN,0.0
187,6.2317,481.208,104.065,0.0,100.0,0,0,100.0,REGEN,0.0
188,6.265,482.165,102.289,0.0,100.0,0,0,100.0,REGEN,0.0
189,6.2983,483.103,100.581,0.0,100.0,0,0,100.0,REGEN,0.0
190,6.3316,484.027,98.927,0.0,100.0,0,0,100.0,REGEN,0.0
191,6.365,484.936,97.328,0.0,100.0,0,0,100.0,REGEN,0.0
192,6.3983,485.829,95.814,0.0,100.0,0,0,100.0,REGEN,0.0
193,6.4316,486.712,94.347,0.0,100.0,0,0,100.0,REGEN,0.0
194,6.4649,487.577,93.14,100.0,100.0,0,0,100.0,REGEN,300.26
195,6.4983,488.438,92.057,100.0,0.0,0,0,100.0,FULL,636.45
196,6.5316,489.289,91.858,100.0,0.0,0,0,100.0,FULL,636.45
197,6.5649,490.139,91.697,100.0,0.0,0,0,100.0,FULL,636.45
198,6.5982,490.987,91.59,100.0,0.0,0,0,100.0,FULL,636.45
199,6.6316,491.834,91.484,100.0,0.0,0,0,100.0,FULL,636.45
200,6.6649,492.681,91.377,100.0,0.0,0,0,100.0,FULL,636.45
201,6.6982,493.526,91.271,100.0,0.0,0,0,100.0,FULL,636.45
202,6.7315,494.37,91.165,100.0,0.0,0,0,100.0,FULL,636.45
203,6.7649,495.214,91.091,100.0,0.0,0,0,100.0,FULL,636.45
204,6.7982,496.059,91.271,100.0,0.0,0,0,100.0,FULL,636.45
205,6.8315,496.905,91.551,100.0,0.0,0,0,100.0,FULL,636.45
206,6.8648,497.754,91.942,100.0,0.0,0,0,100.0,FULL,636.45
207,6.8982,498.608,92.414,100.0,0.0,0,0,100.0,FULL,636.45
208,6.9315,499.465,92.913,100.0,0.0,0,0,100.0,FULL,636.45
209,6.9648,500.329,93.461,100.0,0.0,0,0,100.0,FULL,636.45
210,6.9981,501.196,94.021,100.0,0.0,0,0,100.0,FULL,636.45
211,7.0315,502.069,94.598,100.0,0.0,0,0,100.0,FULL,636.45
212,7.0648,502.945,94.839,100.0,0.0,0,0,100.0,FULL,636.45
213,7.0981,503.823,94.921,100.0,0.0,0,0,100.0,FULL,636.45
214,7.1314,504.701,94.863,100.0,0.0,0,0,100.0,FULL,636.45
215,7.1647,505.579,94.797,100.0,0.0,0,0,100.0,FULL,636.45
216,7.1981,506.457,94.744,100.0,0.0,0,0,100.0,FULL,636.45
217,7.2314,507.333,94.693,100.0,0.0,0,0,100.0,FULL,636.45
218,7.2647,508.21,94.646,100.0,0.0,0,0,100.0,FULL,636.45
219,7.298,509.086,94.6,100.0,0.0,0,0,100.0,FULL,636.45
220,7.3314,509.961,94.554,100.0,0.0,0,0,100.0,FULL,636.45
221,7.3647,510.836,94.504,100.0,0.0,0,0,100.0,FULL,636.45
222,7.398,511.711,94.454,100.0,0.0,0,0,100.0,FULL,636.45
223,7.4313,512.585,94.395,100.0,0.0,0,0,100.0,FULL,636.45
224,7.4647,513.458,94.335,100.0,0.0,0,0,100.0,FULL,636.45
225,7.498,514.331,94.265,100.0,0.0,0,0,100.0,FULL,636.45
226,7.5313,515.203,94.188,100.0,0.0,0,0,100.0,FULL,636.45
227,7.5646,516.075,94.095,100.0,0.0,0,0,100.0,FULL,636.45
228,7.598,516.945,93.992,100.0,0.0,0,0,100.0,FULL,636.45
229,7.6313,517.815,93.879,100.0,0.0,0,0,100.0,FULL,636.45
230,7.6646,518.683,93.705,100.0,0.0,0,0,100.0,FULL,636.45
231,7.6979,519.55,93.508,100.0,0.0,0,0,100.0,FULL,636.45
232,7.7313,520.414,93.356,100.0,0.0,0,0,100.0,FULL,636.45
233,7.7646,521.278,93.204,100.0,0.0,0,0,100.0,FULL,636.45
234,7.7979,522.14,93.041,100.0,0.0,0,0,100.0,FULL,636.45
235,7.8312,523.0,92.867,100.0,0.0,0,0,100.0,FULL,636.45
236,7.8646,523.859,92.679,100.0,0.0,0,0,100.0,FULL,636.45
237,7.8979,524.717,92.596,100.0,0.0,0,0,100.0,FULL,636.45
238,7.9312,525.574,92.555,100.0,0.0,0,0,100.0,FULL,636.45
239,7.9645,526.43,92.447,100.0,0.0,0,0,100.0,FULL,636.45
240,7.9979,527.285,92.339,100.0,0.0,0,0,100.0,FULL,636.45
241,8.0312,528.14,92.23,100.0,0.0,0,0,100.0,FULL,636.45
242,8.0645,528.993,92.122,100.0,0.0,0,0,100.0,FULL,636.45
243,8.0978,529.845,92.014,100.0,0.0,0,0,100.0,FULL,636.45
244,8.1312,530.696,91.931,100.0,0.0,0,0,100.0,FULL,636.45
245,8.1645,531.547,91.826,100.0,0.0,0,0,100.0,FULL,636.45
246,8.1978,532.396,91.676,100.0,0.0,0,0,100.0,FULL,636.45
247,8.2311,533.244,91.529,100.0,0.0,0,0,100.0,FULL,636.45
248,8.2645,534.091,91.384,100.0,0.0,0,0,100.0,FULL,636.45
249,8.2978,534.936,91.244,100.0,0.0,0,0,100.0,FULL,636.45
250,8.3311,535.78,91.105,100.0,0.0,0,0,100.0,FULL,636.45
251,8.3644,536.623,90.974,100.0,0.0,0,0,100.0,FULL,636.45
252,8.3978,537.464,90.841,100.0,0.0,0,0,100.0,FULL,636.45
253,8.4311,538.304,90.701,100.0,0.0,0,0,100.0,FULL,636.45
254,8.4644,539.142,90.377,100.0,0.0,0,0,100.0,FULL,636.45
255,8.4977,539.974,89.682,100.0,0.0,0,0,100.0,FULL,636.45
256,8.531,540.802,89.015,100.0,0.0,0,0,100.0,FULL,636.45
257,8.5644,541.623,88.386,100.0,0.0,0,0,100.0,FULL,636.45
258,8.5977,542.439,87.833,100.0,0.0,0,0,100.0,FULL,636.45
259,8.631,543.25,87.367,100.0,0.0,0,0,100.0,FULL,636.45
260,8.6643,544.058,87.079,100.0,0.0,0,0,100.0,FULL,636.45
261,8.6977,544.864,86.983,100.0,0.0,0,0,100.0,FULL,636.45
262,8.731,545.668,86.887,100.0,0.0,0,0,100.0,FULL,636.45
263,8.7643,546.472,86.791,100.0,0.0,0,0,100.0,FULL,636.45
264,8.7976,547.275,86.695,100.0,0.0,0,0,100.0,FULL,636.45
265,8.831,548.077,86.6,100.0,0.0,0,0,100.0,FULL,636.45
266,8.8643,548.878,86.504,100.0,0.0,0,0,100.0,FULL,636.45
267,8.8976,549.679,86.409,100.0,0.0,0,0,100.0,FULL,636.45
268,8.9309,550.48,86.523,100.0,0.0,0,0,100.0,FULL,636.45
269,8.9643,551.282,86.832,100.0,0.0,0,0,100.0,FULL,636.45
270,8.9976,552.088,87.224,100.0,0.0,0,0,100.0,FULL,636.45
271,9.0309,552.897,87.676,100.0,0.0,0,0,100.0,FULL,636.45
272,9.0642,553.712,88.181,100.0,0.0,0,0,100.0,FULL,636.45
273,9.0976,554.529,88.708,100.0,0.0,0,0,100.0,FULL,636.45
274,9.1309,555.355,89.276,100.0,0.0,0,0,100.0,FULL,636.45
275,9.1642,556.182,89.853,100.0,0.0,0,0,100.0,FULL,636.45
276,9.1975,557.018,90.461,100.0,0.0,0,0,100.0,FULL,636.45
277,9.2309,557.858,91.083,100.0,0.0,0,0,100.0,FULL,636.45
278,9.2642,558.703,91.725,100.0,0.0,0,0,100.0,FULL,636.45
279,9.2975,559.557,92.399,100.0,0.0,0,0,100.0,FULL,636.45
280,9.3308,560.414,93.087,100.0,0.0,0,0,100.0,FULL,636.45
281,9.3642,561.279,93.795,100.0,0.0,0,0,100.0,FULL,636.45
282,9.3975,562.152,94.586,100.0,0.0,0,0,100.0,FULL,636.45
283,9.4308,563.031,95.417,100.0,0.0,0,0,100.0,FULL,636.45
284,9.4641,563.918,96.292,100.0,0.0,0,0,100.0,FULL,636.45
285,9.4975,564.815,97.213,100.0,0.0,0,0,100.0,FULL,636.45
286,9.5308,565.717,98.163,100.0,0.0,0,0,100.0,FULL,636.45
287,9.5641,566.633,99.2,100.0,0.0,0,0,100.0,FULL,636.45
288,9.5974,567.556,100.281,100.0,0.0,0,0,100.0,FULL,636.45
289,9.6308,568.489,101.42,100.0,0.0,0,0,100.0,FULL,636.45
290,9.6641,569.435,102.628,100.0,0.0,0,0,100.0,FULL,636.45
291,9.6974,570.387,103.862,100.0,0.0,0,0,100.0,FULL,636.45
292,9.7307,571.359,105.179,100.0,0.0,0,0,100.0,FULL,636.45
293,9.7641,572.335,106.466,100.0,0.0,0,0,100.0,FULL,636.45
294,9.7974,573.329,107.622,100.0,0.0,0,0,100.0,FULL,636.45
295,9.8307,574.328,108.642,100.0,0.0,0,0,100.0,FULL,636.45
296,9.864,575.338,109.41,100.0,0.0,0,0,100.0,FULL,636.45
297,9.8973,576.354,110.148,100.0,0.0,0,0,100.0,FULL,636.45
298,9.9307,577.377,110.851,100.0,0.0,0,0,100.0,FULL,636.45
299,9.964,578.406,111.509,100.0,0.0,0,0,100.0,FULL,636.45
300,9.9973,579.44,112.131,100.0,0.0,0,0,100.0,FULL,636.45
301,10.0306,580.482,112.696,100.0,0.0,0,0,100.0,FULL,636.45
302,10.064,581.527,113.224,100.0,0.0,0,0,100.0,FULL,636.45
303,10.0973,582.577,113.686,100.0,0.0,0,0,100.0,FULL,636.45
304,10.1306,583.631,114.111,100.0,0.0,0,0,100.0,FULL,636.45
305,10.1639,584.689,114.465,100.0,0.0,0,0,100.0,FULL,437.86
306,10.1973,585.75,114.779,100.0,0.0,0,0,100.0,FULL,124.68
307,10.2306,586.813,115.026,0.0,100.0,0,0,100.0,REGEN,0.0
308,10.2639,587.879,115.229,0.0,100.0,0,0,100.0,REGEN,0.0
309,10.2972,588.946,115.371,0.0,100.0,0,0,100.0,REGEN,0.0
310,10.3306,590.014,115.462,0.0,100.0,0,0,100.0,REGEN,0.0
311,10.3639,591.083,115.498,0.0,100.0,0,0,100.0,REGEN,0.0
312,10.3972,592.152,115.474,0.0,100.0,0,0,100.0,REGEN,0.0
313,10.4305,593.221,115.408,0.0,100.0,0,0,100.0,REGEN,0.0
314,10.4639,594.288,115.271,0.0,100.0,0,0,100.0,REGEN,0.0
315,10.4972,595.355,115.106,0.0,100.0,0,0,100.0,REGEN,0.0
316,10.5305,596.418,114.858,0.0,100.0,0,0,100.0,REGEN,0.0
317,10.5638,597.481,114.598,0.0,100.0,0,0,100.0,REGEN,0.0
318,10.5972,598.539,114.241,0.0,100.0,0,0,100.0,REGEN,0.0
319,10.6305,599.596,113.883,0.0,100.0,0,0,100.0,REGEN,0.0
320,10.6638,600.646,113.431,0.0,100.0,0,0,100.0,REGEN,0.0
321,10.6971,601.696,112.973,0.0,100.0,0,0,100.0,REGEN,0.0
322,10.7305,602.737,112.448,0.0,100.0,0,0,100.0,REGEN,0.0
323,10.7638,603.776,111.902,0.0,100.0,0,0,100.0,REGEN,0.0
324,10.7971,604.805,110.945,0.0,100.0,0,0,100.0,REGEN,0.0
325,10.8304,605.826,109.697,0.0,100.0,0,0,100.0,REGEN,0.0
326,10.8638,606.837,108.442,0.0,100.0,0,0,100.0,REGEN,0.0
327,10.8971,607.833,107.177,0.0,100.0,0,0,100.0,REGEN,0.0
328,10.9304,608.824,105.999,0.0,100.0,0,0,100.0,REGEN,0.0
329,10.9637,609.798,105.116,0.0,100.0,0,0,100.0,REGEN,0.0
330,10.9971,610.772,104.307,0.0,100.0,0,0,100.0,REGEN,0.0
331,11.0304,611.736,104.169,0.0,100.0,0,0,100.0,REGEN,0.0
332,11.0637,612.7,104.032,0.0,100.0,0,0,100.0,REGEN,0.0
333,11.097,613.662,103.895,0.0,100.0,0,0,100.0,REGEN,0.0
334,11.1304,614.624,103.756,0.0,100.0,0,0,100.0,REGEN,0.0
335,11.1637,615.583,103.599,0.0,100.0,0,0,100.0,REGEN,0.0
336,11.197,616.54,103.198,0.0,100.0,0,0,100.0,REGEN,0.0
337,11.2303,617.491,102.333,0.0,100.0,0,0,100.0,REGEN,0.0
338,11.2636,618.43,101.053,0.0,100.0,0,0,100.0,REGEN,0.0
339,11.297,619.363,99.564,0.0,100.0,0,0,100.0,REGEN,0.0
340,11.3303,620.275,98.128,0.0,100.0,0,0,100.0,REGEN,0.0
341,11.3636,621.177,96.807,0.0,100.0,0,0,100.0,REGEN,0.0
342,11.3969,622.07,95.617,0.0,100.0,0,0,100.0,REGEN,0.0
343,11.4303,622.95,94.681,0.0,100.0,0,0,100.0,REGEN,0.0
344,11.4636,623.824,94.043,100.0,100.0,0,0,100.0,REGEN,407.54
345,11.4969,624.693,93.73,100.0,0.0,0,0,100.0,FULL,636.45
346,11.5302,625.56,93.619,100.0,0.0,0,0,100.0,FULL,636.45
347,11.5636,626.426,93.507,100.0,0.0,0,0,100.0,FULL,636.45
348,11.5969,627.291,93.396,100.0,0.0,0,0,100.0,FULL,636.45
349,11.6302,628.155,93.286,100.0,0.0,0,0,100.0,FULL,636.45
350,11.6635,629.018,93.175,100.0,0.0,0,0,100.0,FULL,636.45
351,11.6969,629.88,93.065,100.0,0.0,0,0,100.0,FULL,636.45
352,11.7302,630.742,93.075,100.0,0.0,0,0,100.0,FULL,636.45
353,11.7635,631.604,93.166,100.0,0.0,0,0,100.0,FULL,636.45
354,11.7968,632.469,93.569,100.0,0.0,0,0,100.0,FULL,636.45
355,11.8302,633.338,94.08,100.0,0.0,0,0,100.0,FULL,636.45
356,11.8635,634.212,94.758,100.0,0.0,0,0,100.0,FULL,636.45
357,11.8968,635.094,95.52,100.0,0.0,0,0,100.0,FULL,636.45
358,11.9301,635.98,96.344,100.0,0.0,0,0,100.0,FULL,636.45
359,11.9635,636.876,96.962,100.0,0.0,0,0,100.0,FULL,636.45
360,11.9968,637.774,97.5,100.0,0.0,0,0,100.0,FULL,636.45
361,12.0301,638.681,97.988,100.0,0.0,0,0,100.0,FULL,636.45
362,12.0634,639.588,98.467,100.0,0.0,0,0,100.0,FULL,636.45
363,12.0968,640.504,98.945,100.0,0.0,0,0,100.0,FULL,636.45
364,12.1301,641.42,99.423,100.0,0.0,0,0,100.0,FULL,636.45
365,12.1634,642.344,99.904,100.0,0.0,0,0,100.0,FULL,636.45
366,12.1967,643.27,100.385,100.0,0.0,0,0,100.0,FULL,636.45
367,12.2301,644.203,100.869,100.0,0.0,0,0,100.0,FULL,636.45
368,12.2634,645.138,101.352,100.0,0.0,0,0,100.0,FULL,636.45
369,12.2967,646.079,101.836,100.0,0.0,0,0,100.0,FULL,636.45
370,12.33,647.023,102.318,100.0,0.0,0,0,100.0,FULL,636.45
371,12.3634,647.973,102.797,100.0,0.0,0,0,100.0,FULL,636.45
372,12.3967,648.925,103.101,100.0,0.0,0,0,100.0,FULL,636.45
373,12.43,649.88,103.22,100.0,0.0,0,0,100.0,FULL,636.45
374,12.4633,650.837,103.46,100.0,0.0,0,0,100.0,FULL,636.45
375,12.4967,651.796,103.8,100.0,0.0,0,0,100.0,FULL,636.45
376,12.53,652.76,104.237,100.0,0.0,0,0,100.0,FULL,636.45
377,12.5633,653.727,104.747,100.0,0.0,0,0,100.0,FULL,636.45
378,12.5966,654.7,105.344,100.0,0.0,0,0,100.0,FULL,636.45
379,12.63,655.678,106.009,100.0,0.0,0,0,100.0,FULL,636.45
380,12.6633,656.663,106.742,100.0,0.0,0,0,100.0,FULL,636.45
381,12.6966,657.655,107.537,100.0,0.0,0,0,100.0,FULL,636.45
382,12.7299,658.654,108.38,100.0,0.0,0,0,100.0,FULL,636.45
383,12.7632,659.662,109.28,100.0,0.0,0,0,100.0,FULL,636.45
384,12.7966,660.678,110.213,100.0,0.0,0,0,100.0,FULL,636.45
385,12.8299,661.704,111.196,100.0,0.0,0,0,100.0,FULL,636.45
386,12.8632,662.736,112.2,100.0,0.0,0,0,100.0,FULL,636.45
387,12.8965,663.781,113.247,100.0,0.0,0,0,100.0,FULL,636.45
388,12.9299,664.832,114.307,100.0,0.0,0,0,100.0,FULL,636.45
389,12.9632,665.898,115.401,100.0,0.0,0,0,100.0,FULL,636.45
390,12.9965,666.968,116.503,100.0,0.0,0,0,100.0,FULL,636.45
391,13.0298,668.055,117.628,100.0,0.0,0,0,100.0,FULL,636.45
392,13.0632,669.146,118.76,100.0,0.0,0,0,100.0,FULL,636.45
393,13.0965,670.254,119.916,100.0,0.0,0,0,100.0,FULL,636.45
394,13.1298,671.366,121.085,100.0,0.0,0,0,100.0,FULL,636.45
395,13.1631,672.496,122.309,100.0,0.0,0,0,100.0,FULL,636.45
396,13.1965,673.631,123.55,100.0,0.0,0,0,100.0,FULL,636.45
397,13.2298,674.783,124.843,100.0,0.0,0,0,100.0,FULL,636.45
398,13.2631,675.943,126.156,100.0,0.0,0,0,100.0,FULL,636.45
399,13.2964,677.118,127.51,100.0,0.0,0,0,100.0,FULL,636.45
400,13.3298,678.305,128.888,100.0,0.0,0,0,100.0,FULL,636.45
401,13.3631,679.504,130.296,100.0,0.0,0,0,100.0,FULL,636.45
402,13.3964,680.718,131.736,100.0,0.0,0,0,100.0,FULL,636.45
403,13.4297,681.941,133.195,100.0,0.0,0,0,100.0,FULL,636.45
404,13.4631,683.184,134.694,100.0,0.0,0,0,100.0,FULL,636.45
405,13.4964,684.434,136.208,100.0,0.0,0,0,100.0,FULL,636.45
406,13.5297,685.705,137.76,100.0,0.0,0,0,100.0,FULL,636.45
407,13.563,686.987,139.334,100.0,0.0,0,0,100.0,FULL,636.45
408,13.5964,688.282,140.932,100.0,0.0,0,0,100.0,FULL,636.45
409,13.6297,689.597,142.568,100.0,0.0,0,0,100.0,FULL,636.45
410,13.663,690.923,144.221,100.0,0.0,0,0,100.0,FULL,636.45
411,13.6963,692.264,145.899,100.0,0.0,0,0,100.0,FULL,636.45
412,13.7297,693.625,147.608,100.0,0.0,0,0,100.0,FULL,636.45
413,13.763,694.999,149.34,100.0,0.0,0,0,100.0,FULL,636.45
414,13.7963,696.387,151.098,100.0,0.0,0,0,100.0,FULL,636.45
415,13.8296,697.797,152.893,100.0,0.0,0,0,100.0,FULL,636.45
416,13.863,699.22,154.708,100.0,0.0,0,0,100.0,FULL,636.45
417,13.8963,700.659,156.541,100.0,0.0,0,0,100.0,FULL,636.45
418,13.9296,702.116,158.394,100.0,0.0,0,0,100.0,FULL,636.45
419,13.9629,703.593,160.259,100.0,0.0,0,0,100.0,FULL,636.45
420,13.9963,705.085,162.075,100.0,0.0,0,0,100.0,FULL,636.45
421,14.0296,706.592,163.816,100.0,0.0,0,0,100.0,FULL,636.45
422,14.0629,708.114,165.461,100.0,0.0,0,0,100.0,FULL,636.45
423,14.0962,709.655,167.102,100.0,0.0,0,0,100.0,FULL,636.45
424,14.1295,711.211,168.739,100.0,0.0,0,0,100.0,FULL,636.45
425,14.1629,712.78,170.371,100.0,0.0,0,0,100.0,FULL,636.45
426,14.1962,714.364,171.996,100.0,0.0,0,0,100.0,FULL,636.45
427,14.2295,715.962,173.615,100.0,0.0,0,0,100.0,FULL,636.45
428,14.2628,717.577,175.224,100.0,0.0,0,0,100.0,FULL,636.45
429,14.2962,719.207,176.823,100.0,0.0,0,0,100.0,FULL,636.45
430,14.3295,720.852,178.411,100.0,0.0,0,0,100.0,FULL,636.45
431,14.3628,722.511,179.988,100.0,0.0,0,0,100.0,FULL,636.45
432,14.3961,724.184,181.553,100.0,0.0,0,0,100.0,FULL,636.45
433,14.4295,725.871,183.105,100.0,0.0,0,0,100.0,FULL,636.45
434,14.4628,727.573,184.644,100.0,0.0,0,0,100.0,FULL,636.45
435,14.4961,729.289,186.169,100.0,0.0,0,0,100.0,FULL,636.45
436,14.5294,731.019,187.679,100.0,0.0,0,0,100.0,FULL,636.45
437,14.5628,732.764,189.173,100.0,0.0,0,0,100.0,FULL,636.45
438,14.5961,734.522,190.651,100.0,0.0,0,0,100.0,FULL,636.45
439,14.6294,736.294,192.114,100.0,0.0,0,0,100.0,FULL,636.45
440,14.6627,738.079,193.56,100.0,0.0,0,0,100.0,FULL,636.45
441,14.6961,739.878,194.99,100.0,0.0,0,0,100.0,FULL,636.45
442,14.7294,741.689,196.403,100.0,0.0,0,0,100.0,FULL,636.45
443,14.7627,743.514,197.8,100.0,0.0,0,0,100.0,FULL,636.45
444,14.796,745.351,199.179,100.0,0.0,0,0,100.0,FULL,636.45
445,14.8294,747.201,200.542,100.0,0.0,0,0,100.0,FULL,636.45
446,14.8627,749.063,201.887,100.0,0.0,0,0,100.0,FULL,636.45
447,14.896,750.938,203.215,100.0,0.0,0,0,100.0,FULL,636.45
448,14.9293,752.825,204.526,100.0,0.0,0,0,100.0,FULL,636.45
449,14.9627,754.724,205.82,100.0,0.0,0,0,100.0,FULL,636.45
450,14.996,756.635,207.097,100.0,0.0,0,0,100.0,FULL,636.45
451,15.0293,758.557,208.358,100.0,0.0,0,0,100.0,FULL,636.45
452,15.0626,760.492,209.601,100.0,0.0,0,0,100.0,FULL,636.45
453,15.096,762.438,210.828,100.0,0.0,0,0,100.0,FULL,636.45
454,15.1293,764.395,212.039,100.0,0.0,0,0,100.0,FULL,636.45
455,15.1626,766.364,213.233,100.0,0.0,0,0,100.0,FULL,636.45
456,15.1959,768.343,214.411,100.0,0.0,0,0,100.0,FULL,636.45
457,15.2293,770.333,215.574,100.0,0.0,0,0,100.0,FULL,636.45
458,15.2626,772.334,216.721,100.0,0.0,0,0,100.0,FULL,636.45
459,15.2959,774.345,217.853,100.0,0.0,0,0,100.0,FULL,636.45
460,15.3292,776.367,218.97,100.0,0.0,0,0,100.0,FULL,636.45
461,15.3626,778.399,220.072,100.0,0.0,0,0,100.0,FULL,636.45
462,15.3959,780.441,221.159,100.0,0.0,0,0,100.0,FULL,636.45
463,15.4292,782.493,222.232,100.0,0.0,0,0,100.0,FULL,636.45
464,15.4625,784.555,223.291,100.0,0.0,0,0,100.0,FULL,636.45
465,15.4958,786.627,224.335,100.0,0.0,0,0,100.0,FULL,636.45
466,15.5292,788.709,225.366,100.0,0.0,0,0,100.0,FULL,636.45
467,15.5625,790.8,226.383,100.0,0.0,0,0,100.0,FULL,636.45
468,15.5958,792.9,227.387,100.0,0.0,0,0,100.0,FULL,636.45
469,15.6291,795.01,228.378,100.0,0.0,0,0,100.0,FULL,636.45
470,15.6625,797.128,229.356,100.0,0.0,0,0,100.0,FULL,636.45
471,15.6958,799.256,230.322,100.0,0.0,0,0,100.0,FULL,636.45
472,15.7291,801.393,231.274,100.0,0.0,0,0,100.0,FULL,636.45
473,15.7624,803.538,232.215,100.0,0.0,0,0,100.0,FULL,636.45
474,15.7958,805.692,233.144,100.0,0.0,0,0,100.0,FULL,636.45
475,15.8291,807.854,234.06,100.0,0.0,0,0,100.0,FULL,636.45
476,15.8624,810.025,234.965,100.0,0.0,0,0,100.0,FULL,636.45
477,15.8957,812.203,235.859,100.0,0.0,0,0,100.0,FULL,636.45
478,15.9291,814.391,236.741,100.0,0.0,0,0,100.0,FULL,636.45
479,15.9624,816.586,237.611,100.0,0.0,0,0,100.0,FULL,636.45
480,15.9957,818.79,238.471,100.0,0.0,0,0,100.0,FULL,636.45
481,16.029,821.002,239.319,100.0,0.0,0,0,100.0,FULL,636.45
482,16.0624,823.221,240.157,100.0,0.0,0,0,100.0,FULL,636.45
483,16.0957,825.448,240.984,100.0,0.0,0,0,100.0,FULL,636.45
484,16.129,827.682,241.801,100.0,0.0,0,0,100.0,FULL,636.45
485,16.1623,829.924,242.608,100.0,0.0,0,0,100.0,FULL,636.45
486,16.1957,832.173,243.405,100.0,0.0,0,0,100.0,FULL,636.45
487,16.229,834.43,244.192,100.0,0.0,0,0,100.0,FULL,636.45
488,16.2623,836.694,244.968,100.0,0.0,0,0,100.0,FULL,636.45
489,16.2956,838.966,245.735,100.0,0.0,0,0,100.0,FULL,636.45
490,16.329,841.244,246.492,100.0,0.0,0,0,100.0,FULL,636.45
491,16.3623,843.529,247.24,100.0,0.0,0,0,100.0,FULL,636.45
492,16.3956,845.821,247.979,100.0,0.0,0,0,100.0,FULL,636.45
493,16.4289,848.12,248.709,100.0,0.0,0,0,100.0,FULL,636.45
494,16.4623,850.425,249.43,100.0,0.0,0,0,100.0,FULL,636.45
495,16.4956,852.738,250.141,100.0,0.0,0,0,100.0,FULL,636.45
496,16.5289,855.057,250.844,100.0,0.0,0,0,100.0,FULL,636.45
497,16.5622,857.382,251.538,100.0,0.0,0,0,100.0,FULL,636.45
498,16.5956,859.713,252.224,100.0,0.0,0,0,100.0,FULL,636.45
499,16.6289,862.051,252.902,100.0,0.0,0,0,100.0,FULL,636.45
500,16.6622,864.395,253.571,100.0,0.0,0,0,100.0,FULL,636.45
501,16.6955,866.746,254.231,100.0,0.0,0,0,100.0,FULL,636.45
502,16.7289,869.102,254.884,100.0,0.0,0,0,100.0,FULL,636.45
503,16.7622,871.464,255.529,100.0,0.0,0,0,100.0,FULL,636.45
504,16.7955,873.832,256.166,100.0,0.0,0,0,100.0,FULL,636.45
505,16.8288,876.207,256.795,100.0,0.0,0,0,100.0,FULL,636.45
506,16.8622,878.587,257.416,100.0,0.0,0,0,100.0,FULL,636.45
507,16.8955,880.973,258.03,100.0,0.0,0,0,100.0,FULL,636.45
508,16.9288,883.364,258.636,100.0,0.0,0,0,100.0,FULL,636.45
509,16.9621,885.761,259.235,100.0,0.0,0,0,100.0,FULL,636.45
510,16.9954,888.163,259.827,100.0,0.0,0,0,100.0,FULL,636.45
511,17.0288,890.571,260.411,100.0,0.0,0,0,100.0,FULL,636.45
512,17.0621,892.984,260.989,100.0,0.0,0,0,100.0,FULL,636.45
513,17.0954,895.403,261.56,100.0,0.0,0,0,100.0,FULL,636.45
514,17.1287,897.827,262.123,100.0,0.0,0,0,100.0,FULL,636.45
515,17.1621,900.256,262.68,100.0,0.0,0,0,100.0,FULL,636.45
516,17.1954,902.69,263.23,100.0,0.0,0,0,100.0,FULL,636.45
517,17.2287,905.129,263.773,100.0,0.0,0,0,100.0,FULL,636.45
518,17.262,907.573,264.31,100.0,0.0,0,0,100.0,FULL,636.45
519,17.2954,910.022,264.84,100.0,0.0,0,0,100.0,FULL,636.45
520,17.3287,912.476,265.365,100.0,0.0,0,0,100.0,FULL,636.45
521,17.362,914.935,265.882,100.0,0.0,0,0,100.0,FULL,636.45
522,17.3953,917.399,266.393,100.0,0.0,0,0,100.0,FULL,636.45
523,17.4287,919.867,266.899,100.0,0.0,0,0,100.0,FULL,636.45
524,17.462,922.34,267.398,100.0,0.0,0,0,100.0,FULL,636.45
525,17.4953,924.817,267.891,100.0,0.0,0,0,100.0,FULL,636.45
526,17.5286,927.3,268.378,100.0,0.0,0,0,100.0,FULL,636.45
527,17.562,929.786,268.86,100.0,0.0,0,0,100.0,FULL,636.45
528,17.5953,932.277,269.336,100.0,0.0,0,0,100.0,FULL,636.45
529,17.6286,934.772,269.805,100.0,0.0,0,0,100.0,FULL,636.45
530,17.6619,937.272,270.27,100.0,0.0,0,0,100.0,FULL,636.45
531,17.6953,939.776,270.729,100.0,0.0,0,0,100.0,FULL,636.45
532,17.7286,942.284,271.182,100.0,0.0,0,0,100.0,FULL,636.45
533,17.7619,944.797,271.63,100.0,0.0,0,0,100.0,FULL,636.45
534,17.7952,947.313,272.072,100.0,0.0,0,0,100.0,FULL,636.45
535,17.8286,949.833,272.51,100.0,0.0,0,0,100.0,FULL,636.45
536,17.8619,952.358,272.942,100.0,0.0,0,0,100.0,FULL,636.45
537,17.8952,954.887,273.369,100.0,0.0,0,0,100.0,FULL,636.45
538,17.9285,957.419,273.791,100.0,0.0,0,0,100.0,FULL,636.45
539,17.9619,959.955,274.207,100.0,0.0,0,0,100.0,FULL,636.45
540,17.9952,962.496,274.619,100.0,0.0,0,0,100.0,FULL,636.45
541,18.0285,965.04,275.026,100.0,0.0,0,0,100.0,FULL,636.45
542,18.0618,967.587,275.428,100.0,0.0,0,0,100.0,FULL,636.45
543,18.0952,970.139,275.825,100.0,0.0,0,0,100.0,FULL,636.45
544,18.1285,972.694,276.218,100.0,0.0,0,0,100.0,FULL,636.45
545,18.1618,975.252,276.606,100.0,0.0,0,0,100.0,FULL,636.45
546,18.1951,977.815,276.989,100.0,0.0,0,0,100.0,FULL,636.45
547,18.2285,980.381,277.368,100.0,0.0,0,0,100.0,FULL,636.45
548,18.2618,982.95,277.742,100.0,0.0,0,0,100.0,FULL,636.45
549,18.2951,985.523,278.112,100.0,0.0,0,0,100.0,FULL,636.45
550,18.3284,988.099,278.477,100.0,0.0,0,0,100.0,FULL,636.45
551,18.3617,990.678,278.838,100.0,0.0,0,0,100.0,FULL,636.45
552,18.3951,993.261,279.195,100.0,0.0,0,0,100.0,FULL,636.45
553,18.4284,995.847,279.547,100.0,0.0,0,0,100.0,FULL,636.45
554,18.4617,998.436,279.896,100.0,0.0,0,0,100.0,FULL,636.45
555,18.495,1001.029,280.24,100.0,0.0,0,0,100.0,FULL,636.45
556,18.5284,1003.625,280.58,100.0,0.0,0,0,100.0,FULL,636.45
557,18.5617,1006.223,280.916,100.0,0.0,0,0,100.0,FULL,636.45
558,18.595,1008.825,281.249,100.0,0.0,0,0,100.0,FULL,636.45
559,18.6283,1011.43,281.577,100.0,0.0,0,0,100.0,FULL,636.45
560,18.6617,1014.038,281.901,100.0,0.0,0,0,100.0,FULL,636.45
561,18.695,1016.649,282.221,100.0,0.0,0,0,100.0,FULL,636.45
562,18.7283,1019.263,282.538,100.0,0.0,0,0,100.0,FULL,636.45
563,18.7616,1021.88,282.851,100.0,0.0,0,0,100.0,FULL,636.45
564,18.795,1024.5,283.16,100.0,0.0,0,0,100.0,FULL,636.45
565,18.8283,1027.122,283.466,100.0,0.0,0,0,100.0,FULL,636.45
566,18.8616,1029.748,283.768,100.0,0.0,0,0,100.0,FULL,636.45
567,18.8949,1032.376,284.066,100.0,0.0,0,0,100.0,FULL,636.45
568,18.9283,1035.007,284.361,100.0,0.0,0,0,100.0,FULL,636.45
569,18.9616,1037.64,284.652,100.0,0.0,0,0,100.0,FULL,636.45
570,18.9949,1040.277,284.94,100.0,0.0,0,0,100.0,FULL,636.45
571,19.0282,1042.916,285.225,100.0,0.0,0,0,100.0,FULL,636.45
572,19.0616,1045.557,285.506,100.0,0.0,0,0,100.0,FULL,636.45
573,19.0949,1048.201,285.784,100.0,0.0,0,0,100.0,FULL,636.45
574,19.1282,1050.848,286.058,100.0,0.0,0,0,100.0,FULL,636.45
575,19.1615,1053.497,286.329,100.0,0.0,0,0,100.0,FULL,636.45
576,19.1949,1056.149,286.597,100.0,0.0,0,0,100.0,FULL,636.45
577,19.2282,1058.803,286.862,100.0,0.0,0,0,100.0,FULL,636.45
578,19.2615,1061.46,287.124,100.0,0.0,0,0,100.0,FULL,636.45
579,19.2948,1064.119,287.383,100.0,0.0,0,0,100.0,FULL,636.45
580,19.3282,1066.78,287.638,100.0,0.0,0,0,100.0,FULL,636.45
581,19.3615,1069.444,287.891,100.0,0.0,0,0,100.0,FULL,636.45
582,19.3948,1072.11,288.141,100.0,0.0,0,0,100.0,FULL,636.45
583,19.4281,1074.779,288.387,100.0,0.0,0,0,100.0,FULL,636.45
584,19.4615,1077.449,288.631,100.0,0.0,0,0,100.0,FULL,636.45
585,19.4948,1080.122,288.872,100.0,0.0,0,0,100.0,FULL,636.45
586,19.5281,1082.797,289.11,100.0,0.0,0,0,100.0,FULL,636.45
587,19.5614,1085.475,289.345,100.0,0.0,0,0,100.0,FULL,636.45
588,19.5948,1088.154,289.578,100.0,0.0,0,0,100.0,FULL,636.45
589,19.6281,1090.836,289.808,100.0,0.0,0,0,100.0,FULL,636.45
590,19.6614,1093.519,290.035,100.0,0.0,0,0,100.0,FULL,636.45
591,19.6947,1096.205,290.259,100.0,0.0,0,0,100.0,FULL,636.45
592,19.728,1098.893,290.481,100.0,0.0,0,0,100.0,FULL,636.45
593,19.7614,1101.583,290.7,100.0,0.0,0,0,100.0,FULL,636.45
594,19.7947,1104.275,290.916,100.0,0.0,0,0,100.0,FULL,636.45
595,19.828,1106.969,291.13,100.0,0.0,0,0,100.0,FULL,636.45
596,19.8613,1109.665,291.342,100.0,0.0,0,0,100.0,FULL,636.45
597,19.8947,1112.363,291.551,100.0,0.0,0,0,100.0,FULL,636.45
598,19.928,1115.062,291.757,100.0,0.0,0,0,100.0,FULL,636.45
599,19.9613,1117.764,291.961,100.0,0.0,0,0,100.0,FULL,636.45
600,19.9946,1120.468,292.163,100.0,0.0,0,0,100.0,FULL,636.45
601,20.028,1123.173,292.362,100.0,0.0,0,0,100.0,FULL,636.45
602,20.0613,1125.88,292.559,100.0,0.0,0,0,100.0,FULL,636.45
603,20.0946,1128.589,292.754,100.0,0.0,0,0,100.0,FULL,636.45
604,20.1279,1131.3,292.946,100.0,0.0,0,0,100.0,FULL,636.45
605,20.1613,1134.013,293.136,100.0,0.0,0,0,100.0,FULL,636.45
606,20.1946,1136.727,293.324,100.0,0.0,0,0,100.0,FULL,636.45
607,20.2279,1139.443,293.509,100.0,0.0,0,0,100.0,FULL,636.45
608,20.2612,1142.161,293.693,100.0,0.0,0,0,100.0,FULL,636.45
609,20.2946,1144.881,293.874,100.0,0.0,0,0,100.0,FULL,636.45
610,20.3279,1147.602,294.053,100.0,0.0,0,0,100.0,FULL,636.45
611,20.3612,1150.325,294.23,100.0,0.0,0,0,100.0,FULL,636.45
612,20.3945,1153.049,294.405,100.0,0.0,0,0,100.0,FULL,636.45
613,20.4279,1155.775,294.578,100.0,0.0,0,0,100.0,FULL,636.45
614,20.4612,1158.503,294.749,100.0,0.0,0,0,100.0,FULL,636.45
615,20.4945,1161.232,294.918,100.0,0.0,0,0,100.0,FULL,636.45
616,20.5278,1163.963,295.084,100.0,0.0,0,0,100.0,FULL,636.45
617,20.5612,1166.695,295.249,100.0,0.0,0,0,100.0,FULL,636.45
618,20.5945,1169.429,295.412,100.0,0.0,0,0,100.0,FULL,636.45
619,20.6278,1172.164,295.573,100.0,0.0,0,0,100.0,FULL,636.45
620,20.6611,1174.901,295.732,100.0,0.0,0,0,100.0,FULL,636.45
621,20.6945,1177.639,295.889,100.0,0.0,0,0,100.0,FULL,636.45
622,20.7278,1180.379,296.044,100.0,0.0,0,0,100.0,FULL,636.45
623,20.7611,1183.12,296.197,100.0,0.0,0,0,100.0,FULL,636.45
624,20.7944,1185.862,296.348,100.0,0.0,0,0,100.0,FULL,636.45
625,20.8278,1188.606,296.497,100.0,0.0,0,0,100.0,FULL,636.45
626,20.8611,1191.352,296.644,100.0,0.0,0,0,100.0,FULL,636.45
627,20.8944,1194.098,296.789,100.0,0.0,0,0,100.0,FULL,636.45
628,20.9277,1196.846,296.931,100.0,0.0,0,0,100.0,FULL,636.45
629,20.9611,1199.596,297.07,100.0,0.0,0,0,100.0,FULL,636.45
630,20.9944,1202.346,297.208,100.0,0.0,0,0,100.0,FULL,636.45
631,21.0277,1205.098,297.341,100.0,0.0,0,0,100.0,FULL,636.45
632,21.061,1207.851,297.472,100.0,0.0,0,0,100.0,FULL,636.45
633,21.0944,1210.605,297.599,100.0,0.0,0,0,100.0,FULL,636.45
634,21.1277,1213.361,297.722,100.0,0.0,0,0,100.0,FULL,636.45
635,21.161,1216.117,297.84,100.0,0.0,0,0,100.0,FULL,636.45
636,21.1943,1218.875,297.952,100.0,0.0,0,0,100.0,FULL,636.45
637,21.2276,1221.633,298.058,100.0,0.0,0,0,100.0,FULL,636.45
638,21.261,1224.393,298.158,100.0,0.0,0,0,100.0,FULL,636.45
639,21.2943,1227.153,298.247,100.0,0.0,0,0,100.0,FULL,636.45
640,21.3276,1229.914,298.328,100.0,0.0,0,0,100.0,FULL,636.45
641,21.3609,1232.676,298.397,100.0,0.0,0,0,100.0,FULL,636.45
642,21.3943,1235.439,298.451,100.0,0.0,0,0,100.0,FULL,636.45
643,21.4276,1238.202,298.49,100.0,0.0,0,0,100.0,FULL,636.45
644,21.4609,1240.965,298.512,100.0,0.0,0,0,100.0,FULL,636.45
645,21.4942,1243.728,298.511,100.0,0.0,0,0,100.0,FULL,636.45
646,21.5276,1246.491,298.487,100.0,0.0,0,0,100.0,FULL,636.45
647,21.5609,1249.254,298.435,100.0,0.0,0,0,100.0,FULL,636.45
648,21.5942,1252.016,298.35,100.0,0.0,0,0,100.0,FULL,636.45
649,21.6275,1254.777,298.231,100.0,0.0,0,0,100.0,FULL,636.45
650,21.6609,1257.537,298.07,100.0,0.0,0,0,100.0,FULL,636.45
651,21.6942,1260.295,297.863,100.0,0.0,0,0,100.0,FULL,636.45
652,21.7275,1263.052,297.608,100.0,0.0,0,0,100.0,FULL,636.45
653,21.7608,1265.805,297.291,100.0,0.0,0,0,100.0,FULL,636.45
654,21.7942,1268.555,296.914,100.0,0.0,0,0,100.0,FULL,636.45
655,21.8275,1271.302,296.472,100.0,0.0,0,0,100.0,FULL,636.45
656,21.8608,1274.044,295.949,100.0,0.0,0,0,100.0,FULL,636.45
657,21.8941,1276.78,295.35,100.0,0.0,0,0,100.0,FULL,636.45
658,21.9275,1279.511,294.664,100.0,0.0,0,0,100.0,FULL,636.45
659,21.9608,1282.235,293.88,100.0,0.0,0,0,100.0,FULL,636.45
660,21.9941,1284.952,293.002,100.0,0.0,0,0,100.0,FULL,636.45
661,22.0274,1287.66,292.021,100.0,0.0,0,0,100.0,FULL,636.45
662,22.0608,1290.357,290.925,100.0,0.0,0,0,100.0,FULL,636.45
663,22.0941,1293.045,289.723,100.0,0.0,0,0,100.0,FULL,636.45
664,22.1274,1295.721,288.405,100.0,0.0,0,0,100.0,FULL,636.45
665,22.1607,1298.384,286.961,100.0,0.0,0,0,100.0,FULL,636.45
666,22.1941,1301.033,285.403,100.0,0.0,0,0,100.0,FULL,636.45
667,22.2274,1303.668,283.73,100.0,0.0,0,0,100.0,FULL,636.45
668,22.2607,1306.285,281.923,100.0,0.0,0,0,100.0,FULL,636.45
669,22.294,1308.886,280.001,100.0,0.0,0,0,100.0,FULL,636.45
670,22.3274,1311.469,277.967,100.0,0.0,0,0,100.0,FULL,636.45
671,22.3607,1314.033,275.822,100.0,0.0,0,0,100.0,FULL,636.45
672,22.394,1316.574,273.557,100.0,0.0,0,0,100.0,FULL,636.45
673,22.4273,1319.095,271.192,100.0,0.0,0,0,100.0,FULL,343.67
674,22.4607,1321.594,268.727,0.0,100.0,0,0,100.0,REGEN,0.0
675,22.494,1324.071,266.146,0.0,100.0,0,0,100.0,REGEN,0.0
676,22.5273,1326.523,263.422,0.0,100.0,0,0,100.0,REGEN,0.0
677,22.5606,1328.947,260.54,0.0,100.0,0,0,100.0,REGEN,0.0
678,22.5939,1331.344,257.515,0.0,100.0,0,0,100.0,REGEN,0.0
679,22.6273,1333.712,254.353,0.0,100.0,0,0,100.0,REGEN,0.0
680,22.6606,1336.052,251.058,0.0,100.0,0,0,100.0,REGEN,0.0
681,22.6939,1338.36,247.635,0.0,100.0,0,0,100.0,REGEN,0.0
682,22.7272,1340.637,244.091,0.0,100.0,0,0,100.0,REGEN,0.0
683,22.7606,1342.88,240.434,0.0,100.0,0,0,100.0,REGEN,0.0
684,22.7939,1345.089,236.674,0.0,100.0,0,0,100.0,REGEN,0.0
685,22.8272,1347.262,232.786,0.0,100.0,0,0,100.0,REGEN,0.0
686,22.8605,1349.393,227.87,0.0,100.0,0,0,100.0,REGEN,0.0
687,22.8939,1351.477,222.452,0.0,100.0,0,0,100.0,REGEN,0.0
688,22.9272,1353.511,217.186,0.0,100.0,0,0,100.0,REGEN,0.0
689,22.9605,1355.498,212.066,0.0,100.0,0,0,100.0,REGEN,0.0
690,22.9938,1357.439,207.085,0.0,100.0,0,0,100.0,REGEN,0.0
691,23.0272,1359.334,202.239,0.0,100.0,0,0,100.0,REGEN,0.0
692,23.0605,1361.185,197.527,0.0,100.0,0,0,100.0,REGEN,0.0
693,23.0938,1362.99,192.947,0.0,100.0,0,0,100.0,REGEN,0.0
694,23.1271,1364.753,188.487,0.0,100.0,0,0,100.0,REGEN,0.0
695,23.1605,1366.476,184.141,0.0,100.0,0,0,100.0,REGEN,0.0
696,23.1938,1368.161,179.904,0.0,100.0,0,0,100.0,REGEN,0.0
697,23.2271,1369.807,175.77,0.0,100.0,0,0,100.0,REGEN,0.0
698,23.2604,1371.418,171.731,0.0,100.0,0,0,100.0,REGEN,0.0
699,23.2938,1372.992,167.79,0.0,100.0,0,0,100.0,REGEN,0.0
700,23.3271,1374.523,163.948,0.0,100.0,0,0,100.0,REGEN,0.0
701,23.3604,1376.021,160.185,0.0,100.0,0,0,100.0,REGEN,0.0
702,23.3937,1377.489,156.517,0.0,100.0,0,0,100.0,REGEN,0.0
703,23.4271,1378.925,152.981,0.0,100.0,0,0,100.0,REGEN,0.0
704,23.4604,1380.32,149.704,0.0,100.0,0,0,100.0,REGEN,0.0
705,23.4937,1381.692,146.609,0.0,100.0,0,0,100.0,REGEN,0.0
706,23.527,1383.04,143.721,0.0,100.0,0,0,100.0,REGEN,0.0
707,23.5604,1384.353,141.154,0.0,100.0,0,0,100.0,REGEN,0.0
708,23.5937,1385.652,138.731,0.0,100.0,0,0,100.0,REGEN,0.0
709,23.627,1386.925,136.6,0.0,100.0,0,0,100.0,REGEN,0.0
710,23.6603,1388.18,134.717,0.0,100.0,0,0,100.0,REGEN,0.0
711,23.6937,1389.422,133.034,0.0,100.0,0,0,100.0,REGEN,0.0
712,23.727,1390.645,131.677,0.0,100.0,0,0,100.0,REGEN,0.0
713,23.7603,1391.862,130.405,0.0,100.0,0,0,100.0,REGEN,0.0
714,23.7936,1393.057,128.904,0.0,100.0,0,0,100.0,REGEN,0.0
715,23.827,1394.247,127.371,0.0,100.0,0,0,100.0,REGEN,0.0
716,23.8603,1395.413,125.618,0.0,100.0,0,0,100.0,REGEN,0.0
717,23.8936,1396.572,123.839,0.0,100.0,0,0,100.0,REGEN,0.0
718,23.9269,1397.704,121.946,0.0,100.0,0,0,100.0,REGEN,0.0
719,23.9602,1398.829,120.038,0.0,100.0,0,0,100.0,REGEN,0.0
720,23.9936,1399.925,118.063,0.0,100.0,0,0,100.0,REGEN,0.0
721,24.0269,1401.015,116.086,0.0,100.0,0,0,100.0,REGEN,0.0
722,24.0602,1402.074,114.094,0.0,100.0,0,0,100.0,REGEN,0.0
723,24.0935,1403.129,112.104,0.0,100.0,0,0,100.0,REGEN,0.0
724,24.1269,1404.149,110.141,0.0,100.0,0,0,100.0,REGEN,0.0
725,24.1602,1405.169,108.177,0.0,100.0,0,0,100.0,REGEN,0.0
726,24.1935,1406.152,106.266,0.0,100.0,0,0,100.0,REGEN,0.0
727,24.2268,1407.135,104.357,0.0,100.0,0,0,100.0,REGEN,0.0
728,24.2602,1408.085,102.506,0.0,100.0,0,0,100.0,REGEN,0.0
729,24.2935,1409.032,100.664,0.0,100.0,0,0,100.0,REGEN,0.0
730,24.3268,1409.95,98.877,0.0,100.0,0,0,100.0,REGEN,0.0
731,24.3601,1410.862,97.103,0.0,100.0,0,0,100.0,REGEN,0.0
732,24.3935,1411.749,95.403,0.0,100.0,0,0,100.0,REGEN,0.0
733,24.4268,1412.63,93.719,0.0,100.0,0,0,100.0,REGEN,0.0
734,24.4601,1413.487,92.278,0.0,100.0,0,0,100.0,REGEN,0.0
735,24.4934,1414.339,90.911,100.0,100.0,0,0,100.0,REGEN,34.47
736,24.5268,1415.175,90.023,100.0,100.0,0,0,100.0,REGEN,410.72
737,24.5601,1416.007,89.45,100.0,0.0,0,0,100.0,FULL,636.45
738,24.5934,1416.835,89.349,100.0,0.0,0,0,100.0,FULL,636.45
739,24.6267,1417.661,89.247,100.0,0.0,0,0,100.0,FULL,636.45
740,24.6601,1418.487,89.146,100.0,0.0,0,0,100.0,FULL,636.45
741,24.6934,1419.312,89.045,100.0,0.0,0,0,100.0,FULL,636.45
742,24.7267,1420.135,88.945,100.0,0.0,0,0,100.0,FULL,636.45
743,24.76,1420.958,88.844,100.0,0.0,0,0,100.0,FULL,636.45
744,24.7934,1421.78,88.744,100.0,0.0,0,0,100.0,FULL,636.45
745,24.8267,1422.605,89.107,100.0,0.0,0,0,100.0,FULL,636.45
746,24.86,1423.431,89.714,100.0,0.0,0,0,100.0,FULL,636.45
747,24.8933,1424.269,90.613,100.0,0.0,0,0,100.0,FULL,636.45
748,24.9267,1425.109,91.578,100.0,0.0,0,0,100.0,FULL,636.45
749,24.96,1425.966,92.712,100.0,0.0,0,0,100.0,FULL,636.45
750,24.9933,1426.827,93.876,100.0,0.0,0,0,100.0,FULL,636.45
751,25.0266,1427.705,95.129,100.0,0.0,0,0,100.0,FULL,636.45
752,25.06,1428.589,96.408,100.0,0.0,0,0,100.0,FULL,636.45
753,25.0933,1429.49,97.715,100.0,0.0,0,0,100.0,FULL,636.45
754,25.1266,1430.4,99.038,100.0,0.0,0,0,100.0,FULL,636.45
755,25.1599,1431.323,100.37,100.0,0.0,0,0,100.0,FULL,636.45
756,25.1933,1432.26,101.714,100.0,0.0,0,0,100.0,FULL,636.45
757,25.2266,1433.204,103.059,100.0,0.0,0,0,100.0,FULL,636.45
758,25.2599,1434.169,104.409,100.0,0.0,0,0,100.0,FULL,636.45
759,25.2932,1435.134,105.759,100.0,0.0,0,0,100.0,FULL,636.45
760,25.3265,1436.126,107.101,100.0,0.0,0,0,100.0,FULL,636.45
761,25.3599,1437.119,108.444,100.0,0.0,0,0,100.0,FULL,636.45
762,25.3932,1438.133,109.765,100.0,0.0,0,0,100.0,FULL,636.45
763,25.4265,1439.153,111.081,100.0,0.0,0,0,100.0,FULL,636.45
764,25.4598,1440.188,112.31,100.0,0.0,0,0,100.0,FULL,636.45
765,25.4932,1441.232,113.489,100.0,0.0,0,0,100.0,FULL,636.45
766,25.5265,1442.288,114.649,100.0,0.0,0,0,100.0,FULL,636.45
767,25.5598,1443.355,115.79,100.0,0.0,0,0,100.0,FULL,636.45
768,25.5931,1444.431,116.946,100.0,0.0,0,0,100.0,FULL,636.45
769,25.6265,1445.52,118.123,100.0,0.0,0,0,100.0,FULL,636.45
770,25.6598,1446.617,119.227,100.0,0.0,0,0,100.0,FULL,636.45
771,25.6931,1447.726,120.223,100.0,0.0,0,0,100.0,FULL,636.45
772,25.7264,1448.842,121.153,100.0,0.0,0,0,100.0,FULL,636.45
773,25.7598,1449.968,121.996,100.0,0.0,0,0,100.0,FULL,636.45
774,25.7931,1451.102,122.888,100.0,0.0,0,0,100.0,FULL,636.45
775,25.8264,1452.243,123.831,100.0,0.0,0,0,100.0,FULL,636.45
776,25.8597,1453.395,124.86,100.0,0.0,0,0,100.0,FULL,636.45
777,25.8931,1454.554,125.945,100.0,0.0,0,0,100.0,FULL,636.45
778,25.9264,1455.728,127.124,100.0,0.0,0,0,100.0,FULL,636.45
779,25.9597,1456.906,128.332,100.0,0.0,0,0,100.0,FULL,636.45
780,25.993,1458.104,129.65,100.0,0.0,0,0,100.0,FULL,636.45
781,26.0264,1459.308,130.995,100.0,0.0,0,0,100.0,FULL,636.45
782,26.0597,1460.529,132.417,100.0,0.0,0,0,100.0,FULL,636.45
783,26.093,1461.762,133.885,100.0,0.0,0,0,100.0,FULL,636.45
784,26.1263,1463.005,135.389,100.0,0.0,0,0,100.0,FULL,636.45
785,26.1597,1464.269,136.918,100.0,0.0,0,0,100.0,FULL,636.45
786,26.193,1465.542,138.451,100.0,0.0,0,0,100.0,FULL,636.45
787,26.2263,1466.83,139.986,100.0,0.0,0,0,100.0,FULL,636.45
788,26.2596,1468.135,141.528,100.0,0.0,0,0,100.0,FULL,636.45
789,26.293,1469.45,143.075,100.0,0.0,0,0,100.0,FULL,636.45
790,26.3263,1470.782,144.634,100.0,0.0,0,0,100.0,FULL,636.45
791,26.3596,1472.13,146.22,100.0,0.0,0,0,100.0,FULL,636.45
792,26.3929,1473.488,147.827,100.0,0.0,0,0,100.0,FULL,636.45
793,26.4263,1474.865,149.472,100.0,0.0,0,0,100.0,FULL,636.45
794,26.4596,1476.258,151.147,100.0,0.0,0,0,100.0,FULL,636.45
795,26.4929,1477.663,152.846,100.0,0.0,0,0,100.0,FULL,636.45
796,26.5262,1479.086,154.577,100.0,0.0,0,0,100.0,FULL,636.45
797,26.5596,1480.527,156.341,100.0,0.0,0,0,100.0,FULL,636.45
798,26.5929,1481.981,158.128,100.0,0.0,0,0,100.0,FULL,636.45
799,26.6262,1483.451,159.94,100.0,0.0,0,0,100.0,FULL,636.45
800,26.6595,1484.943,161.798,100.0,0.0,0,0,100.0,FULL,636.45
801,26.6929,1486.45,163.676,100.0,0.0,0,0,100.0,FULL,636.45
802,26.7262,1487.971,165.516,100.0,0.0,0,0,100.0,FULL,636.45
803,26.7595,1489.511,167.162,100.0,0.0,0,0,100.0,FULL,636.45
804,26.7928,1491.067,168.785,100.0,0.0,0,0,100.0,FULL,636.45
805,26.8261,1492.637,170.401,100.0,0.0,0,0,100.0,FULL,636.45
806,26.8595,1494.221,172.013,100.0,0.0,0,0,100.0,FULL,636.45
807,26.8928,1495.819,173.619,100.0,0.0,0,0,100.0,FULL,636.45
808,26.9261,1497.435,175.216,100.0,0.0,0,0,100.0,FULL,636.45
809,26.9594,1499.065,176.805,100.0,0.0,0,0,100.0,FULL,636.45
810,26.9928,1500.709,178.385,100.0,0.0,0,0,100.0,FULL,636.45
811,27.0261,1502.367,179.955,100.0,0.0,0,0,100.0,FULL,636.45
812,27.0594,1504.039,181.514,100.0,0.0,0,0,100.0,FULL,636.45
813,27.0927,1505.726,183.062,100.0,0.0,0,0,100.0,FULL,636.45
814,27.1261,1507.428,184.595,100.0,0.0,0,0,100.0,FULL,636.45
815,27.1594,1509.145,186.116,100.0,0.0,0,0,100.0,FULL,636.45
816,27.1927,1510.875,187.623,100.0,0.0,0,0,100.0,FULL,636.45
817,27.226,1512.619,189.115,100.0,0.0,0,0,100.0,FULL,636.45
818,27.2594,1514.376,190.593,100.0,0.0,0,0,100.0,FULL,636.45
819,27.2927,1516.147,192.055,100.0,0.0,0,0,100.0,FULL,636.45
820,27.326,1517.93,193.502,100.0,0.0,0,0,100.0,FULL,636.45
821,27.3593,1519.728,194.933,100.0,0.0,0,0,100.0,FULL,636.45
822,27.3927,1521.539,196.346,100.0,0.0,0,0,100.0,FULL,636.45
823,27.426,1523.363,197.743,100.0,0.0,0,0,100.0,FULL,636.45
824,27.4593,1525.201,199.122,100.0,0.0,0,0,100.0,FULL,636.45
825,27.4926,1527.05,200.485,100.0,0.0,0,0,100.0,FULL,636.45
826,27.526,1528.913,201.831,100.0,0.0,0,0,100.0,FULL,636.45
827,27.5593,1530.787,203.16,100.0,0.0,0,0,100.0,FULL,636.45
828,27.5926,1532.674,204.472,100.0,0.0,0,0,100.0,FULL,636.45
829,27.6259,1534.572,205.767,100.0,0.0,0,0,100.0,FULL,636.45
830,27.6593,1536.483,207.045,100.0,0.0,0,0,100.0,FULL,636.45
831,27.6926,1538.405,208.306,100.0,0.0,0,0,100.0,FULL,636.45
832,27.7259,1540.339,209.551,100.0,0.0,0,0,100.0,FULL,636.45
833,27.7592,1542.284,210.78,100.0,0.0,0,0,100.0,FULL,636.45
834,27.7926,1544.241,211.992,100.0,0.0,0,0,100.0,FULL,636.45
835,27.8259,1546.208,213.188,100.0,0.0,0,0,100.0,FULL,636.45
836,27.8592,1548.187,214.367,100.0,0.0,0,0,100.0,FULL,636.45
837,27.8925,1550.177,215.531,100.0,0.0,0,0,100.0,FULL,636.45
838,27.9259,1552.177,216.679,100.0,0.0,0,0,100.0,FULL,636.45
839,27.9592,1554.188,217.811,100.0,0.0,0,0,100.0,FULL,636.45
840,27.9925,1556.21,218.929,100.0,0.0,0,0,100.0,FULL,636.45
841,28.0258,1558.242,220.032,100.0,0.0,0,0,100.0,FULL,636.45
842,28.0592,1560.283,221.12,100.0,0.0,0,0,100.0,FULL,636.45
843,28.0925,1562.335,222.193,100.0,0.0,0,0,100.0,FULL,636.45
844,28.1258,1564.397,223.253,100.0,0.0,0,0,100.0,FULL,636.45
845,28.1591,1566.468,224.298,100.0,0.0,0,0,100.0,FULL,636.45
846,28.1924,1568.549,225.33,100.0,0.0,0,0,100.0,FULL,636.45
847,28.2258,1570.64,226.349,100.0,0.0,0,0,100.0,FULL,636.45
848,28.2591,1572.74,227.353,100.0,0.0,0,0,100.0,FULL,636.45
849,28.2924,1574.849,228.344,100.0,0.0,0,0,100.0,FULL,636.45
850,28.3257,1576.967,229.323,100.0,0.0,0,0,100.0,FULL,636.45
851,28.3591,1579.095,230.289,100.0,0.0,0,0,100.0,FULL,636.45
852,28.3924,1581.231,231.242,100.0,0.0,0,0,100.0,FULL,636.45
853,28.4257,1583.376,232.183,100.0,0.0,0,0,100.0,FULL,636.45
854,28.459,1585.53,233.112,100.0,0.0,0,0,100.0,FULL,636.45
855,28.4924,1587.692,234.029,100.0,0.0,0,0,100.0,FULL,636.45
856,28.5257,1589.862,234.934,100.0,0.0,0,0,100.0,FULL,636.45
857,28.559,1592.041,235.828,100.0,0.0,0,0,100.0,FULL,636.45
858,28.5923,1594.228,236.71,100.0,0.0,0,0,100.0,FULL,636.45
859,28.6257,1596.423,237.582,100.0,0.0,0,0,100.0,FULL,636.45
860,28.659,1598.626,238.442,100.0,0.0,0,0,100.0,FULL,636.45
861,28.6923,1600.837,239.291,100.0,0.0,0,0,100.0,FULL,636.45
862,28.7256,1603.056,240.129,100.0,0.0,0,0,100.0,FULL,636.45
863,28.759,1605.283,240.957,100.0,0.0,0,0,100.0,FULL,636.45
864,28.7923,1607.518,241.774,100.0,0.0,0,0,100.0,FULL,636.45
865,28.8256,1609.759,242.581,100.0,0.0,0,0,100.0,FULL,636.45
866,28.8589,1612.009,243.378,100.0,0.0,0,0,100.0,FULL,636.45
867,28.8923,1614.265,244.165,100.0,0.0,0,0,100.0,FULL,636.45
868,28.9256,1616.529,244.942,100.0,0.0,0,0,100.0,FULL,636.45
869,28.9589,1618.8,245.71,100.0,0.0,0,0,100.0,FULL,636.45
870,28.9922,1621.077,246.468,100.0,0.0,0,0,100.0,FULL,636.45
871,29.0256,1623.362,247.217,100.0,0.0,0,0,100.0,FULL,636.45
872,29.0589,1625.655,247.955,100.0,0.0,0,0,100.0,FULL,636.45
873,29.0922,1627.953,248.685,100.0,0.0,0,0,100.0,FULL,636.45
874,29.1255,1630.259,249.406,100.0,0.0,0,0,100.0,FULL,636.45
875,29.1589,1632.571,250.118,100.0,0.0,0,0,100.0,FULL,636.45
876,29.1922,1634.889,250.822,100.0,0.0,0,0,100.0,FULL,636.45
877,29.2255,1637.214,251.516,100.0,0.0,0,0,100.0,FULL,636.45
878,29.2588,1639.545,252.203,100.0,0.0,0,0,100.0,FULL,636.45
879,29.2922,1641.883,252.88,100.0,0.0,0,0,100.0,FULL,636.45
880,29.3255,1644.227,253.549,100.0,0.0,0,0,100.0,FULL,636.45
881,29.3588,1646.577,254.21,100.0,0.0,0,0,100.0,FULL,636.45
882,29.3921,1648.934,254.862,100.0,0.0,0,0,100.0,FULL,636.45
883,29.4255,1651.296,255.507,100.0,0.0,0,0,100.0,FULL,636.45
884,29.4588,1653.663,256.144,100.0,0.0,0,0,100.0,FULL,636.45
885,29.4921,1656.038,256.773,100.0,0.0,0,0,100.0,FULL,636.45
886,29.5254,1658.418,257.394,100.0,0.0,0,0,100.0,FULL,636.45
887,29.5587,1660.803,258.007,100.0,0.0,0,0,100.0,FULL,636.45
888,29.5921,1663.194,258.613,100.0,0.0,0,0,100.0,FULL,636.45
889,29.6254,1665.591,259.212,100.0,0.0,0,0,100.0,FULL,636.45
890,29.6587,1667.993,259.803,100.0,0.0,0,0,100.0,FULL,636.45
891,29.692,1670.401,260.386,100.0,0.0,0,0,100.0,FULL,636.45
892,29.7254,1672.814,260.962,100.0,0.0,0,0,100.0,FULL,636.45
893,29.7587,1675.232,261.531,100.0,0.0,0,0,100.0,FULL,636.45
894,29.792,1677.655,262.092,100.0,0.0,0,0,100.0,FULL,636.45
895,29.8253,1680.084,262.647,100.0,0.0,0,0,100.0,FULL,636.45
896,29.8587,1682.518,263.194,100.0,0.0,0,0,100.0,FULL,636.45
897,29.892,1684.957,263.734,100.0,0.0,0,0,100.0,FULL,636.45
898,29.9253,1687.401,264.267,100.0,0.0,0,0,100.0,FULL,636.45
899,29.9586,1689.849,264.793,100.0,0.0,0,0,100.0,FULL,636.45
900,29.992,1692.303,265.312,100.0,0.0,0,0,100.0,FULL,636.45
901,30.0253,1694.761,265.824,100.0,0.0,0,0,100.0,FULL,636.45
902,30.0586,1697.224,266.329,100.0,0.0,0,0,100.0,FULL,636.45
903,30.0919,1699.692,266.827,100.0,0.0,0,0,100.0,FULL,636.45
904,30.1253,1702.164,267.319,100.0,0.0,0,0,100.0,FULL,636.45
905,30.1586,1704.641,267.803,100.0,0.0,0,0,100.0,FULL,636.45
906,30.1919,1707.122,268.28,100.0,0.0,0,0,100.0,FULL,636.45
907,30.2252,1709.608,268.751,100.0,0.0,0,0,100.0,FULL,636.45
908,30.2586,1712.097,269.215,100.0,0.0,0,0,100.0,FULL,636.45
909,30.2919,1714.592,269.672,100.0,0.0,0,0,100.0,FULL,636.45
910,30.3252,1717.09,270.123,100.0,0.0,0,0,100.0,FULL,636.45
911,30.3585,1719.592,270.568,100.0,0.0,0,0,100.0,FULL,636.45
912,30.3919,1722.099,271.006,100.0,0.0,0,0,100.0,FULL,636.45
913,30.4252,1724.61,271.437,100.0,0.0,0,0,100.0,FULL,636.45
914,30.4585,1727.124,271.863,100.0,0.0,0,0,100.0,FULL,636.45
915,30.4918,1729.643,272.283,100.0,0.0,0,0,100.0,FULL,636.45
916,30.5252,1732.165,272.696,100.0,0.0,0,0,100.0,FULL,636.45
917,30.5585,1734.692,273.104,100.0,0.0,0,0,100.0,FULL,636.45
918,30.5918,1737.221,273.507,100.0,0.0,0,0,100.0,FULL,636.45
919,30.6251,1739.755,273.903,100.0,0.0,0,0,100.0,FULL,636.45
920,30.6585,1742.292,274.295,100.0,0.0,0,0,100.0,FULL,636.45
921,30.6918,1744.833,274.682,100.0,0.0,0,0,100.0,FULL,636.45
922,30.7251,1747.378,275.064,100.0,0.0,0,0,100.0,FULL,636.45
923,30.7584,1749.926,275.441,100.0,0.0,0,0,100.0,FULL,636.45
924,30.7918,1752.477,275.815,100.0,0.0,0,0,100.0,FULL,636.45
925,30.8251,1755.032,276.184,100.0,0.0,0,0,100.0,FULL,636.45
926,30.8584,1757.59,276.548,100.0,0.0,0,0,100.0,FULL,636.45
927,30.8917,1760.152,276.909,100.0,0.0,0,0,100.0,FULL,636.45
928,30.9251,1762.717,277.266,100.0,0.0,0,0,100.0,FULL,636.45
929,30.9584,1765.285,277.619,100.0,0.0,0,0,100.0,FULL,636.45
930,30.9917,1767.856,277.968,100.0,0.0,0,0,100.0,FULL,636.45
931,31.025,1770.431,278.314,100.0,0.0,0,0,100.0,FULL,636.45
932,31.0583,1773.009,278.656,100.0,0.0,0,0,100.0,FULL,636.45
933,31.0917,1775.59,278.995,100.0,0.0,0,0,100.0,FULL,636.45
934,31.125,1778.174,279.33,100.0,0.0,0,0,100.0,FULL,636.45
935,31.1583,1780.761,279.663,100.0,0.0,0,0,100.0,FULL,636.45
936,31.1916,1783.352,279.991,100.0,0.0,0,0,100.0,FULL,636.45
937,31.225,1785.945,280.317,100.0,0.0,0,0,100.0,FULL,636.45
938,31.2583,1788.541,280.639,100.0,0.0,0,0,100.0,FULL,636.45
939,31.2916,1791.141,280.958,100.0,0.0,0,0,100.0,FULL,636.45
940,31.3249,1793.743,281.274,100.0,0.0,0,0,100.0,FULL,636.45
941,31.3583,1796.348,281.586,100.0,0.0,0,0,100.0,FULL,636.45
942,31.3916,1798.956,281.895,100.0,0.0,0,0,100.0,FULL,636.45
943,31.4249,1801.567,282.201,100.0,0.0,0,0,100.0,FULL,636.45
944,31.4582,1804.181,282.503,100.0,0.0,0,0,100.0,FULL,636.45
945,31.4916,1806.797,282.802,100.0,0.0,0,0,100.0,FULL,636.45
946,31.5249,1809.416,283.098,100.0,0.0,0,0,100.0,FULL,636.45
947,31.5582,1812.038,283.389,100.0,0.0,0,0,100.0,FULL,636.45
948,31.5915,1814.663,283.678,100.0,0.0,0,0,100.0,FULL,636.45
949,31.6249,1817.29,283.963,100.0,0.0,0,0,100.0,FULL,636.45
950,31.6582,1819.92,284.245,100.0,0.0,0,0,100.0,FULL,636.45
951,31.6915,1822.552,284.523,100.0,0.0,0,0,100.0,FULL,636.45
952,31.7248,1825.187,284.798,100.0,0.0,0,0,100.0,FULL,636.45
953,31.7582,1827.825,285.069,100.0,0.0,0,0,100.0,FULL,636.45
954,31.7915,1830.465,285.337,100.0,0.0,0,0,100.0,FULL,636.45
955,31.8248,1833.108,285.601,100.0,0.0,0,0,100.0,FULL,636.45
956,31.8581,1835.753,285.862,100.0,0.0,0,0,100.0,FULL,636.45
957,31.8915,1838.4,286.12,100.0,0.0,0,0,100.0,FULL,636.45
958,31.9248,1841.05,286.374,100.0,0.0,0,0,100.0,FULL,636.45
959,31.9581,1843.702,286.625,100.0,0.0,0,0,100.0,FULL,636.45
960,31.9914,1846.356,286.873,100.0,0.0,0,0,100.0,FULL,636.45
961,32.0248,1849.013,287.118,100.0,0.0,0,0,100.0,FULL,636.45
962,32.0581,1851.672,287.359,100.0,0.0,0,0,100.0,FULL,636.45
963,32.0914,1854.333,287.596,100.0,0.0,0,0,100.0,FULL,636.45
964,32.1247,1856.996,287.83,100.0,0.0,0,0,100.0,FULL,636.45
965,32.1581,1859.661,288.06,100.0,0.0,0,0,100.0,FULL,636.45
966,32.1914,1862.329,288.285,100.0,0.0,0,0,100.0,FULL,636.45
967,32.2247,1864.999,288.506,100.0,0.0,0,0,100.0,FULL,636.45
968,32.258,1867.67,288.723,100.0,0.0,0,0,100.0,FULL,636.45
969,32.2914,1870.344,288.933,100.0,0.0,0,0,100.0,FULL,636.45
970,32.3247,1873.019,289.138,100.0,0.0,0,0,100.0,FULL,636.45
971,32.358,1875.697,289.336,100.0,0.0,0,0,100.0,FULL,636.45
972,32.3913,1878.376,289.527,100.0,0.0,0,0,100.0,FULL,636.45
973,32.4246,1881.057,289.71,100.0,0.0,0,0,100.0,FULL,636.45
974,32.458,1883.74,289.883,100.0,0.0,0,0,100.0,FULL,636.45
975,32.4913,1886.424,290.046,100.0,0.0,0,0,100.0,FULL,636.45
976,32.5246,1889.109,290.198,100.0,0.0,0,0,100.0,FULL,636.45
977,32.5579,1891.796,290.336,100.0,0.0,0,0,100.0,FULL,636.45
978,32.5913,1894.484,290.461,100.0,0.0,0,0,100.0,FULL,636.45
979,32.6246,1897.174,290.569,100.0,0.0,0,0,100.0,FULL,636.45
980,32.6579,1899.864,290.659,100.0,0.0,0,0,100.0,FULL,636.45
981,32.6912,1902.555,290.731,100.0,0.0,0,0,100.0,FULL,636.45
982,32.7246,1905.246,290.782,100.0,0.0,0,0,100.0,FULL,636.45
983,32.7579,1907.938,290.808,100.0,0.0,0,0,100.0,FULL,636.45
984,32.7912,1910.63,290.81,100.0,0.0,0,0,100.0,FULL,636.45
985,32.8245,1913.322,290.787,100.0,0.0,0,0,100.0,FULL,636.45
986,32.8579,1916.013,290.733,100.0,0.0,0,0,100.0,FULL,636.45
987,32.8912,1918.704,290.649,100.0,0.0,0,0,100.0,FULL,636.45
988,32.9245,1921.394,290.534,100.0,0.0,0,0,100.0,FULL,636.45
989,32.9578,1924.083,290.384,100.0,0.0,0,0,100.0,FULL,636.45
990,32.9912,1926.77,290.199,100.0,0.0,0,0,100.0,FULL,636.45
991,33.0245,1929.455,289.979,100.0,0.0,0,0,100.0,FULL,636.45
992,33.0578,1932.139,289.721,100.0,0.0,0,0,100.0,FULL,636.45
993,33.0911,1934.819,289.425,100.0,0.0,0,0,100.0,FULL,636.45
994,33.1245,1937.497,289.094,100.0,0.0,0,0,100.0,FULL,636.45
995,33.1578,1940.171,288.721,100.0,0.0,0,0,100.0,FULL,636.45
996,33.1911,1942.842,288.313,100.0,0.0,0,0,100.0,FULL,636.45
997,33.2244,1945.509,287.869,100.0,0.0,0,0,100.0,FULL,636.45
998,33.2578,1948.171,287.389,100.0,0.0,0,0,100.0,FULL,636.45
999,33.2911,1950.829,286.878,100.0,0.0,0,0,100.0,FULL,636.45
1000,33.3244,1953.482,286.333,100.0,0.0,0,0,100.0,FULL,636.45
1001,33.3577,1956.13,285.76,100.0,0.0,0,0,100.0,FULL,166.04
1002,33.3911,1958.773,285.162,0.0,100.0,0,0,100.0,REGEN,0.0
1003,33.4244,1961.409,284.535,0.0,100.0,0,0,100.0,REGEN,0.0
1004,33.4577,1964.04,283.885,0.0,100.0,0,0,100.0,REGEN,0.0
1005,33.491,1966.665,283.211,0.0,100.0,0,0,100.0,REGEN,0.0
1006,33.5244,1969.283,282.518,0.0,100.0,0,0,100.0,REGEN,0.0
1007,33.5577,1971.895,281.812,0.0,100.0,0,0,100.0,REGEN,0.0
1008,33.591,1974.498,280.547,0.0,100.0,0,0,100.0,REGEN,0.0
1009,33.6243,1977.086,278.545,0.0,100.0,0,0,100.0,REGEN,0.0
1010,33.6577,1979.657,276.795,0.0,100.0,0,0,100.0,REGEN,0.0
1011,33.691,1982.212,275.411,0.0,100.0,0,0,100.0,REGEN,0.0
1012,33.7243,1984.754,273.97,0.0,100.0,0,0,100.0,REGEN,0.0
1013,33.7576,1987.284,272.438,0.0,100.0,0,0,100.0,REGEN,0.0
1014,33.7909,1989.799,270.877,0.0,100.0,0,0,100.0,REGEN,0.0
1015,33.8243,1992.298,269.352,0.0,100.0,0,0,100.0,REGEN,0.0
1016,33.8576,1994.785,267.94,0.0,100.0,0,0,100.0,REGEN,0.0
1017,33.8909,1997.261,266.917,0.0,100.0,0,0,100.0,REGEN,0.0
1018,33.9242,1999.731,266.831,0.0,100.0,0,0,100.0,REGEN,0.0
1019,33.9576,2002.201,266.831,0.0,100.0,0,0,100.0,REGEN,0.0
1020,33.9909,2004.671,266.814,100.0,100.0,0,0,100.0,REGEN,434.81
1021,34.0242,2007.14,266.423,100.0,0.0,0,0,100.0,FULL,636.45
1022,34.0575,2009.605,266.145,100.0,0.0,0,0,100.0,FULL,636.45
1023,34.0909,2012.068,266.048,100.0,0.0,0,0,100.0,FULL,636.45
1024,34.1242,2014.53,266.07,100.0,0.0,0,0,100.0,FULL,636.45
1025,34.1575,2016.994,266.183,100.0,0.0,0,0,100.0,FULL,636.45
1026,34.1908,2019.459,266.373,100.0,0.0,0,0,100.0,FULL,636.45
1027,34.2242,2021.926,266.637,100.0,0.0,0,0,100.0,FULL,636.45
1028,34.2575,2024.396,267.061,100.0,0.0,0,0,100.0,FULL,636.45
1029,34.2908,2026.87,267.559,100.0,0.0,0,0,100.0,FULL,636.45
1030,34.3241,2029.349,268.051,100.0,0.0,0,0,100.0,FULL,636.45
1031,34.3575,2031.833,268.536,100.0,0.0,0,0,100.0,FULL,636.45
1032,34.3908,2034.321,269.017,100.0,0.0,0,0,100.0,FULL,636.45
1033,34.4241,2036.813,269.491,100.0,0.0,0,0,100.0,FULL,636.45
1034,34.4574,2039.31,269.96,100.0,0.0,0,0,100.0,FULL,636.45
1035,34.4908,2041.811,270.423,100.0,0.0,0,0,100.0,FULL,636.45
1036,34.5241,2044.316,270.881,100.0,0.0,0,0,100.0,FULL,636.45
1037,34.5574,2046.826,271.333,100.0,0.0,0,0,100.0,FULL,636.45
1038,34.5907,2049.34,271.779,100.0,0.0,0,0,100.0,FULL,636.45
1039,34.6241,2051.858,272.221,100.0,0.0,0,0,100.0,FULL,636.45
1040,34.6574,2054.379,272.657,100.0,0.0,0,0,100.0,FULL,636.45
1041,34.6907,2056.905,273.087,100.0,0.0,0,0,100.0,FULL,636.45
1042,34.724,2059.435,273.513,100.0,0.0,0,0,100.0,FULL,636.45
1043,34.7574,2061.969,273.934,100.0,0.0,0,0,100.0,FULL,636.45
1044,34.7907,2064.507,274.349,100.0,0.0,0,0,100.0,FULL,636.45
1045,34.824,2067.048,274.742,100.0,0.0,0,0,100.0,FULL,636.45
1046,34.8573,2069.593,275.092,100.0,0.0,0,0,100.0,FULL,636.45
1047,34.8907,2072.141,275.436,100.0,0.0,0,0,100.0,FULL,636.45
1048,34.924,2074.692,275.785,100.0,0.0,0,0,100.0,FULL,636.45
1049,34.9573,2077.247,276.137,100.0,0.0,0,0,100.0,FULL,636.45
1050,34.9906,2079.805,276.491,100.0,0.0,0,0,100.0,FULL,636.45
1051,35.024,2082.366,276.846,100.0,0.0,0,0,100.0,FULL,636.45
1052,35.0573,2084.93,277.202,100.0,0.0,0,0,100.0,FULL,636.45
1053,35.0906,2087.498,277.558,100.0,0.0,0,0,100.0,FULL,636.45
1054,35.1239,2090.069,277.913,100.0,0.0,0,0,100.0,FULL,636.45
1055,35.1573,2092.643,278.267,100.0,0.0,0,0,100.0,FULL,636.45
1056,35.1906,2095.22,278.619,100.0,0.0,0,0,100.0,FULL,636.45
1057,35.2239,2097.801,278.969,100.0,0.0,0,0,100.0,FULL,636.45
1058,35.2572,2100.385,279.317,100.0,0.0,0,0,100.0,FULL,636.45
1059,35.2905,2102.972,279.662,100.0,0.0,0,0,100.0,FULL,636.45
1060,35.3239,2105.563,280.004,100.0,0.0,0,0,100.0,FULL,636.45
1061,35.3572,2108.156,280.343,100.0,0.0,0,0,100.0,FULL,636.45
1062,35.3905,2110.753,280.679,100.0,0.0,0,0,100.0,FULL,636.45
1063,35.4238,2113.352,281.011,100.0,0.0,0,0,100.0,FULL,636.45
1064,35.4572,2115.955,281.34,100.0,0.0,0,0,100.0,FULL,636.45
1065,35.4905,2118.561,281.666,100.0,0.0,0,0,100.0,FULL,636.45
1066,35.5238,2121.17,281.988,100.0,0.0,0,0,100.0,FULL,636.45
1067,35.5571,2123.782,282.306,100.0,0.0,0,0,100.0,FULL,636.45
1068,35.5905,2126.396,282.621,100.0,0.0,0,0,100.0,FULL,636.45
1069,35.6238,2129.014,282.933,100.0,0.0,0,0,100.0,FULL,636.45
1070,35.6571,2131.634,283.241,100.0,0.0,0,0,100.0,FULL,636.45
1071,35.6904,2134.258,283.545,100.0,0.0,0,0,100.0,FULL,636.45
1072,35.7238,2136.884,283.846,100.0,0.0,0,0,100.0,FULL,636.45
1073,35.7571,2139.513,284.143,100.0,0.0,0,0,100.0,FULL,636.45
1074,35.7904,2142.144,284.437,100.0,0.0,0,0,100.0,FULL,636.45
1075,35.8237,2144.779,284.727,100.0,0.0,0,0,100.0,FULL,636.45
1076,35.8571,2147.416,285.014,100.0,0.0,0,0,100.0,FULL,636.45
1077,35.8904,2150.055,285.298,100.0,0.0,0,0,100.0,FULL,636.45
1078,35.9237,2152.698,285.578,100.0,0.0,0,0,100.0,FULL,636.45
1079,35.957,2155.342,285.855,100.0,0.0,0,0,100.0,FULL,636.45
1080,35.9904,2157.99,286.129,100.0,0.0,0,0,100.0,FULL,636.45
1081,36.0237,2160.64,286.399,100.0,0.0,0,0,100.0,FULL,636.45
1082,36.057,2163.292,286.666,100.0,0.0,0,0,100.0,FULL,636.45
1083,36.0903,2165.947,286.931,100.0,0.0,0,0,100.0,FULL,636.45
1084,36.1237,2168.604,287.191,100.0,0.0,0,0,100.0,FULL,636.45
1085,36.157,2171.264,287.449,100.0,0.0,0,0,100.0,FULL,636.45
1086,36.1903,2173.926,287.704,100.0,0.0,0,0,100.0,FULL,636.45
1087,36.2236,2176.59,287.956,100.0,0.0,0,0,100.0,FULL,636.45
1088,36.257,2179.257,288.204,100.0,0.0,0,0,100.0,FULL,636.45
1089,36.2903,2181.926,288.449,100.0,0.0,0,0,100.0,FULL,636.45
1090,36.3236,2184.597,288.692,100.0,0.0,0,0,100.0,FULL,636.45
1091,36.3569,2187.27,288.93,100.0,0.0,0,0,100.0,FULL,636.45
1092,36.3903,2189.946,289.166,100.0,0.0,0,0,100.0,FULL,636.45
1093,36.4236,2192.624,289.399,100.0,0.0,0,0,100.0,FULL,636.45
1094,36.4569,2195.304,289.627,100.0,0.0,0,0,100.0,FULL,636.45
1095,36.4902,2197.986,289.853,100.0,0.0,0,0,100.0,FULL,636.45
1096,36.5236,2200.67,290.074,100.0,0.0,0,0,100.0,FULL,636.45
1097,36.5569,2203.356,290.291,100.0,0.0,0,0,100.0,FULL,636.45
1098,36.5902,2206.044,290.504,100.0,0.0,0,0,100.0,FULL,636.45
1099,36.6235,2208.734,290.713,100.0,0.0,0,0,100.0,FULL,636.45
1100,36.6568,2211.427,290.916,100.0,0.0,0,0,100.0,FULL,636.45
1101,36.6902,2214.12,291.113,100.0,0.0,0,0,100.0,FULL,636.45
1102,36.7235,2216.816,291.304,100.0,0.0,0,0,100.0,FULL,636.45
1103,36.7568,2219.513,291.487,100.0,0.0,0,0,100.0,FULL,636.45
1104,36.7901,2222.212,291.661,100.0,0.0,0,0,100.0,FULL,636.45
1105,36.8235,2224.913,291.827,100.0,0.0,0,0,100.0,FULL,636.45
1106,36.8568,2227.615,291.981,100.0,0.0,0,0,100.0,FULL,636.45
1107,36.8901,2230.319,292.123,100.0,0.0,0,0,100.0,FULL,636.45
1108,36.9234,2233.023,292.252,100.0,0.0,0,0,100.0,FULL,636.45
1109,36.9568,2235.729,292.363,100.0,0.0,0,0,100.0,FULL,636.45
1110,36.9901,2238.436,292.455,100.0,0.0,0,0,100.0,FULL,636.45
1111,37.0234,2241.143,292.528,100.0,0.0,0,0,100.0,FULL,636.45
1112,37.0567,2243.852,292.575,100.0,0.0,0,0,100.0,FULL,636.45
1113,37.0901,2246.56,292.596,100.0,0.0,0,0,100.0,FULL,636.45
1114,37.1234,2249.268,292.587,100.0,0.0,0,0,100.0,FULL,636.45
1115,37.1567,2251.977,292.542,100.0,0.0,0,0,100.0,FULL,636.45
1116,37.19,2254.684,292.459,100.0,0.0,0,0,100.0,FULL,636.45
1117,37.2234,2257.391,292.336,100.0,0.0,0,0,100.0,FULL,636.45
1118,37.2567,2260.096,292.162,100.0,0.0,0,0,100.0,FULL,636.45
1119,37.29,2262.8,291.937,100.0,0.0,0,0,100.0,FULL,636.45
1120,37.3233,2265.501,291.66,100.0,0.0,0,0,100.0,FULL,636.45
1121,37.3567,2268.199,291.316,100.0,0.0,0,0,100.0,FULL,636.45
1122,37.39,2270.894,290.908,100.0,0.0,0,0,100.0,FULL,636.45
1123,37.4233,2273.585,290.434,100.0,0.0,0,0,100.0,FULL,636.45
1124,37.4566,2276.27,289.878,100.0,0.0,0,0,100.0,FULL,636.45
1125,37.49,2278.951,289.244,100.0,0.0,0,0,100.0,FULL,636.45
1126,37.5233,2281.625,288.532,100.0,0.0,0,0,100.0,FULL,636.45
1127,37.5566,2284.292,287.725,100.0,0.0,0,0,100.0,FULL,636.45
1128,37.5899,2286.951,286.831,100.0,0.0,0,0,100.0,FULL,636.45
1129,37.6233,2289.602,285.85,100.0,0.0,0,0,100.0,FULL,636.45
1130,37.6566,2292.243,284.769,100.0,0.0,0,0,100.0,FULL,636.45
1131,37.6899,2294.874,283.593,100.0,0.0,0,0,100.0,FULL,636.45
1132,37.7232,2297.493,282.328,100.0,0.0,0,0,100.0,FULL,636.45
1133,37.7566,2300.101,280.968,100.0,0.0,0,0,100.0,FULL,636.45
1134,37.7899,2302.694,279.509,100.0,0.0,0,0,100.0,FULL,636.45
1135,37.8232,2305.274,277.963,100.0,0.0,0,0,100.0,FULL,231.4
1136,37.8565,2307.841,276.332,0.0,100.0,0,0,100.0,REGEN,0.0
1137,37.8899,2310.39,274.612,0.0,100.0,0,0,100.0,REGEN,0.0
1138,37.9232,2312.924,272.811,0.0,100.0,0,0,100.0,REGEN,0.0
1139,37.9565,2315.44,270.939,0.0,100.0,0,0,100.0,REGEN,0.0
1140,37.9898,2317.94,268.994,0.0,100.0,0,0,100.0,REGEN,0.0
1141,38.0231,2320.421,266.957,0.0,100.0,0,0,100.0,REGEN,0.0
1142,38.0565,2322.881,264.805,0.0,100.0,0,0,100.0,REGEN,0.0
1143,38.0898,2325.322,262.553,0.0,100.0,0,0,100.0,REGEN,0.0
1144,38.1231,2327.741,260.202,0.0,100.0,0,0,100.0,REGEN,0.0
1145,38.1564,2330.139,257.758,0.0,100.0,0,0,100.0,REGEN,0.0
1146,38.1898,2332.512,254.763,0.0,100.0,0,0,100.0,REGEN,0.0
1147,38.2231,2334.846,249.272,0.0,100.0,0,0,100.0,REGEN,0.0
1148,38.2564,2337.128,244.267,0.0,100.0,0,0,100.0,REGEN,0.0
1149,38.2897,2339.369,240.126,0.0,100.0,0,0,100.0,REGEN,0.0
1150,38.3231,2341.579,237.373,0.0,100.0,0,0,100.0,REGEN,0.0
1151,38.3564,2343.771,236.299,0.0,100.0,0,0,100.0,REGEN,0.0
1152,38.3897,2345.955,235.569,0.0,100.0,0,0,100.0,REGEN,0.0
1153,38.423,2348.129,234.195,0.0,100.0,0,0,100.0,REGEN,0.0
1154,38.4564,2350.285,231.585,0.0,100.0,0,0,100.0,REGEN,0.0
1155,38.4897,2352.413,228.201,0.0,100.0,0,0,100.0,REGEN,0.0
1156,38.523,2354.507,224.357,0.0,100.0,0,0,100.0,REGEN,0.0
1157,38.5563,2356.565,220.223,0.0,100.0,0,0,100.0,REGEN,0.0
1158,38.5897,2358.583,215.904,0.0,100.0,0,0,100.0,REGEN,0.0
1159,38.623,2360.562,211.489,0.0,100.0,0,0,100.0,REGEN,0.0
1160,38.6563,2362.501,207.131,0.0,100.0,0,0,100.0,REGEN,0.0
1161,38.6896,2364.402,203.116,0.0,100.0,0,0,100.0,REGEN,0.0
1162,38.723,2366.266,199.83,0.0,100.0,0,0,100.0,REGEN,0.0
1163,38.7563,2368.1,196.855,0.0,100.0,0,0,100.0,REGEN,0.0
1164,38.7896,2369.909,194.152,0.0,100.0,0,0,100.0,REGEN,0.0
1165,38.8229,2371.696,191.893,100.0,100.0,0,0,100.0,REGEN,341.58
1166,38.8563,2373.467,190.624,100.0,0.0,0,0,100.0,FULL,636.45
1167,38.8896,2375.23,190.164,100.0,0.0,0,0,100.0,FULL,636.45
1168,38.9229,2376.988,189.705,100.0,0.0,0,0,100.0,FULL,636.45
1169,38.9562,2378.742,189.248,100.0,0.0,0,0,100.0,FULL,636.45
1170,38.9896,2380.492,188.794,100.0,0.0,0,0,100.0,FULL,636.45
1171,39.0229,2382.239,188.76,100.0,0.0,0,0,100.0,FULL,636.45
1172,39.0562,2383.987,188.871,100.0,0.0,0,0,100.0,FULL,636.45
1173,39.0895,2385.736,188.976,100.0,0.0,0,0,100.0,FULL,636.45
1174,39.1229,2387.485,189.07,100.0,0.0,0,0,100.0,FULL,636.45
1175,39.1562,2389.236,189.153,100.0,0.0,0,0,100.0,FULL,636.45
1176,39.1895,2390.987,189.23,100.0,0.0,0,0,100.0,FULL,636.45
1177,39.2228,2392.739,189.301,100.0,0.0,0,0,100.0,FULL,636.45
1178,39.2562,2394.492,189.363,100.0,0.0,0,0,100.0,FULL,636.45
1179,39.2895,2396.245,189.422,100.0,0.0,0,0,100.0,FULL,636.45
1180,39.3228,2397.999,189.479,100.0,0.0,0,0,100.0,FULL,636.45
1181,39.3561,2399.753,189.535,100.0,0.0,0,0,100.0,FULL,636.45
1182,39.3894,2401.508,189.591,100.0,0.0,0,0,100.0,FULL,636.45
1183,39.4228,2403.263,189.645,100.0,0.0,0,0,100.0,FULL,636.45
1184,39.4561,2405.019,189.7,100.0,0.0,0,0,100.0,FULL,636.45
1185,39.4894,2406.775,189.756,100.0,0.0,0,0,100.0,FULL,636.45
1186,39.5227,2408.532,189.811,100.0,0.0,0,0,100.0,FULL,636.45
1187,39.5561,2410.289,189.868,100.0,0.0,0,0,100.0,FULL,636.45
1188,39.5894,2412.047,189.925,100.0,0.0,0,0,100.0,FULL,636.45
1189,39.6227,2413.805,189.982,100.0,0.0,0,0,100.0,FULL,636.45
1190,39.656,2415.564,190.04,100.0,0.0,0,0,100.0,FULL,636.45
1191,39.6894,2417.324,190.099,100.0,0.0,0,0,100.0,FULL,636.45
1192,39.7227,2419.084,190.159,100.0,0.0,0,0,100.0,FULL,636.45
1193,39.756,2420.844,190.219,100.0,0.0,0,0,100.0,FULL,636.45
1194,39.7893,2422.605,190.28,100.0,0.0,0,0,100.0,FULL,636.45
1195,39.8227,2424.367,190.341,100.0,0.0,0,0,100.0,FULL,636.45
1196,39.856,2426.129,190.403,100.0,0.0,0,0,100.0,FULL,636.45
1197,39.8893,2427.892,190.465,100.0,0.0,0,0,100.0,FULL,636.45
1198,39.9226,2429.655,190.529,100.0,0.0,0,0,100.0,FULL,636.45
1199,39.956,2431.419,190.592,100.0,0.0,0,0,100.0,FULL,636.45
1200,39.9893,2433.184,190.656,100.0,0.0,0,0,100.0,FULL,636.45
1201,40.0226,2434.949,190.72,100.0,0.0,0,0,100.0,FULL,636.45
1202,40.0559,2436.715,190.785,100.0,0.0,0,0,100.0,FULL,171.46
1203,40.0893,2438.481,190.85,0.0,100.0,0,0,100.0,REGEN,0.0
1204,40.1226,2440.248,190.915,0.0,100.0,0,0,100.0,REGEN,0.0
1205,40.1559,2442.016,190.979,0.0,100.0,0,0,100.0,REGEN,0.0
1206,40.1892,2443.784,191.044,0.0,100.0,0,0,100.0,REGEN,0.0
1207,40.2226,2445.553,191.108,0.0,100.0,0,0,100.0,REGEN,0.0
1208,40.2559,2447.322,191.172,0.0,100.0,0,0,100.0,REGEN,0.0
1209,40.2892,2449.092,191.235,0.0,100.0,0,0,100.0,REGEN,0.0
1210,40.3225,2450.862,191.297,0.0,100.0,0,0,100.0,REGEN,0.0
1211,40.3559,2452.633,191.357,0.0,100.0,0,0,100.0,REGEN,0.0
1212,40.3892,2454.405,191.417,0.0,100.0,0,0,100.0,REGEN,0.0
1213,40.4225,2456.177,191.476,100.0,100.0,0,0,100.0,REGEN,275.54
1214,40.4558,2457.95,191.535,100.0,0.0,0,0,100.0,FULL,636.45
1215,40.4892,2459.723,191.592,100.0,0.0,0,0,100.0,FULL,636.45
1216,40.5225,2461.497,191.65,100.0,0.0,0,0,100.0,FULL,636.45
1217,40.5558,2463.271,191.706,100.0,0.0,0,0,100.0,FULL,636.45
1218,40.5891,2465.046,191.763,100.0,0.0,0,0,100.0,FULL,636.45
1219,40.6225,2466.822,191.819,100.0,0.0,0,0,100.0,FULL,636.45
1220,40.6558,2468.597,191.89,100.0,0.0,0,0,100.0,FULL,636.45
1221,40.6891,2470.375,192.213,100.0,0.0,0,0,100.0,FULL,636.45
1222,40.7224,2472.156,192.539,100.0,0.0,0,0,100.0,FULL,636.45
1223,40.7558,2473.94,192.869,100.0,0.0,0,0,100.0,FULL,636.45
1224,40.7891,2475.727,193.205,100.0,0.0,0,0,100.0,FULL,636.45
1225,40.8224,2477.517,193.55,100.0,0.0,0,0,100.0,FULL,636.45
1226,40.8557,2479.31,193.907,100.0,0.0,0,0,100.0,FULL,636.45
1227,40.889,2481.107,194.281,100.0,0.0,0,0,100.0,FULL,636.45
1228,40.9224,2482.907,194.672,100.0,0.0,0,0,100.0,FULL,636.45
1229,40.9557,2484.707,194.31,100.0,0.0,0,0,100.0,FULL,636.45
1230,40.989,2486.504,193.772,100.0,0.0,0,0,100.0,FULL,636.45
1231,41.0223,2488.295,193.293,100.0,0.0,0,0,100.0,FULL,636.45
1232,41.0557,2490.082,192.819,100.0,0.0,0,0,100.0,FULL,636.45
1233,41.089,2491.865,192.346,100.0,0.0,0,0,100.0,FULL,636.45
1234,41.1223,2493.643,191.874,100.0,0.0,0,0,100.0,FULL,636.45
1235,41.1556,2495.418,191.683,100.0,0.0,0,0,100.0,FULL,636.45
1236,41.189,2497.196,192.462,100.0,0.0,0,0,100.0,FULL,636.45
1237,41.2223,2498.983,193.693,100.0,0.0,0,0,100.0,FULL,636.45
1238,41.2556,2500.781,194.884,100.0,0.0,0,0,100.0,FULL,636.45
1239,41.2889,2502.59,195.861,100.0,0.0,0,0,100.0,FULL,636.45
1240,41.3223,2504.408,196.816,100.0,0.0,0,0,100.0,FULL,636.45
1241,41.3556,2506.235,197.757,100.0,0.0,0,0,100.0,FULL,636.45
1242,41.3889,2508.07,198.689,100.0,0.0,0,0,100.0,FULL,636.45
1243,41.4222,2509.913,199.617,100.0,0.0,0,0,100.0,FULL,636.45
1244,41.4556,2511.765,200.544,100.0,0.0,0,0,100.0,FULL,636.45
1245,41.4889,2513.625,201.476,100.0,0.0,0,0,100.0,FULL,636.45
1246,41.5222,2515.494,202.415,100.0,0.0,0,0,100.0,FULL,636.45
1247,41.5555,2517.373,203.364,100.0,0.0,0,0,100.0,FULL,636.45
1248,41.5889,2519.26,204.323,100.0,0.0,0,0,100.0,FULL,636.45
1249,41.6222,2521.156,205.292,100.0,0.0,0,0,100.0,FULL,636.45
1250,41.6555,2523.061,206.273,100.0,0.0,0,0,100.0,FULL,636.45
1251,41.6888,2524.975,207.267,100.0,0.0,0,0,100.0,FULL,636.45
1252,41.7222,2526.898,208.274,100.0,0.0,0,0,100.0,FULL,636.45
1253,41.7555,2528.83,209.124,100.0,0.0,0,0,100.0,FULL,636.45
1254,41.7888,2530.767,209.522,100.0,0.0,0,0,100.0,FULL,636.45
1255,41.8221,2532.711,210.479,100.0,0.0,0,0,100.0,FULL,636.45
1256,41.8555,2534.665,211.698,100.0,0.0,0,0,100.0,FULL,636.45
1257,41.8888,2536.63,212.901,100.0,0.0,0,0,100.0,FULL,636.45
1258,41.9221,2538.606,214.088,100.0,0.0,0,0,100.0,FULL,636.45
1259,41.9554,2540.593,215.258,100.0,0.0,0,0,100.0,FULL,636.45
1260,41.9888,2542.591,216.412,100.0,0.0,0,0,100.0,FULL,636.45
1261,42.0221,2544.6,217.55,100.0,0.0,0,0,100.0,FULL,636.45
1262,42.0554,2546.619,218.672,100.0,0.0,0,0,100.0,FULL,636.45
1263,42.0887,2548.648,219.78,100.0,0.0,0,0,100.0,FULL,636.45
1264,42.1221,2550.688,220.873,100.0,0.0,0,0,100.0,FULL,636.45
1265,42.1554,2552.737,221.951,100.0,0.0,0,0,100.0,FULL,636.45
1266,42.1887,2554.796,222.892,100.0,0.0,0,0,100.0,FULL,636.45
1267,42.222,2556.864,223.819,100.0,0.0,0,0,100.0,FULL,636.45
1268,42.2553,2558.94,224.745,100.0,0.0,0,0,100.0,FULL,636.45
1269,42.2887,2561.025,225.67,100.0,0.0,0,0,100.0,FULL,636.45
1270,42.322,2563.118,226.593,100.0,0.0,0,0,100.0,FULL,636.45
1271,42.3553,2565.22,227.513,100.0,0.0,0,0,100.0,FULL,636.45
1272,42.3886,2567.33,228.43,100.0,0.0,0,0,100.0,FULL,636.45
1273,42.422,2569.449,229.343,100.0,0.0,0,0,100.0,FULL,636.45
1274,42.4553,2571.576,230.252,100.0,0.0,0,0,100.0,FULL,636.45
1275,42.4886,2573.712,231.156,100.0,0.0,0,0,100.0,FULL,636.45
1276,42.5219,2575.856,232.054,100.0,0.0,0,0,100.0,FULL,636.45
1277,42.5553,2578.008,232.947,100.0,0.0,0,0,100.0,FULL,636.45
1278,42.5886,2580.169,233.833,100.0,0.0,0,0,100.0,FULL,636.45
1279,42.6219,2582.337,234.712,100.0,0.0,0,0,100.0,FULL,636.45
1280,42.6552,2584.514,235.584,100.0,0.0,0,0,100.0,FULL,636.45
1281,42.6886,2586.699,236.448,100.0,0.0,0,0,100.0,FULL,636.45
1282,42.7219,2588.891,237.305,100.0,0.0,0,0,100.0,FULL,636.45
1283,42.7552,2591.092,238.153,100.0,0.0,0,0,100.0,FULL,636.45
1284,42.7885,2593.3,238.994,100.0,0.0,0,0,100.0,FULL,636.45
1285,42.8219,2595.516,239.825,100.0,0.0,0,0,100.0,FULL,636.45
1286,42.8552,2597.74,240.648,100.0,0.0,0,0,100.0,FULL,636.45
1287,42.8885,2599.972,241.461,100.0,0.0,0,0,100.0,FULL,636.45
1288,42.9218,2602.211,242.266,100.0,0.0,0,0,100.0,FULL,636.45
1289,42.9552,2604.457,243.062,100.0,0.0,0,0,100.0,FULL,636.45
1290,42.9885,2606.711,243.849,100.0,0.0,0,0,100.0,FULL,636.45
1291,43.0218,2608.971,244.627,100.0,0.0,0,0,100.0,FULL,636.45
1292,43.0551,2611.239,245.396,100.0,0.0,0,0,100.0,FULL,636.45
1293,43.0885,2613.514,246.156,100.0,0.0,0,0,100.0,FULL,636.45
1294,43.1218,2615.796,246.907,100.0,0.0,0,0,100.0,FULL,636.45
1295,43.1551,2618.085,247.648,100.0,0.0,0,0,100.0,FULL,636.45
1296,43.1884,2620.381,248.38,100.0,0.0,0,0,100.0,FULL,636.45
1297,43.2218,2622.684,249.104,100.0,0.0,0,0,100.0,FULL,636.45
1298,43.2551,2624.993,249.819,100.0,0.0,0,0,100.0,FULL,636.45
1299,43.2884,2627.309,250.526,100.0,0.0,0,0,100.0,FULL,636.45
1300,43.3217,2629.631,251.224,100.0,0.0,0,0,100.0,FULL,636.45
1301,43.3551,2631.959,251.914,100.0,0.0,0,0,100.0,FULL,636.45
1302,43.3884,2634.295,252.595,100.0,0.0,0,0,100.0,FULL,636.45
1303,43.4217,2636.636,253.267,100.0,0.0,0,0,100.0,FULL,636.45
1304,43.455,2638.984,253.931,100.0,0.0,0,0,100.0,FULL,636.45
1305,43.4884,2641.337,254.588,100.0,0.0,0,0,100.0,FULL,636.45
1306,43.5217,2643.697,255.236,100.0,0.0,0,0,100.0,FULL,636.45
1307,43.555,2646.062,255.877,100.0,0.0,0,0,100.0,FULL,636.45
1308,43.5883,2648.434,256.51,100.0,0.0,0,0,100.0,FULL,636.45
1309,43.6216,2650.811,257.134,100.0,0.0,0,0,100.0,FULL,636.45
1310,43.655,2653.195,257.752,100.0,0.0,0,0,100.0,FULL,636.45
1311,43.6883,2655.583,258.362,100.0,0.0,0,0,100.0,FULL,636.45
1312,43.7216,2657.978,258.964,100.0,0.0,0,0,100.0,FULL,636.45
1313,43.7549,2660.377,259.56,100.0,0.0,0,0,100.0,FULL,636.45
1314,43.7883,2662.783,260.147,100.0,0.0,0,0,100.0,FULL,636.45
1315,43.8216,2665.194,260.728,100.0,0.0,0,0,100.0,FULL,636.45
1316,43.8549,2667.61,261.302,100.0,0.0,0,0,100.0,FULL,636.45
1317,43.8882,2670.031,261.868,100.0,0.0,0,0,100.0,FULL,636.45
1318,43.9216,2672.458,262.429,100.0,0.0,0,0,100.0,FULL,636.45
1319,43.9549,2674.89,262.982,100.0,0.0,0,0,100.0,FULL,636.45
1320,43.9882,2677.327,263.528,100.0,0.0,0,0,100.0,FULL,636.45
1321,44.0215,2679.769,264.068,100.0,0.0,0,0,100.0,FULL,636.45
1322,44.0549,2682.216,264.601,100.0,0.0,0,0,100.0,FULL,636.45
1323,44.0882,2684.667,265.129,100.0,0.0,0,0,100.0,FULL,636.45
1324,44.1215,2687.124,265.649,100.0,0.0,0,0,100.0,FULL,636.45
1325,44.1548,2689.586,266.163,100.0,0.0,0,0,100.0,FULL,636.45
1326,44.1882,2692.052,266.671,100.0,0.0,0,0,100.0,FULL,636.45
1327,44.2215,2694.522,267.173,100.0,0.0,0,0,100.0,FULL,636.45
1328,44.2548,2696.998,267.67,100.0,0.0,0,0,100.0,FULL,636.45
1329,44.2881,2699.478,268.16,100.0,0.0,0,0,100.0,FULL,636.45
1330,44.3215,2701.963,268.644,100.0,0.0,0,0,100.0,FULL,636.45
1331,44.3548,2704.452,269.122,100.0,0.0,0,0,100.0,FULL,636.45
1332,44.3881,2706.945,269.595,100.0,0.0,0,0,100.0,FULL,636.45
1333,44.4214,2709.442,270.062,100.0,0.0,0,0,100.0,FULL,636.45
1334,44.4548,2711.945,270.523,100.0,0.0,0,0,100.0,FULL,636.45
1335,44.4881,2714.451,270.979,100.0,0.0,0,0,100.0,FULL,636.45
1336,44.5214,2716.961,271.429,100.0,0.0,0,0,100.0,FULL,636.45
1337,44.5547,2719.476,271.875,100.0,0.0,0,0,100.0,FULL,636.45
1338,44.5881,2721.995,272.314,100.0,0.0,0,0,100.0,FULL,636.45
1339,44.6214,2724.518,272.749,100.0,0.0,0,0,100.0,FULL,636.45
1340,44.6547,2727.044,273.178,100.0,0.0,0,0,100.0,FULL,636.45
1341,44.688,2729.575,273.602,100.0,0.0,0,0,100.0,FULL,636.45
1342,44.7214,2732.11,274.021,100.0,0.0,0,0,100.0,FULL,636.45
1343,44.7547,2734.648,274.435,100.0,0.0,0,0,100.0,FULL,636.45
1344,44.788,2737.19,274.844,100.0,0.0,0,0,100.0,FULL,636.45
1345,44.8213,2739.736,275.248,100.0,0.0,0,0,100.0,FULL,636.45
1346,44.8547,2742.286,275.647,100.0,0.0,0,0,100.0,FULL,636.45
1347,44.888,2744.84,276.04,100.0,0.0,0,0,100.0,FULL,636.45
1348,44.9213,2747.397,276.429,100.0,0.0,0,0,100.0,FULL,636.45
1349,44.9546,2749.957,276.813,100.0,0.0,0,0,100.0,FULL,636.45
1350,44.988,2752.521,277.191,100.0,0.0,0,0,100.0,FULL,636.45
1351,45.0213,2755.089,277.563,100.0,0.0,0,0,100.0,FULL,636.45
1352,45.0546,2757.66,277.931,100.0,0.0,0,0,100.0,FULL,636.45
1353,45.0879,2760.234,278.293,100.0,0.0,0,0,100.0,FULL,636.45
1354,45.1212,2762.812,278.648,100.0,0.0,0,0,100.0,FULL,636.45
1355,45.1546,2765.393,278.997,100.0,0.0,0,0,100.0,FULL,636.45
1356,45.1879,2767.977,279.339,100.0,0.0,0,0,100.0,FULL,636.45
1357,45.2212,2770.565,279.675,100.0,0.0,0,0,100.0,FULL,636.45
1358,45.2545,2773.155,280.001,100.0,0.0,0,0,100.0,FULL,636.45
1359,45.2879,2775.749,280.319,100.0,0.0,0,0,100.0,FULL,636.45
1360,45.3212,2778.345,280.627,100.0,0.0,0,0,100.0,FULL,636.45
1361,45.3545,2780.944,280.924,100.0,0.0,0,0,100.0,FULL,636.45
1362,45.3878,2783.546,281.208,100.0,0.0,0,0,100.0,FULL,636.45
1363,45.4212,2786.15,281.477,100.0,0.0,0,0,100.0,FULL,636.45
1364,45.4545,2788.757,281.732,100.0,0.0,0,0,100.0,FULL,636.45
1365,45.4878,2791.366,281.968,100.0,0.0,0,0,100.0,FULL,636.45
1366,45.5211,2793.977,282.182,100.0,0.0,0,0,100.0,FULL,636.45
1367,45.5545,2796.59,282.374,100.0,0.0,0,0,100.0,FULL,636.45
1368,45.5878,2799.204,282.54,100.0,0.0,0,0,100.0,FULL,636.45
1369,45.6211,2801.82,282.675,100.0,0.0,0,0,100.0,FULL,636.45
1370,45.6544,2804.438,282.774,100.0,0.0,0,0,100.0,FULL,636.45
1371,45.6878,2807.056,282.837,100.0,0.0,0,0,100.0,FULL,636.45
1372,45.7211,2809.674,282.86,100.0,0.0,0,0,100.0,FULL,636.45
1373,45.7544,2812.292,282.829,100.0,0.0,0,0,100.0,FULL,636.45
1374,45.7877,2814.91,282.747,100.0,0.0,0,0,100.0,FULL,636.45
1375,45.8211,2817.527,282.61,100.0,0.0,0,0,100.0,FULL,636.45
1376,45.8544,2820.142,282.406,100.0,0.0,0,0,100.0,FULL,636.45
1377,45.8877,2822.754,282.128,100.0,0.0,0,0,100.0,FULL,636.45
1378,45.921,2825.364,281.777,100.0,0.0,0,0,100.0,FULL,636.45
1379,45.9544,2827.971,281.348,100.0,0.0,0,0,100.0,FULL,636.45
1380,45.9877,2830.573,280.822,100.0,0.0,0,0,100.0,FULL,636.45
1381,46.021,2833.169,280.204,100.0,0.0,0,0,100.0,FULL,636.45
1382,46.0543,2835.76,279.49,100.0,0.0,0,0,100.0,FULL,636.45
1383,46.0877,2838.344,278.673,100.0,0.0,0,0,100.0,FULL,636.45
1384,46.121,2840.919,277.737,100.0,0.0,0,0,100.0,FULL,636.45
1385,46.1543,2843.485,276.691,100.0,0.0,0,0,100.0,FULL,636.45
1386,46.1876,2846.041,275.533,100.0,0.0,0,0,100.0,FULL,636.45
1387,46.221,2848.586,274.257,100.0,0.0,0,0,100.0,FULL,636.45
1388,46.2543,2851.118,272.849,100.0,0.0,0,0,100.0,FULL,636.45
1389,46.2876,2853.636,271.325,100.0,0.0,0,0,100.0,FULL,636.45
1390,46.3209,2856.14,269.684,100.0,0.0,0,0,100.0,FULL,636.45
1391,46.3543,2858.63,267.927,100.0,0.0,0,0,100.0,FULL,636.45
1392,46.3876,2861.1,266.042,100.0,0.0,0,0,100.0,FULL,636.45
1393,46.4209,2863.553,264.045,100.0,0.0,0,0,100.0,FULL,636.45
1394,46.4542,2865.988,261.941,100.0,0.0,0,0,100.0,FULL,636.45
1395,46.4875,2868.403,259.736,100.0,0.0,0,0,100.0,FULL,636.45
1396,46.5209,2870.797,257.434,100.0,0.0,0,0,100.0,FULL,43.25
1397,46.5542,2873.169,255.006,0.0,100.0,0,0,100.0,REGEN,0.0
1398,46.5875,2875.516,252.426,0.0,100.0,0,0,100.0,REGEN,0.0
1399,46.6208,2877.84,249.701,0.0,100.0,0,0,100.0,REGEN,0.0
1400,46.6542,2880.138,246.832,0.0,100.0,0,0,100.0,REGEN,0.0
1401,46.6875,2882.409,243.823,0.0,100.0,0,0,100.0,REGEN,0.0
1402,46.7208,2884.652,240.676,0.0,100.0,0,0,100.0,REGEN,0.0
1403,46.7541,2886.865,237.399,0.0,100.0,0,0,100.0,REGEN,0.0
1404,46.7875,2889.047,233.997,0.0,100.0,0,0,100.0,REGEN,0.0
1405,46.8208,2891.198,230.479,0.0,100.0,0,0,100.0,REGEN,0.0
1406,46.8541,2893.315,226.854,0.0,100.0,0,0,100.0,REGEN,0.0
1407,46.8874,2895.398,223.133,0.0,100.0,0,0,100.0,REGEN,0.0
1408,46.9208,2897.444,218.762,0.0,100.0,0,0,100.0,REGEN,0.0
1409,46.9541,2899.444,213.604,0.0,100.0,0,0,100.0,REGEN,0.0
1410,46.9874,2901.398,208.588,0.0,100.0,0,0,100.0,REGEN,0.0
1411,47.0207,2903.305,203.711,0.0,100.0,0,0,100.0,REGEN,0.0
1412,47.0541,2905.167,198.963,0.0,100.0,0,0,100.0,REGEN,0.0
1413,47.0874,2906.986,194.339,0.0,100.0,0,0,100.0,REGEN,0.0
1414,47.1207,2908.763,189.831,0.0,100.0,0,0,100.0,REGEN,0.0
1415,47.154,2910.499,185.433,0.0,100.0,0,0,100.0,REGEN,0.0
1416,47.1874,2912.196,181.137,0.0,100.0,0,0,100.0,REGEN,0.0
1417,47.2207,2913.856,176.936,0.0,100.0,0,0,100.0,REGEN,0.0
1418,47.254,2915.477,172.83,0.0,100.0,0,0,100.0,REGEN,0.0
1419,47.2873,2917.054,168.836,0.0,100.0,0,0,100.0,REGEN,0.0
1420,47.3207,2918.597,164.924,0.0,100.0,0,0,100.0,REGEN,0.0
1421,47.354,2920.107,161.091,0.0,100.0,0,0,100.0,REGEN,0.0
1422,47.3873,2921.585,157.331,0.0,100.0,0,0,100.0,REGEN,0.0
1423,47.4206,2923.021,153.669,0.0,100.0,0,0,100.0,REGEN,0.0
1424,47.454,2924.424,150.106,0.0,100.0,0,0,100.0,REGEN,0.0
1425,47.4873,2925.801,146.634,0.0,100.0,0,0,100.0,REGEN,0.0
1426,47.5206,2927.143,143.295,0.0,100.0,0,0,100.0,REGEN,0.0
1427,47.5539,2928.45,140.088,0.0,100.0,0,0,100.0,REGEN,0.0
1428,47.5873,2929.736,136.956,0.0,100.0,0,0,100.0,REGEN,0.0
1429,47.6206,2930.988,133.945,0.0,100.0,0,0,100.0,REGEN,0.0
1430,47.6539,2932.212,131.037,0.0,100.0,0,0,100.0,REGEN,0.0
1431,47.6872,2933.42,128.189,0.0,100.0,0,0,100.0,REGEN,0.0
1432,47.7206,2934.585,125.51,0.0,100.0,0,0,100.0,REGEN,0.0
1433,47.7539,2935.741,122.874,0.0,100.0,0,0,100.0,REGEN,0.0
1434,47.7872,2936.861,120.387,0.0,100.0,0,0,100.0,REGEN,0.0
1435,47.8205,2937.968,117.958,0.0,100.0,0,0,100.0,REGEN,0.0
1436,47.8538,2939.046,115.65,0.0,100.0,0,0,100.0,REGEN,0.0
1437,47.8872,2940.108,113.402,0.0,100.0,0,0,100.0,REGEN,0.0
1438,47.9205,2941.145,111.259,0.0,100.0,0,0,100.0,REGEN,0.0
1439,47.9538,2942.169,109.169,0.0,100.0,0,0,100.0,REGEN,0.0
1440,47.9871,2943.165,107.203,0.0,100.0,0,0,100.0,REGEN,0.0
1441,48.0205,2944.157,105.261,0.0,100.0,0,0,100.0,REGEN,0.0
1442,48.0538,2945.114,103.516,0.0,100.0,0,0,100.0,REGEN,0.0
1443,48.0871,2946.072,101.772,0.0,100.0,0,0,100.0,REGEN,0.0
1444,48.1204,2947.001,100.195,0.0,100.0,0,0,100.0,REGEN,0.0
1445,48.1538,2947.921,98.672,0.0,100.0,0,0,100.0,REGEN,0.0
1446,48.1871,2948.833,97.204,0.0,100.0,0,0,100.0,REGEN,0.0
1447,48.2204,2949.72,95.9,0.0,100.0,0,0,100.0,REGEN,0.0
1448,48.2537,2950.607,94.596,0.0,100.0,0,0,100.0,REGEN,0.0
1449,48.2871,2951.476,93.396,0.0,100.0,0,0,100.0,REGEN,0.0
1450,48.3204,2952.332,92.264,0.0,100.0,0,0,100.0,REGEN,0.0
1451,48.3537,2953.188,91.131,0.0,100.0,0,0,100.0,REGEN,0.0
1452,48.387,2954.02,89.969,0.0,100.0,0,0,100.0,REGEN,0.0
1453,48.4204,2954.846,88.8,0.0,100.0,0,0,100.0,REGEN,0.0
1454,48.4537,2955.672,87.632,0.0,100.0,0,0,100.0,REGEN,0.0
1455,48.487,2956.468,86.455,0.0,100.0,0,0,100.0,REGEN,0.0
1456,48.5203,2957.262,85.278,0.0,100.0,0,0,100.0,REGEN,0.0
1457,48.5537,2958.056,84.101,0.0,100.0,0,0,100.0,REGEN,0.0
1458,48.587,2958.82,82.984,0.0,100.0,0,0,100.0,REGEN,0.0
1459,48.6203,2959.582,81.872,0.0,100.0,0,0,100.0,REGEN,0.0
1460,48.6536,2960.344,80.76,0.0,100.0,0,0,100.0,REGEN,0.0
1461,48.687,2961.081,79.769,0.0,100.0,0,0,100.0,REGEN,0.0
1462,48.7203,2961.813,78.801,0.0,100.0,0,0,100.0,REGEN,0.0
1463,48.7536,2962.545,77.832,0.0,100.0,0,0,100.0,REGEN,0.0
1464,48.7869,2963.26,77.087,100.0,100.0,0,0,100.0,REGEN,146.33
1465,48.8203,2963.968,76.429,100.0,100.0,0,0,100.0,REGEN,350.51
1466,48.8536,2964.677,75.771,100.0,100.0,0,0,100.0,REGEN,554.69
1467,48.8869,2965.379,75.465,100.0,0.0,0,0,100.0,FULL,636.45
1468,48.9202,2966.077,75.393,100.0,0.0,0,0,100.0,FULL,636.45
1469,48.9536,2966.775,75.321,100.0,0.0,0,0,100.0,FULL,636.45
1470,48.9869,2967.471,75.249,100.0,0.0,0,0,100.0,FULL,636.45
1471,49.0202,2968.167,75.177,100.0,0.0,0,0,100.0,FULL,636.45
1472,49.0535,2968.863,75.105,100.0,0.0,0,0,100.0,FULL,636.45
1473,49.0869,2969.558,75.033,100.0,0.0,0,0,100.0,FULL,636.45
1474,49.1202,2970.252,74.962,100.0,0.0,0,0,100.0,FULL,636.45
1475,49.1535,2970.946,74.89,100.0,0.0,0,0,100.0,FULL,636.45
1476,49.1868,2971.639,74.819,100.0,0.0,0,0,100.0,FULL,636.45
1477,49.2202,2972.331,74.748,100.0,0.0,0,0,100.0,FULL,636.45
1478,49.2535,2973.024,74.738,100.0,0.0,0,0,100.0,FULL,636.45
1479,49.2868,2973.716,74.839,100.0,0.0,0,0,100.0,FULL,636.45
1480,49.3201,2974.409,74.941,100.0,0.0,0,0,100.0,FULL,636.45
1481,49.3534,2975.108,75.481,100.0,0.0,0,0,100.0,FULL,636.45
1482,49.3868,2975.809,76.097,100.0,0.0,0,0,100.0,FULL,636.45
1483,49.4201,2976.516,76.733,100.0,0.0,0,0,100.0,FULL,636.45
1484,49.4534,2977.23,77.391,100.0,0.0,0,0,100.0,FULL,636.45
1485,49.4867,2977.947,78.014,100.0,0.0,0,0,100.0,FULL,636.45
1486,49.5201,2978.673,78.511,100.0,0.0,0,0,100.0,FULL,636.45
1487,49.5534,2979.4,79.01,100.0,0.0,0,0,100.0,FULL,636.45
1488,49.5867,2980.136,79.529,100.0,0.0,0,0,100.0,FULL,636.45
1489,49.62,2980.872,80.048,100.0,0.0,0,0,100.0,FULL,636.45
1490,49.6534,2981.618,80.589,100.0,0.0,0,0,100.0,FULL,636.45
1491,49.6867,2982.364,81.131,100.0,0.0,0,0,100.0,FULL,636.45
1492,49.72,2983.12,81.693,100.0,0.0,0,0,100.0,FULL,636.45
1493,49.7533,2983.877,82.258,100.0,0.0,0,0,100.0,FULL,636.45
1494,49.7867,2984.643,82.841,100.0,0.0,0,0,100.0,FULL,636.45
1495,49.82,2985.412,83.429,100.0,0.0,0,0,100.0,FULL,636.45
1496,49.8533,2986.187,84.029,100.0,0.0,0,0,100.0,FULL,636.45
1497,49.8866,2986.968,84.637,100.0,0.0,0,0,100.0,FULL,636.45
1498,49.92,2987.753,85.25,100.0,0.0,0,0,100.0,FULL,636.45
1499,49.9533,2988.546,85.865,100.0,0.0,0,0,100.0,FULL,636.45
1500,49.9866,2989.342,86.481,100.0,0.0,0,0,100.0,FULL,636.45
1501,50.0199,2990.147,87.077,100.0,0.0,0,0,100.0,FULL,636.45
1502,50.0533,2990.955,87.664,100.0,0.0,0,0,100.0,FULL,636.45
1503,50.0866,2991.77,88.22,100.0,0.0,0,0,100.0,FULL,636.45
1504,50.1199,2992.589,88.778,100.0,0.0,0,0,100.0,FULL,636.45
1505,50.1532,2993.414,89.337,100.0,0.0,0,0,100.0,FULL,636.45
1506,50.1866,2994.244,89.999,100.0,0.0,0,0,100.0,FULL,636.45
1507,50.2199,2995.084,90.936,100.0,0.0,0,0,100.0,FULL,636.45
1508,50.2532,2995.926,91.888,100.0,0.0,0,0,100.0,FULL,636.45
1509,50.2865,2996.788,93.022,100.0,0.0,0,0,100.0,FULL,636.45
1510,50.3199,2997.649,94.155,100.0,0.0,0,0,100.0,FULL,636.45
1511,50.3532,2998.531,95.381,100.0,0.0,0,0,100.0,FULL,636.45
1512,50.3865,2999.419,96.632,100.0,0.0,0,0,100.0,FULL,636.45
1513,50.4198,3000.319,97.916,100.0,0.0,0,0,100.0,FULL,636.45
1514,50.4532,3001.234,99.24,100.0,0.0,0,0,100.0,FULL,636.45
1515,50.4865,3002.152,100.569,100.0,0.0,0,0,100.0,FULL,636.45
1516,50.5198,3003.097,101.941,100.0,0.0,0,0,100.0,FULL,636.45
1517,50.5531,3004.041,103.313,100.0,0.0,0,0,100.0,FULL,636.45
1518,50.5865,3005.008,104.71,100.0,0.0,0,0,100.0,FULL,636.45
1519,50.6198,3005.983,106.114,100.0,0.0,0,0,100.0,FULL,636.45
1520,50.6531,3006.971,107.528,100.0,0.0,0,0,100.0,FULL,636.45
1521,50.6864,3007.975,108.954,100.0,0.0,0,0,100.0,FULL,636.45
1522,50.7197,3008.986,110.387,100.0,0.0,0,0,100.0,FULL,636.45
1523,50.7531,3010.018,111.838,100.0,0.0,0,0,100.0,FULL,636.45
1524,50.7864,3011.055,113.293,100.0,0.0,0,0,100.0,FULL,636.45
1525,50.8197,3012.116,114.779,100.0,0.0,0,0,100.0,FULL,636.45
1526,50.853,3013.179,116.266,100.0,0.0,0,0,100.0,FULL,636.45
1527,50.8864,3014.268,117.777,100.0,0.0,0,0,100.0,FULL,636.45
1528,50.9197,3015.36,119.291,100.0,0.0,0,0,100.0,FULL,636.45
1529,50.953,3016.476,120.83,100.0,0.0,0,0,100.0,FULL,636.45
1530,50.9863,3017.598,122.374,100.0,0.0,0,0,100.0,FULL,636.45
1531,51.0197,3018.741,123.942,100.0,0.0,0,0,100.0,FULL,636.45
1532,51.053,3019.894,125.521,100.0,0.0,0,0,100.0,FULL,636.45
1533,51.0863,3021.064,127.118,100.0,0.0,0,0,100.0,FULL,636.45
1534,51.1196,3022.249,128.734,100.0,0.0,0,0,100.0,FULL,636.45
1535,51.153,3023.444,130.361,100.0,0.0,0,0,100.0,FULL,636.45
1536,51.1863,3024.662,132.015,100.0,0.0,0,0,100.0,FULL,636.45
1537,51.2196,3025.889,133.678,100.0,0.0,0,0,100.0,FULL,636.45
1538,51.2529,3027.136,135.364,100.0,0.0,0,0,100.0,FULL,636.45
1539,51.2863,3028.397,137.065,100.0,0.0,0,0,100.0,FULL,636.45
1540,51.3196,3029.67,138.779,100.0,0.0,0,0,100.0,FULL,636.45
1541,51.3529,3030.967,140.515,100.0,0.0,0,0,100.0,FULL,636.45
1542,51.3862,3032.275,142.259,100.0,0.0,0,0,100.0,FULL,636.45
1543,51.4196,3033.597,144.014,100.0,0.0,0,0,100.0,FULL,636.45
1544,51.4529,3034.942,145.785,100.0,0.0,0,0,100.0,FULL,636.45
1545,51.4862,3036.299,147.564,100.0,0.0,0,0,100.0,FULL,636.45
1546,51.5195,3037.67,149.354,100.0,0.0,0,0,100.0,FULL,636.45
1547,51.5529,3039.064,151.16,100.0,0.0,0,0,100.0,FULL,636.45
1548,51.5862,3040.472,152.976,100.0,0.0,0,0,100.0,FULL,636.45
1549,51.6195,3041.894,154.803,100.0,0.0,0,0,100.0,FULL,636.45
1550,51.6528,3043.336,156.645,100.0,0.0,0,0,100.0,FULL,636.45
1551,51.6862,3044.796,158.458,100.0,0.0,0,0,100.0,FULL,636.45
1552,51.7195,3046.27,160.221,100.0,0.0,0,0,100.0,FULL,636.45
1553,51.7528,3047.759,161.916,100.0,0.0,0,0,100.0,FULL,636.45
1554,51.7861,3049.267,163.602,100.0,0.0,0,0,100.0,FULL,636.45
1555,51.8195,3050.79,165.28,100.0,0.0,0,0,100.0,FULL,636.45
1556,51.8528,3052.328,166.948,100.0,0.0,0,0,100.0,FULL,636.45
1557,51.8861,3053.879,168.606,100.0,0.0,0,0,100.0,FULL,636.45
1558,51.9194,3055.448,170.251,100.0,0.0,0,0,100.0,FULL,636.45
1559,51.9528,3057.033,171.881,100.0,0.0,0,0,100.0,FULL,636.45
1560,51.9861,3058.631,173.498,100.0,0.0,0,0,100.0,FULL,636.45
1561,52.0194,3060.244,175.102,100.0,0.0,0,0,100.0,FULL,636.45
1562,52.0527,3061.871,176.69,100.0,0.0,0,0,100.0,FULL,636.45
1563,52.086,3063.514,178.261,100.0,0.0,0,0,100.0,FULL,636.45
1564,52.1194,3065.172,179.813,100.0,0.0,0,0,100.0,FULL,636.45
1565,52.1527,3066.844,181.348,100.0,0.0,0,0,100.0,FULL,636.45
1566,52.186,3068.53,182.866,100.0,0.0,0,0,100.0,FULL,636.45
1567,52.2193,3070.229,184.364,100.0,0.0,0,0,100.0,FULL,636.45
1568,52.2527,3071.942,185.844,100.0,0.0,0,0,100.0,FULL,636.45
1569,52.286,3073.669,187.303,100.0,0.0,0,0,100.0,FULL,636.45
1570,52.3193,3075.409,188.743,100.0,0.0,0,0,100.0,FULL,636.45
1571,52.3526,3077.163,190.16,100.0,0.0,0,0,100.0,FULL,636.45
1572,52.386,3078.93,191.558,100.0,0.0,0,0,100.0,FULL,636.45
1573,52.4193,3080.71,192.935,100.0,0.0,0,0,100.0,FULL,636.45
1574,52.4526,3082.502,194.292,100.0,0.0,0,0,100.0,FULL,636.45
1575,52.4859,3084.307,195.629,100.0,0.0,0,0,100.0,FULL,636.45
1576,52.5193,3086.124,196.947,100.0,0.0,0,0,100.0,FULL,636.45
1577,52.5526,3087.953,198.245,100.0,0.0,0,0,100.0,FULL,636.45
1578,52.5859,3089.794,199.525,100.0,0.0,0,0,100.0,FULL,636.45
1579,52.6192,3091.647,200.786,100.0,0.0,0,0,100.0,FULL,636.45
1580,52.6526,3093.511,202.028,100.0,0.0,0,0,100.0,FULL,636.45
1581,52.6859,3095.387,203.253,100.0,0.0,0,0,100.0,FULL,636.45
1582,52.7192,3097.274,204.46,100.0,0.0,0,0,100.0,FULL,636.45
1583,52.7525,3099.172,205.65,100.0,0.0,0,0,100.0,FULL,636.45
1584,52.7859,3101.081,206.821,100.0,0.0,0,0,100.0,FULL,636.45
1585,52.8192,3103.001,207.974,100.0,0.0,0,0,100.0,FULL,636.45
1586,52.8525,3104.931,209.111,100.0,0.0,0,0,100.0,FULL,636.45
1587,52.8858,3106.872,210.232,100.0,0.0,0,0,100.0,FULL,636.45
1588,52.9192,3108.823,211.337,100.0,0.0,0,0,100.0,FULL,636.45
1589,52.9525,3110.784,212.426,100.0,0.0,0,0,100.0,FULL,636.45
1590,52.9858,3112.755,213.501,100.0,0.0,0,0,100.0,FULL,636.45
1591,53.0191,3114.737,214.563,100.0,0.0,0,0,100.0,FULL,636.45
1592,53.0525,3116.728,215.612,100.0,0.0,0,0,100.0,FULL,636.45
1593,53.0858,3118.729,216.653,100.0,0.0,0,0,100.0,FULL,636.45
1594,53.1191,3120.739,217.681,100.0,0.0,0,0,100.0,FULL,636.45
1595,53.1524,3122.759,218.698,100.0,0.0,0,0,100.0,FULL,636.45
1596,53.1858,3124.788,219.718,100.0,0.0,0,0,100.0,FULL,636.45
1597,53.2191,3126.827,220.717,100.0,0.0,0,0,100.0,FULL,636.45
1598,53.2524,3128.875,221.706,100.0,0.0,0,0,100.0,FULL,636.45
1599,53.2857,3130.931,222.685,100.0,0.0,0,0,100.0,FULL,636.45
1600,53.3191,3132.997,223.653,100.0,0.0,0,0,100.0,FULL,636.45
1601,53.3524,3135.072,224.611,100.0,0.0,0,0,100.0,FULL,636.45
1602,53.3857,3137.155,225.56,100.0,0.0,0,0,100.0,FULL,636.45
1603,53.419,3139.248,226.498,100.0,0.0,0,0,100.0,FULL,636.45
1604,53.4523,3141.349,227.427,100.0,0.0,0,0,100.0,FULL,636.45
1605,53.4857,3143.458,228.346,100.0,0.0,0,0,100.0,FULL,636.45
1606,53.519,3145.576,229.255,100.0,0.0,0,0,100.0,FULL,636.45
1607,53.5523,3147.703,230.153,100.0,0.0,0,0,100.0,FULL,636.45
1608,53.5856,3149.837,231.041,100.0,0.0,0,0,100.0,FULL,636.45
1609,53.619,3151.98,231.919,100.0,0.0,0,0,100.0,FULL,636.45
1610,53.6523,3154.131,232.785,100.0,0.0,0,0,100.0,FULL,636.45
1611,53.6856,3156.289,233.638,100.0,0.0,0,0,100.0,FULL,636.45
1612,53.7189,3158.456,234.479,100.0,0.0,0,0,100.0,FULL,636.45
1613,53.7523,3160.63,235.305,100.0,0.0,0,0,100.0,FULL,636.45
1614,53.7856,3162.812,236.116,100.0,0.0,0,0,100.0,FULL,636.45
1615,53.8189,3165.002,236.91,100.0,0.0,0,0,100.0,FULL,636.45
1616,53.8522,3167.198,237.686,100.0,0.0,0,0,100.0,FULL,636.45
1617,53.8856,3169.402,238.441,100.0,0.0,0,0,100.0,FULL,636.45
1618,53.9189,3171.612,239.175,100.0,0.0,0,0,100.0,FULL,636.45
1619,53.9522,3173.829,239.884,100.0,0.0,0,0,100.0,FULL,636.45
1620,53.9855,3176.053,240.566,100.0,0.0,0,0,100.0,FULL,636.45
1621,54.0189,3178.283,241.217,100.0,0.0,0,0,100.0,FULL,636.45
1622,54.0522,3180.519,241.835,100.0,0.0,0,0,100.0,FULL,636.45
1623,54.0855,3182.76,242.416,100.0,0.0,0,0,100.0,FULL,636.45
1624,54.1188,3185.007,242.958,100.0,0.0,0,0,100.0,FULL,636.45
1625,54.1522,3187.258,243.456,100.0,0.0,0,0,100.0,FULL,636.45
1626,54.1855,3189.514,243.906,100.0,0.0,0,0,100.0,FULL,636.45
1627,54.2188,3191.774,244.304,100.0,0.0,0,0,100.0,FULL,636.45
1628,54.2521,3194.037,244.645,100.0,0.0,0,0,100.0,FULL,636.45
1629,54.2855,3196.302,244.926,100.0,0.0,0,0,100.0,FULL,636.45
1630,54.3188,3198.571,245.14,100.0,0.0,0,0,100.0,FULL,636.45
1631,54.3521,3200.84,245.285,100.0,0.0,0,0,100.0,FULL,636.45
1632,54.3854,3203.111,245.355,100.0,0.0,0,0,100.0,FULL,636.45
1633,54.4188,3205.382,245.34,100.0,0.0,0,0,100.0,FULL,636.45
1634,54.4521,3207.653,245.241,100.0,0.0,0,0,100.0,FULL,636.45
1635,54.4854,3209.922,245.056,100.0,0.0,0,0,100.0,FULL,636.45
1636,54.5187,3212.189,244.781,100.0,0.0,0,0,100.0,FULL,636.45
1637,54.5521,3214.454,244.414,100.0,0.0,0,0,100.0,FULL,636.45
1638,54.5854,3216.714,243.952,100.0,0.0,0,0,100.0,FULL,636.45
1639,54.6187,3218.97,243.394,100.0,0.0,0,0,100.0,FULL,636.45
1640,54.652,3221.22,242.74,100.0,0.0,0,0,100.0,FULL,636.45
1641,54.6854,3223.464,241.99,100.0,0.0,0,0,100.0,FULL,636.45
1642,54.7187,3225.7,241.144,100.0,0.0,0,0,100.0,FULL,636.45
1643,54.752,3227.928,240.2,100.0,0.0,0,0,100.0,FULL,636.45
1644,54.7853,3230.146,239.162,100.0,0.0,0,0,100.0,FULL,636.45
1645,54.8187,3232.355,238.036,100.0,0.0,0,0,100.0,FULL,636.45
1646,54.852,3234.552,236.827,100.0,0.0,0,0,100.0,FULL,483.4
1647,54.8853,3236.738,235.537,0.0,100.0,0,0,100.0,REGEN,0.0
1648,54.9186,3238.912,234.17,0.0,100.0,0,0,100.0,REGEN,0.0
1649,54.9519,3241.073,232.72,0.0,100.0,0,0,100.0,REGEN,0.0
1650,54.9853,3243.22,231.176,0.0,100.0,0,0,100.0,REGEN,0.0
1651,55.0186,3245.353,229.533,0.0,100.0,0,0,100.0,REGEN,0.0
1652,55.0519,3247.469,227.794,0.0,100.0,0,0,100.0,REGEN,0.0
1653,55.0852,3249.569,225.962,0.0,100.0,0,0,100.0,REGEN,0.0
1654,55.1186,3251.652,224.041,0.0,100.0,0,0,100.0,REGEN,0.0
1655,55.1519,3253.717,222.04,0.0,100.0,0,0,100.0,REGEN,0.0
1656,55.1852,3255.76,219.528,0.0,100.0,0,0,100.0,REGEN,0.0
1657,55.2185,3257.776,215.973,0.0,100.0,0,0,100.0,REGEN,0.0
1658,55.2519,3259.757,211.92,0.0,100.0,0,0,100.0,REGEN,0.0
1659,55.2852,3261.702,208.133,0.0,100.0,0,0,100.0,REGEN,0.0
1660,55.3185,3263.613,204.608,0.0,100.0,0,0,100.0,REGEN,0.0
1661,55.3518,3265.494,201.346,0.0,100.0,0,0,100.0,REGEN,0.0
1662,55.3852,3267.342,198.39,0.0,100.0,0,0,100.0,REGEN,0.0
1663,55.4185,3269.165,195.715,0.0,100.0,0,0,100.0,REGEN,0.0
1664,55.4518,3270.965,193.312,0.0,100.0,0,0,100.0,REGEN,0.0
1665,55.4851,3272.744,191.101,0.0,100.0,0,0,100.0,REGEN,0.0
1666,55.5185,3274.504,189.019,0.0,100.0,0,0,100.0,REGEN,0.0
1667,55.5518,3276.246,187.044,0.0,100.0,0,0,100.0,REGEN,0.0
1668,55.5851,3277.968,185.196,0.0,100.0,0,0,100.0,REGEN,0.0
1669,55.6184,3279.673,183.471,0.0,100.0,0,0,100.0,REGEN,0.0
1670,55.6518,3281.364,181.861,0.0,100.0,0,0,100.0,REGEN,0.0
1671,55.6851,3283.041,180.375,0.0,100.0,0,0,100.0,REGEN,0.0
1672,55.7184,3284.706,179.022,0.0,100.0,0,0,100.0,REGEN,0.0
1673,55.7517,3286.357,177.894,0.0,100.0,0,0,100.0,REGEN,0.0
1674,55.7851,3288.001,177.314,0.0,100.0,0,0,100.0,REGEN,0.0
1675,55.8184,3289.641,176.917,0.0,100.0,0,0,100.0,REGEN,0.0
1676,55.8517,3291.277,176.566,0.0,100.0,0,0,100.0,REGEN,0.0
1677,55.885,3292.911,176.502,0.0,100.0,0,0,100.0,REGEN,0.0
1678,55.9184,3294.537,175.139,0.0,100.0,0,0,100.0,REGEN,0.0
1679,55.9517,3296.151,173.523,0.0,100.0,0,0,100.0,REGEN,0.0
1680,55.985,3297.751,171.951,0.0,100.0,0,0,100.0,REGEN,0.0
1681,56.0183,3299.336,170.433,0.0,100.0,0,0,100.0,REGEN,0.0
1682,56.0517,3300.905,168.96,0.0,100.0,0,0,100.0,REGEN,0.0
1683,56.085,3302.463,167.514,0.0,100.0,0,0,100.0,REGEN,0.0
1684,56.1183,3304.009,166.088,0.0,100.0,0,0,100.0,REGEN,0.0
1685,56.1516,3305.531,163.7,0.0,100.0,0,0,100.0,REGEN,0.0
1686,56.185,3307.034,161.191,0.0,100.0,0,0,100.0,REGEN,0.0
1687,56.2183,3308.518,158.608,0.0,100.0,0,0,100.0,REGEN,0.0
1688,56.2516,3309.972,156.147,0.0,100.0,0,0,100.0,REGEN,0.0
1689,56.2849,3311.406,153.883,0.0,100.0,0,0,100.0,REGEN,0.0
1690,56.3182,3312.825,151.777,0.0,100.0,0,0,100.0,REGEN,0.0
1691,56.3516,3314.219,150.059,0.0,100.0,0,0,100.0,REGEN,0.0
1692,56.3849,3315.601,148.433,0.0,100.0,0,0,100.0,REGEN,0.0
1693,56.4182,3316.97,146.905,0.0,100.0,0,0,100.0,REGEN,0.0
1694,56.4515,3318.321,145.537,0.0,100.0,0,0,100.0,REGEN,0.0
1695,56.4849,3319.664,144.277,100.0,100.0,0,0,100.0,REGEN,121.02
1696,56.5182,3320.995,143.228,100.0,100.0,0,0,100.0,REGEN,520.9
1697,56.5515,3322.319,142.741,100.0,0.0,0,0,100.0,FULL,636.45
1698,56.5848,3323.639,142.483,100.0,0.0,0,0,100.0,FULL,636.45
1699,56.6182,3324.957,142.225,100.0,0.0,0,0,100.0,FULL,636.45
1700,56.6515,3326.272,141.968,100.0,0.0,0,0,100.0,FULL,636.45
1701,56.6848,3327.585,141.712,100.0,0.0,0,0,100.0,FULL,636.45
1702,56.7181,3328.896,141.457,100.0,0.0,0,0,100.0,FULL,636.45
1703,56.7515,3330.204,141.202,100.0,0.0,0,0,100.0,FULL,636.45
1704,56.7848,3331.51,140.996,100.0,0.0,0,0,100.0,FULL,636.45
1705,56.8181,3332.816,141.067,100.0,0.0,0,0,100.0,FULL,636.45
1706,56.8514,3334.127,141.872,100.0,0.0,0,0,100.0,FULL,636.45
1707,56.8848,3335.444,142.936,100.0,0.0,0,0,100.0,FULL,636.45
1708,56.9181,3336.771,143.887,100.0,0.0,0,0,100.0,FULL,636.45
1709,56.9514,3338.107,144.633,100.0,0.0,0,0,100.0,FULL,636.45
1710,56.9847,3339.449,145.349,100.0,0.0,0,0,100.0,FULL,636.45
1711,57.0181,3340.797,146.064,100.0,0.0,0,0,100.0,FULL,636.45
1712,57.0514,3342.153,146.778,100.0,0.0,0,0,100.0,FULL,636.45
1713,57.0847,3343.516,147.491,100.0,0.0,0,0,100.0,FULL,636.45
1714,57.118,3344.884,148.204,100.0,0.0,0,0,100.0,FULL,636.45
1715,57.1514,3346.259,148.916,100.0,0.0,0,0,100.0,FULL,636.45
1716,57.1847,3347.641,149.628,100.0,0.0,0,0,100.0,FULL,636.45
1717,57.218,3349.029,150.341,100.0,0.0,0,0,100.0,FULL,636.45
1718,57.2513,3350.423,151.055,100.0,0.0,0,0,100.0,FULL,636.45
1719,57.2847,3351.826,151.771,100.0,0.0,0,0,100.0,FULL,636.45
1720,57.318,3353.234,152.486,100.0,0.0,0,0,100.0,FULL,636.45
1721,57.3513,3354.648,153.201,100.0,0.0,0,0,100.0,FULL,636.45
1722,57.3846,3356.07,153.915,100.0,0.0,0,0,100.0,FULL,636.45
1723,57.418,3357.499,154.625,100.0,0.0,0,0,100.0,FULL,636.45
1724,57.4513,3358.933,155.334,100.0,0.0,0,0,100.0,FULL,636.45
1725,57.4846,3360.373,156.04,100.0,0.0,0,0,100.0,FULL,636.45
1726,57.5179,3361.822,156.743,100.0,0.0,0,0,100.0,FULL,636.45
1727,57.5513,3363.275,157.186,100.0,0.0,0,0,100.0,FULL,636.45
1728,57.5846,3364.73,157.344,100.0,0.0,0,0,100.0,FULL,636.45
1729,57.6179,3366.189,157.679,100.0,0.0,0,0,100.0,FULL,636.45
1730,57.6512,3367.65,158.088,100.0,0.0,0,0,100.0,FULL,636.45
1731,57.6845,3369.115,158.561,100.0,0.0,0,0,100.0,FULL,636.45
1732,57.7179,3370.586,159.111,100.0,0.0,0,0,100.0,FULL,636.45
1733,57.7512,3372.062,159.696,100.0,0.0,0,0,100.0,FULL,636.45
1734,57.7845,3373.542,160.303,100.0,0.0,0,0,100.0,FULL,636.45
1735,57.8178,3375.029,160.923,100.0,0.0,0,0,100.0,FULL,636.45
1736,57.8512,3376.523,161.566,100.0,0.0,0,0,100.0,FULL,636.45
1737,57.8845,3378.021,162.265,100.0,0.0,0,0,100.0,FULL,636.45
1738,57.9178,3379.526,163.085,100.0,0.0,0,0,100.0,FULL,636.45
1739,57.9511,3381.042,164.038,100.0,0.0,0,0,100.0,FULL,636.45
1740,57.9845,3382.565,165.066,100.0,0.0,0,0,100.0,FULL,636.45
1741,58.0178,3384.096,166.166,100.0,0.0,0,0,100.0,FULL,636.45
1742,58.0511,3385.641,167.36,100.0,0.0,0,0,100.0,FULL,636.45
1743,58.0844,3387.197,168.608,100.0,0.0,0,0,100.0,FULL,636.45
1744,58.1178,3388.763,169.907,100.0,0.0,0,0,100.0,FULL,636.45
1745,58.1511,3390.34,171.256,100.0,0.0,0,0,100.0,FULL,636.45
1746,58.1844,3391.934,172.668,100.0,0.0,0,0,100.0,FULL,636.45
1747,58.2177,3393.54,174.115,100.0,0.0,0,0,100.0,FULL,636.45
1748,58.2511,3395.158,175.566,100.0,0.0,0,0,100.0,FULL,636.45
1749,58.2844,3396.788,176.997,100.0,0.0,0,0,100.0,FULL,636.45
1750,58.3177,3398.433,178.399,100.0,0.0,0,0,100.0,FULL,636.45
1751,58.351,3400.093,179.954,100.0,0.0,0,0,100.0,FULL,636.45
1752,58.3844,3401.767,181.592,100.0,0.0,0,0,100.0,FULL,636.45
1753,58.4177,3403.455,183.24,100.0,0.0,0,0,100.0,FULL,636.45
1754,58.451,3405.158,184.863,100.0,0.0,0,0,100.0,FULL,636.45
1755,58.4843,3406.876,186.461,100.0,0.0,0,0,100.0,FULL,636.45
1756,58.5177,3408.608,188.035,100.0,0.0,0,0,100.0,FULL,636.45
1757,58.551,3410.356,189.388,100.0,0.0,0,0,100.0,FULL,636.45
1758,58.5843,3412.116,190.705,100.0,0.0,0,0,100.0,FULL,636.45
1759,58.6176,3413.888,192.016,100.0,0.0,0,0,100.0,FULL,636.45
1760,58.651,3415.671,193.328,100.0,0.0,0,0,100.0,FULL,636.45
1761,58.6843,3417.467,194.64,100.0,0.0,0,0,100.0,FULL,636.45
1762,58.7176,3419.274,195.949,100.0,0.0,0,0,100.0,FULL,636.45
1763,58.7509,3421.094,197.256,100.0,0.0,0,0,100.0,FULL,636.45
1764,58.7843,3422.925,198.557,100.0,0.0,0,0,100.0,FULL,636.45
1765,58.8176,3424.769,199.853,100.0,0.0,0,0,100.0,FULL,636.45
1766,58.8509,3426.625,201.141,100.0,0.0,0,0,100.0,FULL,636.45
1767,58.8842,3428.493,202.421,100.0,0.0,0,0,100.0,FULL,636.45
1768,58.9176,3430.373,203.692,100.0,0.0,0,0,100.0,FULL,636.45
1769,58.9509,3432.265,204.953,100.0,0.0,0,0,100.0,FULL,636.45
1770,58.9842,3434.168,206.204,100.0,0.0,0,0,100.0,FULL,636.45
1771,59.0175,3436.083,207.444,100.0,0.0,0,0,100.0,FULL,636.45
1772,59.0509,3438.009,208.672,100.0,0.0,0,0,100.0,FULL,636.45
1773,59.0842,3439.946,209.888,100.0,0.0,0,0,100.0,FULL,636.45
1774,59.1175,3441.894,211.091,100.0,0.0,0,0,100.0,FULL,636.45
1775,59.1508,3443.854,212.281,100.0,0.0,0,0,100.0,FULL,636.45
1776,59.1841,3445.824,213.458,100.0,0.0,0,0,100.0,FULL,636.45
1777,59.2175,3447.805,214.622,100.0,0.0,0,0,100.0,FULL,636.45
1778,59.2508,3449.797,215.772,100.0,0.0,0,0,100.0,FULL,636.45
1779,59.2841,3451.8,216.909,100.0,0.0,0,0,100.0,FULL,636.45
1780,59.3174,3453.813,218.032,100.0,0.0,0,0,100.0,FULL,636.45
1781,59.3508,3455.837,219.141,100.0,0.0,0,0,100.0,FULL,636.45
1782,59.3841,3457.87,220.236,100.0,0.0,0,0,100.0,FULL,636.45
1783,59.4174,3459.914,221.317,100.0,0.0,0,0,100.0,FULL,636.45
1784,59.4507,3461.967,222.385,100.0,0.0,0,0,100.0,FULL,636.45
1785,59.4841,3464.031,223.44,100.0,0.0,0,0,100.0,FULL,636.45
1786,59.5174,3466.104,224.481,100.0,0.0,0,0,100.0,FULL,636.45
1787,59.5507,3468.187,225.508,100.0,0.0,0,0,100.0,FULL,636.45
1788,59.584,3470.279,226.523,100.0,0.0,0,0,100.0,FULL,636.45
1789,59.6174,3472.38,227.524,100.0,0.0,0,0,100.0,FULL,636.45
1790,59.6507,3474.491,228.513,100.0,0.0,0,0,100.0,FULL,636.45
1791,59.684,3476.611,229.489,100.0,0.0,0,0,100.0,FULL,636.45
1792,59.7173,3478.74,230.452,100.0,0.0,0,0,100.0,FULL,636.45
1793,59.7507,3480.877,231.403,100.0,0.0,0,0,100.0,FULL,636.45
1794,59.784,3483.024,232.342,100.0,0.0,0,0,100.0,FULL,636.45
1795,59.8173,3485.178,233.269,100.0,0.0,0,0,100.0,FULL,636.45
1796,59.8506,3487.342,234.184,100.0,0.0,0,0,100.0,FULL,636.45
1797,59.884,3489.514,235.088,100.0,0.0,0,0,100.0,FULL,636.45
1798,59.9173,3491.694,235.98,100.0,0.0,0,0,100.0,FULL,636.45
1799,59.9506,3493.882,236.86,100.0,0.0,0,0,100.0,FULL,636.45
1800,59.9839,3496.079,237.729,100.0,0.0,0,0,100.0,FULL,636.45
1801,60.0173,3498.284,238.587,100.0,0.0,0,0,100.0,FULL,636.45
1802,60.0506,3500.496,239.434,100.0,0.0,0,0,100.0,FULL,636.45
1803,60.0839,3502.717,240.27,100.0,0.0,0,0,100.0,FULL,636.45
1804,60.1172,3504.945,241.096,100.0,0.0,0,0,100.0,FULL,636.45
1805,60.1506,3507.18,241.912,100.0,0.0,0,0,100.0,FULL,636.45
1806,60.1839,3509.423,242.717,100.0,0.0,0,0,100.0,FULL,636.45
1807,60.2172,3511.674,243.513,100.0,0.0,0,0,100.0,FULL,636.45
1808,60.2505,3513.931,244.298,100.0,0.0,0,0,100.0,FULL,636.45
1809,60.2839,3516.196,245.074,100.0,0.0,0,0,100.0,FULL,636.45
1810,60.3172,3518.468,245.84,100.0,0.0,0,0,100.0,FULL,636.45
1811,60.3505,3520.747,246.596,100.0,0.0,0,0,100.0,FULL,636.45
1812,60.3838,3523.034,247.343,100.0,0.0,0,0,100.0,FULL,636.45
1813,60.4172,3525.327,248.08,100.0,0.0,0,0,100.0,FULL,636.45
1814,60.4505,3527.627,248.809,100.0,0.0,0,0,100.0,FULL,636.45
1815,60.4838,3529.933,249.528,100.0,0.0,0,0,100.0,FULL,636.45
1816,60.5171,3532.246,250.238,100.0,0.0,0,0,100.0,FULL,636.45
1817,60.5504,3534.566,250.94,100.0,0.0,0,0,100.0,FULL,636.45
1818,60.5838,3536.892,251.633,100.0,0.0,0,0,100.0,FULL,636.45
1819,60.6171,3539.224,252.317,100.0,0.0,0,0,100.0,FULL,636.45
1820,60.6504,3541.563,252.993,100.0,0.0,0,0,100.0,FULL,636.45
1821,60.6837,3543.908,253.66,100.0,0.0,0,0,100.0,FULL,636.45
1822,60.7171,3546.26,254.318,100.0,0.0,0,0,100.0,FULL,636.45
1823,60.7504,3548.617,254.969,100.0,0.0,0,0,100.0,FULL,636.45
1824,60.7837,3550.98,255.611,100.0,0.0,0,0,100.0,FULL,636.45
1825,60.817,3553.349,256.246,100.0,0.0,0,0,100.0,FULL,636.45
1826,60.8504,3555.724,256.872,100.0,0.0,0,0,100.0,FULL,636.45
1827,60.8837,3558.104,257.489,100.0,0.0,0,0,100.0,FULL,636.45
1828,60.917,3560.491,258.099,100.0,0.0,0,0,100.0,FULL,636.45
1829,60.9503,3562.883,258.701,100.0,0.0,0,0,100.0,FULL,636.45
1830,60.9837,3565.28,259.295,100.0,0.0,0,0,100.0,FULL,636.45
1831,61.017,3567.683,259.881,100.0,0.0,0,0,100.0,FULL,636.45
1832,61.0503,3570.091,260.458,100.0,0.0,0,0,100.0,FULL,636.45
1833,61.0836,3572.505,261.027,100.0,0.0,0,0,100.0,FULL,636.45
1834,61.117,3574.924,261.588,100.0,0.0,0,0,100.0,FULL,636.45
1835,61.1503,3577.348,262.142,100.0,0.0,0,0,100.0,FULL,636.45
1836,61.1836,3579.777,262.687,100.0,0.0,0,0,100.0,FULL,636.45
1837,61.2169,3582.211,263.223,100.0,0.0,0,0,100.0,FULL,636.45
1838,61.2503,3584.65,263.75,100.0,0.0,0,0,100.0,FULL,636.45
1839,61.2836,3587.094,264.27,100.0,0.0,0,0,100.0,FULL,636.45
1840,61.3169,3589.543,264.781,100.0,0.0,0,0,100.0,FULL,636.45
1841,61.3502,3591.996,265.283,100.0,0.0,0,0,100.0,FULL,636.45
1842,61.3836,3594.454,265.775,100.0,0.0,0,0,100.0,FULL,636.45
1843,61.4169,3596.917,266.259,100.0,0.0,0,0,100.0,FULL,636.45
1844,61.4502,3599.383,266.734,100.0,0.0,0,0,100.0,FULL,636.45
1845,61.4835,3601.855,267.2,100.0,0.0,0,0,100.0,FULL,636.45
1846,61.5169,3604.33,267.656,100.0,0.0,0,0,100.0,FULL,636.45
1847,61.5502,3606.81,268.102,100.0,0.0,0,0,100.0,FULL,636.45
1848,61.5835,3609.294,268.54,100.0,0.0,0,0,100.0,FULL,636.45
1849,61.6168,3611.782,268.968,100.0,0.0,0,0,100.0,FULL,636.45
1850,61.6502,3614.273,269.387,100.0,0.0,0,0,100.0,FULL,636.45
1851,61.6835,3616.769,269.796,100.0,0.0,0,0,100.0,FULL,636.45
1852,61.7168,3619.268,270.196,100.0,0.0,0,0,100.0,FULL,636.45
1853,61.7501,3621.771,270.587,100.0,0.0,0,0,100.0,FULL,636.45
1854,61.7835,3624.278,270.969,100.0,0.0,0,0,100.0,FULL,636.45
1855,61.8168,3626.788,271.343,100.0,0.0,0,0,100.0,FULL,636.45
1856,61.8501,3629.301,271.708,100.0,0.0,0,0,100.0,FULL,636.45
1857,61.8834,3631.818,272.065,100.0,0.0,0,0,100.0,FULL,636.45
1858,61.9167,3634.338,272.414,100.0,0.0,0,0,100.0,FULL,636.45
1859,61.9501,3636.861,272.756,100.0,0.0,0,0,100.0,FULL,636.45
1860,61.9834,3639.387,273.091,100.0,0.0,0,0,100.0,FULL,636.45
1861,62.0167,3641.917,273.419,100.0,0.0,0,0,100.0,FULL,636.45
1862,62.05,3644.449,273.741,100.0,0.0,0,0,100.0,FULL,636.45
1863,62.0834,3646.985,274.058,100.0,0.0,0,0,100.0,FULL,636.45
1864,62.1167,3649.523,274.37,100.0,0.0,0,0,100.0,FULL,636.45
1865,62.15,3652.064,274.547,100.0,0.0,0,0,100.0,FULL,636.45
1866,62.1833,3654.603,273.881,100.0,0.0,0,0,100.0,FULL,636.45
1867,62.2167,3657.14,274.296,100.0,0.0,0,0,100.0,FULL,636.45
1868,62.25,3659.681,274.708,100.0,0.0,0,0,100.0,FULL,636.45
1869,62.2833,3662.226,275.114,100.0,0.0,0,0,100.0,FULL,636.45
1870,62.3166,3664.775,275.515,100.0,0.0,0,0,100.0,FULL,636.45
1871,62.35,3667.327,275.912,100.0,0.0,0,0,100.0,FULL,636.45
1872,62.3833,3669.883,276.303,100.0,0.0,0,0,100.0,FULL,636.45
1873,62.4166,3672.442,276.691,100.0,0.0,0,0,100.0,FULL,636.45
1874,62.4499,3675.005,277.073,100.0,0.0,0,0,100.0,FULL,636.45
1875,62.4833,3677.572,277.446,100.0,0.0,0,0,100.0,FULL,636.45
1876,62.5166,3680.141,277.645,100.0,0.0,0,0,100.0,FULL,636.45
1877,62.5499,3682.712,277.818,100.0,0.0,0,0,100.0,FULL,636.45
1878,62.5832,3685.286,278.187,100.0,0.0,0,0,100.0,FULL,636.45
1879,62.6166,3687.862,278.552,100.0,0.0,0,0,100.0,FULL,636.45
1880,62.6499,3690.442,278.913,100.0,0.0,0,0,100.0,FULL,636.45
1881,62.6832,3693.026,279.269,100.0,0.0,0,0,100.0,FULL,636.45
1882,62.7165,3695.613,279.621,100.0,0.0,0,0,100.0,FULL,636.45
1883,62.7499,3698.203,279.969,100.0,0.0,0,0,100.0,FULL,636.45
1884,62.7832,3700.796,280.309,100.0,0.0,0,0,100.0,FULL,636.45
1885,62.8165,3703.392,280.613,100.0,0.0,0,0,100.0,FULL,636.45
1886,62.8498,3705.991,280.912,100.0,0.0,0,0,100.0,FULL,636.45
1887,62.8832,3708.593,281.212,100.0,0.0,0,0,100.0,FULL,636.45
1888,62.9165,3711.197,281.511,100.0,0.0,0,0,100.0,FULL,636.45
1889,62.9498,3713.805,281.809,100.0,0.0,0,0,100.0,FULL,636.45
1890,62.9831,3716.415,282.107,100.0,0.0,0,0,100.0,FULL,636.45
1891,63.0165,3719.027,282.404,100.0,0.0,0,0,100.0,FULL,636.45
1892,63.0498,3721.643,282.7,100.0,0.0,0,0,100.0,FULL,636.45
1893,63.0831,3724.261,282.995,100.0,0.0,0,0,100.0,FULL,636.45
1894,63.1164,3726.882,283.288,100.0,0.0,0,0,100.0,FULL,636.45
1895,63.1498,3729.506,283.58,100.0,0.0,0,0,100.0,FULL,636.45
1896,63.1831,3732.132,283.87,100.0,0.0,0,0,100.0,FULL,636.45
1897,63.2164,3734.761,284.157,100.0,0.0,0,0,100.0,FULL,636.45
1898,63.2497,3737.393,284.443,100.0,0.0,0,0,100.0,FULL,636.45
1899,63.2831,3740.027,284.727,100.0,0.0,0,0,100.0,FULL,636.45
1900,63.3164,3742.664,285.008,100.0,0.0,0,0,100.0,FULL,636.45
1901,63.3497,3745.304,285.287,100.0,0.0,0,0,100.0,FULL,636.45
1902,63.383,3747.946,285.563,100.0,0.0,0,0,100.0,FULL,636.45
1903,63.4163,3750.591,285.837,100.0,0.0,0,0,100.0,FULL,636.45
1904,63.4497,3753.238,286.108,100.0,0.0,0,0,100.0,FULL,636.45
1905,63.483,3755.887,286.376,100.0,0.0,0,0,100.0,FULL,636.45
1906,63.5163,3758.54,286.641,100.0,0.0,0,0,100.0,FULL,636.45
1907,63.5496,3761.194,286.904,100.0,0.0,0,0,100.0,FULL,636.45
1908,63.583,3763.851,287.164,100.0,0.0,0,0,100.0,FULL,636.45
1909,63.6163,3766.511,287.42,100.0,0.0,0,0,100.0,FULL,636.45
1910,63.6496,3769.172,287.674,100.0,0.0,0,0,100.0,FULL,636.45
1911,63.6829,3771.836,287.925,100.0,0.0,0,0,100.0,FULL,636.45
1912,63.7163,3774.503,288.172,100.0,0.0,0,0,100.0,FULL,636.45
1913,63.7496,3777.172,288.416,100.0,0.0,0,0,100.0,FULL,636.45
1914,63.7829,3779.842,288.658,100.0,0.0,0,0,100.0,FULL,636.45
1915,63.8162,3782.516,288.895,100.0,0.0,0,0,100.0,FULL,636.45
1916,63.8496,3785.191,289.129,100.0,0.0,0,0,100.0,FULL,636.45
1917,63.8829,3787.868,289.36,100.0,0.0,0,0,100.0,FULL,636.45
1918,63.9162,3790.548,289.586,100.0,0.0,0,0,100.0,FULL,636.45
1919,63.9495,3793.23,289.808,100.0,0.0,0,0,100.0,FULL,636.45
1920,63.9829,3795.913,290.025,100.0,0.0,0,0,100.0,FULL,636.45
1921,64.0162,3798.599,290.238,100.0,0.0,0,0,100.0,FULL,636.45
1922,64.0495,3801.287,290.445,100.0,0.0,0,0,100.0,FULL,636.45
1923,64.0828,3803.976,290.646,100.0,0.0,0,0,100.0,FULL,636.45
1924,64.1162,3806.668,290.84,100.0,0.0,0,0,100.0,FULL,636.45
1925,64.1495,3809.361,291.026,100.0,0.0,0,0,100.0,FULL,636.45
1926,64.1828,3812.055,291.203,100.0,0.0,0,0,100.0,FULL,636.45
1927,64.2161,3814.752,291.371,100.0,0.0,0,0,100.0,FULL,636.45
1928,64.2495,3817.45,291.526,100.0,0.0,0,0,100.0,FULL,636.45
1929,64.2828,3820.149,291.67,100.0,0.0,0,0,100.0,FULL,636.45
1930,64.3161,3822.849,291.798,100.0,0.0,0,0,100.0,FULL,636.45
1931,64.3494,3825.551,291.91,100.0,0.0,0,0,100.0,FULL,636.45
1932,64.3828,3828.254,292.003,100.0,0.0,0,0,100.0,FULL,636.45
1933,64.4161,3830.957,292.073,100.0,0.0,0,0,100.0,FULL,636.45
1934,64.4494,3833.661,292.12,100.0,0.0,0,0,100.0,FULL,636.45
1935,64.4827,3836.365,292.14,100.0,0.0,0,0,100.0,FULL,636.45
1936,64.5161,3839.069,292.128,100.0,0.0,0,0,100.0,FULL,636.45
1937,64.5494,3841.773,292.084,100.0,0.0,0,0,100.0,FULL,636.45
1938,64.5827,3844.477,291.998,100.0,0.0,0,0,100.0,FULL,636.45
1939,64.616,3847.179,291.873,100.0,0.0,0,0,100.0,FULL,636.45
1940,64.6494,3849.88,291.702,100.0,0.0,0,0,100.0,FULL,636.45
1941,64.6827,3852.579,291.477,100.0,0.0,0,0,100.0,FULL,636.45
1942,64.716,3855.276,291.202,100.0,0.0,0,0,100.0,FULL,636.45
1943,64.7493,3857.97,290.863,100.0,0.0,0,0,100.0,FULL,636.45
1944,64.7826,3860.661,290.461,100.0,0.0,0,0,100.0,FULL,636.45
1945,64.816,3863.348,289.995,100.0,0.0,0,0,100.0,FULL,636.45
1946,64.8493,3866.029,289.45,100.0,0.0,0,0,100.0,FULL,636.45
1947,64.8826,3868.706,288.831,100.0,0.0,0,0,100.0,FULL,636.45
1948,64.9159,3871.377,288.138,100.0,0.0,0,0,100.0,FULL,636.45
1949,64.9493,3874.04,287.354,100.0,0.0,0,0,100.0,FULL,636.45
1950,64.9826,3876.696,286.486,100.0,0.0,0,0,100.0,FULL,636.45
1951,65.0159,3879.344,285.536,100.0,0.0,0,0,100.0,FULL,636.45
1952,65.0492,3881.982,284.492,100.0,0.0,0,0,100.0,FULL,636.45
1953,65.0826,3884.61,283.355,100.0,0.0,0,0,100.0,FULL,636.45
1954,65.1159,3887.227,282.131,100.0,0.0,0,0,100.0,FULL,636.45
1955,65.1492,3889.834,280.822,100.0,0.0,0,0,100.0,FULL,636.45
1956,65.1825,3892.426,279.414,100.0,0.0,0,0,100.0,FULL,636.45
1957,65.2159,3895.005,277.921,100.0,0.0,0,0,100.0,FULL,636.45
1958,65.2492,3897.571,276.348,100.0,0.0,0,0,100.0,FULL,157.26
1959,65.2825,3900.122,274.694,0.0,100.0,0,0,100.0,REGEN,0.0
1960,65.3158,3902.656,272.941,0.0,100.0,0,0,100.0,REGEN,0.0
1961,65.3492,3905.174,271.091,0.0,100.0,0,0,100.0,REGEN,0.0
1962,65.3825,3907.674,269.145,0.0,100.0,0,0,100.0,REGEN,0.0
1963,65.4158,3910.157,267.103,0.0,100.0,0,0,100.0,REGEN,0.0
1964,65.4491,3912.62,264.965,0.0,100.0,0,0,100.0,REGEN,0.0
1965,65.4825,3915.061,262.723,0.0,100.0,0,0,100.0,REGEN,0.0
1966,65.5158,3917.482,260.388,0.0,100.0,0,0,100.0,REGEN,0.0
1967,65.5491,3919.881,257.966,0.0,100.0,0,0,100.0,REGEN,0.0
1968,65.5824,3922.258,255.461,0.0,100.0,0,0,100.0,REGEN,0.0
1969,65.6158,3924.611,252.879,0.0,100.0,0,0,100.0,REGEN,0.0
1970,65.6491,3926.94,250.229,0.0,100.0,0,0,100.0,REGEN,0.0
1971,65.6824,3929.241,246.694,0.0,100.0,0,0,100.0,REGEN,0.0
1972,65.7157,3931.508,243.154,0.0,100.0,0,0,100.0,REGEN,0.0
1973,65.7491,3933.742,239.828,0.0,100.0,0,0,100.0,REGEN,0.0
1974,65.7824,3935.948,236.716,0.0,100.0,0,0,100.0,REGEN,0.0
1975,65.8157,3938.125,233.81,0.0,100.0,0,0,100.0,REGEN,0.0
1976,65.849,3940.276,231.029,0.0,100.0,0,0,100.0,REGEN,0.0
1977,65.8824,3942.402,228.22,0.0,100.0,0,0,100.0,REGEN,0.0
1978,65.9157,3944.501,225.356,0.0,100.0,0,0,100.0,REGEN,0.0
1979,65.949,3946.573,222.446,0.0,100.0,0,0,100.0,REGEN,0.0
1980,65.9823,3948.619,219.497,0.0,100.0,0,0,100.0,REGEN,0.0
1981,66.0157,3950.637,216.514,0.0,100.0,0,0,100.0,REGEN,0.0
1982,66.049,3952.628,213.504,0.0,100.0,0,0,100.0,REGEN,0.0
1983,66.0823,3954.591,210.472,0.0,100.0,0,0,100.0,REGEN,0.0
1984,66.1156,3956.526,207.421,0.0,100.0,0,0,100.0,REGEN,0.0
1985,66.1489,3958.431,204.354,0.0,100.0,0,0,100.0,REGEN,0.0
1986,66.1823,3960.307,201.3,0.0,100.0,0,0,100.0,REGEN,0.0
1987,66.2156,3962.156,198.342,0.0,100.0,0,0,100.0,REGEN,0.0
1988,66.2489,3963.978,195.5,0.0,100.0,0,0,100.0,REGEN,0.0
1989,66.2822,3965.775,192.774,0.0,100.0,0,0,100.0,REGEN,0.0
1990,66.3156,3967.548,190.157,0.0,100.0,0,0,100.0,REGEN,0.0
1991,66.3489,3969.298,187.645,0.0,100.0,0,0,100.0,REGEN,0.0
1992,66.3822,3971.025,185.242,0.0,100.0,0,0,100.0,REGEN,0.0
1993,66.4155,3972.727,182.953,0.0,100.0,0,0,100.0,REGEN,0.0
1994,66.4489,3974.409,180.758,0.0,100.0,0,0,100.0,REGEN,0.0
1995,66.4822,3976.073,178.653,0.0,100.0,0,0,100.0,REGEN,0.0
1996,66.5155,3977.719,176.635,0.0,100.0,0,0,100.0,REGEN,0.0
1997,66.5488,3979.346,174.714,0.0,100.0,0,0,100.0,REGEN,0.0
1998,66.5822,3980.953,172.851,0.0,100.0,0,0,100.0,REGEN,0.0
1999,66.6155,3982.543,170.918,0.0,100.0,0,0,100.0,REGEN,0.0
2000,66.6488,3984.117,168.893,0.0,100.0,0,0,100.0,REGEN,0.0
2001,66.6821,3985.672,166.759,0.0,100.0,0,0,100.0,REGEN,0.0
2002,66.7155,3987.202,164.513,0.0,100.0,0,0,100.0,REGEN,0.0
2003,66.7488,3988.714,162.194,0.0,100.0,0,0,100.0,REGEN,0.0
2004,66.7821,3990.207,159.811,0.0,100.0,0,0,100.0,REGEN,0.0
2005,66.8154,3991.674,157.353,0.0,100.0,0,0,100.0,REGEN,0.0
2006,66.8488,3993.116,154.841,0.0,100.0,0,0,100.0,REGEN,0.0
2007,66.8821,3994.54,152.296,0.0,100.0,0,0,100.0,REGEN,0.0
2008,66.9154,3995.938,149.713,0.0,100.0,0,0,100.0,REGEN,0.0
2009,66.9487,3997.309,147.203,0.0,100.0,0,0,100.0,REGEN,0.0
2010,66.9821,3998.664,144.77,0.0,100.0,0,0,100.0,REGEN,0.0
2011,67.0154,3999.992,142.543,0.0,100.0,0,0,100.0,REGEN,0.0
2012,67.0487,4001.301,140.48,0.0,100.0,0,0,100.0,REGEN,0.0
2013,67.082,4002.598,138.52,0.0,100.0,0,0,100.0,REGEN,0.0
2014,67.1154,4003.866,136.717,0.0,100.0,0,0,100.0,REGEN,0.0
2015,67.1487,4005.126,134.966,0.0,100.0,0,0,100.0,REGEN,0.0
2016,67.182,4006.367,133.311,0.0,100.0,0,0,100.0,REGEN,0.0
2017,67.2153,4007.593,131.775,0.0,100.0,0,0,100.0,REGEN,0.0
2018,67.2487,4008.81,130.295,0.0,100.0,0,0,100.0,REGEN,0.0
2019,67.282,4010.007,129.033,0.0,100.0,0,0,100.0,REGEN,0.0
2020,67.3153,4011.198,127.861,100.0,100.0,0,0,100.0,REGEN,116.31
2021,67.3486,4012.376,126.892,100.0,100.0,0,0,100.0,REGEN,493.34
2022,67.382,4013.549,126.398,100.0,0.0,0,0,100.0,FULL,636.45
2023,67.4153,4014.719,126.196,100.0,0.0,0,0,100.0,FULL,636.45
2024,67.4486,4015.886,125.994,100.0,0.0,0,0,100.0,FULL,636.45
2025,67.4819,4017.051,125.792,100.0,0.0,0,0,100.0,FULL,636.45
2026,67.5152,4018.215,125.591,100.0,0.0,0,0,100.0,FULL,636.45
2027,67.5486,4019.376,125.391,100.0,0.0,0,0,100.0,FULL,636.45
2028,67.5819,4020.537,125.191,100.0,0.0,0,0,100.0,FULL,636.45
2029,67.6152,4021.694,124.991,100.0,0.0,0,0,100.0,FULL,636.45
2030,67.6485,4022.852,125.018,100.0,0.0,0,0,100.0,FULL,636.45
2031,67.6819,4024.01,125.319,100.0,0.0,0,0,100.0,FULL,636.45
2032,67.7152,4025.172,125.62,100.0,0.0,0,0,100.0,FULL,636.45
2033,67.7485,4026.336,125.922,100.0,0.0,0,0,100.0,FULL,636.45
2034,67.7818,4027.503,126.225,100.0,0.0,0,0,100.0,FULL,636.45
2035,67.8152,4028.673,126.529,100.0,0.0,0,0,100.0,FULL,636.45
2036,67.8485,4029.845,126.833,100.0,0.0,0,0,100.0,FULL,636.45
2037,67.8818,4031.021,127.139,100.0,0.0,0,0,100.0,FULL,636.45
2038,67.9151,4032.2,127.445,100.0,0.0,0,0,100.0,FULL,636.45
2039,67.9485,4033.38,127.752,100.0,0.0,0,0,100.0,FULL,636.45
2040,67.9818,4034.565,128.061,100.0,0.0,0,0,100.0,FULL,636.45
2041,68.0151,4035.752,128.37,100.0,0.0,0,0,100.0,FULL,636.45
2042,68.0484,4036.941,128.679,100.0,0.0,0,0,100.0,FULL,636.45
2043,68.0818,4038.134,128.99,100.0,0.0,0,0,100.0,FULL,636.45
2044,68.1151,4039.329,129.3,100.0,0.0,0,0,100.0,FULL,636.45
2045,68.1484,4040.528,129.61,100.0,0.0,0,0,100.0,FULL,636.45
2046,68.1817,4041.729,129.918,100.0,0.0,0,0,100.0,FULL,636.45
2047,68.2151,4042.933,130.225,100.0,0.0,0,0,100.0,FULL,636.45
2048,68.2484,4044.14,130.527,100.0,0.0,0,0,100.0,FULL,636.45
2049,68.2817,4045.35,130.827,100.0,0.0,0,0,100.0,FULL,636.45
2050,68.315,4046.561,131.124,100.0,0.0,0,0,100.0,FULL,636.45
2051,68.3484,4047.776,131.206,100.0,0.0,0,0,100.0,FULL,636.45
2052,68.3817,4048.991,131.338,100.0,0.0,0,0,100.0,FULL,636.45
2053,68.415,4050.209,131.694,100.0,0.0,0,0,100.0,FULL,636.45
2054,68.4483,4051.43,132.147,100.0,0.0,0,0,100.0,FULL,636.45
2055,68.4817,4052.655,132.678,100.0,0.0,0,0,100.0,FULL,636.45
2056,68.515,4053.888,133.312,100.0,0.0,0,0,100.0,FULL,636.45
2057,68.5483,4055.123,133.976,100.0,0.0,0,0,100.0,FULL,636.45
2058,68.5816,4056.368,134.71,100.0,0.0,0,0,100.0,FULL,636.45
2059,68.615,4057.618,135.466,100.0,0.0,0,0,100.0,FULL,636.45
2060,68.6483,4058.876,136.251,100.0,0.0,0,0,100.0,FULL,636.45
2061,68.6816,4060.142,137.052,100.0,0.0,0,0,100.0,FULL,636.45
2062,68.7149,4061.412,137.859,100.0,0.0,0,0,100.0,FULL,636.45
2063,68.7483,4062.694,138.684,100.0,0.0,0,0,100.0,FULL,636.45
2064,68.7816,4063.981,139.532,100.0,0.0,0,0,100.0,FULL,636.45
2065,68.8149,4065.277,140.439,100.0,0.0,0,0,100.0,FULL,636.45
2066,68.8482,4066.582,141.389,100.0,0.0,0,0,100.0,FULL,636.45
2067,68.8816,4067.893,142.369,100.0,0.0,0,0,100.0,FULL,636.45
2068,68.9149,4069.218,143.41,100.0,0.0,0,0,100.0,FULL,636.45
2069,68.9482,4070.55,144.473,100.0,0.0,0,0,100.0,FULL,636.45
2070,68.9815,4071.892,145.575,100.0,0.0,0,0,100.0,FULL,636.45
2071,69.0148,4073.246,146.713,100.0,0.0,0,0,100.0,FULL,636.45
2072,69.0482,4074.607,147.872,100.0,0.0,0,0,100.0,FULL,636.45
2073,69.0815,4075.983,149.067,100.0,0.0,0,0,100.0,FULL,636.45
2074,69.1148,4077.369,150.285,100.0,0.0,0,0,100.0,FULL,636.45
2075,69.1481,4078.764,151.521,100.0,0.0,0,0,100.0,FULL,636.45
2076,69.1815,4080.174,152.784,100.0,0.0,0,0,100.0,FULL,636.45
2077,69.2148,4081.595,154.063,100.0,0.0,0,0,100.0,FULL,636.45
2078,69.2481,4083.025,155.358,100.0,0.0,0,0,100.0,FULL,636.45
2079,69.2814,4084.47,156.68,100.0,0.0,0,0,100.0,FULL,636.45
2080,69.3148,4085.928,158.056,100.0,0.0,0,0,100.0,FULL,636.45
2081,69.3481,4087.397,159.474,100.0,0.0,0,0,100.0,FULL,636.45
2082,69.3814,4088.877,160.937,100.0,0.0,0,0,100.0,FULL,636.45
2083,69.4147,4090.376,162.473,100.0,0.0,0,0,100.0,FULL,636.45
2084,69.4481,4091.889,164.058,100.0,0.0,0,0,100.0,FULL,636.45
2085,69.4814,4093.414,165.689,100.0,0.0,0,0,100.0,FULL,636.45
2086,69.5147,4094.953,167.368,100.0,0.0,0,0,100.0,FULL,636.45
2087,69.548,4096.513,169.111,100.0,0.0,0,0,100.0,FULL,636.45
2088,69.5814,4098.087,170.898,100.0,0.0,0,0,100.0,FULL,636.45
2089,69.6147,4099.677,172.732,100.0,0.0,0,0,100.0,DRS,636.45
2090,69.648,4101.283,174.602,100.0,0.0,0,0,100.0,DRS,636.45
2091,69.6813,4102.908,176.438,100.0,0.0,0,0,100.0,DRS,636.45
2092,69.7147,4104.55,178.189,100.0,0.0,0,0,100.0,DRS,636.45
2093,69.748,4106.208,179.786,100.0,0.0,0,0,100.0,DRS,636.45
2094,69.7813,4107.879,181.309,100.0,0.0,0,0,100.0,DRS,636.45
2095,69.8146,4109.563,182.831,100.0,0.0,0,0,100.0,DRS,636.45
2096,69.848,4111.261,184.352,100.0,0.0,0,0,100.0,DRS,636.45
2097,69.8813,4112.976,185.869,100.0,0.0,0,0,100.0,DRS,636.45
2098,69.9146,4114.704,187.381,100.0,0.0,0,0,100.0,DRS,636.45
2099,69.9479,4116.446,188.888,100.0,0.0,0,0,100.0,DRS,636.45
2100,69.9813,4118.202,190.389,100.0,0.0,0,0,100.0,DRS,636.45
2101,70.0146,4119.97,191.882,100.0,0.0,0,0,100.0,DRS,636.45
2102,70.0479,4121.753,193.367,100.0,0.0,0,0,100.0,DRS,636.45
2103,70.0812,4123.549,194.842,100.0,0.0,0,0,100.0,DRS,636.45
2104,70.1146,4125.359,196.307,100.0,0.0,0,0,100.0,DRS,636.45
2105,70.1479,4127.184,197.76,100.0,0.0,0,0,100.0,DRS,636.45
2106,70.1812,4129.022,199.201,100.0,0.0,0,0,100.0,DRS,636.45
2107,70.2145,4130.872,200.63,100.0,0.0,0,0,100.0,DRS,636.45
2108,70.2479,4132.736,202.046,100.0,0.0,0,0,100.0,DRS,636.45
2109,70.2812,4134.613,203.448,100.0,0.0,0,0,100.0,DRS,636.45
2110,70.3145,4136.503,204.837,100.0,0.0,0,0,100.0,DRS,636.45
2111,70.3478,4138.405,206.212,100.0,0.0,0,0,100.0,DRS,636.45
2112,70.3811,4140.32,207.573,100.0,0.0,0,0,100.0,DRS,636.45
2113,70.4145,4142.248,208.918,100.0,0.0,0,0,100.0,DRS,636.45
2114,70.4478,4144.187,210.25,100.0,0.0,0,0,100.0,DRS,636.45
2115,70.4811,4146.14,211.566,100.0,0.0,0,0,100.0,DRS,636.45
2116,70.5144,4148.104,212.867,100.0,0.0,0,0,100.0,DRS,636.45
2117,70.5478,4150.08,214.153,100.0,0.0,0,0,100.0,DRS,636.45
2118,70.5811,4152.068,215.424,100.0,0.0,0,0,100.0,DRS,636.45
2119,70.6144,4154.068,216.681,100.0,0.0,0,0,100.0,DRS,636.45
2120,70.6477,4156.08,217.922,100.0,0.0,0,0,100.0,DRS,636.45
2121,70.6811,4158.102,219.149,100.0,0.0,0,0,100.0,DRS,636.45
2122,70.7144,4160.137,220.361,100.0,0.0,0,0,100.0,DRS,636.45
2123,70.7477,4162.182,221.558,100.0,0.0,0,0,100.0,DRS,636.45
2124,70.781,4164.239,222.741,100.0,0.0,0,0,100.0,DRS,636.45
2125,70.8144,4166.306,223.91,100.0,0.0,0,0,100.0,DRS,636.45
2126,70.8477,4168.384,225.065,100.0,0.0,0,0,100.0,DRS,636.45
2127,70.881,4170.473,226.206,100.0,0.0,0,0,100.0,DRS,636.45
2128,70.9143,4172.572,227.334,100.0,0.0,0,0,100.0,DRS,636.45
2129,70.9477,4174.682,228.448,100.0,0.0,0,0,100.0,DRS,636.45
2130,70.981,4176.802,229.548,100.0,0.0,0,0,100.0,DRS,636.45
2131,71.0143,4178.932,230.636,100.0,0.0,0,0,100.0,DRS,636.45
2132,71.0476,4181.072,231.711,100.0,0.0,0,0,100.0,DRS,636.45
2133,71.081,4183.221,232.773,100.0,0.0,0,0,100.0,DRS,636.45
2134,71.1143,4185.381,233.823,100.0,0.0,0,0,100.0,DRS,636.45
2135,71.1476,4187.55,234.86,100.0,0.0,0,0,100.0,DRS,636.45
2136,71.1809,4189.729,235.886,100.0,0.0,0,0,100.0,DRS,636.45
2137,71.2143,4191.917,236.899,100.0,0.0,0,0,100.0,DRS,636.45
2138,71.2476,4194.115,237.901,100.0,0.0,0,0,100.0,DRS,636.45
2139,71.2809,4196.321,238.891,100.0,0.0,0,0,100.0,DRS,636.45
2140,71.3142,4198.537,239.87,100.0,0.0,0,0,100.0,DRS,636.45
2141,71.3476,4200.762,240.837,100.0,0.0,0,0,100.0,DRS,636.45
2142,71.3809,4202.996,241.793,100.0,0.0,0,0,100.0,DRS,636.45
2143,71.4142,4205.238,242.738,100.0,0.0,0,0,100.0,DRS,636.45
2144,71.4475,4207.49,243.672,100.0,0.0,0,0,100.0,DRS,636.45
2145,71.4809,4209.75,244.596,100.0,0.0,0,0,100.0,DRS,636.45
2146,71.5142,4212.018,245.509,100.0,0.0,0,0,100.0,DRS,636.45
2147,71.5475,4214.295,246.412,100.0,0.0,0,0,100.0,DRS,636.45
2148,71.5808,4216.58,247.305,100.0,0.0,0,0,100.0,DRS,636.45
2149,71.6142,4218.873,248.187,100.0,0.0,0,0,100.0,DRS,636.45
2150,71.6475,4221.174,249.06,100.0,0.0,0,0,100.0,DRS,636.45
2151,71.6808,4223.484,249.923,100.0,0.0,0,0,100.0,DRS,636.45
2152,71.7141,4225.802,250.776,100.0,0.0,0,0,100.0,DRS,636.45
2153,71.7474,4228.127,251.619,100.0,0.0,0,0,100.0,DRS,636.45
2154,71.7808,4230.46,252.454,100.0,0.0,0,0,100.0,DRS,636.45
2155,71.8141,4232.801,253.279,100.0,0.0,0,0,100.0,DRS,636.45
2156,71.8474,4235.149,254.095,100.0,0.0,0,0,100.0,DRS,636.45
2157,71.8807,4237.505,254.902,100.0,0.0,0,0,100.0,DRS,636.45
2158,71.9141,4239.868,255.7,100.0,0.0,0,0,100.0,DRS,636.45
2159,71.9474,4242.239,256.488,100.0,0.0,0,0,100.0,DRS,636.45
2160,71.9807,4244.617,257.269,100.0,0.0,0,0,100.0,DRS,636.45
2161,72.014,4247.002,258.041,100.0,0.0,0,0,100.0,DRS,636.45
2162,72.0474,4249.394,258.805,100.0,0.0,0,0,100.0,DRS,636.45
2163,72.0807,4251.793,259.56,100.0,0.0,0,0,100.0,DRS,636.45
2164,72.114,4254.199,260.306,100.0,0.0,0,0,100.0,DRS,636.45
2165,72.1473,4256.612,261.045,100.0,0.0,0,0,100.0,DRS,636.45
2166,72.1807,4259.032,261.775,100.0,0.0,0,0,100.0,DRS,636.45
2167,72.214,4261.458,262.498,100.0,0.0,0,0,100.0,DRS,636.45
2168,72.2473,4263.891,263.213,100.0,0.0,0,0,100.0,DRS,636.45
2169,72.2806,4266.332,263.92,100.0,0.0,0,0,100.0,DRS,636.45
2170,72.314,4268.778,264.619,100.0,0.0,0,0,100.0,DRS,636.45
2171,72.3473,4271.231,265.311,100.0,0.0,0,0,100.0,DRS,636.45
2172,72.3806,4273.69,265.995,100.0,0.0,0,0,100.0,DRS,636.45
2173,72.4139,4276.155,266.672,100.0,0.0,0,0,100.0,DRS,636.45
2174,72.4473,4278.627,267.342,100.0,0.0,0,0,100.0,DRS,636.45
2175,72.4806,4281.105,268.004,100.0,0.0,0,0,100.0,DRS,636.45
2176,72.5139,4283.588,268.659,100.0,0.0,0,0,100.0,DRS,636.45
2177,72.5472,4286.078,269.308,100.0,0.0,0,0,100.0,DRS,636.45
2178,72.5806,4288.574,269.949,100.0,0.0,0,0,100.0,DRS,636.45
2179,72.6139,4291.076,270.583,100.0,0.0,0,0,100.0,DRS,636.45
2180,72.6472,4293.584,271.211,100.0,0.0,0,0,100.0,DRS,636.45
2181,72.6805,4296.097,271.832,100.0,0.0,0,0,100.0,DRS,636.45
2182,72.7139,4298.616,272.446,100.0,0.0,0,0,100.0,DRS,636.45
2183,72.7472,4301.141,273.054,100.0,0.0,0,0,100.0,DRS,636.45
2184,72.7805,4303.671,273.655,100.0,0.0,0,0,100.0,DRS,636.45
2185,72.8138,4306.207,274.25,100.0,0.0,0,0,100.0,DRS,636.45
2186,72.8472,4308.748,274.839,100.0,0.0,0,0,100.0,DRS,636.45
2187,72.8805,4311.295,275.421,100.0,0.0,0,0,100.0,DRS,636.45
2188,72.9138,4313.848,275.997,100.0,0.0,0,0,100.0,DRS,636.45
2189,72.9471,4316.405,276.567,100.0,0.0,0,0,100.0,DRS,636.45
2190,72.9805,4318.968,277.131,100.0,0.0,0,0,100.0,DRS,636.45
2191,73.0138,4321.536,277.688,100.0,0.0,0,0,100.0,DRS,636.45
2192,73.0471,4324.109,278.241,100.0,0.0,0,0,100.0,DRS,636.45
2193,73.0804,4326.687,278.787,100.0,0.0,0,0,100.0,DRS,636.45
2194,73.1138,4329.27,279.327,100.0,0.0,0,0,100.0,DRS,636.45
2195,73.1471,4331.858,279.862,100.0,0.0,0,0,100.0,DRS,636.45
2196,73.1804,4334.451,280.391,100.0,0.0,0,0,100.0,DRS,636.45
2197,73.2137,4337.049,280.915,100.0,0.0,0,0,100.0,DRS,636.45
2198,73.247,4339.652,281.433,100.0,0.0,0,0,100.0,DRS,636.45
2199,73.2804,4342.26,281.945,100.0,0.0,0,0,100.0,DRS,636.45
2200,73.3137,4344.872,282.452,100.0,0.0,0,0,100.0,DRS,636.45
2201,73.347,4347.489,282.954,100.0,0.0,0,0,100.0,DRS,636.45
2202,73.3803,4350.11,283.45,100.0,0.0,0,0,100.0,DRS,636.45
2203,73.4137,4352.736,283.942,100.0,0.0,0,0,100.0,DRS,636.45
2204,73.447,4355.367,284.428,100.0,0.0,0,0,100.0,DRS,636.45
2205,73.4803,4358.002,284.909,100.0,0.0,0,0,100.0,DRS,636.45
2206,73.5136,4360.642,285.385,100.0,0.0,0,0,100.0,DRS,636.45
2207,73.547,4363.285,285.856,100.0,0.0,0,0,100.0,DRS,636.45
2208,73.5803,4365.934,286.322,100.0,0.0,0,0,100.0,DRS,636.45
2209,73.6136,4368.586,286.783,100.0,0.0,0,0,100.0,DRS,636.45
2210,73.6469,4371.243,287.24,100.0,0.0,0,0,100.0,DRS,636.45
2211,73.6803,4373.904,287.691,100.0,0.0,0,0,100.0,DRS,636.45
2212,73.7136,4376.569,288.138,100.0,0.0,0,0,100.0,DRS,636.45
2213,73.7469,4379.239,288.58,100.0,0.0,0,0,100.0,DRS,636.45
2214,73.7802,4381.912,289.018,100.0,0.0,0,0,100.0,DRS,636.45
2215,73.8136,4384.589,289.451,100.0,0.0,0,0,100.0,DRS,636.45
2216,73.8469,4387.271,289.879,100.0,0.0,0,0,100.0,DRS,636.45
2217,73.8802,4389.956,290.304,100.0,0.0,0,0,100.0,DRS,636.45
2218,73.9135,4392.645,290.723,100.0,0.0,0,0,100.0,DRS,636.45
2219,73.9469,4395.338,291.138,100.0,0.0,0,0,100.0,DRS,636.45
2220,73.9802,4398.035,291.549,100.0,0.0,0,0,100.0,DRS,636.45
2221,74.0135,4400.736,291.956,100.0,0.0,0,0,100.0,DRS,636.45
2222,74.0468,4403.44,292.358,100.0,0.0,0,0,100.0,DRS,636.45
2223,74.0802,4406.148,292.756,100.0,0.0,0,0,100.0,DRS,636.45
2224,74.1135,4408.86,293.15,100.0,0.0,0,0,100.0,DRS,636.45
2225,74.1468,4411.576,293.54,100.0,0.0,0,0,100.0,DRS,636.45
2226,74.1801,4414.295,293.926,100.0,0.0,0,0,100.0,DRS,636.45
2227,74.2135,4417.017,294.308,100.0,0.0,0,0,100.0,DRS,636.45
2228,74.2468,4419.743,294.686,100.0,0.0,0,0,100.0,DRS,636.45
2229,74.2801,4422.473,295.06,100.0,0.0,0,0,100.0,DRS,636.45
2230,74.3134,4425.206,295.43,100.0,0.0,0,0,100.0,DRS,636.45
2231,74.3468,4427.942,295.796,100.0,0.0,0,0,100.0,DRS,636.45
2232,74.3801,4430.682,296.159,100.0,0.0,0,0,100.0,DRS,636.45
2233,74.4134,4433.425,296.517,100.0,0.0,0,0,100.0,DRS,636.45
2234,74.4467,4436.172,296.872,100.0,0.0,0,0,100.0,DRS,636.45
2235,74.4801,4438.921,297.224,100.0,0.0,0,0,100.0,DRS,636.45
2236,74.5134,4441.675,297.571,100.0,0.0,0,0,100.0,DRS,636.45
2237,74.5467,4444.431,297.916,100.0,0.0,0,0,100.0,DRS,636.45
2238,74.58,4447.19,298.256,100.0,0.0,0,0,100.0,DRS,636.45
2239,74.6133,4449.952,298.593,100.0,0.0,0,0,100.0,DRS,636.45
2240,74.6467,4452.718,298.927,100.0,0.0,0,0,100.0,DRS,636.45
2241,74.68,4455.487,299.256,100.0,0.0,0,0,100.0,DRS,636.45
2242,74.7133,4458.258,299.583,100.0,0.0,0,0,100.0,DRS,636.45
2243,74.7466,4461.033,299.906,100.0,0.0,0,0,100.0,DRS,636.45
2244,74.78,4463.811,300.226,100.0,0.0,0,0,100.0,DRS,636.45
2245,74.8133,4466.591,300.543,100.0,0.0,0,0,100.0,DRS,636.45
2246,74.8466,4469.375,300.856,100.0,0.0,0,0,100.0,DRS,636.45
2247,74.8799,4472.161,301.166,100.0,0.0,0,0,100.0,DRS,636.45
2248,74.9133,4474.95,301.473,100.0,0.0,0,0,100.0,DRS,636.45
2249,74.9466,4477.742,301.777,100.0,0.0,0,0,100.0,DRS,636.45
2250,74.9799,4480.537,302.077,100.0,0.0,0,0,100.0,DRS,636.45
2251,75.0132,4483.335,302.375,100.0,0.0,0,0,100.0,DRS,636.45
2252,75.0466,4486.135,302.669,100.0,0.0,0,0,100.0,DRS,636.45
2253,75.0799,4488.938,302.96,100.0,0.0,0,0,100.0,DRS,636.45
2254,75.1132,4491.744,303.249,100.0,0.0,0,0,100.0,DRS,636.45
2255,75.1465,4494.553,303.534,100.0,0.0,0,0,100.0,DRS,636.45
2256,75.1799,4497.364,303.817,100.0,0.0,0,0,100.0,DRS,636.45
2257,75.2132,4500.177,304.096,100.0,0.0,0,0,100.0,DRS,636.45
2258,75.2465,4502.994,304.373,100.0,0.0,0,0,100.0,DRS,636.45
2259,75.2798,4505.812,304.646,100.0,0.0,0,0,100.0,DRS,636.45
2260,75.3132,4508.634,304.917,100.0,0.0,0,0,100.0,DRS,636.45
2261,75.3465,4511.457,305.185,100.0,0.0,0,0,100.0,DRS,636.45
2262,75.3798,4514.284,305.451,100.0,0.0,0,0,100.0,DRS,636.45
2263,75.4131,4517.112,305.713,100.0,0.0,0,0,100.0,DRS,636.45
2264,75.4465,4519.943,305.973,100.0,0.0,0,0,100.0,DRS,636.45
2265,75.4798,4522.777,306.23,100.0,0.0,0,0,100.0,DRS,636.45
2266,75.5131,4525.613,306.485,100.0,0.0,0,0,100.0,DRS,636.45
2267,75.5464,4528.451,306.737,100.0,0.0,0,0,100.0,DRS,636.45
2268,75.5798,4531.292,306.986,100.0,0.0,0,0,100.0,DRS,636.45
2269,75.6131,4534.134,307.233,100.0,0.0,0,0,100.0,DRS,636.45
2270,75.6464,4536.98,307.478,100.0,0.0,0,0,100.0,DRS,636.45
2271,75.6797,4539.827,307.719,100.0,0.0,0,0,100.0,DRS,636.45
2272,75.7131,4542.677,307.959,100.0,0.0,0,0,100.0,DRS,636.45
2273,75.7464,4545.528,308.195,100.0,0.0,0,0,100.0,DRS,636.45
2274,75.7797,4548.382,308.43,100.0,0.0,0,0,100.0,DRS,636.45
2275,75.813,4551.239,308.662,100.0,0.0,0,0,100.0,DRS,636.45
2276,75.8464,4554.097,308.891,100.0,0.0,0,0,100.0,DRS,636.45
2277,75.8797,4556.957,309.118,100.0,0.0,0,0,100.0,DRS,636.45
2278,75.913,4559.82,309.343,100.0,0.0,0,0,100.0,DRS,636.45
2279,75.9463,4562.684,309.566,100.0,0.0,0,0,100.0,DRS,636.45
2280,75.9796,4565.551,309.786,100.0,0.0,0,0,100.0,DRS,636.45
2281,76.013,4568.419,310.004,100.0,0.0,0,0,100.0,DRS,636.45
2282,76.0463,4571.29,310.22,100.0,0.0,0,0,100.0,DRS,636.45
2283,76.0796,4574.163,310.433,100.0,0.0,0,0,100.0,DRS,636.45
2284,76.1129,4577.037,310.645,100.0,0.0,0,0,100.0,DRS,636.45
2285,76.1463,4579.914,310.854,100.0,0.0,0,0,100.0,DRS,636.45
2286,76.1796,4582.792,311.061,100.0,0.0,0,0,100.0,DRS,636.45
2287,76.2129,4585.673,311.266,100.0,0.0,0,0,100.0,DRS,636.45
2288,76.2462,4588.555,311.468,100.0,0.0,0,0,100.0,DRS,636.45
2289,76.2796,4591.439,311.669,100.0,0.0,0,0,100.0,DRS,636.45
2290,76.3129,4594.325,311.868,100.0,0.0,0,0,100.0,DRS,636.45
2291,76.3462,4597.213,312.064,100.0,0.0,0,0,100.0,DRS,636.45
2292,76.3795,4600.102,312.259,100.0,0.0,0,0,100.0,DRS,636.45
2293,76.4129,4602.994,312.451,100.0,0.0,0,0,100.0,DRS,636.45
2294,76.4462,4605.887,312.642,100.0,0.0,0,0,100.0,DRS,636.45
2295,76.4795,4608.782,312.831,100.0,0.0,0,0,100.0,DRS,636.45
2296,76.5128,4611.679,313.017,100.0,0.0,0,0,100.0,DRS,636.45
2297,76.5462,4614.577,313.202,100.0,0.0,0,0,100.0,DRS,636.45
2298,76.5795,4617.477,313.385,100.0,0.0,0,0,100.0,DRS,636.45
2299,76.6128,4620.379,313.566,100.0,0.0,0,0,100.0,DRS,636.45
2300,76.6461,4623.282,313.745,100.0,0.0,0,0,100.0,DRS,636.45
2301,76.6795,4626.187,313.922,100.0,0.0,0,0,100.0,DRS,636.45
2302,76.7128,4629.094,314.098,100.0,0.0,0,0,100.0,DRS,636.45
2303,76.7461,4632.002,314.271,100.0,0.0,0,0,100.0,DRS,636.45
2304,76.7794,4634.912,314.443,100.0,0.0,0,0,100.0,DRS,636.45
2305,76.8128,4637.824,314.613,100.0,0.0,0,0,100.0,DRS,636.45
2306,76.8461,4640.737,314.782,100.0,0.0,0,0,100.0,DRS,636.45
2307,76.8794,4643.652,314.948,100.0,0.0,0,0,100.0,DRS,636.45
2308,76.9127,4646.568,315.113,100.0,0.0,0,0,100.0,DRS,636.45
2309,76.9461,4649.486,315.276,100.0,0.0,0,0,100.0,DRS,636.45
2310,76.9794,4652.405,315.438,100.0,0.0,0,0,100.0,DRS,636.45
2311,77.0127,4655.325,315.598,100.0,0.0,0,0,100.0,DRS,636.45
2312,77.046,4658.248,315.756,100.0,0.0,0,0,100.0,DRS,636.45
2313,77.0794,4661.171,315.913,100.0,0.0,0,0,100.0,DRS,636.45
2314,77.1127,4664.096,316.068,100.0,0.0,0,0,100.0,DRS,636.45
2315,77.146,4667.023,316.221,100.0,0.0,0,0,100.0,DRS,636.45
2316,77.1793,4669.951,316.373,100.0,0.0,0,0,100.0,DRS,636.45
2317,77.2127,4672.88,316.523,100.0,0.0,0,0,100.0,DRS,636.45
2318,77.246,4675.811,316.671,100.0,0.0,0,0,100.0,DRS,636.45
2319,77.2793,4678.743,316.818,100.0,0.0,0,0,100.0,DRS,636.45
2320,77.3126,4681.676,316.964,100.0,0.0,0,0,100.0,DRS,636.45
2321,77.346,4684.611,317.107,100.0,0.0,0,0,100.0,DRS,636.45
2322,77.3793,4687.547,317.249,100.0,0.0,0,0,100.0,DRS,636.45
2323,77.4126,4690.484,317.389,100.0,0.0,0,0,100.0,DRS,636.45
2324,77.4459,4693.423,317.527,100.0,0.0,0,0,100.0,DRS,636.45
2325,77.4792,4696.363,317.664,100.0,0.0,0,0,100.0,DRS,636.45
2326,77.5126,4699.304,317.798,100.0,0.0,0,0,100.0,DRS,636.45
2327,77.5459,4702.246,317.93,100.0,0.0,0,0,100.0,DRS,636.45
2328,77.5792,4705.19,318.059,100.0,0.0,0,0,100.0,DRS,636.45
2329,77.6125,4708.135,318.186,100.0,0.0,0,0,100.0,DRS,636.45
2330,77.6459,4711.081,318.31,100.0,0.0,0,0,100.0,DRS,636.45
2331,77.6792,4714.028,318.43,100.0,0.0,0,0,100.0,DRS,636.45
2332,77.7125,4716.976,318.547,100.0,0.0,0,0,100.0,DRS,636.45
2333,77.7458,4719.925,318.659,100.0,0.0,0,0,100.0,DRS,636.45
2334,77.7792,4722.875,318.766,100.0,0.0,0,0,100.0,DRS,636.45
2335,77.8125,4725.827,318.868,100.0,0.0,0,0,100.0,DRS,636.45
2336,77.8458,4728.779,318.962,100.0,0.0,0,0,100.0,DRS,636.45
2337,77.8791,4731.732,319.049,100.0,0.0,0,0,100.0,DRS,636.45
2338,77.9125,4734.685,319.127,100.0,0.0,0,0,100.0,DRS,636.45
2339,77.9458,4737.64,319.194,100.0,0.0,0,0,100.0,DRS,636.45
2340,77.9791,4740.595,319.249,100.0,0.0,0,0,100.0,DRS,636.45
2341,78.0124,4743.55,319.29,100.0,0.0,0,0,100.0,DRS,636.45
2342,78.0458,4746.506,319.314,100.0,0.0,0,0,100.0,DRS,636.45
2343,78.0791,4749.462,319.319,100.0,0.0,0,0,100.0,DRS,636.45
2344,78.1124,4752.418,319.303,100.0,0.0,0,0,100.0,DRS,636.45
2345,78.1457,4755.373,319.26,100.0,0.0,0,0,100.0,DRS,636.45
2346,78.1791,4758.328,319.191,100.0,0.0,0,0,100.0,DRS,636.45
2347,78.2124,4761.282,319.086,100.0,0.0,0,0,100.0,DRS,636.45
2348,78.2457,4764.235,318.948,100.0,0.0,0,0,100.0,DRS,636.45
2349,78.279,4767.187,318.763,100.0,0.0,0,0,100.0,DRS,636.45
2350,78.3124,4770.137,318.536,100.0,0.0,0,0,100.0,DRS,636.45
2351,78.3457,4773.084,318.254,100.0,0.0,0,0,100.0,DRS,636.45
2352,78.379,4776.028,317.916,100.0,0.0,0,0,100.0,DRS,636.45
2353,78.4123,4778.969,317.514,100.0,0.0,0,0,100.0,DRS,636.45
2354,78.4457,4781.906,317.042,100.0,0.0,0,0,100.0,DRS,636.45
2355,78.479,4784.839,316.497,100.0,0.0,0,0,100.0,DRS,636.45
2356,78.5123,4787.766,315.865,100.0,0.0,0,0,100.0,DRS,636.45
2357,78.5456,4790.687,315.152,100.0,0.0,0,0,100.0,DRS,636.45
2358,78.579,4793.6,314.335,100.0,0.0,0,0,100.0,DRS,636.45
2359,78.6123,4796.505,313.427,100.0,0.0,0,0,100.0,DRS,636.45
2360,78.6456,4799.402,312.408,100.0,0.0,0,0,100.0,FULL,636.45
2361,78.6789,4802.289,311.28,100.0,0.0,0,0,100.0,FULL,636.45
2362,78.7123,4805.165,310.04,100.0,0.0,0,0,100.0,FULL,636.45
2363,78.7456,4808.028,308.674,100.0,0.0,0,0,100.0,FULL,636.45
2364,78.7789,4810.879,307.197,100.0,0.0,0,0,100.0,FULL,636.45
2365,78.8122,4813.715,305.584,100.0,0.0,0,0,100.0,FULL,636.45
2366,78.8455,4816.536,303.852,100.0,0.0,0,0,100.0,FULL,636.45
2367,78.8789,4819.34,301.998,100.0,0.0,0,0,100.0,FULL,636.45
2368,78.9122,4822.126,300.011,100.0,0.0,0,0,100.0,FULL,636.45
2369,78.9455,4824.894,297.912,100.0,0.0,0,0,100.0,FULL,636.45
2370,78.9788,4827.641,295.69,100.0,0.0,0,0,100.0,FULL,636.45
2371,79.0122,4830.367,293.35,100.0,0.0,0,0,100.0,FULL,636.45
2372,79.0455,4833.072,290.91,100.0,0.0,0,0,100.0,FULL,636.45
2373,79.0788,4835.753,288.361,100.0,0.0,0,0,100.0,FULL,636.45
2374,79.1121,4838.409,285.711,100.0,0.0,0,0,100.0,FULL,636.45
2375,79.1455,4841.042,282.95,100.0,0.0,0,0,100.0,FULL,636.45
2376,79.1788,4843.649,280.044,0.0,100.0,0,0,100.0,REGEN,0.0
2377,79.2121,4846.225,276.975,0.0,100.0,0,0,100.0,REGEN,0.0
2378,79.2454,4848.774,273.764,0.0,100.0,0,0,100.0,REGEN,0.0
2379,79.2788,4851.294,270.417,0.0,100.0,0,0,100.0,REGEN,0.0
2380,79.3121,4853.782,266.933,0.0,100.0,0,0,100.0,REGEN,0.0
2381,79.3454,4856.234,263.309,0.0,100.0,0,0,100.0,REGEN,0.0
2382,79.3787,4858.654,259.57,0.0,100.0,0,0,100.0,REGEN,0.0
2383,79.4121,4861.039,255.725,0.0,100.0,0,0,100.0,REGEN,0.0
2384,79.4454,4863.385,250.902,0.0,100.0,0,0,100.0,REGEN,0.0
2385,79.4787,4865.683,245.132,0.0,100.0,0,0,100.0,REGEN,0.0
2386,79.512,4867.927,239.427,0.0,100.0,0,0,100.0,REGEN,0.0
2387,79.5454,4870.116,233.937,0.0,100.0,0,0,100.0,REGEN,0.0
2388,79.5787,4872.256,228.638,0.0,100.0,0,0,100.0,REGEN,0.0
2389,79.612,4874.348,223.521,0.0,100.0,0,0,100.0,REGEN,0.0
2390,79.6453,4876.394,218.597,0.0,100.0,0,0,100.0,REGEN,0.0
2391,79.6787,4878.396,213.911,0.0,100.0,0,0,100.0,REGEN,0.0
2392,79.712,4880.356,209.47,0.0,100.0,0,0,100.0,REGEN,0.0
2393,79.7453,4882.277,205.266,0.0,100.0,0,0,100.0,REGEN,0.0
2394,79.7786,4884.159,201.3,0.0,100.0,0,0,100.0,REGEN,0.0
2395,79.812,4886.004,197.573,0.0,100.0,0,0,100.0,REGEN,0.0
2396,79.8453,4887.815,194.062,0.0,100.0,0,0,100.0,REGEN,0.0
2397,79.8786,4889.594,190.755,0.0,100.0,0,0,100.0,REGEN,0.0
2398,79.9119,4891.346,187.64,0.0,100.0,0,0,100.0,REGEN,0.0
2399,79.9453,4893.07,184.705,0.0,100.0,0,0,100.0,REGEN,0.0
2400,79.9786,4894.769,181.917,0.0,100.0,0,0,100.0,REGEN,0.0
2401,80.0119,4896.44,179.16,0.0,100.0,0,0,100.0,REGEN,0.0
2402,80.0452,4898.081,176.047,0.0,100.0,0,0,100.0,REGEN,0.0
2403,80.0786,4899.693,172.7,0.0,100.0,0,0,100.0,REGEN,0.0
2404,80.1119,4901.278,169.198,0.0,100.0,0,0,100.0,REGEN,0.0
2405,80.1452,4902.831,165.625,0.0,100.0,0,0,100.0,REGEN,0.0
2406,80.1785,4904.342,162.123,0.0,100.0,0,0,100.0,REGEN,0.0
2407,80.2118,4905.827,158.684,0.0,100.0,0,0,100.0,REGEN,0.0
2408,80.2452,4907.287,155.304,0.0,100.0,0,0,100.0,REGEN,0.0
2409,80.2785,4908.702,152.037,0.0,100.0,0,0,100.0,REGEN,0.0
2410,80.3118,4910.095,148.862,0.0,100.0,0,0,100.0,REGEN,0.0
2411,80.3451,4911.465,145.775,0.0,100.0,0,0,100.0,REGEN,0.0
2412,80.3785,4912.794,142.856,0.0,100.0,0,0,100.0,REGEN,0.0
2413,80.4118,4914.105,140.005,0.0,100.0,0,0,100.0,REGEN,0.0
2414,80.4451,4915.39,137.253,0.0,100.0,0,0,100.0,REGEN,0.0
2415,80.4784,4916.644,134.632,0.0,100.0,0,0,100.0,REGEN,0.0
2416,80.5118,4917.885,132.089,0.0,100.0,0,0,100.0,REGEN,0.0
2417,80.5451,4919.093,129.808,0.0,100.0,0,0,100.0,REGEN,0.0
2418,80.5784,4920.285,127.699,0.0,100.0,0,0,100.0,REGEN,0.0
2419,80.6117,4921.461,125.786,0.0,100.0,0,0,100.0,REGEN,0.0
2420,80.6451,4922.616,124.231,0.0,100.0,0,0,100.0,REGEN,0.0
2421,80.6784,4923.763,122.837,0.0,100.0,0,0,100.0,REGEN,0.0
2422,80.7117,4924.894,121.939,0.0,100.0,0,0,100.0,REGEN,0.0
2423,80.745,4926.019,121.097,0.0,100.0,0,0,100.0,REGEN,0.0
2424,80.7784,4927.138,120.323,0.0,100.0,0,0,100.0,REGEN,0.0
2425,80.8117,4928.246,119.446,0.0,100.0,0,0,100.0,REGEN,0.0
2426,80.845,4929.349,118.539,0.0,100.0,0,0,100.0,REGEN,0.0
2427,80.8783,4930.44,117.6,0.0,100.0,0,0,100.0,REGEN,0.0
2428,80.9117,4931.525,116.663,0.0,100.0,0,0,100.0,REGEN,0.0
2429,80.945,4932.601,115.729,0.0,100.0,0,0,100.0,REGEN,0.0
2430,80.9783,4933.667,114.828,0.0,100.0,0,0,100.0,REGEN,0.0
2431,81.0116,4934.729,113.941,0.0,100.0,0,0,100.0,REGEN,0.0
2432,81.045,4935.777,113.116,0.0,100.0,0,0,100.0,REGEN,0.0
2433,81.0783,4936.821,112.292,0.0,100.0,0,0,100.0,REGEN,0.0
2434,81.1116,4937.856,111.471,0.0,100.0,0,0,100.0,REGEN,0.0
2435,81.1449,4938.884,110.657,0.0,100.0,0,0,100.0,REGEN,0.0
2436,81.1783,4939.906,109.848,0.0,100.0,0,0,100.0,REGEN,0.0
2437,81.2116,4940.918,109.076,0.0,100.0,0,0,100.0,REGEN,0.0
2438,81.2449,4941.926,108.319,0.0,100.0,0,0,100.0,REGEN,0.0
2439,81.2782,4942.924,107.645,0.0,100.0,0,0,100.0,REGEN,0.0
2440,81.3116,4943.918,107.013,0.0,100.0,0,0,100.0,REGEN,0.0
2441,81.3449,4944.906,106.475,0.0,100.0,0,0,100.0,REGEN,0.0
2442,81.3782,4945.889,105.944,0.0,100.0,0,0,100.0,REGEN,0.0
2443,81.4115,4946.868,105.419,0.0,100.0,0,0,100.0,REGEN,0.0
2444,81.4449,4947.84,104.834,0.0,100.0,0,0,100.0,REGEN,0.0
2445,81.4782,4948.81,104.231,0.0,100.0,0,0,100.0,REGEN,0.0
2446,81.5115,4949.77,103.661,100.0,100.0,0,0,100.0,REGEN,353.27
2447,81.5448,4950.729,103.147,100.0,0.0,0,0,100.0,FULL,636.45
2448,81.5781,4951.682,102.849,100.0,0.0,0,0,100.0,FULL,636.45
2449,81.6115,4952.633,102.62,100.0,0.0,0,0,100.0,FULL,636.45
2450,81.6448,4953.582,102.487,100.0,0.0,0,0,100.0,FULL,636.45
2451,81.6781,4954.53,102.353,100.0,0.0,0,0,100.0,FULL,636.45
2452,81.7114,4955.478,102.22,100.0,0.0,0,0,100.0,FULL,636.45
2453,81.7448,4956.423,102.088,100.0,0.0,0,0,100.0,FULL,636.45
2454,81.7781,4957.368,101.978,100.0,0.0,0,0,100.0,FULL,636.45
2455,81.8114,4958.312,101.972,100.0,0.0,0,0,100.0,FULL,636.45
2456,81.8447,4959.256,102.004,100.0,0.0,0,0,100.0,FULL,636.45
2457,81.8781,4960.2,102.078,100.0,0.0,0,0,100.0,FULL,636.45
2458,81.9114,4961.146,102.142,100.0,0.0,0,0,100.0,FULL,636.45
2459,81.9447,4962.091,102.197,100.0,0.0,0,0,100.0,FULL,636.45
2460,81.978,4963.037,102.225,100.0,0.0,0,0,100.0,FULL,636.45
2461,82.0114,4963.984,102.247,100.0,0.0,0,0,100.0,FULL,636.45
2462,82.0447,4964.93,102.271,100.0,0.0,0,0,100.0,FULL,636.45
2463,82.078,4965.877,102.34,100.0,0.0,0,0,100.0,FULL,636.45
2464,82.1113,4966.825,102.468,100.0,0.0,0,0,100.0,FULL,636.45
2465,82.1447,4967.775,102.649,100.0,0.0,0,0,100.0,FULL,636.45
2466,82.178,4968.726,102.926,100.0,0.0,0,0,100.0,FULL,636.45
2467,82.2113,4969.682,103.387,100.0,0.0,0,0,100.0,FULL,636.45
2468,82.2446,4970.641,103.951,100.0,0.0,0,0,100.0,FULL,636.45
2469,82.278,4971.606,104.607,100.0,0.0,0,0,100.0,FULL,636.45
2470,82.3113,4972.579,105.306,100.0,0.0,0,0,100.0,FULL,636.45
2471,82.3446,4973.556,106.029,100.0,0.0,0,0,100.0,FULL,636.45
2472,82.3779,4974.541,106.784,100.0,0.0,0,0,100.0,FULL,636.45
2473,82.4113,4975.534,107.571,100.0,0.0,0,0,100.0,FULL,636.45
2474,82.4446,4976.533,108.372,100.0,0.0,0,0,100.0,FULL,636.45
2475,82.4779,4977.54,109.196,100.0,0.0,0,0,100.0,FULL,636.45
2476,82.5112,4978.555,110.028,100.0,0.0,0,0,100.0,FULL,636.45
2477,82.5446,4979.576,110.866,100.0,0.0,0,0,100.0,FULL,636.45
2478,82.5779,4980.608,111.703,100.0,0.0,0,0,100.0,FULL,636.45
2479,82.6112,4981.645,112.529,100.0,0.0,0,0,100.0,FULL,636.45
2480,82.6445,4982.69,113.343,100.0,0.0,0,0,100.0,FULL,636.45
2481,82.6779,4983.744,114.121,100.0,0.0,0,0,100.0,FULL,636.45
2482,82.7112,4984.803,114.88,100.0,0.0,0,0,100.0,FULL,636.45
2483,82.7445,4985.87,115.591,100.0,0.0,0,0,100.0,FULL,636.45
2484,82.7778,4986.944,116.286,100.0,0.0,0,0,100.0,FULL,636.45
2485,82.8112,4988.021,116.971,100.0,0.0,0,0,100.0,FULL,636.45
2486,82.8445,4989.109,117.588,100.0,0.0,0,0,100.0,FULL,636.45
2487,82.8778,4990.199,118.154,100.0,0.0,0,0,100.0,FULL,636.45
2488,82.9111,4991.295,118.638,100.0,0.0,0,0,100.0,FULL,636.45
2489,82.9445,4992.396,119.136,100.0,0.0,0,0,100.0,FULL,636.45
2490,82.9778,4993.5,119.662,100.0,0.0,0,0,100.0,FULL,636.45
2491,83.0111,4994.612,120.303,100.0,0.0,0,0,100.0,FULL,636.45
2492,83.0444,4995.729,121.026,100.0,0.0,0,0,100.0,FULL,636.45
2493,83.0777,4996.852,121.816,100.0,0.0,0,0,100.0,FULL,636.45
2494,83.1111,4997.986,122.735,100.0,0.0,0,0,100.0,FULL,636.45
2495,83.1444,4999.125,123.701,100.0,0.0,0,0,100.0,FULL,636.45
2496,83.1777,5000.276,124.762,100.0,0.0,0,0,100.0,FULL,636.45
2497,83.211,5001.437,125.917,100.0,0.0,0,0,100.0,DRS,636.45
2498,83.2444,5002.605,127.132,100.0,0.0,0,0,100.0,DRS,636.45
2499,83.2777,5003.792,128.432,100.0,0.0,0,0,100.0,DRS,636.45
2500,83.311,5004.985,129.744,100.0,0.0,0,0,100.0,DRS,636.45
2501,83.3443,5006.193,131.071,100.0,0.0,0,0,100.0,DRS,636.45
2502,83.3777,5007.413,132.404,100.0,0.0,0,0,100.0,DRS,636.45
2503,83.411,5008.642,133.741,100.0,0.0,0,0,100.0,DRS,636.45
2504,83.4443,5009.889,135.087,100.0,0.0,0,0,100.0,DRS,636.45
2505,83.4776,5011.144,136.437,100.0,0.0,0,0,100.0,DRS,636.45
2506,83.511,5012.414,137.792,100.0,0.0,0,0,100.0,DRS,636.45
2507,83.5443,5013.697,139.15,100.0,0.0,0,0,100.0,DRS,636.45
2508,83.5776,5014.988,140.511,100.0,0.0,0,0,100.0,DRS,636.45
2509,83.6109,5016.298,141.868,100.0,0.0,0,0,100.0,DRS,636.45
2510,83.6443,5017.616,143.223,100.0,0.0,0,0,100.0,DRS,636.45
2511,83.6776,5018.948,144.571,100.0,0.0,0,0,100.0,DRS,636.45
2512,83.7109,5020.294,145.904,100.0,0.0,0,0,100.0,DRS,636.45
2513,83.7442,5021.648,147.227,100.0,0.0,0,0,100.0,DRS,636.45
2514,83.7776,5023.019,148.518,100.0,0.0,0,0,100.0,DRS,636.45
2515,83.8109,5024.4,149.797,100.0,0.0,0,0,100.0,DRS,636.45
2516,83.8442,5025.79,151.064,100.0,0.0,0,0,100.0,DRS,636.45
2517,83.8775,5027.197,152.409,100.0,0.0,0,0,100.0,DRS,636.45
2518,83.9109,5028.614,153.8,100.0,0.0,0,0,100.0,DRS,636.45
2519,83.9442,5030.042,155.249,100.0,0.0,0,0,100.0,DRS,636.45
2520,83.9775,5031.489,156.784,100.0,0.0,0,0,100.0,DRS,636.45
2521,84.0108,5032.947,158.36,100.0,0.0,0,0,100.0,DRS,636.45
2522,84.0442,5034.418,159.979,100.0,0.0,0,0,100.0,DRS,636.45
2523,84.0775,5035.909,161.632,100.0,0.0,0,0,100.0,DRS,636.45
2524,84.1108,5037.413,163.293,100.0,0.0,0,0,100.0,DRS,636.45
2525,84.1441,5038.931,164.962,100.0,0.0,0,0,100.0,DRS,636.45
2526,84.1775,5040.465,166.645,100.0,0.0,0,0,100.0,DRS,636.45
2527,84.2108,5042.017,168.347,100.0,0.0,0,0,100.0,DRS,636.45
2528,84.2441,5043.584,170.063,100.0,0.0,0,0,100.0,DRS,636.45
2529,84.2774,5045.165,171.794,100.0,0.0,0,0,100.0,DRS,636.45
2530,84.3108,5046.761,173.543,100.0,0.0,0,0,100.0,DRS,636.45
2531,84.3441,5048.378,175.321,100.0,0.0,0,0,100.0,DRS,636.45
2532,84.3774,5050.009,176.99,100.0,0.0,0,0,100.0,DRS,636.45
2533,84.4107,5051.655,178.585,100.0,0.0,0,0,100.0,DRS,636.45
2534,84.444,5053.314,180.143,100.0,0.0,0,0,100.0,DRS,636.45
2535,84.4774,5054.988,181.696,100.0,0.0,0,0,100.0,DRS,636.45
2536,84.5107,5056.678,183.244,100.0,0.0,0,0,100.0,DRS,636.45
2537,84.544,5058.382,184.785,100.0,0.0,0,0,100.0,DRS,636.45
2538,84.5773,5060.1,186.32,100.0,0.0,0,0,100.0,DRS,636.45
2539,84.6107,5061.832,187.847,100.0,0.0,0,0,100.0,DRS,636.45
2540,84.644,5063.577,189.366,100.0,0.0,0,0,100.0,DRS,636.45
2541,84.6773,5065.336,190.876,100.0,0.0,0,0,100.0,DRS,636.45
2542,84.7106,5067.109,192.376,100.0,0.0,0,0,100.0,DRS,636.45
2543,84.744,5068.898,193.864,100.0,0.0,0,0,100.0,DRS,636.45
2544,84.7773,5070.7,195.34,100.0,0.0,0,0,100.0,DRS,636.45
2545,84.8106,5072.515,196.804,100.0,0.0,0,0,100.0,DRS,636.45
2546,84.8439,5074.344,198.257,100.0,0.0,0,0,100.0,DRS,636.45
2547,84.8773,5076.185,199.696,100.0,0.0,0,0,100.0,DRS,636.45
2548,84.9106,5078.04,201.122,100.0,0.0,0,0,100.0,DRS,636.45
2549,84.9439,5079.908,202.534,100.0,0.0,0,0,100.0,DRS,636.45
2550,84.9772,5081.789,203.932,100.0,0.0,0,0,100.0,DRS,636.45
2551,85.0106,5083.683,205.315,100.0,0.0,0,0,100.0,DRS,636.45
2552,85.0439,5085.59,206.684,100.0,0.0,0,0,100.0,DRS,636.45
2553,85.0772,5087.509,208.039,100.0,0.0,0,0,100.0,DRS,636.45
2554,85.1105,5089.441,209.378,100.0,0.0,0,0,100.0,DRS,636.45
2555,85.1439,5091.385,210.703,100.0,0.0,0,0,100.0,DRS,636.45
2556,85.1772,5093.342,212.012,100.0,0.0,0,0,100.0,DRS,636.45
2557,85.2105,5095.31,213.306,100.0,0.0,0,0,100.0,DRS,636.45
2558,85.2438,5097.291,214.585,100.0,0.0,0,0,100.0,DRS,636.45
2559,85.2772,5099.283,215.849,100.0,0.0,0,0,100.0,DRS,636.45
2560,85.3105,5101.287,217.099,100.0,0.0,0,0,100.0,DRS,636.45
2561,85.3438,5103.302,218.334,100.0,0.0,0,0,100.0,DRS,636.45
2562,85.3771,5105.329,219.554,100.0,0.0,0,0,100.0,DRS,636.45
2563,85.4105,5107.367,220.759,100.0,0.0,0,0,100.0,DRS,636.45
2564,85.4438,5109.416,221.951,100.0,0.0,0,0,100.0,DRS,636.45
2565,85.4771,5111.476,223.128,100.0,0.0,0,0,100.0,DRS,636.45
2566,85.5104,5113.547,224.291,100.0,0.0,0,0,100.0,DRS,636.45
2567,85.5438,5115.628,225.44,100.0,0.0,0,0,100.0,DRS,636.45
2568,85.5771,5117.721,226.575,100.0,0.0,0,0,100.0,DRS,636.45
2569,85.6104,5119.823,227.697,100.0,0.0,0,0,100.0,DRS,636.45
2570,85.6437,5121.936,228.806,100.0,0.0,0,0,100.0,DRS,636.45
2571,85.6771,5124.059,229.902,100.0,0.0,0,0,100.0,DRS,636.45
2572,85.7104,5126.193,230.984,100.0,0.0,0,0,100.0,DRS,636.45
2573,85.7437,5128.336,232.054,100.0,0.0,0,0,100.0,DRS,636.45
2574,85.777,5130.489,233.112,100.0,0.0,0,0,100.0,DRS,636.45
2575,85.8103,5132.652,234.157,100.0,0.0,0,0,100.0,DRS,636.45
2576,85.8437,5134.824,235.19,100.0,0.0,0,0,100.0,DRS,636.45
2577,85.877,5137.006,236.211,100.0,0.0,0,0,100.0,DRS,636.45
2578,85.9103,5139.197,237.22,100.0,0.0,0,0,100.0,DRS,636.45
2579,85.9436,5141.397,238.218,100.0,0.0,0,0,100.0,DRS,636.45
2580,85.977,5143.607,239.204,100.0,0.0,0,0,100.0,DRS,636.45
2581,86.0103,5145.825,240.179,100.0,0.0,0,0,100.0,DRS,636.45
2582,86.0436,5148.053,241.143,100.0,0.0,0,0,100.0,DRS,636.45
2583,86.0769,5150.29,242.095,100.0,0.0,0,0,100.0,DRS,636.45
2584,86.1103,5152.535,243.036,100.0,0.0,0,0,100.0,DRS,636.45
2585,86.1436,5154.79,243.967,100.0,0.0,0,0,100.0,DRS,636.45
2586,86.1769,5157.052,244.887,100.0,0.0,0,0,100.0,DRS,636.45
2587,86.2102,5159.323,245.797,100.0,0.0,0,0,100.0,DRS,636.45
2588,86.2436,5161.603,246.696,100.0,0.0,0,0,100.0,DRS,636.45
2589,86.2769,5163.89,247.586,100.0,0.0,0,0,100.0,DRS,636.45
2590,86.3102,5166.186,248.465,100.0,0.0,0,0,100.0,DRS,636.45
2591,86.3435,5168.49,249.335,100.0,0.0,0,0,100.0,DRS,636.45
2592,86.3769,5170.802,250.195,100.0,0.0,0,0,100.0,DRS,636.45
2593,86.4102,5173.122,251.045,100.0,0.0,0,0,100.0,DRS,636.45
2594,86.4435,5175.45,251.885,100.0,0.0,0,0,100.0,DRS,636.45
2595,86.4768,5177.786,252.716,100.0,0.0,0,0,100.0,DRS,636.45
2596,86.5102,5180.129,253.539,100.0,0.0,0,0,100.0,DRS,636.45
2597,86.5435,5182.479,254.352,100.0,0.0,0,0,100.0,DRS,636.45
2598,86.5768,5184.837,255.156,100.0,0.0,0,0,100.0,DRS,636.45
2599,86.6101,5187.203,255.951,100.0,0.0,0,0,100.0,DRS,636.45
2600,86.6435,5189.576,256.737,100.0,0.0,0,0,100.0,DRS,636.45
2601,86.6768,5191.956,257.515,100.0,0.0,0,0,100.0,DRS,636.45
2602,86.7101,5194.344,258.284,100.0,0.0,0,0,100.0,DRS,636.45
2603,86.7434,5196.738,259.045,100.0,0.0,0,0,100.0,DRS,636.45
2604,86.7768,5199.139,259.798,100.0,0.0,0,0,100.0,DRS,636.45
2605,86.8101,5201.548,260.541,100.0,0.0,0,0,100.0,DRS,636.45
2606,86.8434,5203.963,261.277,100.0,0.0,0,0,100.0,DRS,636.45
2607,86.8767,5206.385,262.005,100.0,0.0,0,0,100.0,DRS,636.45
2608,86.9101,5208.813,262.726,100.0,0.0,0,0,100.0,DRS,636.45
2609,86.9434,5211.248,263.438,100.0,0.0,0,0,100.0,DRS,636.45
2610,86.9767,5213.69,264.143,100.0,0.0,0,0,100.0,DRS,636.45
2611,87.01,5216.139,264.839,100.0,0.0,0,0,100.0,DRS,636.45
2612,87.0434,5218.594,265.529,100.0,0.0,0,0,100.0,DRS,636.45
2613,87.0767,5221.055,266.211,100.0,0.0,0,0,100.0,DRS,636.45
2614,87.11,5223.522,266.886,100.0,0.0,0,0,100.0,DRS,636.45
2615,87.1433,5225.996,267.553,100.0,0.0,0,0,100.0,DRS,636.45
2616,87.1767,5228.476,268.213,100.0,0.0,0,0,100.0,DRS,636.45
2617,87.21,5230.961,268.866,100.0,0.0,0,0,100.0,DRS,636.45
2618,87.2433,5233.453,269.512,100.0,0.0,0,0,100.0,DRS,636.45
2619,87.2766,5235.951,270.151,100.0,0.0,0,0,100.0,DRS,636.45
2620,87.3099,5238.455,270.783,100.0,0.0,0,0,100.0,DRS,636.45
2621,87.3433,5240.964,271.409,100.0,0.0,0,0,100.0,DRS,636.45
2622,87.3766,5243.479,272.028,100.0,0.0,0,0,100.0,DRS,636.45
2623,87.4099,5246.0,272.64,100.0,0.0,0,0,100.0,DRS,636.45
2624,87.4432,5248.527,273.245,100.0,0.0,0,0,100.0,DRS,636.45
2625,87.4766,5251.059,273.844,100.0,0.0,0,0,100.0,DRS,636.45
2626,87.5099,5253.597,274.437,100.0,0.0,0,0,100.0,DRS,636.45
2627,87.5432,5256.139,275.024,100.0,0.0,0,0,100.0,DRS,636.45
2628,87.5765,5258.688,275.604,100.0,0.0,0,0,100.0,DRS,636.45
2629,87.6099,5261.242,276.178,100.0,0.0,0,0,100.0,DRS,636.45
2630,87.6432,5263.801,276.746,100.0,0.0,0,0,100.0,DRS,636.45
2631,87.6765,5266.365,277.309,100.0,0.0,0,0,100.0,DRS,636.45
2632,87.7098,5268.935,277.864,100.0,0.0,0,0,100.0,DRS,636.45
2633,87.7432,5271.51,278.415,100.0,0.0,0,0,100.0,DRS,636.45
2634,87.7765,5274.089,278.959,100.0,0.0,0,0,100.0,DRS,636.45
2635,87.8098,5276.674,279.498,100.0,0.0,0,0,100.0,DRS,636.45
2636,87.8431,5279.264,280.031,100.0,0.0,0,0,100.0,DRS,636.45
2637,87.8765,5281.859,280.558,100.0,0.0,0,0,100.0,DRS,636.45
2638,87.9098,5284.458,281.08,100.0,0.0,0,0,100.0,DRS,636.45
2639,87.9431,5287.062,281.596,100.0,0.0,0,0,100.0,DRS,636.45
2640,87.9764,5289.672,282.107,100.0,0.0,0,0,100.0,DRS,636.45
2641,88.0098,5292.285,282.612,100.0,0.0,0,0,100.0,DRS,636.45
2642,88.0431,5294.903,283.112,100.0,0.0,0,0,100.0,DRS,636.45
2643,88.0764,5297.527,283.607,100.0,0.0,0,0,100.0,DRS,636.45
2644,88.1097,5300.154,284.097,100.0,0.0,0,0,100.0,DRS,636.45
2645,88.1431,5302.786,284.581,100.0,0.0,0,0,100.0,DRS,636.45
2646,88.1764,5305.423,285.061,100.0,0.0,0,0,100.0,DRS,636.45
2647,88.2097,5308.064,285.535,100.0,0.0,0,0,100.0,DRS,636.45
2648,88.243,5310.709,286.005,100.0,0.0,0,0,100.0,DRS,636.45
2649,88.2764,5313.359,286.469,100.0,0.0,0,0,100.0,DRS,636.45
2650,88.3097,5316.013,286.929,100.0,0.0,0,0,100.0,DRS,636.45
2651,88.343,5318.671,287.384,100.0,0.0,0,0,100.0,DRS,636.45
2652,88.3763,5321.333,287.834,100.0,0.0,0,0,100.0,DRS,636.45
2653,88.4097,5324.0,288.279,100.0,0.0,0,0,100.0,DRS,636.45
2654,88.443,5326.67,288.72,100.0,0.0,0,0,100.0,DRS,636.45
2655,88.4763,5329.345,289.156,100.0,0.0,0,0,100.0,DRS,636.45
2656,88.5096,5332.023,289.587,100.0,0.0,0,0,100.0,DRS,636.45
2657,88.543,5334.706,290.014,100.0,0.0,0,0,100.0,DRS,636.45
2658,88.5763,5337.392,290.437,100.0,0.0,0,0,100.0,DRS,636.45
2659,88.6096,5340.083,290.855,100.0,0.0,0,0,100.0,DRS,636.45
2660,88.6429,5342.777,291.269,100.0,0.0,0,0,100.0,DRS,636.45
2661,88.6762,5345.475,291.678,100.0,0.0,0,0,100.0,DRS,636.45
2662,88.7096,5348.177,292.083,100.0,0.0,0,0,100.0,DRS,636.45
2663,88.7429,5350.883,292.484,100.0,0.0,0,0,100.0,DRS,636.45
2664,88.7762,5353.592,292.88,100.0,0.0,0,0,100.0,DRS,636.45
2665,88.8095,5356.305,293.272,100.0,0.0,0,0,100.0,DRS,636.45
2666,88.8429,5359.022,293.66,100.0,0.0,0,0,100.0,DRS,636.45
2667,88.8762,5361.742,294.044,100.0,0.0,0,0,100.0,DRS,636.45
2668,88.9095,5364.465,294.423,100.0,0.0,0,0,100.0,DRS,636.45
2669,88.9428,5367.193,294.799,100.0,0.0,0,0,100.0,DRS,636.45
2670,88.9762,5369.923,295.17,100.0,0.0,0,0,100.0,DRS,636.45
2671,89.0095,5372.657,295.537,100.0,0.0,0,0,100.0,DRS,636.45
2672,89.0428,5375.395,295.899,100.0,0.0,0,0,100.0,DRS,636.45
2673,89.0761,5378.135,296.258,100.0,0.0,0,0,100.0,DRS,636.45
2674,89.1095,5380.879,296.611,100.0,0.0,0,0,100.0,DRS,636.45
2675,89.1428,5383.627,296.961,100.0,0.0,0,0,100.0,DRS,636.45
2676,89.1761,5386.377,297.306,100.0,0.0,0,0,100.0,DRS,636.45
2677,89.2094,5389.131,297.646,100.0,0.0,0,0,100.0,DRS,636.45
2678,89.2428,5391.888,297.981,100.0,0.0,0,0,100.0,DRS,636.45
2679,89.2761,5394.647,298.312,100.0,0.0,0,0,100.0,DRS,636.45
2680,89.3094,5397.41,298.638,100.0,0.0,0,0,100.0,DRS,636.45
2681,89.3427,5400.176,298.958,100.0,0.0,0,0,100.0,DRS,636.45
2682,89.3761,5402.945,299.273,100.0,0.0,0,0,100.0,DRS,636.45
2683,89.4094,5405.717,299.582,100.0,0.0,0,0,100.0,DRS,636.45
2684,89.4427,5408.491,299.886,100.0,0.0,0,0,100.0,DRS,636.45
2685,89.476,5411.269,300.184,100.0,0.0,0,0,100.0,DRS,636.45
2686,89.5094,5414.049,300.475,100.0,0.0,0,0,100.0,DRS,636.45
2687,89.5427,5416.832,300.76,100.0,0.0,0,0,100.0,DRS,636.45
2688,89.576,5419.617,301.038,100.0,0.0,0,0,100.0,DRS,636.45
2689,89.6093,5422.405,301.309,100.0,0.0,0,0,100.0,DRS,636.45
2690,89.6427,5425.195,301.573,100.0,0.0,0,0,100.0,DRS,636.45
2691,89.676,5427.988,301.829,100.0,0.0,0,0,100.0,DRS,636.45
2692,89.7093,5430.783,302.078,100.0,0.0,0,0,100.0,DRS,636.45
2693,89.7426,5433.581,302.318,100.0,0.0,0,0,100.0,DRS,636.45
2694,89.776,5436.38,302.55,100.0,0.0,0,0,100.0,DRS,636.45
2695,89.8093,5439.182,302.773,100.0,0.0,0,0,100.0,DRS,636.45
2696,89.8426,5441.986,302.988,100.0,0.0,0,0,100.0,DRS,636.45
2697,89.8759,5444.791,303.193,100.0,0.0,0,0,100.0,DRS,636.45
2698,89.9093,5447.599,303.39,100.0,0.0,0,0,100.0,DRS,636.45
2699,89.9426,5450.408,303.577,100.0,0.0,0,0,100.0,DRS,636.45
2700,89.9759,5453.219,303.756,100.0,0.0,0,0,100.0,DRS,636.45
2701,90.0092,5456.032,303.924,100.0,0.0,0,0,100.0,DRS,636.45
2702,90.0425,5458.846,304.084,100.0,0.0,0,0,100.0,DRS,636.45
