frame,time_s,distance,speed,throttle,brake,gear,rpm,soc_pct,mode,power_kw
0,0.0,0.0,305.331,100.0,0.0,0,0,100.0,DRS,636.45
1,0.0333,2.827,305.501,100.0,0.0,0,0,100.0,DRS,636.45
2,0.0666,5.656,305.764,100.0,0.0,0,0,100.0,DRS,636.45
3,0.1,8.488,306.023,100.0,0.0,0,0,100.0,DRS,636.45
4,0.1333,11.322,306.28,100.0,0.0,0,0,100.0,DRS,636.45
5,0.1666,14.158,306.534,100.0,0.0,0,0,100.0,DRS,636.45
6,0.1999,16.997,306.786,100.0,0.0,0,0,100.0,DRS,636.45
7,0.2333,19.838,307.035,100.0,0.0,0,0,100.0,DRS,636.45
8,0.2666,22.681,307.281,100.0,0.0,0,0,100.0,DRS,636.45
9,0.2999,25.527,307.525,100.0,0.0,0,0,100.0,DRS,636.45
10,0.3332,28.375,307.767,100.0,0.0,0,0,100.0,DRS,636.45
11,0.3666,31.225,308.006,100.0,0.0,0,0,100.0,DRS,636.45
12,0.3999,34.077,308.242,100.0,0.0,0,0,100.0,DRS,636.45
13,0.4332,36.931,308.476,100.0,0.0,0,0,100.0,DRS,636.45
14,0.4665,39.788,308.708,100.0,0.0,0,0,100.0,DRS,636.45
15,0.4999,42.646,308.937,100.0,0.0,0,0,100.0,DRS,636.45
16,0.5332,45.507,309.164,100.0,0.0,0,0,100.0,DRS,636.45
17,0.5665,48.37,309.376,100.0,0.0,0,0,100.0,DRS,636.45
18,0.5998,51.235,309.571,100.0,0.0,0,0,100.0,DRS,636.45
19,0.6332,54.101,309.768,100.0,0.0,0,0,100.0,DRS,636.45
20,0.6665,56.97,309.966,100.0,0.0,0,0,100.0,DRS,636.45
21,0.6998,59.84,310.164,100.0,0.0,0,0,100.0,DRS,636.45
22,0.7331,62.712,310.362,100.0,0.0,0,0,100.0,DRS,636.45
23,0.7665,65.586,310.561,100.0,0.0,0,0,100.0,DRS,636.45
24,0.7998,68.462,310.76,100.0,0.0,0,0,100.0,DRS,636.45
25,0.8331,71.339,310.958,100.0,0.0,0,0,100.0,DRS,636.45
26,0.8664,74.218,311.156,100.0,0.0,0,0,100.0,DRS,636.45
27,0.8998,77.1,311.353,100.0,0.0,0,0,100.0,DRS,636.45
28,0.9331,79.983,311.549,100.0,0.0,0,0,100.0,DRS,636.45
29,0.9664,82.868,311.744,100.0,0.0,0,0,100.0,DRS,636.45
30,0.9997,85.754,311.937,100.0,0.0,0,0,100.0,DRS,636.45
31,1.0331,88.643,312.13,100.0,0.0,0,0,100.0,DRS,636.45
32,1.0664,91.533,312.321,100.0,0.0,0,0,100.0,DRS,636.45
33,1.0997,94.425,312.51,100.0,0.0,0,0,100.0,DRS,636.45
34,1.133,97.318,312.699,100.0,0.0,0,0,100.0,DRS,636.45
35,1.1664,100.214,312.885,100.0,0.0,0,0,100.0,DRS,636.45
36,1.1997,103.111,313.07,100.0,0.0,0,0,100.0,DRS,636.45
37,1.233,106.01,313.253,100.0,0.0,0,0,100.0,DRS,636.45
38,1.2663,108.91,313.435,100.0,0.0,0,0,100.0,DRS,636.45
39,1.2996,111.813,313.615,100.0,0.0,0,0,100.0,DRS,636.45
40,1.333,114.717,313.793,100.0,0.0,0,0,100.0,DRS,636.45
41,1.3663,117.622,313.969,100.0,0.0,0,0,100.0,DRS,636.45
42,1.3996,120.529,314.144,100.0,0.0,0,0,100.0,DRS,636.45
43,1.4329,123.438,314.317,100.0,0.0,0,0,100.0,DRS,636.45
44,1.4663,126.348,314.488,100.0,0.0,0,0,100.0,DRS,636.45
45,1.4996,129.26,314.657,100.0,0.0,0,0,100.0,DRS,636.45
46,1.5329,132.174,314.825,100.0,0.0,0,0,100.0,DRS,636.45
47,1.5662,135.089,314.991,100.0,0.0,0,0,100.0,DRS,636.45
48,1.5996,138.005,315.156,100.0,0.0,0,0,100.0,DRS,636.45
49,1.6329,140.923,315.318,100.0,0.0,0,0,100.0,DRS,636.45
50,1.6662,143.843,315.48,100.0,0.0,0,0,100.0,DRS,636.45
51,1.6995,146.764,315.639,100.0,0.0,0,0,100.0,DRS,636.45
52,1.7329,149.687,315.797,100.0,0.0,0,0,100.0,DRS,636.45
53,1.7662,152.611,315.953,100.0,0.0,0,0,100.0,DRS,636.45
54,1.7995,155.536,316.108,100.0,0.0,0,0,100.0,DRS,636.45
55,1.8328,158.463,316.261,100.0,0.0,0,0,100.0,DRS,636.45
56,1.8662,161.391,316.412,100.0,0.0,0,0,100.0,DRS,636.45
57,1.8995,164.321,316.562,100.0,0.0,0,0,100.0,DRS,636.45
58,1.9328,167.252,316.71,100.0,0.0,0,0,100.0,DRS,636.45
59,1.9661,170.184,316.857,100.0,0.0,0,0,100.0,DRS,636.45
60,1.9995,173.118,317.002,100.0,0.0,0,0,100.0,DRS,636.45
61,2.0328,176.053,317.146,100.0,0.0,0,0,100.0,DRS,636.45
62,2.0661,178.989,317.289,100.0,0.0,0,0,100.0,DRS,636.45
63,2.0994,181.927,317.43,100.0,0.0,0,0,100.0,DRS,636.45
64,2.1328,184.866,317.569,100.0,0.0,0,0,100.0,DRS,636.45
65,2.1661,187.806,317.707,100.0,0.0,0,0,100.0,DRS,636.45
66,2.1994,190.748,317.844,100.0,0.0,0,0,100.0,DRS,636.45
67,2.2327,193.691,317.979,100.0,0.0,0,0,100.0,DRS,636.45
68,2.2661,196.635,318.113,100.0,0.0,0,0,100.0,DRS,636.45
69,2.2994,199.58,318.245,100.0,0.0,0,0,100.0,DRS,636.45
70,2.3327,202.527,318.376,100.0,0.0,0,0,100.0,DRS,636.45
71,2.366,205.474,318.506,100.0,0.0,0,0,100.0,DRS,636.45
72,2.3994,208.423,318.634,100.0,0.0,0,0,100.0,DRS,636.45
73,2.4327,211.373,318.761,100.0,0.0,0,0,100.0,DRS,636.45
74,2.466,214.325,318.887,100.0,0.0,0,0,100.0,DRS,636.45
75,2.4993,217.277,319.012,100.0,0.0,0,0,100.0,DRS,636.45
76,2.5327,220.231,319.135,100.0,0.0,0,0,100.0,DRS,636.45
77,2.566,223.186,319.257,100.0,0.0,0,0,100.0,DRS,636.45
78,2.5993,226.141,319.377,100.0,0.0,0,0,100.0,DRS,636.45
79,2.6326,229.098,319.497,100.0,0.0,0,0,100.0,DRS,636.45
80,2.6659,232.056,319.615,100.0,0.0,0,0,100.0,DRS,636.45
81,2.6993,235.016,319.732,100.0,0.0,0,0,100.0,DRS,636.45
82,2.7326,237.976,319.847,100.0,0.0,0,0,100.0,DRS,636.45
83,2.7659,240.937,319.962,100.0,0.0,0,0,100.0,DRS,636.45
84,2.7992,243.899,320.075,100.0,0.0,0,0,100.0,DRS,636.45
85,2.8326,246.863,320.186,100.0,0.0,0,0,100.0,DRS,636.45
86,2.8659,249.827,320.296,100.0,0.0,0,0,100.0,DRS,636.45
87,2.8992,252.793,320.405,100.0,0.0,0,0,100.0,DRS,636.45
88,2.9325,255.759,320.512,100.0,0.0,0,0,100.0,DRS,636.45
89,2.9659,258.726,320.617,100.0,0.0,0,0,100.0,DRS,636.45
90,2.9992,261.695,320.721,100.0,0.0,0,0,100.0,DRS,636.45
91,3.0325,264.664,320.822,100.0,0.0,0,0,100.0,DRS,636.45
92,3.0658,267.634,320.921,100.0,0.0,0,0,100.0,DRS,636.45
93,3.0992,270.605,321.017,100.0,0.0,0,0,100.0,DRS,636.45
94,3.1325,273.577,321.11,100.0,0.0,0,0,100.0,DRS,636.45
95,3.1658,276.55,321.2,100.0,0.0,0,0,100.0,DRS,636.45
96,3.1991,279.524,321.286,100.0,0.0,0,0,100.0,DRS,636.45
97,3.2325,282.498,321.367,100.0,0.0,0,0,100.0,DRS,636.45
98,3.2658,285.473,321.442,100.0,0.0,0,0,100.0,DRS,636.45
99,3.2991,288.449,321.512,100.0,0.0,0,0,100.0,DRS,636.45
100,3.3324,291.426,321.573,100.0,0.0,0,0,100.0,DRS,636.45
101,3.3658,294.403,321.626,100.0,0.0,0,0,100.0,DRS,636.45
102,3.3991,297.38,321.668,100.0,0.0,0,0,100.0,DRS,636.45
103,3.4324,300.358,321.698,100.0,0.0,0,0,100.0,DRS,636.45
104,3.4657,303.336,321.713,100.0,0.0,0,0,100.0,DRS,636.45
105,3.4991,306.314,321.713,100.0,0.0,0,0,100.0,DRS,636.45
106,3.5324,309.292,321.692,100.0,0.0,0,0,100.0,DRS,636.45
107,3.5657,312.269,321.651,100.0,0.0,0,0,100.0,DRS,636.45
108,3.599,315.247,321.582,100.0,0.0,0,0,100.0,DRS,636.45
109,3.6324,318.223,321.487,100.0,0.0,0,0,100.0,DRS,636.45
110,3.6657,321.198,321.355,100.0,0.0,0,0,100.0,DRS,636.45
111,3.699,324.172,321.188,100.0,0.0,0,0,100.0,DRS,636.45
112,3.7323,327.144,320.976,100.0,0.0,0,0,100.0,DRS,636.45
113,3.7657,330.115,320.719,100.0,0.0,0,0,100.0,DRS,636.45
114,3.799,333.082,320.405,100.0,0.0,0,0,100.0,DRS,636.45
115,3.8323,336.046,320.037,100.0,0.0,0,0,100.0,DRS,636.45
116,3.8656,339.007,319.599,100.0,0.0,0,0,100.0,DRS,636.45
117,3.8989,341.963,319.094,100.0,0.0,0,0,100.0,DRS,636.45
118,3.9323,344.914,318.507,100.0,0.0,0,0,100.0,DRS,636.45
119,3.9656,347.859,317.84,100.0,0.0,0,0,100.0,DRS,636.45
120,3.9989,350.798,317.081,100.0,0.0,0,0,100.0,DRS,636.45
121,4.0322,353.729,316.227,100.0,0.0,0,0,100.0,DRS,636.45
122,4.0656,356.652,315.272,100.0,0.0,0,0,100.0,DRS,636.45
123,4.0989,359.565,314.207,100.0,0.0,0,0,100.0,DRS,636.45
124,4.1322,362.469,313.036,100.0,0.0,0,0,100.0,DRS,636.45
125,4.1655,365.36,311.741,100.0,0.0,0,0,100.0,DRS,636.45
126,4.1989,368.24,310.336,100.0,0.0,0,0,100.0,FULL,636.45
127,4.2322,371.105,308.796,100.0,0.0,0,0,100.0,FULL,636.45
128,4.2655,373.956,307.141,100.0,0.0,0,0,100.0,FULL,636.45
129,4.2988,376.791,305.355,100.0,0.0,0,0,100.0,FULL,636.45
130,4.3322,379.609,303.443,100.0,0.0,0,0,100.0,FULL,636.45
131,4.3655,382.409,301.413,100.0,0.0,0,0,100.0,FULL,636.45
132,4.3988,385.188,299.25,100.0,0.0,0,0,100.0,FULL,636.45
133,4.4321,387.948,296.978,100.0,0.0,0,0,100.0,FULL,636.45
134,4.4655,390.686,294.586,100.0,0.0,0,0,100.0,FULL,636.45
135,4.4988,393.401,292.084,100.0,0.0,0,0,100.0,FULL,636.45
136,4.5321,396.094,289.486,100.0,0.0,0,0,100.0,FULL,636.45
137,4.5654,398.76,286.764,100.0,0.0,0,0,100.0,FULL,636.45
138,4.5988,401.401,283.906,100.0,0.0,0,0,100.0,FULL,247.03
139,4.6321,404.017,280.903,0.0,100.0,0,0,100.0,REGEN,0.0
140,4.6654,406.601,277.737,0.0,100.0,0,0,100.0,REGEN,0.0
141,4.6987,409.156,274.427,0.0,100.0,0,0,100.0,REGEN,0.0
142,4.7321,411.681,270.983,0.0,100.0,0,0,100.0,REGEN,0.0
143,4.7654,414.175,267.407,0.0,100.0,0,0,100.0,REGEN,0.0
144,4.7987,416.631,263.693,0.0,100.0,0,0,100.0,REGEN,0.0
145,4.832,419.054,259.866,0.0,100.0,0,0,100.0,REGEN,0.0
146,4.8654,421.441,255.936,0.0,100.0,0,0,100.0,REGEN,0.0
147,4.8987,423.793,251.824,0.0,100.0,0,0,100.0,REGEN,0.0
148,4.932,426.1,246.229,0.0,100.0,0,0,100.0,REGEN,0.0
149,4.9653,428.351,240.594,0.0,100.0,0,0,100.0,REGEN,0.0
150,4.9987,430.551,235.12,0.0,100.0,0,0,100.0,REGEN,0.0
151,5.032,432.702,229.811,0.0,100.0,0,0,100.0,REGEN,0.0
152,5.0653,434.805,224.685,0.0,100.0,0,0,100.0,REGEN,0.0
153,5.0986,436.862,219.743,0.0,100.0,0,0,100.0,REGEN,0.0
154,5.1319,438.873,214.985,0.0,100.0,0,0,100.0,REGEN,0.0
155,5.1653,440.842,210.4,0.0,100.0,0,0,100.0,REGEN,0.0
156,5.1986,442.769,205.975,0.0,100.0,0,0,100.0,REGEN,0.0
157,5.2319,444.656,201.694,0.0,100.0,0,0,100.0,REGEN,0.0
158,5.2652,446.504,197.541,0.0,100.0,0,0,100.0,REGEN,0.0
159,5.2986,448.314,193.504,0.0,100.0,0,0,100.0,REGEN,0.0
160,5.3319,450.089,189.577,0.0,100.0,0,0,100.0,REGEN,0.0
161,5.3652,451.828,185.758,0.0,100.0,0,0,100.0,REGEN,0.0
162,5.3985,453.529,182.069,0.0,100.0,0,0,100.0,REGEN,0.0
163,5.4319,455.195,178.49,0.0,100.0,0,0,100.0,REGEN,0.0
164,5.4652,456.83,174.961,0.0,100.0,0,0,100.0,REGEN,0.0
165,5.4985,458.433,171.454,0.0,100.0,0,0,100.0,REGEN,0.0
166,5.5318,460.006,167.957,0.0,100.0,0,0,100.0,REGEN,0.0
167,5.5652,461.547,164.463,0.0,100.0,0,0,100.0,REGEN,0.0
168,5.5985,463.05,161.098,0.0,100.0,0,0,100.0,REGEN,0.0
169,5.6318,464.525,157.805,0.0,100.0,0,0,100.0,REGEN,0.0
170,5.6651,465.972,154.587,0.0,100.0,0,0,100.0,REGEN,0.0
171,5.6985,467.392,151.457,0.0,100.0,0,0,100.0,REGEN,0.0
172,5.7318,468.776,148.492,0.0,100.0,0,0,100.0,REGEN,0.0
173,5.7651,470.137,145.647,0.0,100.0,0,0,100.0,REGEN,0.0
174,5.7984,471.476,142.924,0.0,100.0,0,0,100.0,REGEN,0.0
175,5.8318,472.786,140.394,0.0,100.0,0,0,100.0,REGEN,0.0
176,5.8651,474.074,138.248,0.0,100.0,0,0,100.0,REGEN,0.0
177,5.8984,475.347,136.382,0.0,100.0,0,0,100.0,REGEN,0.0
178,5.9317,476.604,134.811,0.0,100.0,0,0,100.0,REGEN,0.0
179,5.9651,477.838,132.64,0.0,100.0,0,0,100.0,REGEN,0.0
180,5.9984,479.056,130.583,0.0,100.0,0,0,100.0,REGEN,0.0
181,6.0317,480.259,128.64,0.0,100.0,0,0,100.0,REGEN,0.0
182,6.065,481.439,126.741,0.0,100.0,0,0,100.0,REGEN,0.0
183,6.0984,482.602,124.84,0.0,100.0,0,0,100.0,REGEN,0.0
184,6.1317,483.751,122.934,0.0,100.0,0,0,100.0,REGEN,0.0
185,6.165,484.88,121.022,0.0,100.0,0,0,100.0,REGEN,0.0
186,6.1983,485.989,119.098,0.0,100.0,0,0,100.0,REGEN,0.0
187,6.2317,487.085,117.168,0.0,100.0,0,0,100.0,REGEN,0.0
188,6.265,488.16,115.233,0.0,100.0,0,0,100.0,REGEN,0.0
189,6.2983,489.216,113.348,0.0,100.0,0,0,100.0,REGEN,0.0
190,6.3316,490.26,111.506,0.0,100.0,0,0,100.0,REGEN,0.0
191,6.3649,491.282,109.827,0.0,100.0,0,0,100.0,REGEN,0.0
192,6.3983,492.292,108.299,0.0,100.0,0,0,100.0,REGEN,0.0
193,6.4316,493.291,106.907,0.0,100.0,0,0,100.0,REGEN,0.0
194,6.4649,494.274,105.892,100.0,100.0,0,0,100.0,REGEN,375.94
195,6.4982,495.252,105.207,100.0,0.0,0,0,100.0,FULL,636.45
196,6.5316,496.225,105.067,100.0,0.0,0,0,100.0,FULL,636.45
197,6.5649,497.197,104.927,100.0,0.0,0,0,100.0,FULL,636.45
198,6.5982,498.168,104.787,100.0,0.0,0,0,100.0,FULL,636.45
199,6.6315,499.137,104.648,100.0,0.0,0,0,100.0,FULL,636.45
200,6.6649,500.105,104.504,100.0,0.0,0,0,100.0,FULL,636.45
201,6.6982,501.069,103.94,100.0,0.0,0,0,100.0,FULL,636.45
202,6.7315,502.029,102.952,100.0,0.0,0,0,100.0,FULL,617.97
203,6.7648,502.974,101.936,100.0,0.0,0,0,100.0,FULL,220.32
204,6.7982,503.913,100.939,0.0,100.0,0,0,100.0,REGEN,0.0
205,6.8315,504.844,99.968,0.0,100.0,0,0,100.0,REGEN,0.0
206,6.8648,505.762,98.805,0.0,100.0,0,0,100.0,REGEN,0.0
207,6.8981,506.674,97.555,0.0,100.0,0,0,100.0,REGEN,0.0
208,6.9315,507.567,96.186,0.0,100.0,0,0,100.0,REGEN,0.0
209,6.9648,508.455,94.868,0.0,100.0,0,0,100.0,REGEN,0.0
210,6.9981,509.328,94.009,0.0,100.0,0,0,100.0,REGEN,0.0
211,7.0314,510.194,93.159,0.0,100.0,0,0,100.0,REGEN,0.0
212,7.0648,511.054,92.319,0.0,100.0,0,0,100.0,REGEN,0.0
213,7.0981,511.9,91.125,0.0,100.0,0,0,100.0,REGEN,0.0
214,7.1314,512.74,89.845,0.0,100.0,0,0,100.0,REGEN,0.0
215,7.1647,513.563,88.445,0.0,100.0,0,0,100.0,REGEN,0.0
216,7.1981,514.376,87.087,0.0,100.0,0,0,100.0,REGEN,0.0
217,7.2314,515.176,85.78,0.0,100.0,0,0,100.0,REGEN,0.0
218,7.2647,515.964,84.608,0.0,100.0,0,0,100.0,REGEN,0.0
219,7.298,516.745,83.511,0.0,100.0,0,0,100.0,REGEN,0.0
220,7.3314,517.512,82.673,100.0,100.0,0,0,100.0,REGEN,330.08
221,7.3647,518.276,81.941,100.0,0.0,0,0,100.0,FULL,636.45
222,7.398,519.032,81.507,100.0,0.0,0,0,100.0,FULL,636.45
223,7.4313,519.786,81.274,100.0,0.0,0,0,100.0,FULL,636.45
224,7.4647,520.538,81.19,100.0,0.0,0,0,100.0,FULL,636.45
225,7.498,521.289,81.106,100.0,0.0,0,0,100.0,FULL,636.45
226,7.5313,522.039,81.023,100.0,0.0,0,0,100.0,FULL,636.45
227,7.5646,522.789,80.939,100.0,0.0,0,0,100.0,FULL,636.45
228,7.598,523.538,80.856,100.0,0.0,0,0,100.0,FULL,636.45
229,7.6313,524.286,80.773,100.0,0.0,0,0,100.0,FULL,636.45
230,7.6646,525.033,80.69,100.0,0.0,0,0,100.0,FULL,636.45
231,7.6979,525.78,80.608,100.0,0.0,0,0,100.0,FULL,636.45
232,7.7312,526.527,80.676,100.0,0.0,0,0,100.0,FULL,636.45
233,7.7646,527.275,81.01,100.0,0.0,0,0,100.0,FULL,636.45
234,7.7979,528.027,81.34,100.0,0.0,0,0,100.0,FULL,636.45
235,7.8312,528.781,81.667,100.0,0.0,0,0,100.0,FULL,636.45
236,7.8645,529.539,82.008,100.0,0.0,0,0,100.0,FULL,636.45
237,7.8979,530.299,82.353,100.0,0.0,0,0,100.0,FULL,636.45
238,7.9312,531.064,82.716,100.0,0.0,0,0,100.0,FULL,636.45
239,7.9645,531.831,83.077,100.0,0.0,0,0,100.0,FULL,636.45
240,7.9978,532.601,83.433,100.0,0.0,0,0,100.0,FULL,636.45
241,8.0312,533.376,83.771,100.0,0.0,0,0,100.0,FULL,636.45
242,8.0645,534.152,84.1,100.0,0.0,0,0,100.0,FULL,636.45
243,8.0978,534.933,84.41,100.0,0.0,0,0,100.0,FULL,636.45
244,8.1311,535.715,84.716,100.0,0.0,0,0,100.0,FULL,636.45
245,8.1645,536.501,85.018,100.0,0.0,0,0,100.0,FULL,636.45
246,8.1978,537.288,85.32,100.0,0.0,0,0,100.0,FULL,636.45
247,8.2311,538.081,85.634,100.0,0.0,0,0,100.0,FULL,636.45
248,8.2644,538.874,85.951,100.0,0.0,0,0,100.0,FULL,636.45
249,8.2978,539.672,86.286,100.0,0.0,0,0,100.0,FULL,636.45
250,8.3311,540.471,86.62,100.0,0.0,0,0,100.0,FULL,636.45
251,8.3644,541.276,86.954,100.0,0.0,0,0,100.0,FULL,636.45
252,8.3977,542.082,87.281,100.0,0.0,0,0,100.0,FULL,636.45
253,8.4311,542.891,87.598,100.0,0.0,0,0,100.0,FULL,636.45
254,8.4644,543.704,87.907,100.0,0.0,0,0,100.0,FULL,636.45
255,8.4977,544.519,88.208,100.0,0.0,0,0,100.0,FULL,636.45
256,8.531,545.337,88.513,100.0,0.0,0,0,100.0,FULL,636.45
257,8.5644,546.158,88.821,100.0,0.0,0,0,100.0,FULL,636.45
258,8.5977,546.982,89.199,100.0,0.0,0,0,100.0,FULL,636.45
259,8.631,547.81,89.666,100.0,0.0,0,0,100.0,FULL,636.45
260,8.6643,548.641,90.104,100.0,0.0,0,0,100.0,FULL,636.45
261,8.6977,549.478,90.483,100.0,0.0,0,0,100.0,FULL,636.45
262,8.731,550.316,90.861,100.0,0.0,0,0,100.0,FULL,636.45
263,8.7643,551.16,91.237,100.0,0.0,0,0,100.0,FULL,636.45
264,8.7976,552.005,91.613,100.0,0.0,0,0,100.0,FULL,636.45
265,8.831,552.856,91.989,100.0,0.0,0,0,100.0,FULL,636.45
266,8.8643,553.708,92.366,100.0,0.0,0,0,100.0,FULL,636.45
267,8.8976,554.566,92.743,100.0,0.0,0,0,100.0,FULL,636.45
268,8.9309,555.425,93.121,100.0,0.0,0,0,100.0,FULL,636.45
269,8.9642,556.29,93.499,100.0,0.0,0,0,100.0,FULL,636.45
270,8.9976,557.157,93.878,100.0,0.0,0,0,100.0,FULL,636.45
271,9.0309,558.028,94.257,100.0,0.0,0,0,100.0,FULL,636.45
272,9.0642,558.902,94.635,100.0,0.0,0,0,100.0,FULL,636.45
273,9.0975,559.78,95.015,100.0,0.0,0,0,100.0,FULL,636.45
274,9.1309,560.661,95.394,100.0,0.0,0,0,100.0,FULL,636.45
275,9.1642,561.545,95.774,100.0,0.0,0,0,100.0,FULL,636.45
276,9.1975,562.434,96.154,100.0,0.0,0,0,100.0,FULL,636.45
277,9.2308,563.325,96.535,100.0,0.0,0,0,100.0,FULL,636.45
278,9.2642,564.222,96.917,100.0,0.0,0,0,100.0,FULL,636.45
279,9.2975,565.119,97.299,100.0,0.0,0,0,100.0,FULL,636.45
280,9.3308,566.023,97.682,100.0,0.0,0,0,100.0,FULL,636.45
281,9.3641,566.927,98.066,100.0,0.0,0,0,100.0,FULL,636.45
282,9.3975,567.839,98.454,100.0,0.0,0,0,100.0,FULL,636.45
283,9.4308,568.75,98.841,100.0,0.0,0,0,100.0,FULL,636.45
284,9.4641,569.669,99.231,100.0,0.0,0,0,100.0,FULL,636.45
285,9.4974,570.588,99.621,100.0,0.0,0,0,100.0,FULL,636.45
286,9.5308,571.513,100.012,100.0,0.0,0,0,100.0,FULL,636.45
287,9.5641,572.439,100.404,100.0,0.0,0,0,100.0,FULL,636.45
288,9.5974,573.372,100.796,100.0,0.0,0,0,100.0,FULL,636.45
289,9.6307,574.306,101.188,100.0,0.0,0,0,100.0,FULL,636.45
290,9.6641,575.247,101.84,100.0,0.0,0,0,100.0,FULL,636.45
291,9.6974,576.192,102.597,100.0,0.0,0,0,100.0,FULL,636.45
292,9.7307,577.145,103.195,100.0,0.0,0,0,100.0,FULL,636.45
293,9.764,578.102,103.717,100.0,0.0,0,0,100.0,FULL,636.45
294,9.7974,579.069,104.658,100.0,0.0,0,0,100.0,FULL,636.45
295,9.8307,580.042,105.824,100.0,0.0,0,0,100.0,FULL,636.45
296,9.864,581.029,107.095,100.0,0.0,0,0,100.0,FULL,636.45
297,9.8973,582.025,108.426,100.0,0.0,0,0,100.0,FULL,636.45
298,9.9307,583.035,109.643,100.0,0.0,0,0,100.0,FULL,636.45
299,9.964,584.054,110.798,100.0,0.0,0,0,100.0,FULL,636.45
300,9.9973,585.082,111.459,100.0,0.0,0,0,100.0,FULL,636.45
301,10.0306,586.115,111.908,100.0,0.0,0,0,100.0,FULL,636.45
302,10.064,587.154,112.305,100.0,0.0,0,0,100.0,FULL,636.45
303,10.0973,588.194,112.686,100.0,0.0,0,0,100.0,FULL,636.45
304,10.1306,589.239,113.0,100.0,0.0,0,0,100.0,FULL,636.45
305,10.1639,590.286,113.301,100.0,0.0,0,0,100.0,FULL,636.45
306,10.1972,591.336,113.523,100.0,0.0,0,0,100.0,FULL,636.45
307,10.2306,592.387,113.737,100.0,0.0,0,0,100.0,FULL,634.9
308,10.2639,593.441,113.86,100.0,0.0,0,0,100.0,FULL,303.82
309,10.2972,594.495,113.975,0.0,100.0,0,0,100.0,REGEN,0.0
310,10.3305,595.551,114.005,0.0,100.0,0,0,100.0,REGEN,0.0
311,10.3639,596.606,114.02,0.0,100.0,0,0,100.0,REGEN,0.0
312,10.3972,597.661,113.954,0.0,100.0,0,0,100.0,REGEN,0.0
313,10.4305,598.715,113.866,0.0,100.0,0,0,100.0,REGEN,0.0
314,10.4638,599.768,113.704,0.0,100.0,0,0,100.0,REGEN,0.0
315,10.4972,600.82,113.514,0.0,100.0,0,0,100.0,REGEN,0.0
316,10.5305,601.869,113.254,0.0,100.0,0,0,100.0,REGEN,0.0
317,10.5638,602.916,112.961,0.0,100.0,0,0,100.0,REGEN,0.0
318,10.5971,603.96,112.599,0.0,100.0,0,0,100.0,REGEN,0.0
319,10.6305,605.001,112.202,0.0,100.0,0,0,100.0,REGEN,0.0
320,10.6638,606.036,111.74,0.0,100.0,0,0,100.0,REGEN,0.0
321,10.6971,607.069,111.243,0.0,100.0,0,0,100.0,REGEN,0.0
322,10.7304,608.095,110.688,0.0,100.0,0,0,100.0,REGEN,0.0
323,10.7638,609.118,110.107,0.0,100.0,0,0,100.0,REGEN,0.0
324,10.7971,610.133,109.472,0.0,100.0,0,0,100.0,REGEN,0.0
325,10.8304,611.145,108.809,0.0,100.0,0,0,100.0,REGEN,0.0
326,10.8637,612.146,108.065,0.0,100.0,0,0,100.0,REGEN,0.0
327,10.8971,613.145,107.284,0.0,100.0,0,0,100.0,REGEN,0.0
328,10.9304,614.131,106.33,0.0,100.0,0,0,100.0,REGEN,0.0
329,10.9637,615.115,105.378,0.0,100.0,0,0,100.0,REGEN,0.0
330,10.997,616.082,104.439,0.0,100.0,0,0,100.0,REGEN,0.0
331,11.0304,617.048,103.5,0.0,100.0,0,0,100.0,REGEN,0.0
332,11.0637,617.995,102.305,0.0,100.0,0,0,100.0,REGEN,0.0
333,11.097,618.94,101.082,0.0,100.0,0,0,100.0,REGEN,0.0
334,11.1303,619.865,99.677,0.0,100.0,0,0,100.0,REGEN,0.0
335,11.1637,620.782,98.198,0.0,100.0,0,0,100.0,REGEN,0.0
336,11.197,621.685,96.754,0.0,100.0,0,0,100.0,REGEN,0.0
337,11.2303,622.571,95.353,0.0,100.0,0,0,100.0,REGEN,0.0
338,11.2636,623.455,93.995,100.0,100.0,0,0,100.0,REGEN,29.51
339,11.297,624.314,92.98,100.0,100.0,0,0,100.0,REGEN,290.69
340,11.3303,625.174,91.966,100.0,100.0,0,0,100.0,REGEN,551.88
341,11.3636,626.025,91.565,100.0,0.0,0,0,100.0,FULL,636.45
342,11.3969,626.872,91.459,100.0,0.0,0,0,100.0,FULL,636.45
343,11.4302,627.719,91.353,100.0,0.0,0,0,100.0,FULL,636.45
344,11.4636,628.563,91.247,100.0,0.0,0,0,100.0,FULL,636.45
345,11.4969,629.408,91.141,100.0,0.0,0,0,100.0,FULL,636.45
346,11.5302,630.251,91.036,100.0,0.0,0,0,100.0,FULL,636.45
347,11.5635,631.093,90.93,100.0,0.0,0,0,100.0,FULL,636.45
348,11.5969,631.935,90.825,100.0,0.0,0,0,100.0,FULL,636.45
349,11.6302,632.774,90.72,100.0,0.0,0,0,100.0,FULL,636.45
350,11.6635,633.614,90.615,100.0,0.0,0,0,100.0,FULL,636.45
351,11.6968,634.452,90.511,100.0,0.0,0,0,100.0,FULL,636.45
352,11.7302,635.29,90.407,100.0,0.0,0,0,100.0,FULL,636.45
353,11.7635,636.127,90.386,100.0,0.0,0,0,100.0,FULL,636.45
354,11.7968,636.965,90.503,100.0,0.0,0,0,100.0,FULL,636.45
355,11.8301,637.802,90.62,100.0,0.0,0,0,100.0,FULL,636.45
356,11.8635,638.642,90.738,100.0,0.0,0,0,100.0,FULL,636.45
357,11.8968,639.483,90.856,100.0,0.0,0,0,100.0,FULL,636.45
358,11.9301,640.324,90.975,100.0,0.0,0,0,100.0,FULL,636.45
359,11.9634,641.167,91.095,100.0,0.0,0,0,100.0,FULL,636.45
360,11.9968,642.01,91.216,100.0,0.0,0,0,100.0,FULL,636.45
361,12.0301,642.856,91.338,100.0,0.0,0,0,100.0,FULL,636.45
362,12.0634,643.701,91.461,100.0,0.0,0,0,100.0,FULL,636.45
363,12.0967,644.549,91.586,100.0,0.0,0,0,100.0,FULL,636.45
364,12.1301,645.397,91.711,100.0,0.0,0,0,100.0,FULL,636.45
365,12.1634,646.247,91.838,100.0,0.0,0,0,100.0,FULL,636.45
366,12.1967,647.098,91.966,100.0,0.0,0,0,100.0,FULL,636.45
367,12.23,647.949,92.095,100.0,0.0,0,0,100.0,FULL,636.45
368,12.2634,648.803,92.226,100.0,0.0,0,0,100.0,FULL,636.45
369,12.2967,649.657,92.356,100.0,0.0,0,0,100.0,FULL,636.45
370,12.33,650.513,92.487,100.0,0.0,0,0,100.0,FULL,636.45
371,12.3633,651.369,92.618,100.0,0.0,0,0,100.0,FULL,636.45
372,12.3967,652.227,92.749,100.0,0.0,0,0,100.0,FULL,636.45
373,12.43,653.086,92.88,100.0,0.0,0,0,100.0,FULL,636.45
374,12.4633,653.947,93.01,100.0,0.0,0,0,100.0,FULL,636.45
375,12.4966,654.808,93.14,100.0,0.0,0,0,100.0,FULL,636.45
376,12.53,655.674,93.52,100.0,0.0,0,0,100.0,FULL,636.45
377,12.5633,656.541,93.97,100.0,0.0,0,0,100.0,FULL,636.45
378,12.5966,657.414,94.496,100.0,0.0,0,0,100.0,FULL,636.45
379,12.6299,658.291,95.072,100.0,0.0,0,0,100.0,FULL,636.45
380,12.6633,659.174,95.668,100.0,0.0,0,0,100.0,FULL,636.45
381,12.6966,660.063,96.289,100.0,0.0,0,0,100.0,FULL,636.45
382,12.7299,660.956,96.917,100.0,0.0,0,0,100.0,FULL,636.45
383,12.7632,661.857,97.56,100.0,0.0,0,0,100.0,FULL,636.45
384,12.7965,662.761,98.208,100.0,0.0,0,0,100.0,FULL,636.45
385,12.8299,663.676,98.883,100.0,0.0,0,0,100.0,FULL,636.45
386,12.8632,664.591,99.56,100.0,0.0,0,0,100.0,FULL,636.45
387,12.8965,665.52,100.28,100.0,0.0,0,0,100.0,FULL,636.45
388,12.9298,666.448,101.001,100.0,0.0,0,0,100.0,FULL,636.45
389,12.9632,667.39,101.788,100.0,0.0,0,0,100.0,FULL,636.45
390,12.9965,668.333,102.578,100.0,0.0,0,0,100.0,FULL,636.45
391,13.0298,669.29,103.443,100.0,0.0,0,0,100.0,FULL,636.45
392,13.0631,670.248,104.317,100.0,0.0,0,0,100.0,FULL,636.45
393,13.0965,671.221,105.258,100.0,0.0,0,0,100.0,FULL,636.45
394,13.1298,672.197,106.213,100.0,0.0,0,0,100.0,FULL,636.45
395,13.1631,673.188,107.224,100.0,0.0,0,0,100.0,FULL,636.45
396,13.1964,674.183,108.25,100.0,0.0,0,0,100.0,FULL,636.45
397,13.2298,675.193,109.325,100.0,0.0,0,0,100.0,FULL,636.45
398,13.2631,676.207,110.414,100.0,0.0,0,0,100.0,FULL,636.45
399,13.2964,677.237,111.56,100.0,0.0,0,0,100.0,FULL,636.45
400,13.3297,678.272,112.718,100.0,0.0,0,0,100.0,FULL,636.45
401,13.3631,679.323,113.792,100.0,0.0,0,0,100.0,FULL,636.45
402,13.3964,680.377,114.851,100.0,0.0,0,0,100.0,FULL,636.45
403,13.4297,681.451,116.105,100.0,0.0,0,0,100.0,FULL,636.45
404,13.463,682.527,117.387,100.0,0.0,0,0,100.0,FULL,636.45
405,13.4964,683.626,118.89,100.0,0.0,0,0,100.0,FULL,636.45
406,13.5297,684.73,120.397,100.0,0.0,0,0,100.0,FULL,636.45
407,13.563,685.854,121.917,100.0,0.0,0,0,100.0,FULL,636.45
408,13.5963,686.989,123.44,100.0,0.0,0,0,100.0,FULL,636.45
409,13.6297,688.137,124.968,100.0,0.0,0,0,100.0,FULL,636.45
410,13.663,689.303,126.506,100.0,0.0,0,0,100.0,FULL,636.45
411,13.6963,690.476,128.049,100.0,0.0,0,0,100.0,FULL,636.45
412,13.7296,691.674,129.563,100.0,0.0,0,0,100.0,FULL,636.45
413,13.763,692.878,131.091,100.0,0.0,0,0,100.0,FULL,636.45
414,13.7963,694.099,132.647,100.0,0.0,0,0,100.0,FULL,636.45
415,13.8296,695.336,134.227,100.0,0.0,0,0,100.0,FULL,636.45
416,13.8629,696.582,135.822,100.0,0.0,0,0,100.0,FULL,636.45
417,13.8963,697.85,137.443,100.0,0.0,0,0,100.0,FULL,636.45
418,13.9296,699.129,139.076,100.0,0.0,0,0,100.0,FULL,636.45
419,13.9629,700.421,140.721,100.0,0.0,0,0,100.0,FULL,636.45
420,13.9962,701.735,142.387,100.0,0.0,0,0,100.0,FULL,636.45
421,14.0295,703.06,144.064,100.0,0.0,0,0,100.0,FULL,636.45
422,14.0629,704.399,145.754,100.0,0.0,0,0,100.0,FULL,636.45
423,14.0962,705.759,147.463,100.0,0.0,0,0,100.0,FULL,636.45
424,14.1295,707.132,149.183,100.0,0.0,0,0,100.0,FULL,636.45
425,14.1628,708.517,150.912,100.0,0.0,0,0,100.0,FULL,636.45
426,14.1962,709.925,152.649,100.0,0.0,0,0,100.0,FULL,636.45
427,14.2295,711.347,154.385,100.0,0.0,0,0,100.0,FULL,636.45
428,14.2628,712.782,156.119,100.0,0.0,0,0,100.0,FULL,636.45
429,14.2961,714.235,157.844,100.0,0.0,0,0,100.0,FULL,636.45
430,14.3295,715.705,159.489,100.0,0.0,0,0,100.0,FULL,636.45
431,14.3628,717.189,161.114,100.0,0.0,0,0,100.0,FULL,636.45
432,14.3961,718.686,162.732,100.0,0.0,0,0,100.0,FULL,636.45
433,14.4294,720.2,164.345,100.0,0.0,0,0,100.0,FULL,636.45
434,14.4628,721.73,165.952,100.0,0.0,0,0,100.0,FULL,636.45
435,14.4961,723.274,167.553,100.0,0.0,0,0,100.0,FULL,636.45
436,14.5294,724.831,169.147,100.0,0.0,0,0,100.0,FULL,636.45
437,14.5627,726.403,170.734,100.0,0.0,0,0,100.0,FULL,636.45
438,14.5961,727.992,172.309,100.0,0.0,0,0,100.0,FULL,636.45
439,14.6294,729.595,173.874,100.0,0.0,0,0,100.0,FULL,636.45
440,14.6627,731.212,175.428,100.0,0.0,0,0,100.0,FULL,636.45
441,14.696,732.842,176.971,100.0,0.0,0,0,100.0,FULL,636.45
442,14.7294,734.486,178.502,100.0,0.0,0,0,100.0,FULL,636.45
443,14.7627,736.146,180.017,100.0,0.0,0,0,100.0,FULL,636.45
444,14.796,737.82,181.517,100.0,0.0,0,0,100.0,FULL,636.45
445,14.8293,739.508,183.002,100.0,0.0,0,0,100.0,FULL,636.45
446,14.8627,741.209,184.473,100.0,0.0,0,0,100.0,FULL,636.45
447,14.896,742.923,185.929,100.0,0.0,0,0,100.0,FULL,636.45
448,14.9293,744.65,187.369,100.0,0.0,0,0,100.0,FULL,636.45
449,14.9626,746.39,188.793,100.0,0.0,0,0,100.0,FULL,636.45
450,14.996,748.144,190.199,100.0,0.0,0,0,100.0,FULL,636.45
451,15.0293,749.912,191.589,100.0,0.0,0,0,100.0,FULL,636.45
452,15.0626,751.692,192.962,100.0,0.0,0,0,100.0,FULL,636.45
453,15.0959,753.485,194.321,100.0,0.0,0,0,100.0,FULL,636.45
454,15.1293,755.29,195.664,100.0,0.0,0,0,100.0,FULL,636.45
455,15.1626,757.107,196.992,100.0,0.0,0,0,100.0,FULL,636.45
456,15.1959,758.937,198.305,100.0,0.0,0,0,100.0,FULL,636.45
457,15.2292,760.778,199.604,100.0,0.0,0,0,100.0,FULL,636.45
458,15.2625,762.631,200.888,100.0,0.0,0,0,100.0,FULL,636.45
459,15.2959,764.497,202.159,100.0,0.0,0,0,100.0,FULL,636.45
460,15.3292,766.373,203.415,100.0,0.0,0,0,100.0,FULL,636.45
461,15.3625,768.262,204.658,100.0,0.0,0,0,100.0,FULL,636.45
462,15.3958,770.162,205.887,100.0,0.0,0,0,100.0,FULL,636.45
463,15.4292,772.074,207.102,100.0,0.0,0,0,100.0,FULL,636.45
464,15.4625,773.996,208.303,100.0,0.0,0,0,100.0,FULL,636.45
465,15.4958,775.93,209.49,100.0,0.0,0,0,100.0,FULL,636.45
466,15.5291,777.875,210.664,100.0,0.0,0,0,100.0,FULL,636.45
467,15.5625,779.83,211.825,100.0,0.0,0,0,100.0,FULL,636.45
468,15.5958,781.797,212.972,100.0,0.0,0,0,100.0,FULL,636.45
469,15.6291,783.773,214.107,100.0,0.0,0,0,100.0,FULL,636.45
470,15.6624,785.76,215.23,100.0,0.0,0,0,100.0,FULL,636.45
471,15.6958,787.758,216.34,100.0,0.0,0,0,100.0,FULL,636.45
472,15.7291,789.765,217.439,100.0,0.0,0,0,100.0,FULL,636.45
473,15.7624,791.783,218.525,100.0,0.0,0,0,100.0,FULL,636.45
474,15.7957,793.811,219.6,100.0,0.0,0,0,100.0,FULL,636.45
475,15.8291,795.848,220.663,100.0,0.0,0,0,100.0,FULL,636.45
476,15.8624,797.896,221.715,100.0,0.0,0,0,100.0,FULL,636.45
477,15.8957,799.953,222.755,100.0,0.0,0,0,100.0,FULL,636.45
478,15.929,802.02,223.784,100.0,0.0,0,0,100.0,FULL,636.45
479,15.9624,804.097,224.802,100.0,0.0,0,0,100.0,FULL,636.45
480,15.9957,806.182,225.808,100.0,0.0,0,0,100.0,FULL,636.45
481,16.029,808.277,226.803,100.0,0.0,0,0,100.0,FULL,636.45
482,16.0623,810.381,227.787,100.0,0.0,0,0,100.0,FULL,636.45
483,16.0957,812.494,228.76,100.0,0.0,0,0,100.0,FULL,636.45
484,16.129,814.616,229.722,100.0,0.0,0,0,100.0,FULL,636.45
485,16.1623,816.747,230.673,100.0,0.0,0,0,100.0,FULL,636.45
486,16.1956,818.887,231.613,100.0,0.0,0,0,100.0,FULL,636.45
487,16.229,821.035,232.542,100.0,0.0,0,0,100.0,FULL,636.45
488,16.2623,823.191,233.461,100.0,0.0,0,0,100.0,FULL,636.45
489,16.2956,825.357,234.367,100.0,0.0,0,0,100.0,FULL,636.45
490,16.3289,827.531,235.263,100.0,0.0,0,0,100.0,FULL,636.45
491,16.3623,829.713,236.148,100.0,0.0,0,0,100.0,FULL,636.45
492,16.3956,831.903,237.022,100.0,0.0,0,0,100.0,FULL,636.45
493,16.4289,834.101,237.886,100.0,0.0,0,0,100.0,FULL,636.45
494,16.4622,836.307,238.739,100.0,0.0,0,0,100.0,FULL,636.45
495,16.4955,838.52,239.582,100.0,0.0,0,0,100.0,FULL,636.45
496,16.5289,840.742,240.415,100.0,0.0,0,0,100.0,FULL,636.45
497,16.5622,842.971,241.236,100.0,0.0,0,0,100.0,FULL,636.45
498,16.5955,845.208,242.047,100.0,0.0,0,0,100.0,FULL,636.45
499,16.6288,847.453,242.847,100.0,0.0,0,0,100.0,FULL,636.45
500,16.6622,849.704,243.638,100.0,0.0,0,0,100.0,FULL,636.45
501,16.6955,851.963,244.419,100.0,0.0,0,0,100.0,FULL,636.45
502,16.7288,854.229,245.19,100.0,0.0,0,0,100.0,FULL,636.45
503,16.7621,856.502,245.95,100.0,0.0,0,0,100.0,FULL,636.45
504,16.7955,858.783,246.7,100.0,0.0,0,0,100.0,FULL,636.45
505,16.8288,861.07,247.441,100.0,0.0,0,0,100.0,FULL,636.45
506,16.8621,863.364,248.171,100.0,0.0,0,0,100.0,FULL,636.45
507,16.8954,865.664,248.892,100.0,0.0,0,0,100.0,FULL,636.45
508,16.9288,867.971,249.604,100.0,0.0,0,0,100.0,FULL,636.45
509,16.9621,870.285,250.304,100.0,0.0,0,0,100.0,FULL,636.45
510,16.9954,872.605,250.995,100.0,0.0,0,0,100.0,FULL,636.45
511,17.0287,874.932,251.677,100.0,0.0,0,0,100.0,FULL,636.45
512,17.0621,877.265,252.349,100.0,0.0,0,0,100.0,FULL,636.45
513,17.0954,879.603,253.011,100.0,0.0,0,0,100.0,FULL,636.45
514,17.1287,881.948,253.664,100.0,0.0,0,0,100.0,FULL,636.45
515,17.162,884.3,254.307,100.0,0.0,0,0,100.0,FULL,636.45
516,17.1954,886.657,254.94,100.0,0.0,0,0,100.0,FULL,636.45
517,17.2287,889.02,255.564,100.0,0.0,0,0,100.0,FULL,636.45
518,17.262,891.388,256.179,100.0,0.0,0,0,100.0,FULL,636.45
519,17.2953,893.762,256.785,100.0,0.0,0,0,100.0,FULL,636.45
520,17.3287,896.142,257.38,100.0,0.0,0,0,100.0,FULL,636.45
521,17.362,898.527,257.967,100.0,0.0,0,0,100.0,FULL,636.45
522,17.3953,900.918,258.546,100.0,0.0,0,0,100.0,FULL,636.45
523,17.4286,903.314,259.116,100.0,0.0,0,0,100.0,FULL,636.45
524,17.462,905.715,259.677,100.0,0.0,0,0,100.0,FULL,636.45
525,17.4953,908.121,260.229,100.0,0.0,0,0,100.0,FULL,636.45
526,17.5286,910.533,260.773,100.0,0.0,0,0,100.0,FULL,636.45
527,17.5619,912.949,261.31,100.0,0.0,0,0,100.0,FULL,636.45
528,17.5953,915.37,261.84,100.0,0.0,0,0,100.0,FULL,636.45
529,17.6286,917.797,262.361,100.0,0.0,0,0,100.0,FULL,636.45
530,17.6619,920.228,262.876,100.0,0.0,0,0,100.0,FULL,636.45
531,17.6952,922.663,263.384,100.0,0.0,0,0,100.0,FULL,636.45
532,17.7286,925.104,263.886,100.0,0.0,0,0,100.0,FULL,636.45
533,17.7619,927.549,264.375,100.0,0.0,0,0,100.0,FULL,636.45
534,17.7952,929.998,264.769,100.0,0.0,0,0,100.0,FULL,636.45
535,17.8285,932.451,265.294,100.0,0.0,0,0,100.0,FULL,636.45
536,17.8618,934.909,265.814,100.0,0.0,0,0,100.0,FULL,636.45
537,17.8952,937.372,266.315,100.0,0.0,0,0,100.0,FULL,636.45
538,17.9285,939.84,266.786,100.0,0.0,0,0,100.0,FULL,636.45
539,17.9618,942.311,267.251,100.0,0.0,0,0,100.0,FULL,636.45
540,17.9951,944.787,267.713,100.0,0.0,0,0,100.0,FULL,636.45
541,18.0285,947.267,268.17,100.0,0.0,0,0,100.0,FULL,636.45
542,18.0618,949.752,268.623,100.0,0.0,0,0,100.0,FULL,636.45
543,18.0951,952.241,269.073,100.0,0.0,0,0,100.0,FULL,636.45
544,18.1284,954.734,269.518,100.0,0.0,0,0,100.0,FULL,636.45
545,18.1618,957.23,269.96,100.0,0.0,0,0,100.0,FULL,636.45
546,18.1951,959.731,270.398,100.0,0.0,0,0,100.0,FULL,636.45
547,18.2284,962.237,270.833,100.0,0.0,0,0,100.0,FULL,636.45
548,18.2617,964.745,271.264,100.0,0.0,0,0,100.0,FULL,636.45
549,18.2951,967.258,271.692,100.0,0.0,0,0,100.0,FULL,636.45
550,18.3284,969.775,272.116,100.0,0.0,0,0,100.0,FULL,636.45
551,18.3617,972.296,272.537,100.0,0.0,0,0,100.0,FULL,636.45
552,18.395,974.821,272.954,100.0,0.0,0,0,100.0,FULL,636.45
553,18.4284,977.35,273.368,100.0,0.0,0,0,100.0,FULL,636.45
554,18.4617,979.882,273.778,100.0,0.0,0,0,100.0,FULL,636.45
555,18.495,982.418,274.185,100.0,0.0,0,0,100.0,FULL,636.45
556,18.5283,984.958,274.588,100.0,0.0,0,0,100.0,FULL,636.45
557,18.5617,987.502,274.987,100.0,0.0,0,0,100.0,FULL,636.45
558,18.595,990.049,275.382,100.0,0.0,0,0,100.0,FULL,636.45
559,18.6283,992.6,275.774,100.0,0.0,0,0,100.0,FULL,636.45
560,18.6616,995.155,276.162,100.0,0.0,0,0,100.0,FULL,636.45
561,18.695,997.713,276.546,100.0,0.0,0,0,100.0,FULL,636.45
562,18.7283,1000.274,276.926,100.0,0.0,0,0,100.0,FULL,636.45
563,18.7616,1002.839,277.302,100.0,0.0,0,0,100.0,FULL,636.45
564,18.7949,1005.408,277.674,100.0,0.0,0,0,100.0,FULL,636.45
565,18.8283,1007.98,278.042,100.0,0.0,0,0,100.0,FULL,636.45
566,18.8616,1010.556,278.407,100.0,0.0,0,0,100.0,FULL,636.45
567,18.8949,1013.135,278.767,100.0,0.0,0,0,100.0,FULL,636.45
568,18.9282,1015.717,279.123,100.0,0.0,0,0,100.0,FULL,636.45
569,18.9616,1018.302,279.475,100.0,0.0,0,0,100.0,FULL,636.45
570,18.9949,1020.891,279.824,100.0,0.0,0,0,100.0,FULL,636.45
571,19.0282,1023.483,280.168,100.0,0.0,0,0,100.0,FULL,636.45
572,19.0615,1026.078,280.508,100.0,0.0,0,0,100.0,FULL,636.45
573,19.0948,1028.676,280.845,100.0,0.0,0,0,100.0,FULL,636.45
574,19.1282,1031.277,281.177,100.0,0.0,0,0,100.0,FULL,636.45
575,19.1615,1033.881,281.506,100.0,0.0,0,0,100.0,FULL,636.45
576,19.1948,1036.489,281.831,100.0,0.0,0,0,100.0,FULL,636.45
577,19.2281,1039.099,282.152,100.0,0.0,0,0,100.0,FULL,636.45
578,19.2615,1041.712,282.469,100.0,0.0,0,0,100.0,FULL,636.45
579,19.2948,1044.328,282.783,100.0,0.0,0,0,100.0,FULL,636.45
580,19.3281,1046.948,283.093,100.0,0.0,0,0,100.0,FULL,636.45
581,19.3614,1049.57,283.399,100.0,0.0,0,0,100.0,FULL,636.45
582,19.3948,1052.194,283.702,100.0,0.0,0,0,100.0,FULL,636.45
583,19.4281,1054.822,284.001,100.0,0.0,0,0,100.0,FULL,636.45
584,19.4614,1057.452,284.296,100.0,0.0,0,0,100.0,FULL,636.45
585,19.4947,1060.085,284.588,100.0,0.0,0,0,100.0,FULL,636.45
586,19.5281,1062.721,284.877,100.0,0.0,0,0,100.0,FULL,636.45
587,19.5614,1065.359,285.162,100.0,0.0,0,0,100.0,FULL,636.45
588,19.5947,1068.0,285.444,100.0,0.0,0,0,100.0,FULL,636.45
589,19.628,1070.644,285.723,100.0,0.0,0,0,100.0,FULL,636.45
590,19.6614,1073.29,285.998,100.0,0.0,0,0,100.0,FULL,636.45
591,19.6947,1075.939,286.27,100.0,0.0,0,0,100.0,FULL,636.45
592,19.728,1078.59,286.539,100.0,0.0,0,0,100.0,FULL,636.45
593,19.7613,1081.244,286.804,100.0,0.0,0,0,100.0,FULL,636.45
594,19.7947,1083.9,287.067,100.0,0.0,0,0,100.0,FULL,636.45
595,19.828,1086.558,287.326,100.0,0.0,0,0,100.0,FULL,636.45
596,19.8613,1089.219,287.582,100.0,0.0,0,0,100.0,FULL,636.45
597,19.8946,1091.882,287.836,100.0,0.0,0,0,100.0,FULL,636.45
598,19.928,1094.548,288.086,100.0,0.0,0,0,100.0,FULL,636.45
599,19.9613,1097.216,288.333,100.0,0.0,0,0,100.0,FULL,636.45
600,19.9946,1099.886,288.578,100.0,0.0,0,0,100.0,FULL,636.45
601,20.0279,1102.558,288.819,100.0,0.0,0,0,100.0,FULL,636.45
602,20.0613,1105.233,289.058,100.0,0.0,0,0,100.0,FULL,636.45
603,20.0946,1107.91,289.294,100.0,0.0,0,0,100.0,FULL,636.45
604,20.1279,1110.589,289.527,100.0,0.0,0,0,100.0,FULL,636.45
605,20.1612,1113.27,289.757,100.0,0.0,0,0,100.0,FULL,636.45
606,20.1946,1115.953,289.985,100.0,0.0,0,0,100.0,FULL,636.45
607,20.2279,1118.638,290.209,100.0,0.0,0,0,100.0,FULL,636.45
608,20.2612,1121.326,290.432,100.0,0.0,0,0,100.0,FULL,636.45
609,20.2945,1124.015,290.651,100.0,0.0,0,0,100.0,FULL,636.45
610,20.3278,1126.707,290.868,100.0,0.0,0,0,100.0,FULL,636.45
611,20.3612,1129.4,291.083,100.0,0.0,0,0,100.0,FULL,636.45
612,20.3945,1132.096,291.295,100.0,0.0,0,0,100.0,FULL,636.45
613,20.4278,1134.793,291.504,100.0,0.0,0,0,100.0,FULL,636.45
614,20.4611,1137.493,291.711,100.0,0.0,0,0,100.0,FULL,636.45
615,20.4945,1140.194,291.916,100.0,0.0,0,0,100.0,FULL,636.45
616,20.5278,1142.897,292.118,100.0,0.0,0,0,100.0,FULL,636.45
617,20.5611,1145.602,292.318,100.0,0.0,0,0,100.0,FULL,636.45
618,20.5944,1148.309,292.515,100.0,0.0,0,0,100.0,FULL,636.45
619,20.6278,1151.018,292.71,100.0,0.0,0,0,100.0,FULL,636.45
620,20.6611,1153.728,292.903,100.0,0.0,0,0,100.0,FULL,636.45
621,20.6944,1156.44,293.094,100.0,0.0,0,0,100.0,FULL,636.45
622,20.7277,1159.154,293.282,100.0,0.0,0,0,100.0,FULL,636.45
623,20.7611,1161.87,293.468,100.0,0.0,0,0,100.0,FULL,636.45
624,20.7944,1164.587,293.652,100.0,0.0,0,0,100.0,FULL,636.45
625,20.8277,1167.306,293.834,100.0,0.0,0,0,100.0,FULL,636.45
626,20.861,1170.027,294.013,100.0,0.0,0,0,100.0,FULL,636.45
627,20.8944,1172.75,294.191,100.0,0.0,0,0,100.0,FULL,636.45
628,20.9277,1175.474,294.366,100.0,0.0,0,0,100.0,FULL,636.45
629,20.961,1178.199,294.539,100.0,0.0,0,0,100.0,FULL,636.45
630,20.9943,1180.927,294.709,100.0,0.0,0,0,100.0,FULL,636.45
631,21.0277,1183.655,294.878,100.0,0.0,0,0,100.0,FULL,636.45
632,21.061,1186.386,295.044,100.0,0.0,0,0,100.0,FULL,636.45
633,21.0943,1189.118,295.208,100.0,0.0,0,0,100.0,FULL,636.45
634,21.1276,1191.851,295.369,100.0,0.0,0,0,100.0,FULL,636.45
635,21.161,1194.586,295.528,100.0,0.0,0,0,100.0,FULL,636.45
636,21.1943,1197.322,295.684,100.0,0.0,0,0,100.0,FULL,636.45
637,21.2276,1200.06,295.838,100.0,0.0,0,0,100.0,FULL,636.45
638,21.2609,1202.799,295.987,100.0,0.0,0,0,100.0,FULL,636.45
639,21.2943,1205.54,296.134,100.0,0.0,0,0,100.0,FULL,636.45
640,21.3276,1208.282,296.276,100.0,0.0,0,0,100.0,FULL,636.45
641,21.3609,1211.025,296.414,100.0,0.0,0,0,100.0,FULL,636.45
642,21.3942,1213.769,296.547,100.0,0.0,0,0,100.0,FULL,636.45
643,21.4276,1216.515,296.675,100.0,0.0,0,0,100.0,FULL,636.45
644,21.4609,1219.262,296.795,100.0,0.0,0,0,100.0,FULL,636.45
645,21.4942,1222.01,296.909,100.0,0.0,0,0,100.0,FULL,636.45
646,21.5275,1224.759,297.013,100.0,0.0,0,0,100.0,FULL,636.45
647,21.5608,1227.509,297.107,100.0,0.0,0,0,100.0,FULL,636.45
648,21.5942,1230.259,297.19,100.0,0.0,0,0,100.0,FULL,636.45
649,21.6275,1233.011,297.258,100.0,0.0,0,0,100.0,FULL,636.45
650,21.6608,1235.762,297.311,100.0,0.0,0,0,100.0,FULL,636.45
651,21.6941,1238.515,297.345,100.0,0.0,0,0,100.0,FULL,636.45
652,21.7275,1241.267,297.357,100.0,0.0,0,0,100.0,FULL,636.45
653,21.7608,1244.02,297.347,100.0,0.0,0,0,100.0,FULL,636.45
654,21.7941,1246.772,297.307,100.0,0.0,0,0,100.0,FULL,636.45
655,21.8274,1249.524,297.235,100.0,0.0,0,0,100.0,FULL,636.45
656,21.8608,1252.275,297.131,100.0,0.0,0,0,100.0,FULL,636.45
657,21.8941,1255.025,296.981,100.0,0.0,0,0,100.0,FULL,636.45
658,21.9274,1257.773,296.789,100.0,0.0,0,0,100.0,FULL,636.45
659,21.9607,1260.519,296.546,100.0,0.0,0,0,100.0,FULL,636.45
660,21.9941,1263.263,296.245,100.0,0.0,0,0,100.0,FULL,636.45
661,22.0274,1266.003,295.887,100.0,0.0,0,0,100.0,FULL,636.45
662,22.0607,1268.74,295.457,100.0,0.0,0,0,100.0,FULL,636.45
663,22.094,1271.473,294.954,100.0,0.0,0,0,100.0,FULL,636.45
664,22.1274,1274.201,294.377,100.0,0.0,0,0,100.0,FULL,636.45
665,22.1607,1276.922,293.707,100.0,0.0,0,0,100.0,FULL,636.45
666,22.194,1279.638,292.951,100.0,0.0,0,0,100.0,FULL,636.45
667,22.2273,1282.346,292.103,100.0,0.0,0,0,100.0,FULL,636.45
668,22.2607,1285.045,291.144,100.0,0.0,0,0,100.0,FULL,636.45
669,22.294,1287.735,290.086,100.0,0.0,0,0,100.0,FULL,636.45
670,22.3273,1290.416,288.923,100.0,0.0,0,0,100.0,FULL,636.45
671,22.3606,1293.084,287.638,100.0,0.0,0,0,100.0,FULL,636.45
672,22.394,1295.74,286.246,100.0,0.0,0,0,100.0,FULL,636.45
673,22.4273,1298.383,284.743,100.0,0.0,0,0,100.0,FULL,636.45
674,22.4606,1301.011,283.112,100.0,0.0,0,0,100.0,FULL,636.45
675,22.4939,1303.624,281.373,100.0,0.0,0,0,100.0,FULL,636.45
676,22.5273,1306.221,279.527,100.0,0.0,0,0,100.0,FULL,636.45
677,22.5606,1308.798,277.559,100.0,0.0,0,0,100.0,FULL,636.45
678,22.5939,1311.358,275.488,100.0,0.0,0,0,100.0,FULL,636.45
679,22.6272,1313.898,273.319,100.0,0.0,0,0,100.0,FULL,636.45
680,22.6606,1316.418,271.053,0.0,100.0,0,0,100.0,REGEN,0.0
681,22.6939,1318.916,268.683,0.0,100.0,0,0,100.0,REGEN,0.0
682,22.7272,1321.391,266.195,0.0,100.0,0,0,100.0,REGEN,0.0
683,22.7605,1323.844,263.574,0.0,100.0,0,0,100.0,REGEN,0.0
684,22.7939,1326.272,260.82,0.0,100.0,0,0,100.0,REGEN,0.0
685,22.8272,1328.672,257.919,0.0,100.0,0,0,100.0,REGEN,0.0
686,22.8605,1331.044,254.893,0.0,100.0,0,0,100.0,REGEN,0.0
687,22.8938,1333.389,251.746,0.0,100.0,0,0,100.0,REGEN,0.0
688,22.9271,1335.705,248.487,0.0,100.0,0,0,100.0,REGEN,0.0
689,22.9605,1337.99,245.123,0.0,100.0,0,0,100.0,REGEN,0.0
690,22.9938,1340.245,241.661,0.0,100.0,0,0,100.0,REGEN,0.0
691,23.0271,1342.464,238.029,0.0,100.0,0,0,100.0,REGEN,0.0
692,23.0604,1344.644,233.26,0.0,100.0,0,0,100.0,REGEN,0.0
693,23.0938,1346.778,227.986,0.0,100.0,0,0,100.0,REGEN,0.0
694,23.1271,1348.864,222.888,0.0,100.0,0,0,100.0,REGEN,0.0
695,23.1604,1350.904,217.97,0.0,100.0,0,0,100.0,REGEN,0.0
696,23.1937,1352.9,213.236,0.0,100.0,0,0,100.0,REGEN,0.0
697,23.2271,1354.853,208.695,0.0,100.0,0,0,100.0,REGEN,0.0
698,23.2604,1356.765,204.352,0.0,100.0,0,0,100.0,REGEN,0.0
699,23.2937,1358.638,200.19,0.0,100.0,0,0,100.0,REGEN,0.0
700,23.327,1360.474,196.155,0.0,100.0,0,0,100.0,REGEN,0.0
701,23.3604,1362.272,192.236,0.0,100.0,0,0,100.0,REGEN,0.0
702,23.3937,1364.032,188.428,0.0,100.0,0,0,100.0,REGEN,0.0
703,23.427,1365.756,184.624,0.0,100.0,0,0,100.0,REGEN,0.0
704,23.4603,1367.447,180.953,0.0,100.0,0,0,100.0,REGEN,0.0
705,23.4937,1369.106,177.406,0.0,100.0,0,0,100.0,REGEN,0.0
706,23.527,1370.734,173.952,0.0,100.0,0,0,100.0,REGEN,0.0
707,23.5603,1372.332,170.592,0.0,100.0,0,0,100.0,REGEN,0.0
708,23.5936,1373.892,167.356,0.0,100.0,0,0,100.0,REGEN,0.0
709,23.627,1375.425,164.222,0.0,100.0,0,0,100.0,REGEN,0.0
710,23.6603,1376.932,161.192,0.0,100.0,0,0,100.0,REGEN,0.0
711,23.6936,1378.416,158.266,0.0,100.0,0,0,100.0,REGEN,0.0
712,23.7269,1379.863,155.51,0.0,100.0,0,0,100.0,REGEN,0.0
713,23.7603,1381.293,153.415,0.0,100.0,0,0,100.0,REGEN,0.0
714,23.7936,1382.707,151.749,0.0,100.0,0,0,100.0,REGEN,0.0
715,23.8269,1384.104,150.152,0.0,100.0,0,0,100.0,REGEN,0.0
716,23.8602,1385.483,148.304,0.0,100.0,0,0,100.0,REGEN,0.0
717,23.8936,1386.849,146.432,0.0,100.0,0,0,100.0,REGEN,0.0
718,23.9269,1388.197,144.707,0.0,100.0,0,0,100.0,REGEN,0.0
719,23.9602,1389.528,143.216,0.0,100.0,0,0,100.0,REGEN,0.0
720,23.9935,1390.849,141.91,0.0,100.0,0,0,100.0,REGEN,0.0
721,24.0269,1392.159,140.925,0.0,100.0,0,0,100.0,REGEN,0.0
722,24.0602,1393.461,140.49,0.0,100.0,0,0,100.0,REGEN,0.0
723,24.0935,1394.761,140.236,100.0,100.0,0,0,100.0,REGEN,87.86
724,24.1268,1396.058,139.964,100.0,100.0,0,0,100.0,REGEN,502.16
725,24.1601,1397.348,139.102,100.0,0.0,0,0,100.0,FULL,636.45
726,24.1935,1398.632,137.899,100.0,0.0,0,0,100.0,FULL,636.45
727,24.2268,1399.898,136.311,100.0,0.0,0,0,100.0,FULL,636.45
728,24.2601,1401.152,134.745,100.0,0.0,0,0,100.0,FULL,411.43
729,24.2934,1402.396,133.194,100.0,0.0,0,0,100.0,FULL,12.43
730,24.3268,1403.629,133.146,0.0,100.0,0,0,100.0,REGEN,0.0
731,24.3601,1404.862,133.143,0.0,100.0,0,0,100.0,REGEN,0.0
732,24.3934,1406.094,133.136,0.0,100.0,0,0,100.0,REGEN,0.0
733,24.4267,1407.326,132.993,0.0,100.0,0,0,100.0,REGEN,0.0
734,24.4601,1408.556,132.795,100.0,100.0,0,0,100.0,REGEN,73.41
735,24.4934,1409.784,132.535,100.0,100.0,0,0,100.0,REGEN,475.06
736,24.5267,1410.998,130.799,100.0,0.0,0,0,100.0,FULL,636.45
737,24.56,1412.203,128.07,100.0,0.0,0,0,100.0,FULL,636.45
738,24.5934,1413.371,125.751,100.0,0.0,0,0,100.0,FULL,636.45
739,24.6267,1414.529,123.535,100.0,0.0,0,0,100.0,FULL,636.45
740,24.66,1415.661,121.59,100.0,0.0,0,0,100.0,FULL,636.45
741,24.6933,1416.785,120.499,100.0,0.0,0,0,100.0,FULL,636.45
742,24.7267,1417.899,120.316,100.0,0.0,0,0,100.0,FULL,636.45
743,24.76,1419.012,120.132,100.0,0.0,0,0,100.0,FULL,636.45
744,24.7933,1420.124,119.948,100.0,0.0,0,0,100.0,FULL,636.45
745,24.8266,1421.233,119.766,100.0,0.0,0,0,100.0,FULL,636.45
746,24.86,1422.345,120.056,100.0,0.0,0,0,100.0,FULL,636.45
747,24.8933,1423.463,121.431,100.0,0.0,0,0,100.0,FULL,636.45
748,24.9266,1424.594,122.853,100.0,0.0,0,0,100.0,FULL,636.45
749,24.9599,1425.736,124.317,100.0,0.0,0,0,100.0,FULL,636.45
750,24.9933,1426.895,125.557,100.0,0.0,0,0,100.0,FULL,636.45
751,25.0266,1428.059,126.675,100.0,0.0,0,0,100.0,FULL,636.45
752,25.0599,1429.235,127.237,100.0,0.0,0,0,100.0,FULL,636.45
753,25.0932,1430.414,127.65,100.0,0.0,0,0,100.0,FULL,636.45
754,25.1266,1431.597,127.869,100.0,0.0,0,0,100.0,FULL,636.45
755,25.1599,1432.783,128.25,100.0,0.0,0,0,100.0,FULL,636.45
756,25.1932,1433.971,128.696,100.0,0.0,0,0,100.0,FULL,636.45
757,25.2265,1435.166,129.278,100.0,0.0,0,0,100.0,FULL,636.45
758,25.2599,1436.366,129.878,100.0,0.0,0,0,100.0,FULL,636.45
759,25.2932,1437.57,130.5,100.0,0.0,0,0,100.0,FULL,636.45
760,25.3265,1438.782,131.107,100.0,0.0,0,0,100.0,FULL,636.45
761,25.3598,1439.997,131.708,100.0,0.0,0,0,100.0,FULL,636.45
762,25.3931,1441.22,132.294,100.0,0.0,0,0,100.0,FULL,636.45
763,25.4265,1442.448,132.897,100.0,0.0,0,0,100.0,FULL,636.45
764,25.4598,1443.679,133.514,100.0,0.0,0,0,100.0,FULL,636.45
765,25.4931,1444.92,134.215,100.0,0.0,0,0,100.0,FULL,636.45
766,25.5264,1446.165,134.956,100.0,0.0,0,0,100.0,FULL,636.45
767,25.5598,1447.418,135.763,100.0,0.0,0,0,100.0,FULL,636.45
768,25.5931,1448.68,136.636,100.0,0.0,0,0,100.0,FULL,636.45
769,25.6264,1449.948,137.546,100.0,0.0,0,0,100.0,FULL,636.45
770,25.6597,1451.226,138.522,100.0,0.0,0,0,100.0,FULL,636.45
771,25.6931,1452.514,139.546,100.0,0.0,0,0,100.0,FULL,636.45
772,25.7264,1453.808,140.603,100.0,0.0,0,0,100.0,FULL,636.45
773,25.7597,1455.117,141.725,100.0,0.0,0,0,100.0,FULL,636.45
774,25.793,1456.434,142.871,100.0,0.0,0,0,100.0,FULL,636.45
775,25.8264,1457.76,144.033,100.0,0.0,0,0,100.0,FULL,636.45
776,25.8597,1459.099,144.95,100.0,0.0,0,0,100.0,FULL,636.45
777,25.893,1460.447,146.065,100.0,0.0,0,0,100.0,FULL,636.45
778,25.9263,1461.802,147.363,100.0,0.0,0,0,100.0,FULL,636.45
779,25.9597,1463.175,148.712,100.0,0.0,0,0,100.0,FULL,636.45
780,25.993,1464.558,150.08,100.0,0.0,0,0,100.0,FULL,636.45
781,26.0263,1465.952,151.468,100.0,0.0,0,0,100.0,FULL,636.45
782,26.0596,1467.361,152.885,100.0,0.0,0,0,100.0,FULL,636.45
783,26.093,1468.784,154.323,100.0,0.0,0,0,100.0,FULL,636.45
784,26.1263,1470.218,155.78,100.0,0.0,0,0,100.0,FULL,636.45
785,26.1596,1471.666,157.256,100.0,0.0,0,0,100.0,FULL,636.45
786,26.1929,1473.131,158.756,100.0,0.0,0,0,100.0,FULL,636.45
787,26.2263,1474.607,160.273,100.0,0.0,0,0,100.0,FULL,636.45
788,26.2596,1476.096,161.806,100.0,0.0,0,0,100.0,FULL,636.45
789,26.2929,1477.601,163.361,100.0,0.0,0,0,100.0,FULL,636.45
790,26.3262,1479.122,164.944,100.0,0.0,0,0,100.0,FULL,636.45
791,26.3596,1480.657,166.56,100.0,0.0,0,0,100.0,FULL,636.45
792,26.3929,1482.205,168.215,100.0,0.0,0,0,100.0,FULL,636.45
793,26.4262,1483.769,169.914,100.0,0.0,0,0,100.0,FULL,636.45
794,26.4595,1485.352,171.669,100.0,0.0,0,0,100.0,FULL,636.45
795,26.4929,1486.95,173.455,100.0,0.0,0,0,100.0,FULL,636.45
796,26.5262,1488.563,175.172,100.0,0.0,0,0,100.0,FULL,636.45
797,26.5595,1490.191,176.756,100.0,0.0,0,0,100.0,FULL,636.45
798,26.5928,1491.832,178.246,100.0,0.0,0,0,100.0,FULL,636.45
799,26.6261,1493.491,179.733,100.0,0.0,0,0,100.0,FULL,636.45
800,26.6595,1495.162,181.217,100.0,0.0,0,0,100.0,FULL,636.45
801,26.6928,1496.846,182.697,100.0,0.0,0,0,100.0,FULL,636.45
802,26.7261,1498.544,184.171,100.0,0.0,0,0,100.0,FULL,636.45
803,26.7594,1500.255,185.639,100.0,0.0,0,0,100.0,FULL,636.45
804,26.7928,1501.979,187.099,100.0,0.0,0,0,100.0,FULL,636.45
805,26.8261,1503.718,188.55,100.0,0.0,0,0,100.0,FULL,636.45
806,26.8594,1505.471,189.991,100.0,0.0,0,0,100.0,FULL,636.45
807,26.8927,1507.237,191.422,100.0,0.0,0,0,100.0,FULL,636.45
808,26.9261,1509.015,192.842,100.0,0.0,0,0,100.0,FULL,636.45
809,26.9594,1510.807,194.25,100.0,0.0,0,0,100.0,FULL,636.45
810,26.9927,1512.611,195.645,100.0,0.0,0,0,100.0,FULL,636.45
811,27.026,1514.429,197.028,100.0,0.0,0,0,100.0,FULL,636.45
812,27.0594,1516.258,198.397,100.0,0.0,0,0,100.0,FULL,636.45
813,27.0927,1518.101,199.752,100.0,0.0,0,0,100.0,FULL,636.45
814,27.126,1519.955,201.093,100.0,0.0,0,0,100.0,FULL,636.45
815,27.1593,1521.823,202.417,100.0,0.0,0,0,100.0,FULL,636.45
816,27.1927,1523.704,203.727,100.0,0.0,0,0,100.0,FULL,636.45
817,27.226,1525.596,205.021,100.0,0.0,0,0,100.0,FULL,636.45
818,27.2593,1527.5,206.301,100.0,0.0,0,0,100.0,FULL,636.45
819,27.2926,1529.415,207.565,100.0,0.0,0,0,100.0,FULL,636.45
820,27.326,1531.342,208.813,100.0,0.0,0,0,100.0,FULL,636.45
821,27.3593,1533.281,210.045,100.0,0.0,0,0,100.0,FULL,636.45
822,27.3926,1535.231,211.262,100.0,0.0,0,0,100.0,FULL,636.45
823,27.4259,1537.192,212.464,100.0,0.0,0,0,100.0,FULL,636.45
824,27.4593,1539.164,213.65,100.0,0.0,0,0,100.0,FULL,636.45
825,27.4926,1541.148,214.821,100.0,0.0,0,0,100.0,FULL,636.45
826,27.5259,1543.141,215.976,100.0,0.0,0,0,100.0,FULL,636.45
827,27.5592,1545.146,217.117,100.0,0.0,0,0,100.0,FULL,636.45
828,27.5926,1547.161,218.242,100.0,0.0,0,0,100.0,FULL,636.45
829,27.6259,1549.186,219.353,100.0,0.0,0,0,100.0,FULL,636.45
830,27.6592,1551.222,220.449,100.0,0.0,0,0,100.0,FULL,636.45
831,27.6925,1553.267,221.53,100.0,0.0,0,0,100.0,FULL,636.45
832,27.7259,1555.323,222.598,100.0,0.0,0,0,100.0,FULL,636.45
833,27.7592,1557.388,223.651,100.0,0.0,0,0,100.0,FULL,636.45
834,27.7925,1559.463,224.69,100.0,0.0,0,0,100.0,FULL,636.45
835,27.8258,1561.548,225.716,100.0,0.0,0,0,100.0,FULL,636.45
836,27.8592,1563.642,226.728,100.0,0.0,0,0,100.0,FULL,636.45
837,27.8925,1565.745,227.727,100.0,0.0,0,0,100.0,FULL,636.45
838,27.9258,1567.857,228.712,100.0,0.0,0,0,100.0,FULL,636.45
839,27.9591,1569.979,229.685,100.0,0.0,0,0,100.0,FULL,636.45
840,27.9924,1572.11,230.644,100.0,0.0,0,0,100.0,FULL,636.45
841,28.0258,1574.249,231.59,100.0,0.0,0,0,100.0,FULL,636.45
842,28.0591,1576.398,232.523,100.0,0.0,0,0,100.0,FULL,636.45
843,28.0924,1578.554,233.445,100.0,0.0,0,0,100.0,FULL,636.45
844,28.1257,1580.72,234.354,100.0,0.0,0,0,100.0,FULL,636.45
845,28.1591,1582.893,235.25,100.0,0.0,0,0,100.0,FULL,636.45
846,28.1924,1585.075,236.135,100.0,0.0,0,0,100.0,FULL,636.45
847,28.2257,1587.265,237.008,100.0,0.0,0,0,100.0,FULL,636.45
848,28.259,1589.462,237.868,100.0,0.0,0,0,100.0,FULL,636.45
849,28.2924,1591.668,238.717,100.0,0.0,0,0,100.0,FULL,636.45
850,28.3257,1593.881,239.554,100.0,0.0,0,0,100.0,FULL,636.45
851,28.359,1596.103,240.379,100.0,0.0,0,0,100.0,FULL,636.45
852,28.3923,1598.332,241.192,100.0,0.0,0,0,100.0,FULL,636.45
853,28.4257,1600.569,241.993,100.0,0.0,0,0,100.0,FULL,636.45
854,28.459,1602.812,242.783,100.0,0.0,0,0,100.0,FULL,636.45
855,28.4923,1605.063,243.561,100.0,0.0,0,0,100.0,FULL,636.45
856,28.5256,1607.321,244.329,100.0,0.0,0,0,100.0,FULL,636.45
857,28.559,1609.586,245.085,100.0,0.0,0,0,100.0,FULL,636.45
858,28.5923,1611.859,245.828,100.0,0.0,0,0,100.0,FULL,636.45
859,28.6256,1614.138,246.56,100.0,0.0,0,0,100.0,FULL,636.45
860,28.6589,1616.423,247.282,100.0,0.0,0,0,100.0,FULL,636.45
861,28.6923,1618.716,247.992,100.0,0.0,0,0,100.0,FULL,636.45
862,28.7256,1621.014,248.692,100.0,0.0,0,0,100.0,FULL,636.45
863,28.7589,1623.319,249.381,100.0,0.0,0,0,100.0,FULL,636.45
864,28.7922,1625.631,250.058,100.0,0.0,0,0,100.0,FULL,636.45
865,28.8256,1627.949,250.724,100.0,0.0,0,0,100.0,FULL,636.45
866,28.8589,1630.273,251.38,100.0,0.0,0,0,100.0,FULL,636.45
867,28.8922,1632.603,252.026,100.0,0.0,0,0,100.0,FULL,636.45
868,28.9255,1634.939,252.661,100.0,0.0,0,0,100.0,FULL,636.45
869,28.9589,1637.28,253.287,100.0,0.0,0,0,100.0,FULL,636.45
870,28.9922,1639.628,253.901,100.0,0.0,0,0,100.0,FULL,636.45
871,29.0255,1641.981,254.505,100.0,0.0,0,0,100.0,FULL,636.45
872,29.0588,1644.34,255.1,100.0,0.0,0,0,100.0,FULL,636.45
873,29.0922,1646.704,255.686,100.0,0.0,0,0,100.0,FULL,636.45
874,29.1255,1649.073,256.263,100.0,0.0,0,0,100.0,FULL,636.45
875,29.1588,1651.448,256.831,100.0,0.0,0,0,100.0,FULL,636.45
876,29.1921,1653.828,257.389,100.0,0.0,0,0,100.0,FULL,636.45
877,29.2254,1656.213,257.938,100.0,0.0,0,0,100.0,FULL,636.45
878,29.2588,1658.604,258.477,100.0,0.0,0,0,100.0,FULL,636.45
879,29.2921,1660.998,259.007,100.0,0.0,0,0,100.0,FULL,636.45
880,29.3254,1663.398,259.527,100.0,0.0,0,0,100.0,FULL,636.45
881,29.3587,1665.803,260.036,100.0,0.0,0,0,100.0,FULL,636.45
882,29.3921,1668.213,260.536,100.0,0.0,0,0,100.0,FULL,636.45
883,29.4254,1670.627,261.025,100.0,0.0,0,0,100.0,FULL,636.45
884,29.4587,1673.045,261.505,100.0,0.0,0,0,100.0,FULL,636.45
885,29.492,1675.468,261.974,100.0,0.0,0,0,100.0,FULL,636.45
886,29.5254,1677.895,262.432,100.0,0.0,0,0,100.0,FULL,636.45
887,29.5587,1680.327,262.879,100.0,0.0,0,0,100.0,FULL,636.45
888,29.592,1682.762,263.316,100.0,0.0,0,0,100.0,FULL,636.45
889,29.6253,1685.201,263.741,100.0,0.0,0,0,100.0,FULL,636.45
890,29.6587,1687.645,264.154,100.0,0.0,0,0,100.0,FULL,636.45
891,29.692,1690.092,264.556,100.0,0.0,0,0,100.0,FULL,636.45
892,29.7253,1692.543,264.945,100.0,0.0,0,0,100.0,FULL,636.45
893,29.7586,1694.997,265.323,100.0,0.0,0,0,100.0,FULL,636.45
894,29.792,1697.454,265.687,100.0,0.0,0,0,100.0,FULL,636.45
895,29.8253,1699.916,266.038,100.0,0.0,0,0,100.0,FULL,636.45
896,29.8586,1702.38,266.376,100.0,0.0,0,0,100.0,FULL,636.45
897,29.8919,1704.847,266.701,100.0,0.0,0,0,100.0,FULL,636.45
898,29.9253,1707.317,267.01,100.0,0.0,0,0,100.0,FULL,636.45
899,29.9586,1709.79,267.304,100.0,0.0,0,0,100.0,FULL,636.45
900,29.9919,1712.266,267.583,100.0,0.0,0,0,100.0,FULL,636.45
901,30.0252,1714.744,267.846,100.0,0.0,0,0,100.0,FULL,636.45
902,30.0586,1717.225,268.093,100.0,0.0,0,0,100.0,FULL,636.45
903,30.0919,1719.707,268.323,100.0,0.0,0,0,100.0,FULL,636.45
904,30.1252,1722.192,268.536,100.0,0.0,0,0,100.0,FULL,636.45
905,30.1585,1724.679,268.732,100.0,0.0,0,0,100.0,FULL,636.45
906,30.1919,1727.167,268.908,100.0,0.0,0,0,100.0,FULL,636.45
907,30.2252,1729.657,269.063,100.0,0.0,0,0,100.0,FULL,636.45
908,30.2585,1732.149,269.199,100.0,0.0,0,0,100.0,FULL,636.45
909,30.2918,1734.641,269.315,100.0,0.0,0,0,100.0,FULL,636.45
910,30.3252,1737.134,269.411,100.0,0.0,0,0,100.0,FULL,636.45
911,30.3585,1739.629,269.483,100.0,0.0,0,0,100.0,FULL,636.45
912,30.3918,1742.123,269.534,100.0,0.0,0,0,100.0,FULL,636.45
913,30.4251,1744.619,269.565,100.0,0.0,0,0,100.0,FULL,636.45
914,30.4584,1747.114,269.574,100.0,0.0,0,0,100.0,FULL,636.45
915,30.4918,1749.609,269.559,100.0,0.0,0,0,100.0,FULL,636.45
916,30.5251,1752.104,269.522,100.0,0.0,0,0,100.0,FULL,636.45
917,30.5584,1754.599,269.464,100.0,0.0,0,0,100.0,FULL,636.45
918,30.5917,1757.093,269.386,100.0,0.0,0,0,100.0,FULL,636.45
919,30.6251,1759.586,269.285,100.0,0.0,0,0,100.0,FULL,636.45
920,30.6584,1762.078,269.166,100.0,0.0,0,0,100.0,FULL,636.45
921,30.6917,1764.569,269.028,100.0,0.0,0,0,100.0,FULL,636.45
922,30.725,1767.059,268.875,100.0,0.0,0,0,100.0,FULL,636.45
923,30.7584,1769.547,268.703,100.0,0.0,0,0,100.0,FULL,636.45
924,30.7917,1772.033,268.519,100.0,0.0,0,0,100.0,FULL,636.45
925,30.825,1774.518,268.323,100.0,0.0,0,0,100.0,FULL,636.45
926,30.8583,1777.001,268.118,100.0,0.0,0,0,100.0,FULL,636.45
927,30.8917,1779.482,267.905,0.0,100.0,0,0,100.0,REGEN,0.0
928,30.925,1781.961,267.687,0.0,100.0,0,0,100.0,REGEN,0.0
929,30.9583,1784.438,267.465,0.0,100.0,0,0,100.0,REGEN,0.0
930,30.9916,1786.913,267.241,0.0,100.0,0,0,100.0,REGEN,0.0
931,31.025,1789.38,265.768,0.0,100.0,0,0,100.0,REGEN,0.0
932,31.0583,1791.828,263.347,0.0,100.0,0,0,100.0,REGEN,0.0
933,31.0916,1794.256,261.419,0.0,100.0,0,0,100.0,REGEN,0.0
934,31.1249,1796.671,260.284,0.0,100.0,0,0,100.0,REGEN,0.0
935,31.1583,1799.079,260.144,0.0,100.0,0,0,100.0,REGEN,0.0
936,31.1916,1801.487,260.144,0.0,100.0,0,0,100.0,REGEN,0.0
937,31.2249,1803.896,260.141,100.0,100.0,0,0,100.0,REGEN,264.24
938,31.2582,1806.303,259.974,100.0,0.0,0,0,100.0,FULL,636.45
939,31.2916,1808.71,260.03,100.0,0.0,0,0,100.0,FULL,636.45
940,31.3249,1811.118,260.336,100.0,0.0,0,0,100.0,FULL,636.45
941,31.3582,1813.529,260.612,100.0,0.0,0,0,100.0,FULL,636.45
942,31.3915,1815.943,260.887,100.0,0.0,0,0,100.0,FULL,636.45
943,31.4249,1818.359,261.163,100.0,0.0,0,0,100.0,FULL,636.45
944,31.4582,1820.778,261.439,100.0,0.0,0,0,100.0,FULL,636.45
945,31.4915,1823.199,261.716,100.0,0.0,0,0,100.0,FULL,636.45
946,31.5248,1825.623,261.992,100.0,0.0,0,0,100.0,FULL,636.45
947,31.5582,1828.05,262.27,100.0,0.0,0,0,100.0,FULL,636.45
948,31.5915,1830.479,262.547,100.0,0.0,0,0,100.0,FULL,636.45
949,31.6248,1832.91,262.825,100.0,0.0,0,0,100.0,FULL,636.45
950,31.6581,1835.345,263.227,100.0,0.0,0,0,100.0,FULL,636.45
951,31.6914,1837.784,263.638,100.0,0.0,0,0,100.0,FULL,636.45
952,31.7248,1840.226,264.049,100.0,0.0,0,0,100.0,FULL,636.45
953,31.7581,1842.672,264.46,100.0,0.0,0,0,100.0,FULL,636.45
954,31.7914,1845.121,264.649,100.0,0.0,0,0,100.0,FULL,636.45
955,31.8247,1847.574,265.176,100.0,0.0,0,0,100.0,FULL,636.45
956,31.8581,1850.031,265.696,100.0,0.0,0,0,100.0,FULL,636.45
957,31.8914,1852.492,266.211,100.0,0.0,0,0,100.0,FULL,636.45
958,31.9247,1854.959,266.72,100.0,0.0,0,0,100.0,FULL,636.45
959,31.958,1857.43,267.221,100.0,0.0,0,0,100.0,FULL,636.45
960,31.9914,1859.906,267.717,100.0,0.0,0,0,100.0,FULL,636.45
961,32.0247,1862.387,268.208,100.0,0.0,0,0,100.0,FULL,636.45
962,32.058,1864.872,268.692,100.0,0.0,0,0,100.0,FULL,636.45
963,32.0913,1867.361,269.17,100.0,0.0,0,0,100.0,FULL,636.45
964,32.1247,1869.855,269.621,100.0,0.0,0,0,100.0,FULL,636.45
965,32.158,1872.352,269.981,100.0,0.0,0,0,100.0,FULL,636.45
966,32.1913,1874.853,270.301,100.0,0.0,0,0,100.0,FULL,636.45
967,32.2246,1877.357,270.614,100.0,0.0,0,0,100.0,FULL,636.45
968,32.258,1879.863,270.916,100.0,0.0,0,0,100.0,FULL,636.45
969,32.2913,1882.372,271.206,100.0,0.0,0,0,100.0,FULL,636.45
970,32.3246,1884.884,271.482,100.0,0.0,0,0,100.0,FULL,636.45
971,32.3579,1887.398,271.738,100.0,0.0,0,0,100.0,FULL,636.45
972,32.3913,1889.915,271.972,100.0,0.0,0,0,100.0,FULL,636.45
973,32.4246,1892.433,272.182,100.0,0.0,0,0,100.0,FULL,636.45
974,32.4579,1894.954,272.366,100.0,0.0,0,0,100.0,FULL,636.45
975,32.4912,1897.476,272.517,100.0,0.0,0,0,100.0,FULL,636.45
976,32.5246,1899.999,272.632,100.0,0.0,0,0,100.0,FULL,636.45
977,32.5579,1902.523,272.711,100.0,0.0,0,0,100.0,FULL,636.45
978,32.5912,1905.047,272.751,100.0,0.0,0,0,100.0,FULL,636.45
979,32.6245,1907.572,272.744,100.0,0.0,0,0,100.0,FULL,636.45
980,32.6579,1910.097,272.689,100.0,0.0,0,0,100.0,FULL,636.45
981,32.6912,1912.62,272.586,100.0,0.0,0,0,100.0,FULL,636.45
982,32.7245,1915.143,272.433,100.0,0.0,0,0,100.0,FULL,636.45
983,32.7578,1917.664,272.222,100.0,0.0,0,0,100.0,FULL,636.45
984,32.7912,1920.182,271.954,100.0,0.0,0,0,100.0,FULL,636.45
985,32.8245,1922.698,271.632,100.0,0.0,0,0,100.0,FULL,636.45
986,32.8578,1925.211,271.254,100.0,0.0,0,0,100.0,FULL,636.45
987,32.8911,1927.72,270.811,100.0,0.0,0,0,100.0,FULL,636.45
988,32.9245,1930.224,270.311,100.0,0.0,0,0,100.0,FULL,636.45
989,32.9578,1932.724,269.756,100.0,0.0,0,0,100.0,FULL,636.45
990,32.9911,1935.219,269.146,100.0,0.0,0,0,100.0,FULL,636.45
991,33.0244,1937.707,268.477,100.0,0.0,0,0,100.0,FULL,636.45
992,33.0577,1940.189,267.758,100.0,0.0,0,0,100.0,FULL,636.45
993,33.0911,1942.664,266.992,100.0,0.0,0,0,100.0,FULL,636.45
994,33.1244,1945.132,266.182,100.0,0.0,0,0,100.0,FULL,636.45
995,33.1577,1947.592,265.328,0.0,100.0,0,0,100.0,REGEN,0.0
996,33.191,1950.043,264.43,0.0,100.0,0,0,100.0,REGEN,0.0
997,33.2244,1952.487,263.486,0.0,100.0,0,0,100.0,REGEN,0.0
998,33.2577,1954.921,262.498,0.0,100.0,0,0,100.0,REGEN,0.0
999,33.291,1957.347,261.469,0.0,100.0,0,0,100.0,REGEN,0.0
1000,33.3243,1959.762,260.405,0.0,100.0,0,0,100.0,REGEN,0.0
1001,33.3577,1962.167,259.254,0.0,100.0,0,0,100.0,REGEN,0.0
1002,33.391,1964.56,257.729,0.0,100.0,0,0,100.0,REGEN,0.0
1003,33.4243,1966.935,255.25,0.0,100.0,0,0,100.0,REGEN,0.0
1004,33.4576,1969.284,251.895,0.0,100.0,0,0,100.0,REGEN,0.0
1005,33.491,1971.597,248.176,0.0,100.0,0,0,100.0,REGEN,0.0
1006,33.5243,1973.877,244.738,0.0,100.0,0,0,100.0,REGEN,0.0
1007,33.5576,1976.13,242.04,0.0,100.0,0,0,100.0,REGEN,0.0
1008,33.5909,1978.363,240.594,0.0,100.0,0,0,100.0,REGEN,0.0
1009,33.6243,1980.587,239.863,0.0,100.0,0,0,100.0,REGEN,0.0
1010,33.6576,1982.806,239.643,0.0,100.0,0,0,100.0,REGEN,0.0
1011,33.6909,1985.024,239.643,0.0,100.0,0,0,100.0,REGEN,0.0
1012,33.7242,1987.243,239.643,0.0,100.0,0,0,100.0,REGEN,0.0
1013,33.7576,1989.461,239.643,0.0,100.0,0,0,100.0,REGEN,0.0
1014,33.7909,1991.679,239.634,100.0,100.0,0,0,100.0,REGEN,134.83
1015,33.8242,1993.896,239.402,100.0,0.0,0,0,100.0,FULL,636.45
1016,33.8575,1996.109,238.704,100.0,0.0,0,0,100.0,FULL,364.39
1017,33.8909,1998.317,238.328,0.0,100.0,0,0,100.0,REGEN,0.0
1018,33.9242,2000.523,238.3,0.0,100.0,0,0,100.0,REGEN,0.0
1019,33.9575,2002.723,236.843,0.0,100.0,0,0,100.0,REGEN,0.0
1020,33.9908,2004.91,235.786,0.0,100.0,0,0,100.0,REGEN,0.0
1021,34.0242,2007.092,235.676,0.0,100.0,0,0,100.0,REGEN,0.0
1022,34.0575,2009.274,235.676,100.0,100.0,0,0,100.0,REGEN,6.84
1023,34.0908,2011.455,235.646,100.0,0.0,0,0,100.0,FULL,636.45
1024,34.1241,2013.636,235.574,100.0,0.0,0,0,100.0,FULL,636.45
1025,34.1575,2015.819,236.058,100.0,0.0,0,0,100.0,FULL,636.45
1026,34.1908,2018.007,236.575,100.0,0.0,0,0,100.0,FULL,636.45
1027,34.2241,2020.199,237.004,100.0,0.0,0,0,100.0,FULL,636.45
1028,34.2574,2022.395,237.484,100.0,0.0,0,0,100.0,FULL,636.45
1029,34.2907,2024.596,238.21,100.0,0.0,0,0,100.0,FULL,636.45
1030,34.3241,2026.805,239.054,100.0,0.0,0,0,100.0,FULL,636.45
1031,34.3574,2029.022,239.897,100.0,0.0,0,0,100.0,FULL,636.45
1032,34.3907,2031.246,240.729,100.0,0.0,0,0,100.0,FULL,636.45
1033,34.424,2033.478,241.55,100.0,0.0,0,0,100.0,FULL,636.45
1034,34.4574,2035.718,242.361,100.0,0.0,0,0,100.0,FULL,636.45
1035,34.4907,2037.966,243.162,100.0,0.0,0,0,100.0,FULL,636.45
1036,34.524,2040.22,243.952,100.0,0.0,0,0,100.0,FULL,636.45
1037,34.5573,2042.482,244.733,100.0,0.0,0,0,100.0,FULL,636.45
1038,34.5907,2044.751,245.505,100.0,0.0,0,0,100.0,FULL,636.45
1039,34.624,2047.027,246.267,100.0,0.0,0,0,100.0,FULL,636.45
1040,34.6573,2049.31,247.019,100.0,0.0,0,0,100.0,FULL,636.45
1041,34.6906,2051.6,247.761,100.0,0.0,0,0,100.0,FULL,636.45
1042,34.724,2053.897,248.46,100.0,0.0,0,0,100.0,FULL,636.45
1043,34.7573,2056.2,249.051,100.0,0.0,0,0,100.0,FULL,636.45
1044,34.7906,2058.508,249.628,100.0,0.0,0,0,100.0,FULL,636.45
1045,34.8239,2060.821,250.211,100.0,0.0,0,0,100.0,FULL,636.45
1046,34.8573,2063.14,250.8,100.0,0.0,0,0,100.0,FULL,636.45
1047,34.8906,2065.464,251.393,100.0,0.0,0,0,100.0,FULL,636.45
1048,34.9239,2067.794,251.989,100.0,0.0,0,0,100.0,FULL,636.45
1049,34.9572,2070.13,252.586,100.0,0.0,0,0,100.0,FULL,636.45
1050,34.9906,2072.471,253.184,100.0,0.0,0,0,100.0,FULL,636.45
1051,35.0239,2074.817,253.781,100.0,0.0,0,0,100.0,FULL,636.45
1052,35.0572,2077.169,254.378,100.0,0.0,0,0,100.0,FULL,636.45
1053,35.0905,2079.526,254.974,100.0,0.0,0,0,100.0,FULL,636.45
1054,35.1239,2081.889,255.568,100.0,0.0,0,0,100.0,FULL,636.45
1055,35.1572,2084.258,256.159,100.0,0.0,0,0,100.0,FULL,636.45
1056,35.1905,2086.632,256.746,100.0,0.0,0,0,100.0,FULL,636.45
1057,35.2238,2089.011,257.33,100.0,0.0,0,0,100.0,FULL,636.45
1058,35.2572,2091.396,257.91,100.0,0.0,0,0,100.0,FULL,636.45
1059,35.2905,2093.786,258.485,100.0,0.0,0,0,100.0,FULL,636.45
1060,35.3238,2096.181,259.056,100.0,0.0,0,0,100.0,FULL,636.45
1061,35.3571,2098.582,259.623,100.0,0.0,0,0,100.0,FULL,636.45
1062,35.3905,2100.988,260.185,100.0,0.0,0,0,100.0,FULL,636.45
1063,35.4238,2103.399,260.742,100.0,0.0,0,0,100.0,FULL,636.45
1064,35.4571,2105.815,261.293,100.0,0.0,0,0,100.0,FULL,636.45
1065,35.4904,2108.236,261.841,100.0,0.0,0,0,100.0,FULL,636.45
1066,35.5237,2110.662,262.383,100.0,0.0,0,0,100.0,FULL,636.45
1067,35.5571,2113.094,262.92,100.0,0.0,0,0,100.0,FULL,636.45
1068,35.5904,2115.53,263.452,100.0,0.0,0,0,100.0,FULL,636.45
1069,35.6237,2117.971,263.98,100.0,0.0,0,0,100.0,FULL,636.45
1070,35.657,2120.417,264.502,100.0,0.0,0,0,100.0,FULL,636.45
1071,35.6904,2122.868,265.019,100.0,0.0,0,0,100.0,FULL,636.45
1072,35.7237,2125.323,265.531,100.0,0.0,0,0,100.0,FULL,636.45
1073,35.757,2127.784,266.038,100.0,0.0,0,0,100.0,FULL,636.45
1074,35.7903,2130.249,266.54,100.0,0.0,0,0,100.0,FULL,636.45
1075,35.8237,2132.718,267.037,100.0,0.0,0,0,100.0,FULL,636.45
1076,35.857,2135.192,267.528,100.0,0.0,0,0,100.0,FULL,636.45
1077,35.8903,2137.671,268.014,100.0,0.0,0,0,100.0,FULL,636.45
1078,35.9236,2140.155,268.496,100.0,0.0,0,0,100.0,FULL,636.45
1079,35.957,2142.642,268.972,100.0,0.0,0,0,100.0,FULL,636.45
1080,35.9903,2145.134,269.443,100.0,0.0,0,0,100.0,FULL,636.45
1081,36.0236,2147.63,269.909,100.0,0.0,0,0,100.0,FULL,636.45
1082,36.0569,2150.131,270.369,100.0,0.0,0,0,100.0,FULL,636.45
1083,36.0903,2152.636,270.825,100.0,0.0,0,0,100.0,FULL,636.45
1084,36.1236,2155.145,271.276,100.0,0.0,0,0,100.0,FULL,636.45
1085,36.1569,2157.658,271.721,100.0,0.0,0,0,100.0,FULL,636.45
1086,36.1902,2160.176,272.161,100.0,0.0,0,0,100.0,FULL,636.45
1087,36.2236,2162.697,272.596,100.0,0.0,0,0,100.0,FULL,636.45
1088,36.2569,2165.222,273.027,100.0,0.0,0,0,100.0,FULL,636.45
1089,36.2902,2167.752,273.452,100.0,0.0,0,0,100.0,FULL,636.45
1090,36.3235,2170.285,273.872,100.0,0.0,0,0,100.0,FULL,636.45
1091,36.3569,2172.822,274.287,100.0,0.0,0,0,100.0,FULL,636.45
1092,36.3902,2175.363,274.698,100.0,0.0,0,0,100.0,FULL,636.45
1093,36.4235,2177.907,275.103,100.0,0.0,0,0,100.0,FULL,636.45
1094,36.4568,2180.456,275.504,100.0,0.0,0,0,100.0,FULL,636.45
1095,36.4902,2183.008,275.9,100.0,0.0,0,0,100.0,FULL,636.45
1096,36.5235,2185.564,276.291,100.0,0.0,0,0,100.0,FULL,636.45
1097,36.5568,2188.123,276.677,100.0,0.0,0,0,100.0,FULL,636.45
1098,36.5901,2190.686,277.059,100.0,0.0,0,0,100.0,FULL,636.45
1099,36.6235,2193.252,277.436,100.0,0.0,0,0,100.0,FULL,636.45
1100,36.6568,2195.822,277.807,100.0,0.0,0,0,100.0,FULL,636.45
1101,36.6901,2198.396,278.174,100.0,0.0,0,0,100.0,FULL,636.45
1102,36.7234,2200.972,278.536,100.0,0.0,0,0,100.0,FULL,636.45
1103,36.7567,2203.552,278.893,100.0,0.0,0,0,100.0,FULL,636.45
1104,36.7901,2206.135,279.244,100.0,0.0,0,0,100.0,FULL,636.45
1105,36.8234,2208.722,279.591,100.0,0.0,0,0,100.0,FULL,636.45
1106,36.8567,2211.312,279.931,100.0,0.0,0,0,100.0,FULL,636.45
1107,36.89,2213.904,280.265,100.0,0.0,0,0,100.0,FULL,636.45
1108,36.9234,2216.5,280.593,100.0,0.0,0,0,100.0,FULL,636.45
1109,36.9567,2219.099,280.915,100.0,0.0,0,0,100.0,FULL,636.45
1110,36.99,2221.701,281.228,100.0,0.0,0,0,100.0,FULL,636.45
1111,37.0233,2224.306,281.534,100.0,0.0,0,0,100.0,FULL,636.45
1112,37.0567,2226.913,281.831,100.0,0.0,0,0,100.0,FULL,636.45
1113,37.09,2229.523,282.118,100.0,0.0,0,0,100.0,FULL,636.45
1114,37.1233,2232.136,282.394,100.0,0.0,0,0,100.0,FULL,636.45
1115,37.1566,2234.751,282.659,100.0,0.0,0,0,100.0,FULL,636.45
1116,37.19,2237.369,282.91,100.0,0.0,0,0,100.0,FULL,636.45
1117,37.2233,2239.989,283.145,100.0,0.0,0,0,100.0,FULL,636.45
1118,37.2566,2242.611,283.364,100.0,0.0,0,0,100.0,FULL,636.45
1119,37.2899,2245.235,283.565,100.0,0.0,0,0,100.0,FULL,636.45
1120,37.3233,2247.861,283.742,100.0,0.0,0,0,100.0,FULL,636.45
1121,37.3566,2250.488,283.897,100.0,0.0,0,0,100.0,FULL,636.45
1122,37.3899,2253.116,284.028,100.0,0.0,0,0,100.0,FULL,636.45
1123,37.4232,2255.746,284.125,100.0,0.0,0,0,100.0,FULL,636.45
1124,37.4566,2258.377,284.192,100.0,0.0,0,0,100.0,FULL,636.45
1125,37.4899,2261.007,284.226,100.0,0.0,0,0,100.0,FULL,636.45
1126,37.5232,2263.638,284.217,100.0,0.0,0,0,100.0,FULL,636.45
1127,37.5565,2266.269,284.166,100.0,0.0,0,0,100.0,FULL,636.45
1128,37.5899,2268.899,284.072,100.0,0.0,0,0,100.0,FULL,636.45
1129,37.6232,2271.528,283.925,100.0,0.0,0,0,100.0,FULL,636.45
1130,37.6565,2274.155,283.723,100.0,0.0,0,0,100.0,FULL,636.45
1131,37.6898,2276.781,283.467,100.0,0.0,0,0,100.0,FULL,636.45
1132,37.7232,2279.403,283.149,100.0,0.0,0,0,100.0,FULL,636.45
1133,37.7565,2282.022,282.764,100.0,0.0,0,0,100.0,FULL,636.45
1134,37.7898,2284.638,282.315,100.0,0.0,0,0,100.0,FULL,636.45
1135,37.8231,2287.249,281.796,100.0,0.0,0,0,100.0,FULL,636.45
1136,37.8565,2289.854,281.199,100.0,0.0,0,0,100.0,FULL,636.45
1137,37.8898,2292.454,280.53,100.0,0.0,0,0,100.0,FULL,636.45
1138,37.9231,2295.048,279.788,100.0,0.0,0,0,100.0,FULL,636.45
1139,37.9564,2297.634,278.961,100.0,0.0,0,0,100.0,FULL,636.45
1140,37.9898,2300.212,278.058,100.0,0.0,0,0,100.0,FULL,636.45
1141,38.0231,2302.782,277.08,100.0,0.0,0,0,100.0,FULL,636.45
1142,38.0564,2305.342,276.024,100.0,0.0,0,0,100.0,FULL,636.45
1143,38.0897,2307.891,274.887,100.0,0.0,0,0,100.0,FULL,636.45
1144,38.123,2310.43,273.679,100.0,0.0,0,0,100.0,FULL,636.45
1145,38.1564,2312.958,272.401,100.0,0.0,0,0,100.0,FULL,76.32
1146,38.1897,2315.473,271.042,0.0,100.0,0,0,100.0,REGEN,0.0
1147,38.223,2317.975,269.594,0.0,100.0,0,0,100.0,REGEN,0.0
1148,38.2563,2320.464,268.068,0.0,100.0,0,0,100.0,REGEN,0.0
1149,38.2897,2322.938,266.465,0.0,100.0,0,0,100.0,REGEN,0.0
1150,38.323,2325.397,264.786,0.0,100.0,0,0,100.0,REGEN,0.0
1151,38.3563,2327.839,263.03,0.0,100.0,0,0,100.0,REGEN,0.0
1152,38.3896,2330.266,261.208,0.0,100.0,0,0,100.0,REGEN,0.0
1153,38.423,2332.675,259.323,0.0,100.0,0,0,100.0,REGEN,0.0
1154,38.4563,2335.067,257.38,0.0,100.0,0,0,100.0,REGEN,0.0
1155,38.4896,2337.441,255.38,0.0,100.0,0,0,100.0,REGEN,0.0
1156,38.5229,2339.794,253.324,0.0,100.0,0,0,100.0,REGEN,0.0
1157,38.5563,2342.128,250.848,0.0,100.0,0,0,100.0,REGEN,0.0
1158,38.5896,2344.434,247.492,0.0,100.0,0,0,100.0,REGEN,0.0
1159,38.6229,2346.71,244.301,0.0,100.0,0,0,100.0,REGEN,0.0
1160,38.6562,2348.958,241.302,0.0,100.0,0,0,100.0,REGEN,0.0
1161,38.6896,2351.178,238.301,0.0,100.0,0,0,100.0,REGEN,0.0
1162,38.7229,2353.371,235.267,0.0,100.0,0,0,100.0,REGEN,0.0
1163,38.7562,2355.536,232.388,0.0,100.0,0,0,100.0,REGEN,0.0
1164,38.7895,2357.676,230.077,0.0,100.0,0,0,100.0,REGEN,0.0
1165,38.8229,2359.802,229.169,0.0,100.0,0,0,100.0,REGEN,0.0
1166,38.8562,2361.92,228.506,0.0,100.0,0,0,100.0,REGEN,0.0
1167,38.8895,2364.032,227.839,0.0,100.0,0,0,100.0,REGEN,0.0
1168,38.9228,2366.137,226.963,0.0,100.0,0,0,100.0,REGEN,0.0
1169,38.9562,2368.228,224.849,0.0,100.0,0,0,100.0,REGEN,0.0
1170,38.9895,2370.29,220.716,0.0,100.0,0,0,100.0,REGEN,0.0
1171,39.0228,2372.31,215.871,0.0,100.0,0,0,100.0,REGEN,0.0
1172,39.0561,2374.286,211.041,0.0,100.0,0,0,100.0,REGEN,0.0
1173,39.0895,2376.219,206.562,0.0,100.0,0,0,100.0,REGEN,0.0
1174,39.1228,2378.118,203.524,0.0,100.0,0,0,100.0,REGEN,0.0
1175,39.1561,2380.0,203.087,0.0,100.0,0,0,100.0,REGEN,0.0
1176,39.1894,2381.88,203.087,0.0,100.0,0,0,100.0,REGEN,0.0
1177,39.2228,2383.76,203.087,0.0,100.0,0,0,100.0,REGEN,0.0
1178,39.2561,2385.64,203.087,0.0,100.0,0,0,100.0,REGEN,0.0
1179,39.2894,2387.52,203.087,0.0,100.0,0,0,100.0,REGEN,0.0
1180,39.3227,2389.4,203.087,0.0,100.0,0,0,100.0,REGEN,0.0
1181,39.356,2391.28,203.087,0.0,100.0,0,0,100.0,REGEN,0.0
1182,39.3894,2393.159,203.018,0.0,100.0,0,0,100.0,REGEN,0.0
1183,39.4227,2395.028,200.913,0.0,100.0,0,0,100.0,REGEN,0.0
1184,39.456,2396.874,197.957,0.0,100.0,0,0,100.0,REGEN,0.0
1185,39.4893,2398.696,195.815,0.0,100.0,0,0,100.0,REGEN,0.0
1186,39.5227,2400.504,194.804,0.0,100.0,0,0,100.0,REGEN,0.0
1187,39.556,2402.305,194.322,0.0,100.0,0,0,100.0,REGEN,0.0
1188,39.5893,2404.1,193.481,0.0,100.0,0,0,100.0,REGEN,0.0
1189,39.6226,2405.884,191.742,100.0,100.0,0,0,100.0,REGEN,88.43
1190,39.656,2407.652,190.104,100.0,0.0,0,0,100.0,FULL,636.45
1191,39.6893,2409.41,189.647,100.0,0.0,0,0,100.0,FULL,636.45
1192,39.7226,2411.163,189.191,100.0,0.0,0,0,100.0,FULL,636.45
1193,39.7559,2412.912,188.736,100.0,0.0,0,0,100.0,FULL,636.45
1194,39.7893,2414.657,188.284,100.0,0.0,0,0,100.0,FULL,636.45
1195,39.8226,2416.399,187.994,100.0,0.0,0,0,100.0,FULL,636.45
1196,39.8559,2418.139,187.965,100.0,0.0,0,0,100.0,FULL,636.45
1197,39.8892,2419.879,188.044,100.0,0.0,0,0,100.0,FULL,636.45
1198,39.9226,2421.62,188.122,100.0,0.0,0,0,100.0,FULL,636.45
1199,39.9559,2423.362,188.201,100.0,0.0,0,0,100.0,FULL,636.45
1200,39.9892,2425.104,188.28,100.0,0.0,0,0,100.0,FULL,636.45
1201,40.0225,2426.848,188.359,100.0,0.0,0,0,100.0,FULL,636.45
1202,40.0559,2428.592,188.437,100.0,0.0,0,0,100.0,FULL,636.45
1203,40.0892,2430.336,188.516,100.0,0.0,0,0,100.0,FULL,636.45
1204,40.1225,2432.082,188.595,100.0,0.0,0,0,100.0,FULL,636.45
1205,40.1558,2433.828,188.674,100.0,0.0,0,0,100.0,FULL,636.45
1206,40.1892,2435.575,188.753,100.0,0.0,0,0,100.0,FULL,636.45
1207,40.2225,2437.322,188.832,100.0,0.0,0,0,100.0,FULL,636.45
1208,40.2558,2439.071,188.911,100.0,0.0,0,0,100.0,FULL,636.45
1209,40.2891,2440.82,188.99,100.0,0.0,0,0,100.0,FULL,636.45
1210,40.3225,2442.569,189.069,100.0,0.0,0,0,100.0,FULL,636.45
1211,40.3558,2444.32,189.148,100.0,0.0,0,0,100.0,FULL,636.45
1212,40.3891,2446.071,189.227,100.0,0.0,0,0,100.0,FULL,636.45
1213,40.4224,2447.823,189.307,100.0,0.0,0,0,100.0,FULL,636.45
1214,40.4558,2449.576,189.386,100.0,0.0,0,0,100.0,FULL,636.45
1215,40.4891,2451.329,189.465,100.0,0.0,0,0,100.0,FULL,636.45
1216,40.5224,2453.084,189.545,100.0,0.0,0,0,100.0,FULL,636.45
1217,40.5557,2454.839,189.624,100.0,0.0,0,0,100.0,FULL,636.45
1218,40.589,2456.595,189.795,100.0,0.0,0,0,100.0,FULL,636.45
1219,40.6224,2458.353,190.167,100.0,0.0,0,0,100.0,FULL,636.45
1220,40.6557,2460.115,190.619,100.0,0.0,0,0,100.0,FULL,636.45
1221,40.689,2461.882,191.113,100.0,0.0,0,0,100.0,FULL,636.45
1222,40.7223,2463.654,191.553,100.0,0.0,0,0,100.0,FULL,636.45
1223,40.7557,2465.429,191.99,100.0,0.0,0,0,100.0,FULL,636.45
1224,40.789,2467.208,192.428,100.0,0.0,0,0,100.0,FULL,636.45
1225,40.8223,2468.992,192.867,100.0,0.0,0,0,100.0,FULL,636.45
1226,40.8556,2470.779,193.307,100.0,0.0,0,0,100.0,FULL,636.45
1227,40.889,2472.57,193.749,100.0,0.0,0,0,100.0,FULL,636.45
1228,40.9223,2474.366,194.191,100.0,0.0,0,0,100.0,FULL,636.45
1229,40.9556,2476.165,194.634,100.0,0.0,0,0,100.0,FULL,585.25
1230,40.9889,2477.969,195.078,100.0,0.0,0,0,100.0,FULL,10.36
1231,41.0223,2479.777,195.523,0.0,100.0,0,0,100.0,REGEN,0.0
1232,41.0556,2481.589,195.97,0.0,100.0,0,0,100.0,REGEN,0.0
1233,41.0889,2483.405,196.417,0.0,100.0,0,0,100.0,REGEN,0.0
1234,41.1222,2485.225,196.865,0.0,100.0,0,0,100.0,REGEN,0.0
1235,41.1556,2487.05,197.313,0.0,100.0,0,0,100.0,REGEN,0.0
1236,41.1889,2488.878,197.761,0.0,100.0,0,0,100.0,REGEN,0.0
1237,41.2222,2490.711,198.21,0.0,100.0,0,0,100.0,REGEN,0.0
1238,41.2555,2492.548,198.66,100.0,100.0,0,0,100.0,REGEN,169.56
1239,41.2889,2494.389,199.23,100.0,0.0,0,0,100.0,FULL,636.45
1240,41.3222,2496.238,200.305,100.0,0.0,0,0,100.0,FULL,636.45
1241,41.3555,2498.097,201.5,100.0,0.0,0,0,100.0,FULL,636.45
1242,41.3888,2499.969,202.756,100.0,0.0,0,0,100.0,FULL,636.45
1243,41.4222,2501.852,204.048,100.0,0.0,0,0,100.0,FULL,636.45
1244,41.4555,2503.747,205.353,100.0,0.0,0,0,100.0,FULL,636.45
1245,41.4888,2505.654,206.642,100.0,0.0,0,0,100.0,FULL,636.45
1246,41.5221,2507.573,207.89,100.0,0.0,0,0,100.0,FULL,636.45
1247,41.5555,2509.503,209.017,100.0,0.0,0,0,100.0,FULL,636.45
1248,41.5888,2511.442,209.956,100.0,0.0,0,0,100.0,FULL,636.45
1249,41.6221,2513.389,210.756,100.0,0.0,0,0,100.0,FULL,636.45
1250,41.6554,2515.343,211.498,100.0,0.0,0,0,100.0,FULL,636.45
1251,41.6888,2517.305,212.262,100.0,0.0,0,0,100.0,FULL,636.45
1252,41.7221,2519.274,213.126,100.0,0.0,0,0,100.0,FULL,636.45
1253,41.7554,2521.251,214.139,100.0,0.0,0,0,100.0,FULL,636.45
1254,41.7887,2523.238,215.265,100.0,0.0,0,0,100.0,FULL,636.45
1255,41.8221,2525.236,216.419,100.0,0.0,0,0,100.0,FULL,636.45
1256,41.8554,2527.245,217.557,100.0,0.0,0,0,100.0,FULL,636.45
1257,41.8887,2529.264,218.68,100.0,0.0,0,0,100.0,FULL,636.45
1258,41.922,2531.293,219.787,100.0,0.0,0,0,100.0,FULL,636.45
1259,41.9553,2533.333,220.826,100.0,0.0,0,0,100.0,FULL,636.45
1260,41.9887,2535.381,221.781,100.0,0.0,0,0,100.0,FULL,636.45
1261,42.022,2537.439,222.719,100.0,0.0,0,0,100.0,FULL,636.45
1262,42.0553,2539.505,223.658,100.0,0.0,0,0,100.0,FULL,636.45
1263,42.0886,2541.579,224.597,100.0,0.0,0,0,100.0,FULL,636.45
1264,42.122,2543.663,225.535,100.0,0.0,0,0,100.0,FULL,636.45
1265,42.1553,2545.755,226.471,100.0,0.0,0,0,100.0,FULL,636.45
1266,42.1886,2547.855,227.404,100.0,0.0,0,0,100.0,FULL,636.45
1267,42.2219,2549.965,228.333,100.0,0.0,0,0,100.0,FULL,636.45
1268,42.2553,2552.082,229.257,100.0,0.0,0,0,100.0,FULL,636.45
1269,42.2886,2554.209,230.177,100.0,0.0,0,0,100.0,FULL,636.45
1270,42.3219,2556.343,231.091,100.0,0.0,0,0,100.0,FULL,636.45
1271,42.3552,2558.486,231.998,100.0,0.0,0,0,100.0,FULL,636.45
1272,42.3886,2560.638,232.899,100.0,0.0,0,0,100.0,FULL,636.45
1273,42.4219,2562.799,233.792,100.0,0.0,0,0,100.0,FULL,636.45
1274,42.4552,2564.967,234.677,100.0,0.0,0,0,100.0,FULL,636.45
1275,42.4885,2567.144,235.554,100.0,0.0,0,0,100.0,FULL,636.45
1276,42.5219,2569.328,236.423,100.0,0.0,0,0,100.0,FULL,636.45
1277,42.5552,2571.521,237.284,100.0,0.0,0,0,100.0,FULL,636.45
1278,42.5885,2573.721,238.136,100.0,0.0,0,0,100.0,FULL,636.45
1279,42.6218,2575.929,238.979,100.0,0.0,0,0,100.0,FULL,636.45
1280,42.6552,2578.145,239.813,100.0,0.0,0,0,100.0,FULL,636.45
1281,42.6885,2580.369,240.638,100.0,0.0,0,0,100.0,FULL,636.45
1282,42.7218,2582.6,241.454,100.0,0.0,0,0,100.0,FULL,636.45
1283,42.7551,2584.839,242.26,100.0,0.0,0,0,100.0,FULL,636.45
1284,42.7885,2587.085,243.057,100.0,0.0,0,0,100.0,FULL,636.45
1285,42.8218,2589.339,243.844,100.0,0.0,0,0,100.0,FULL,636.45
1286,42.8551,2591.6,244.623,100.0,0.0,0,0,100.0,FULL,636.45
1287,42.8884,2593.868,245.392,100.0,0.0,0,0,100.0,FULL,636.45
1288,42.9218,2596.143,246.152,100.0,0.0,0,0,100.0,FULL,636.45
1289,42.9551,2598.424,246.904,100.0,0.0,0,0,100.0,FULL,636.45
1290,42.9884,2600.713,247.646,100.0,0.0,0,0,100.0,FULL,636.45
1291,43.0217,2603.009,248.378,100.0,0.0,0,0,100.0,FULL,636.45
1292,43.0551,2605.312,249.102,100.0,0.0,0,0,100.0,FULL,636.45
1293,43.0884,2607.621,249.817,100.0,0.0,0,0,100.0,FULL,636.45
1294,43.1217,2609.937,250.524,100.0,0.0,0,0,100.0,FULL,636.45
1295,43.155,2612.259,251.222,100.0,0.0,0,0,100.0,FULL,636.45
1296,43.1883,2614.587,251.912,100.0,0.0,0,0,100.0,FULL,636.45
1297,43.2217,2616.923,252.593,100.0,0.0,0,0,100.0,FULL,636.45
1298,43.255,2619.264,253.265,100.0,0.0,0,0,100.0,FULL,636.45
1299,43.2883,2621.612,253.93,100.0,0.0,0,0,100.0,FULL,636.45
1300,43.3216,2623.965,254.586,100.0,0.0,0,0,100.0,FULL,636.45
1301,43.355,2626.325,255.235,100.0,0.0,0,0,100.0,FULL,636.45
1302,43.3883,2628.69,255.875,100.0,0.0,0,0,100.0,FULL,636.45
1303,43.4216,2631.062,256.508,100.0,0.0,0,0,100.0,FULL,636.45
1304,43.4549,2633.44,257.132,100.0,0.0,0,0,100.0,FULL,636.45
1305,43.4883,2635.823,257.75,100.0,0.0,0,0,100.0,FULL,636.45
1306,43.5216,2638.211,258.36,100.0,0.0,0,0,100.0,FULL,636.45
1307,43.5549,2640.605,258.963,100.0,0.0,0,0,100.0,FULL,636.45
1308,43.5882,2643.005,259.557,100.0,0.0,0,0,100.0,FULL,636.45
1309,43.6216,2645.411,260.145,100.0,0.0,0,0,100.0,FULL,636.45
1310,43.6549,2647.822,260.726,100.0,0.0,0,0,100.0,FULL,636.45
1311,43.6882,2650.238,261.3,100.0,0.0,0,0,100.0,FULL,636.45
1312,43.7215,2652.659,261.867,100.0,0.0,0,0,100.0,FULL,636.45
1313,43.7549,2655.086,262.426,100.0,0.0,0,0,100.0,FULL,636.45
1314,43.7882,2657.518,262.979,100.0,0.0,0,0,100.0,FULL,636.45
1315,43.8215,2659.955,263.526,100.0,0.0,0,0,100.0,FULL,636.45
1316,43.8548,2662.396,264.066,100.0,0.0,0,0,100.0,FULL,636.45
1317,43.8882,2664.843,264.599,100.0,0.0,0,0,100.0,FULL,636.45
1318,43.9215,2667.295,265.126,100.0,0.0,0,0,100.0,FULL,636.45
1319,43.9548,2669.752,265.646,100.0,0.0,0,0,100.0,FULL,636.45
1320,43.9881,2672.213,266.161,100.0,0.0,0,0,100.0,FULL,636.45
1321,44.0215,2674.679,266.669,100.0,0.0,0,0,100.0,FULL,636.45
1322,44.0548,2677.15,267.171,100.0,0.0,0,0,100.0,FULL,636.45
1323,44.0881,2679.626,267.667,100.0,0.0,0,0,100.0,FULL,636.45
1324,44.1214,2682.105,268.157,100.0,0.0,0,0,100.0,FULL,636.45
1325,44.1548,2684.59,268.642,100.0,0.0,0,0,100.0,FULL,636.45
1326,44.1881,2687.079,269.12,100.0,0.0,0,0,100.0,FULL,636.45
1327,44.2214,2689.572,269.592,100.0,0.0,0,0,100.0,FULL,636.45
1328,44.2547,2692.07,270.059,100.0,0.0,0,0,100.0,FULL,636.45
1329,44.2881,2694.572,270.521,100.0,0.0,0,0,100.0,FULL,636.45
1330,44.3214,2697.078,270.977,100.0,0.0,0,0,100.0,FULL,636.45
1331,44.3547,2699.589,271.427,100.0,0.0,0,0,100.0,FULL,636.45
1332,44.388,2702.103,271.872,100.0,0.0,0,0,100.0,FULL,636.45
1333,44.4213,2704.622,272.312,100.0,0.0,0,0,100.0,FULL,636.45
1334,44.4547,2707.145,272.746,100.0,0.0,0,0,100.0,FULL,636.45
1335,44.488,2709.672,273.175,100.0,0.0,0,0,100.0,FULL,636.45
1336,44.5213,2712.202,273.6,100.0,0.0,0,0,100.0,FULL,636.45
1337,44.5546,2714.737,274.019,100.0,0.0,0,0,100.0,FULL,636.45
1338,44.588,2717.275,274.433,100.0,0.0,0,0,100.0,FULL,636.45
1339,44.6213,2719.817,274.842,100.0,0.0,0,0,100.0,FULL,636.45
1340,44.6546,2722.363,275.246,100.0,0.0,0,0,100.0,FULL,636.45
1341,44.6879,2724.913,275.646,100.0,0.0,0,0,100.0,FULL,636.45
1342,44.7213,2727.467,276.04,100.0,0.0,0,0,100.0,FULL,636.45
1343,44.7546,2730.024,276.43,100.0,0.0,0,0,100.0,FULL,636.45
1344,44.7879,2732.584,276.815,100.0,0.0,0,0,100.0,FULL,636.45
1345,44.8212,2735.148,277.195,100.0,0.0,0,0,100.0,FULL,636.45
1346,44.8546,2737.716,277.57,100.0,0.0,0,0,100.0,FULL,636.45
1347,44.8879,2740.287,277.941,100.0,0.0,0,0,100.0,FULL,636.45
1348,44.9212,2742.862,278.307,100.0,0.0,0,0,100.0,FULL,636.45
1349,44.9545,2745.44,278.667,100.0,0.0,0,0,100.0,FULL,636.45
1350,44.9879,2748.021,279.023,100.0,0.0,0,0,100.0,FULL,636.45
1351,45.0212,2750.605,279.374,100.0,0.0,0,0,100.0,FULL,636.45
1352,45.0545,2753.193,279.719,100.0,0.0,0,0,100.0,FULL,636.45
1353,45.0878,2755.784,280.058,100.0,0.0,0,0,100.0,FULL,636.45
1354,45.1212,2758.378,280.392,100.0,0.0,0,0,100.0,FULL,636.45
1355,45.1545,2760.975,280.719,100.0,0.0,0,0,100.0,FULL,636.45
1356,45.1878,2763.575,281.039,100.0,0.0,0,0,100.0,FULL,636.45
1357,45.2211,2766.178,281.351,100.0,0.0,0,0,100.0,FULL,636.45
1358,45.2545,2768.784,281.656,100.0,0.0,0,0,100.0,FULL,636.45
1359,45.2878,2771.392,281.951,100.0,0.0,0,0,100.0,FULL,636.45
1360,45.3211,2774.004,282.235,100.0,0.0,0,0,100.0,FULL,636.45
1361,45.3544,2776.617,282.509,100.0,0.0,0,0,100.0,FULL,636.45
1362,45.3878,2779.234,282.769,100.0,0.0,0,0,100.0,FULL,636.45
1363,45.4211,2781.852,283.014,100.0,0.0,0,0,100.0,FULL,636.45
1364,45.4544,2784.473,283.244,100.0,0.0,0,0,100.0,FULL,636.45
1365,45.4877,2787.096,283.452,100.0,0.0,0,0,100.0,FULL,636.45
1366,45.5211,2789.721,283.64,100.0,0.0,0,0,100.0,FULL,636.45
1367,45.5544,2792.347,283.804,100.0,0.0,0,0,100.0,FULL,636.45
1368,45.5877,2794.975,283.939,100.0,0.0,0,0,100.0,FULL,636.45
1369,45.621,2797.604,284.042,100.0,0.0,0,0,100.0,FULL,636.45
1370,45.6543,2800.233,284.111,100.0,0.0,0,0,100.0,FULL,636.45
1371,45.6877,2802.864,284.14,100.0,0.0,0,0,100.0,FULL,636.45
1372,45.721,2805.494,284.122,100.0,0.0,0,0,100.0,FULL,636.45
1373,45.7543,2808.123,284.057,100.0,0.0,0,0,100.0,FULL,636.45
1374,45.7876,2810.752,283.939,100.0,0.0,0,0,100.0,FULL,636.45
1375,45.821,2813.38,283.755,100.0,0.0,0,0,100.0,FULL,636.45
1376,45.8543,2816.005,283.509,100.0,0.0,0,0,100.0,FULL,636.45
1377,45.8876,2818.628,283.194,100.0,0.0,0,0,100.0,FULL,636.45
1378,45.9209,2821.248,282.793,100.0,0.0,0,0,100.0,FULL,636.45
1379,45.9543,2823.863,282.313,100.0,0.0,0,0,100.0,FULL,636.45
1380,45.9876,2826.474,281.748,100.0,0.0,0,0,100.0,FULL,636.45
1381,46.0209,2829.079,281.08,100.0,0.0,0,0,100.0,FULL,636.45
1382,46.0542,2831.677,280.314,100.0,0.0,0,0,100.0,FULL,636.45
1383,46.0876,2834.269,279.449,100.0,0.0,0,0,100.0,FULL,636.45
1384,46.1209,2836.851,278.473,100.0,0.0,0,0,100.0,FULL,636.45
1385,46.1542,2839.423,277.378,100.0,0.0,0,0,100.0,FULL,636.45
1386,46.1875,2841.985,276.175,100.0,0.0,0,0,100.0,FULL,636.45
1387,46.2209,2844.536,274.86,100.0,0.0,0,0,100.0,FULL,636.45
1388,46.2542,2847.074,273.417,100.0,0.0,0,0,100.0,FULL,636.45
1389,46.2875,2849.597,271.857,100.0,0.0,0,0,100.0,FULL,636.45
1390,46.3208,2852.106,270.186,100.0,0.0,0,0,100.0,FULL,636.45
1391,46.3542,2854.6,268.405,100.0,0.0,0,0,100.0,FULL,636.45
1392,46.3875,2857.075,266.501,100.0,0.0,0,0,100.0,FULL,636.45
1393,46.4208,2859.532,264.49,100.0,0.0,0,0,100.0,FULL,636.45
1394,46.4541,2861.971,262.38,100.0,0.0,0,0,100.0,FULL,636.45
1395,46.4875,2864.39,260.175,100.0,0.0,0,0,100.0,FULL,88.13
1396,46.5208,2866.788,257.858,0.0,100.0,0,0,100.0,REGEN,0.0
1397,46.5541,2869.163,255.395,0.0,100.0,0,0,100.0,REGEN,0.0
1398,46.5874,2871.514,252.793,0.0,100.0,0,0,100.0,REGEN,0.0
1399,46.6208,2873.842,250.055,0.0,100.0,0,0,100.0,REGEN,0.0
1400,46.6541,2876.143,247.184,0.0,100.0,0,0,100.0,REGEN,0.0
1401,46.6874,2878.419,244.183,0.0,100.0,0,0,100.0,REGEN,0.0
1402,46.7207,2880.666,241.057,0.0,100.0,0,0,100.0,REGEN,0.0
1403,46.7541,2882.881,237.804,0.0,100.0,0,0,100.0,REGEN,0.0
1404,46.7874,2885.066,234.439,0.0,100.0,0,0,100.0,REGEN,0.0
1405,46.8207,2887.219,230.975,0.0,100.0,0,0,100.0,REGEN,0.0
1406,46.854,2889.34,227.421,0.0,100.0,0,0,100.0,REGEN,0.0
1407,46.8874,2891.427,223.417,0.0,100.0,0,0,100.0,REGEN,0.0
1408,46.9207,2893.472,218.596,0.0,100.0,0,0,100.0,REGEN,0.0
1409,46.954,2895.473,213.673,0.0,100.0,0,0,100.0,REGEN,0.0
1410,46.9873,2897.428,208.875,0.0,100.0,0,0,100.0,REGEN,0.0
1411,47.0206,2899.34,204.197,0.0,100.0,0,0,100.0,REGEN,0.0
1412,47.054,2901.21,199.635,0.0,100.0,0,0,100.0,REGEN,0.0
1413,47.0873,2903.038,195.185,0.0,100.0,0,0,100.0,REGEN,0.0
1414,47.1206,2904.827,190.846,0.0,100.0,0,0,100.0,REGEN,0.0
1415,47.1539,2906.574,186.627,0.0,100.0,0,0,100.0,REGEN,0.0
1416,47.1873,2908.28,182.531,0.0,100.0,0,0,100.0,REGEN,0.0
1417,47.2206,2909.949,178.52,0.0,100.0,0,0,100.0,REGEN,0.0
1418,47.2539,2911.583,174.616,0.0,100.0,0,0,100.0,REGEN,0.0
1419,47.2872,2913.183,170.828,0.0,100.0,0,0,100.0,REGEN,0.0
1420,47.3206,2914.752,167.151,0.0,100.0,0,0,100.0,REGEN,0.0
1421,47.3539,2916.278,163.616,0.0,100.0,0,0,100.0,REGEN,0.0
1422,47.3872,2917.774,160.173,0.0,100.0,0,0,100.0,REGEN,0.0
1423,47.4205,2919.244,156.816,0.0,100.0,0,0,100.0,REGEN,0.0
1424,47.4539,2920.683,153.553,0.0,100.0,0,0,100.0,REGEN,0.0
1425,47.4872,2922.085,150.431,0.0,100.0,0,0,100.0,REGEN,0.0
1426,47.5205,2923.464,147.411,0.0,100.0,0,0,100.0,REGEN,0.0
1427,47.5538,2924.821,144.498,0.0,100.0,0,0,100.0,REGEN,0.0
1428,47.5872,2926.139,141.758,0.0,100.0,0,0,100.0,REGEN,0.0
1429,47.6205,2927.44,139.093,0.0,100.0,0,0,100.0,REGEN,0.0
1430,47.6538,2928.719,136.526,0.0,100.0,0,0,100.0,REGEN,0.0
1431,47.6871,2929.968,134.317,0.0,100.0,0,0,100.0,REGEN,0.0
1432,47.7205,2931.206,132.2,0.0,100.0,0,0,100.0,REGEN,0.0
1433,47.7538,2932.417,130.16,0.0,100.0,0,0,100.0,REGEN,0.0
1434,47.7871,2933.612,128.112,0.0,100.0,0,0,100.0,REGEN,0.0
1435,47.8204,2934.791,126.054,0.0,100.0,0,0,100.0,REGEN,0.0
1436,47.8538,2935.945,124.104,0.0,100.0,0,0,100.0,REGEN,0.0
1437,47.8871,2937.091,122.192,0.0,100.0,0,0,100.0,REGEN,0.0
1438,47.9204,2938.208,120.419,0.0,100.0,0,0,100.0,REGEN,0.0
1439,47.9537,2939.32,118.668,0.0,100.0,0,0,100.0,REGEN,0.0
1440,47.9871,2940.406,117.047,0.0,100.0,0,0,100.0,REGEN,0.0
1441,48.0204,2941.486,115.457,0.0,100.0,0,0,100.0,REGEN,0.0
1442,48.0537,2942.544,113.994,0.0,100.0,0,0,100.0,REGEN,0.0
1443,48.087,2943.597,112.573,0.0,100.0,0,0,100.0,REGEN,0.0
1444,48.1204,2944.63,111.291,0.0,100.0,0,0,100.0,REGEN,0.0
1445,48.1537,2945.658,110.061,0.0,100.0,0,0,100.0,REGEN,0.0
1446,48.187,2946.669,109.017,0.0,100.0,0,0,100.0,REGEN,0.0
1447,48.2203,2947.677,108.007,0.0,100.0,0,0,100.0,REGEN,0.0
1448,48.2536,2948.67,107.182,0.0,100.0,0,0,100.0,REGEN,0.0
1449,48.287,2949.662,106.35,0.0,100.0,0,0,100.0,REGEN,0.0
1450,48.3203,2950.637,105.402,0.0,100.0,0,0,100.0,REGEN,0.0
1451,48.3536,2951.613,104.455,0.0,100.0,0,0,100.0,REGEN,0.0
1452,48.3869,2952.568,103.238,0.0,100.0,0,0,100.0,REGEN,0.0
1453,48.4203,2953.522,101.992,0.0,100.0,0,0,100.0,REGEN,0.0
1454,48.4536,2954.455,100.581,0.0,100.0,0,0,100.0,REGEN,0.0
1455,48.4869,2955.381,99.103,0.0,100.0,0,0,100.0,REGEN,0.0
1456,48.5202,2956.291,97.578,0.0,100.0,0,0,100.0,REGEN,0.0
1457,48.5536,2957.184,95.998,0.0,100.0,0,0,100.0,REGEN,0.0
1458,48.5869,2958.072,94.425,0.0,100.0,0,0,100.0,REGEN,0.0
1459,48.6202,2958.931,92.894,0.0,100.0,0,0,100.0,REGEN,0.0
1460,48.6535,2959.79,91.363,0.0,100.0,0,0,100.0,REGEN,0.0
1461,48.6869,2960.626,90.006,0.0,100.0,0,0,100.0,REGEN,0.0
1462,48.7202,2961.452,88.717,0.0,100.0,0,0,100.0,REGEN,0.0
1463,48.7535,2962.275,87.534,100.0,100.0,0,0,100.0,REGEN,46.37
1464,48.7868,2963.077,86.798,100.0,100.0,0,0,100.0,REGEN,289.88
1465,48.8202,2963.88,86.062,100.0,100.0,0,0,100.0,REGEN,533.39
1466,48.8535,2964.677,85.697,100.0,0.0,0,0,100.0,FULL,636.45
1467,48.8868,2965.469,85.604,100.0,0.0,0,0,100.0,FULL,636.45
1468,48.9201,2966.262,85.511,100.0,0.0,0,0,100.0,FULL,636.45
1469,48.9535,2967.053,85.419,100.0,0.0,0,0,100.0,FULL,636.45
1470,48.9868,2967.843,85.326,100.0,0.0,0,0,100.0,FULL,636.45
1471,49.0201,2968.633,85.233,100.0,0.0,0,0,100.0,FULL,636.45
1472,49.0534,2969.421,85.141,100.0,0.0,0,0,100.0,FULL,636.45
1473,49.0868,2970.209,85.049,100.0,0.0,0,0,100.0,FULL,636.45
1474,49.1201,2970.996,84.957,100.0,0.0,0,0,100.0,FULL,636.45
1475,49.1534,2971.781,84.865,100.0,0.0,0,0,100.0,FULL,636.45
1476,49.1867,2972.567,84.773,100.0,0.0,0,0,100.0,FULL,636.45
1477,49.2201,2973.356,85.144,100.0,0.0,0,0,100.0,FULL,636.45
1478,49.2534,2974.146,85.528,100.0,0.0,0,0,100.0,FULL,636.45
1479,49.2867,2974.938,85.914,100.0,0.0,0,0,100.0,FULL,636.45
1480,49.32,2975.737,86.305,100.0,0.0,0,0,100.0,FULL,636.45
1481,49.3534,2976.536,86.695,100.0,0.0,0,0,100.0,FULL,636.45
1482,49.3867,2977.342,87.09,100.0,0.0,0,0,100.0,FULL,636.45
1483,49.42,2978.15,87.487,100.0,0.0,0,0,100.0,FULL,636.45
1484,49.4533,2978.96,87.886,100.0,0.0,0,0,100.0,FULL,636.45
1485,49.4866,2979.777,88.29,100.0,0.0,0,0,100.0,FULL,636.45
1486,49.52,2980.595,88.694,100.0,0.0,0,0,100.0,FULL,636.45
1487,49.5533,2981.419,89.103,100.0,0.0,0,0,100.0,FULL,636.45
1488,49.5866,2982.245,89.515,100.0,0.0,0,0,100.0,FULL,636.45
1489,49.6199,2983.075,89.927,100.0,0.0,0,0,100.0,FULL,636.45
1490,49.6533,2983.911,90.345,100.0,0.0,0,0,100.0,FULL,636.45
1491,49.6866,2984.747,90.763,100.0,0.0,0,0,100.0,FULL,636.45
1492,49.7199,2985.591,91.185,100.0,0.0,0,0,100.0,FULL,636.45
1493,49.7532,2986.436,91.608,100.0,0.0,0,0,100.0,FULL,636.45
1494,49.7866,2987.286,92.034,100.0,0.0,0,0,100.0,FULL,636.45
1495,49.8199,2988.141,92.462,100.0,0.0,0,0,100.0,FULL,636.45
1496,49.8532,2988.996,92.866,100.0,0.0,0,0,100.0,FULL,636.45
1497,49.8865,2989.858,93.116,100.0,0.0,0,0,100.0,FULL,636.45
1498,49.9199,2990.72,93.366,100.0,0.0,0,0,100.0,FULL,636.45
1499,49.9532,2991.59,93.878,100.0,0.0,0,0,100.0,FULL,636.45
1500,49.9865,2992.461,94.458,100.0,0.0,0,0,100.0,FULL,636.45
1501,50.0198,2993.338,95.107,100.0,0.0,0,0,100.0,FULL,636.45
1502,50.0532,2994.223,95.831,100.0,0.0,0,0,100.0,FULL,636.45
1503,50.0865,2995.111,96.567,100.0,0.0,0,0,100.0,FULL,636.45
1504,50.1198,2996.011,97.35,100.0,0.0,0,0,100.0,FULL,636.45
1505,50.1531,2996.912,98.133,100.0,0.0,0,0,100.0,FULL,636.45
1506,50.1865,2997.829,98.968,100.0,0.0,0,0,100.0,FULL,636.45
1507,50.2198,2998.746,99.804,100.0,0.0,0,0,100.0,FULL,636.45
1508,50.2531,2999.676,100.696,100.0,0.0,0,0,100.0,FULL,636.45
1509,50.2864,3000.611,101.603,100.0,0.0,0,0,100.0,FULL,636.45
1510,50.3198,3001.557,102.559,100.0,0.0,0,0,100.0,FULL,636.45
1511,50.3531,3002.51,103.542,100.0,0.0,0,0,100.0,FULL,636.45
1512,50.3864,3003.474,104.559,100.0,0.0,0,0,100.0,FULL,636.45
1513,50.4197,3004.447,105.603,100.0,0.0,0,0,100.0,FULL,636.45
1514,50.4531,3005.429,106.662,100.0,0.0,0,0,100.0,FULL,636.45
1515,50.4864,3006.421,107.738,100.0,0.0,0,0,100.0,FULL,636.45
1516,50.5197,3007.423,108.82,100.0,0.0,0,0,100.0,FULL,636.45
1517,50.553,3008.436,109.908,100.0,0.0,0,0,100.0,FULL,636.45
1518,50.5864,3009.458,111.005,100.0,0.0,0,0,100.0,FULL,636.45
1519,50.6197,3010.491,112.113,100.0,0.0,0,0,100.0,FULL,636.45
1520,50.653,3011.534,113.228,100.0,0.0,0,0,100.0,FULL,636.45
1521,50.6863,3012.586,114.351,100.0,0.0,0,0,100.0,FULL,636.45
1522,50.7196,3013.651,115.452,100.0,0.0,0,0,100.0,FULL,636.45
1523,50.753,3014.723,116.541,100.0,0.0,0,0,100.0,FULL,636.45
1524,50.7863,3015.812,117.986,100.0,0.0,0,0,100.0,FULL,636.45
1525,50.8196,3016.906,119.535,100.0,0.0,0,0,100.0,FULL,636.45
1526,50.8529,3018.025,121.104,100.0,0.0,0,0,100.0,FULL,636.45
1527,50.8863,3019.149,122.676,100.0,0.0,0,0,100.0,FULL,636.45
1528,50.9196,3020.295,124.25,100.0,0.0,0,0,100.0,FULL,636.45
1529,50.9529,3021.452,125.826,100.0,0.0,0,0,100.0,FULL,636.45
1530,50.9862,3022.623,127.404,100.0,0.0,0,0,100.0,FULL,636.45
1531,51.0196,3023.812,129.001,100.0,0.0,0,0,100.0,FULL,636.45
1532,51.0529,3025.008,130.606,100.0,0.0,0,0,100.0,FULL,636.45
1533,51.0862,3026.229,132.217,100.0,0.0,0,0,100.0,FULL,636.45
1534,51.1195,3027.46,133.837,100.0,0.0,0,0,100.0,FULL,636.45
1535,51.1529,3028.705,135.47,100.0,0.0,0,0,100.0,FULL,636.45
1536,51.1862,3029.969,137.12,100.0,0.0,0,0,100.0,FULL,636.45
1537,51.2195,3031.243,138.779,100.0,0.0,0,0,100.0,FULL,636.45
1538,51.2528,3032.537,140.452,100.0,0.0,0,0,100.0,FULL,636.45
1539,51.2862,3033.846,142.137,100.0,0.0,0,0,100.0,FULL,636.45
1540,51.3195,3035.166,143.828,100.0,0.0,0,0,100.0,FULL,636.45
1541,51.3528,3036.507,145.531,100.0,0.0,0,0,100.0,FULL,636.45
1542,51.3861,3037.863,147.24,100.0,0.0,0,0,100.0,FULL,636.45
1543,51.4195,3039.232,148.948,100.0,0.0,0,0,100.0,FULL,636.45
1544,51.4528,3040.619,150.63,100.0,0.0,0,0,100.0,FULL,636.45
1545,51.4861,3042.022,152.226,100.0,0.0,0,0,100.0,FULL,636.45
1546,51.5194,3043.437,153.789,100.0,0.0,0,0,100.0,FULL,636.45
1547,51.5528,3044.866,155.347,100.0,0.0,0,0,100.0,FULL,636.45
1548,51.5861,3046.314,156.897,100.0,0.0,0,0,100.0,FULL,636.45
1549,51.6194,3047.773,158.438,100.0,0.0,0,0,100.0,FULL,636.45
1550,51.6527,3049.246,159.971,100.0,0.0,0,0,100.0,FULL,636.45
1551,51.6861,3050.733,161.492,100.0,0.0,0,0,100.0,FULL,636.45
1552,51.7194,3052.237,163.0,100.0,0.0,0,0,100.0,FULL,636.45
1553,51.7527,3053.752,164.495,100.0,0.0,0,0,100.0,FULL,636.45
1554,51.786,3055.281,165.977,100.0,0.0,0,0,100.0,FULL,636.45
1555,51.8194,3056.823,167.444,100.0,0.0,0,0,100.0,FULL,636.45
1556,51.8527,3058.381,168.893,100.0,0.0,0,0,100.0,FULL,636.45
1557,51.886,3059.952,170.326,100.0,0.0,0,0,100.0,FULL,636.45
1558,51.9193,3061.534,171.744,100.0,0.0,0,0,100.0,FULL,636.45
1559,51.9527,3063.129,173.146,100.0,0.0,0,0,100.0,FULL,636.45
1560,51.986,3064.739,174.528,100.0,0.0,0,0,100.0,FULL,636.45
1561,52.0193,3066.362,175.892,100.0,0.0,0,0,100.0,FULL,636.45
1562,52.0526,3067.996,177.239,100.0,0.0,0,0,100.0,FULL,636.45
1563,52.0859,3069.643,178.568,100.0,0.0,0,0,100.0,FULL,636.45
1564,52.1193,3071.301,179.882,100.0,0.0,0,0,100.0,FULL,636.45
1565,52.1526,3072.971,181.178,100.0,0.0,0,0,100.0,FULL,636.45
1566,52.1859,3074.655,182.456,100.0,0.0,0,0,100.0,FULL,636.45
1567,52.2192,3076.351,183.716,100.0,0.0,0,0,100.0,FULL,636.45
1568,52.2526,3078.057,184.957,100.0,0.0,0,0,100.0,FULL,636.45
1569,52.2859,3079.775,186.18,100.0,0.0,0,0,100.0,FULL,636.45
1570,52.3192,3081.504,187.385,100.0,0.0,0,0,100.0,FULL,636.45
1571,52.3525,3083.243,188.575,100.0,0.0,0,0,100.0,FULL,636.45
1572,52.3859,3084.994,189.752,100.0,0.0,0,0,100.0,FULL,636.45
1573,52.4192,3086.756,190.916,100.0,0.0,0,0,100.0,FULL,636.45
1574,52.4525,3088.529,192.064,100.0,0.0,0,0,100.0,FULL,636.45
1575,52.4858,3090.312,193.196,100.0,0.0,0,0,100.0,FULL,636.45
1576,52.5192,3092.106,194.312,100.0,0.0,0,0,100.0,FULL,636.45
1577,52.5525,3093.91,195.414,100.0,0.0,0,0,100.0,FULL,636.45
1578,52.5858,3095.724,196.504,100.0,0.0,0,0,100.0,FULL,636.45
1579,52.6191,3097.548,197.581,100.0,0.0,0,0,100.0,FULL,636.45
1580,52.6525,3099.381,198.649,100.0,0.0,0,0,100.0,FULL,636.45
1581,52.6858,3101.225,199.705,100.0,0.0,0,0,100.0,FULL,636.45
1582,52.7191,3103.078,200.752,100.0,0.0,0,0,100.0,FULL,636.45
1583,52.7524,3104.941,201.79,100.0,0.0,0,0,100.0,FULL,636.45
1584,52.7858,3106.813,202.818,100.0,0.0,0,0,100.0,FULL,636.45
1585,52.8191,3108.696,203.838,100.0,0.0,0,0,100.0,FULL,636.45
1586,52.8524,3110.587,204.851,100.0,0.0,0,0,100.0,FULL,636.45
1587,52.8857,3112.488,205.857,100.0,0.0,0,0,100.0,FULL,636.45
1588,52.9191,3114.399,206.856,100.0,0.0,0,0,100.0,FULL,636.45
1589,52.9524,3116.318,207.85,100.0,0.0,0,0,100.0,FULL,636.45
1590,52.9857,3118.247,208.838,100.0,0.0,0,0,100.0,FULL,636.45
1591,53.019,3120.185,209.821,100.0,0.0,0,0,100.0,FULL,636.45
1592,53.0524,3122.132,210.798,100.0,0.0,0,0,100.0,FULL,636.45
1593,53.0857,3124.087,211.772,100.0,0.0,0,0,100.0,FULL,636.45
1594,53.119,3126.052,212.741,100.0,0.0,0,0,100.0,FULL,636.45
1595,53.1523,3128.026,213.707,100.0,0.0,0,0,100.0,FULL,636.45
1596,53.1857,3130.009,214.669,100.0,0.0,0,0,100.0,FULL,636.45
1597,53.219,3132.0,215.627,100.0,0.0,0,0,100.0,FULL,636.45
1598,53.2523,3134.001,216.582,100.0,0.0,0,0,100.0,FULL,636.45
1599,53.2856,3136.01,217.533,100.0,0.0,0,0,100.0,FULL,636.45
1600,53.3189,3138.028,218.387,100.0,0.0,0,0,100.0,FULL,636.45
1601,53.3523,3140.053,219.167,100.0,0.0,0,0,100.0,FULL,636.45
1602,53.3856,3142.085,220.036,100.0,0.0,0,0,100.0,FULL,636.45
1603,53.4189,3144.127,221.066,100.0,0.0,0,0,100.0,FULL,636.45
1604,53.4522,3146.178,222.141,100.0,0.0,0,0,100.0,FULL,636.45
1605,53.4856,3148.239,223.143,100.0,0.0,0,0,100.0,FULL,636.45
1606,53.5189,3150.309,224.075,100.0,0.0,0,0,100.0,FULL,636.45
1607,53.5522,3152.387,224.986,100.0,0.0,0,0,100.0,FULL,636.45
1608,53.5855,3154.474,225.889,100.0,0.0,0,0,100.0,FULL,636.45
1609,53.6189,3156.569,226.782,100.0,0.0,0,0,100.0,FULL,636.45
1610,53.6522,3158.672,227.665,100.0,0.0,0,0,100.0,FULL,636.45
1611,53.6855,3160.784,228.536,100.0,0.0,0,0,100.0,FULL,636.45
1612,53.7188,3162.903,229.393,100.0,0.0,0,0,100.0,FULL,636.45
1613,53.7522,3165.031,230.234,100.0,0.0,0,0,100.0,FULL,636.45
1614,53.7855,3167.166,231.059,100.0,0.0,0,0,100.0,FULL,636.45
1615,53.8188,3169.309,231.864,100.0,0.0,0,0,100.0,FULL,636.45
1616,53.8521,3171.459,232.647,100.0,0.0,0,0,100.0,FULL,636.45
1617,53.8855,3173.616,233.406,100.0,0.0,0,0,100.0,FULL,636.45
1618,53.9188,3175.78,234.139,100.0,0.0,0,0,100.0,FULL,636.45
1619,53.9521,3177.95,234.842,100.0,0.0,0,0,100.0,FULL,636.45
1620,53.9854,3180.127,235.511,100.0,0.0,0,0,100.0,FULL,636.45
1621,54.0188,3182.31,236.145,100.0,0.0,0,0,100.0,FULL,636.45
1622,54.0521,3184.498,236.74,100.0,0.0,0,0,100.0,FULL,636.45
1623,54.0854,3186.692,237.289,100.0,0.0,0,0,100.0,FULL,636.45
1624,54.1187,3188.891,237.789,100.0,0.0,0,0,100.0,FULL,636.45
1625,54.1521,3191.095,238.238,100.0,0.0,0,0,100.0,FULL,636.45
1626,54.1854,3193.302,238.631,100.0,0.0,0,0,100.0,FULL,636.45
1627,54.2187,3195.513,238.966,100.0,0.0,0,0,100.0,FULL,636.45
1628,54.252,3197.726,239.238,100.0,0.0,0,0,100.0,FULL,636.45
1629,54.2854,3199.941,239.445,100.0,0.0,0,0,100.0,FULL,636.45
1630,54.3187,3202.158,239.581,100.0,0.0,0,0,100.0,FULL,636.45
1631,54.352,3204.377,239.644,100.0,0.0,0,0,100.0,FULL,636.45
1632,54.3853,3206.595,239.626,100.0,0.0,0,0,100.0,FULL,636.45
1633,54.4187,3208.812,239.526,100.0,0.0,0,0,100.0,FULL,636.45
1634,54.452,3211.029,239.345,100.0,0.0,0,0,100.0,FULL,636.45
1635,54.4853,3213.243,239.081,100.0,0.0,0,0,100.0,FULL,636.45
1636,54.5186,3215.455,238.732,100.0,0.0,0,0,100.0,FULL,636.45
1637,54.5519,3217.663,238.297,100.0,0.0,0,0,100.0,FULL,636.45
1638,54.5853,3219.866,237.777,100.0,0.0,0,0,100.0,FULL,636.45
1639,54.6186,3222.064,237.171,100.0,0.0,0,0,100.0,FULL,636.45
1640,54.6519,3224.257,236.48,100.0,0.0,0,0,100.0,FULL,39.33
1641,54.6852,3226.442,235.703,0.0,100.0,0,0,100.0,REGEN,0.0
1642,54.7186,3228.62,234.837,0.0,100.0,0,0,100.0,REGEN,0.0
1643,54.7519,3230.789,233.886,0.0,100.0,0,0,100.0,REGEN,0.0
1644,54.7852,3232.949,232.846,0.0,100.0,0,0,100.0,REGEN,0.0
1645,54.8185,3235.099,231.719,0.0,100.0,0,0,100.0,REGEN,0.0
1646,54.8519,3237.239,230.507,0.0,100.0,0,0,100.0,REGEN,0.0
1647,54.8852,3239.366,229.211,0.0,100.0,0,0,100.0,REGEN,0.0
1648,54.9185,3241.482,227.833,0.0,100.0,0,0,100.0,REGEN,0.0
1649,54.9518,3243.584,226.374,0.0,100.0,0,0,100.0,REGEN,0.0
1650,54.9852,3245.672,224.838,0.0,100.0,0,0,100.0,REGEN,0.0
1651,55.0185,3247.746,223.229,0.0,100.0,0,0,100.0,REGEN,0.0
1652,55.0518,3249.805,221.552,0.0,100.0,0,0,100.0,REGEN,0.0
1653,55.0851,3251.848,219.813,0.0,100.0,0,0,100.0,REGEN,0.0
1654,55.1185,3253.874,218.019,0.0,100.0,0,0,100.0,REGEN,0.0
1655,55.1518,3255.884,216.176,0.0,100.0,0,0,100.0,REGEN,0.0
1656,55.1851,3257.876,214.291,0.0,100.0,0,0,100.0,REGEN,0.0
1657,55.2184,3259.851,212.371,0.0,100.0,0,0,100.0,REGEN,0.0
1658,55.2518,3261.805,209.985,0.0,100.0,0,0,100.0,REGEN,0.0
1659,55.2851,3263.736,207.172,0.0,100.0,0,0,100.0,REGEN,0.0
1660,55.3184,3265.64,204.263,0.0,100.0,0,0,100.0,REGEN,0.0
1661,55.3517,3267.517,201.381,0.0,100.0,0,0,100.0,REGEN,0.0
1662,55.3851,3269.369,198.579,0.0,100.0,0,0,100.0,REGEN,0.0
1663,55.4184,3271.195,195.925,0.0,100.0,0,0,100.0,REGEN,0.0
1664,55.4517,3272.999,193.473,0.0,100.0,0,0,100.0,REGEN,0.0
1665,55.485,3274.781,191.238,0.0,100.0,0,0,100.0,REGEN,0.0
1666,55.5184,3276.54,189.135,0.0,100.0,0,0,100.0,REGEN,0.0
1667,55.5517,3278.279,186.94,0.0,100.0,0,0,100.0,REGEN,0.0
1668,55.585,3279.998,184.602,0.0,100.0,0,0,100.0,REGEN,0.0
1669,55.6183,3281.695,182.137,0.0,100.0,0,0,100.0,REGEN,0.0
1670,55.6517,3283.37,179.626,0.0,100.0,0,0,100.0,REGEN,0.0
1671,55.685,3285.024,177.224,0.0,100.0,0,0,100.0,REGEN,0.0
1672,55.7183,3286.656,175.473,0.0,100.0,0,0,100.0,REGEN,0.0
1673,55.7516,3288.277,174.873,0.0,100.0,0,0,100.0,REGEN,0.0
1674,55.7849,3289.894,174.487,100.0,100.0,0,0,100.0,REGEN,303.1
1675,55.8183,3291.507,173.996,100.0,0.0,0,0,100.0,FULL,636.45
1676,55.8516,3293.115,173.228,100.0,0.0,0,0,100.0,FULL,636.45
1677,55.8849,3294.711,171.665,100.0,0.0,0,0,100.0,FULL,636.45
1678,55.9182,3296.289,169.811,100.0,0.0,0,0,100.0,FULL,636.45
1679,55.9516,3297.852,167.92,100.0,0.0,0,0,100.0,FULL,636.45
1680,55.9849,3299.4,166.179,100.0,0.0,0,0,100.0,FULL,636.45
1681,56.0182,3300.933,164.83,100.0,0.0,0,0,100.0,FULL,636.45
1682,56.0515,3302.457,164.428,100.0,0.0,0,0,100.0,FULL,636.45
1683,56.0849,3303.977,164.086,100.0,0.0,0,0,100.0,FULL,636.45
1684,56.1182,3305.495,163.743,100.0,0.0,0,0,100.0,FULL,636.45
1685,56.1515,3307.009,163.403,100.0,0.0,0,0,100.0,FULL,636.45
1686,56.1848,3308.52,163.064,100.0,0.0,0,0,100.0,FULL,636.45
1687,56.2182,3310.029,162.976,100.0,0.0,0,0,100.0,FULL,636.45
1688,56.2515,3311.538,163.019,100.0,0.0,0,0,100.0,FULL,636.45
1689,56.2848,3313.047,163.061,100.0,0.0,0,0,100.0,FULL,636.45
1690,56.3181,3314.557,163.104,100.0,0.0,0,0,100.0,FULL,636.45
1691,56.3515,3316.067,163.147,100.0,0.0,0,0,100.0,FULL,636.45
1692,56.3848,3317.577,163.189,100.0,0.0,0,0,100.0,FULL,636.45
1693,56.4181,3319.088,163.232,100.0,0.0,0,0,100.0,FULL,636.45
1694,56.4514,3320.599,163.275,100.0,0.0,0,0,100.0,FULL,636.45
1695,56.4848,3322.111,163.317,100.0,0.0,0,0,100.0,FULL,636.45
1696,56.5181,3323.623,163.36,100.0,0.0,0,0,100.0,FULL,636.45
1697,56.5514,3325.135,163.403,100.0,0.0,0,0,100.0,FULL,636.45
1698,56.5847,3326.648,163.446,100.0,0.0,0,0,100.0,FULL,636.45
1699,56.6181,3328.161,163.489,100.0,0.0,0,0,100.0,FULL,636.45
1700,56.6514,3329.675,163.533,100.0,0.0,0,0,100.0,FULL,636.45
1701,56.6847,3331.189,163.576,100.0,0.0,0,0,100.0,FULL,636.45
1702,56.718,3332.703,163.619,100.0,0.0,0,0,100.0,FULL,636.45
1703,56.7514,3334.218,163.662,100.0,0.0,0,0,100.0,FULL,636.45
1704,56.7847,3335.734,163.807,100.0,0.0,0,0,100.0,FULL,636.45
1705,56.818,3337.251,164.013,100.0,0.0,0,0,100.0,FULL,636.45
1706,56.8513,3338.77,164.22,100.0,0.0,0,0,100.0,FULL,636.45
1707,56.8847,3340.291,164.426,100.0,0.0,0,0,100.0,FULL,636.45
1708,56.918,3341.814,164.633,100.0,0.0,0,0,100.0,FULL,636.45
1709,56.9513,3343.339,164.84,100.0,0.0,0,0,100.0,FULL,636.45
1710,56.9846,3344.866,165.047,100.0,0.0,0,0,100.0,FULL,636.45
1711,57.018,3346.394,165.253,100.0,0.0,0,0,100.0,FULL,636.45
1712,57.0513,3347.925,165.46,100.0,0.0,0,0,100.0,FULL,636.45
1713,57.0846,3349.458,165.667,100.0,0.0,0,0,100.0,FULL,636.45
1714,57.1179,3350.992,165.874,100.0,0.0,0,0,100.0,FULL,636.45
1715,57.1512,3352.529,166.081,100.0,0.0,0,0,100.0,FULL,636.45
1716,57.1846,3354.067,166.288,100.0,0.0,0,0,100.0,FULL,636.45
1717,57.2179,3355.607,166.495,100.0,0.0,0,0,100.0,FULL,636.45
1718,57.2512,3357.15,166.756,100.0,0.0,0,0,100.0,FULL,636.45
1719,57.2845,3358.695,167.152,100.0,0.0,0,0,100.0,FULL,636.45
1720,57.3179,3360.246,167.881,100.0,0.0,0,0,100.0,FULL,636.45
1721,57.3512,3361.804,168.636,100.0,0.0,0,0,100.0,FULL,636.45
1722,57.3845,3363.37,169.576,100.0,0.0,0,0,100.0,FULL,636.45
1723,57.4178,3364.944,170.765,100.0,0.0,0,0,100.0,FULL,636.45
1724,57.4512,3366.53,171.89,100.0,0.0,0,0,100.0,FULL,636.45
1725,57.4845,3368.125,172.707,100.0,0.0,0,0,100.0,FULL,636.45
1726,57.5178,3369.726,173.249,100.0,0.0,0,0,100.0,FULL,636.45
1727,57.5511,3371.332,173.681,100.0,0.0,0,0,100.0,FULL,636.45
1728,57.5845,3372.942,174.218,100.0,0.0,0,0,100.0,FULL,636.45
1729,57.6178,3374.558,175.024,100.0,0.0,0,0,100.0,FULL,636.45
1730,57.6511,3376.184,176.011,100.0,0.0,0,0,100.0,FULL,636.45
1731,57.6844,3377.819,177.109,100.0,0.0,0,0,100.0,FULL,636.45
1732,57.7178,3379.463,178.28,100.0,0.0,0,0,100.0,FULL,636.45
1733,57.7511,3381.118,179.491,100.0,0.0,0,0,100.0,FULL,636.45
1734,57.7844,3382.785,180.731,100.0,0.0,0,0,100.0,FULL,636.45
1735,57.8177,3384.465,181.99,100.0,0.0,0,0,100.0,FULL,636.45
1736,57.8511,3386.156,183.254,100.0,0.0,0,0,100.0,FULL,636.45
1737,57.8844,3387.858,184.519,100.0,0.0,0,0,100.0,FULL,636.45
1738,57.9177,3389.572,185.781,100.0,0.0,0,0,100.0,FULL,636.45
1739,57.951,3391.297,187.039,100.0,0.0,0,0,100.0,FULL,636.45
1740,57.9844,3393.033,188.29,100.0,0.0,0,0,100.0,FULL,636.45
1741,58.0177,3394.782,189.532,100.0,0.0,0,0,100.0,FULL,636.45
1742,58.051,3396.543,190.761,100.0,0.0,0,0,100.0,FULL,636.45
1743,58.0843,3398.315,191.976,100.0,0.0,0,0,100.0,FULL,636.45
1744,58.1177,3400.097,193.172,100.0,0.0,0,0,100.0,FULL,636.45
1745,58.151,3401.891,194.37,100.0,0.0,0,0,100.0,FULL,636.45
1746,58.1843,3403.696,195.651,100.0,0.0,0,0,100.0,FULL,636.45
1747,58.2176,3405.513,197.052,100.0,0.0,0,0,100.0,FULL,636.45
1748,58.251,3407.344,198.464,100.0,0.0,0,0,100.0,FULL,636.45
1749,58.2843,3409.187,199.837,100.0,0.0,0,0,100.0,FULL,636.45
1750,58.3176,3411.042,201.058,100.0,0.0,0,0,100.0,FULL,636.45
1751,58.3509,3412.908,202.241,100.0,0.0,0,0,100.0,FULL,636.45
1752,58.3842,3414.786,203.424,100.0,0.0,0,0,100.0,FULL,636.45
1753,58.4176,3416.675,204.604,100.0,0.0,0,0,100.0,FULL,636.45
1754,58.4509,3418.575,205.782,100.0,0.0,0,0,100.0,FULL,636.45
1755,58.4842,3420.485,206.956,100.0,0.0,0,0,100.0,FULL,636.45
1756,58.5175,3422.406,208.126,100.0,0.0,0,0,100.0,FULL,636.45
1757,58.5509,3424.338,209.29,100.0,0.0,0,0,100.0,FULL,636.45
1758,58.5842,3426.281,210.447,100.0,0.0,0,0,100.0,FULL,636.45
1759,58.6175,3428.234,211.598,100.0,0.0,0,0,100.0,FULL,636.45
1760,58.6508,3430.198,212.741,100.0,0.0,0,0,100.0,FULL,636.45
1761,58.6842,3432.173,213.875,100.0,0.0,0,0,100.0,FULL,636.45
1762,58.7175,3434.158,215.001,100.0,0.0,0,0,100.0,FULL,636.45
1763,58.7508,3436.153,216.117,100.0,0.0,0,0,100.0,FULL,636.45
1764,58.7841,3438.159,217.223,100.0,0.0,0,0,100.0,FULL,636.45
1765,58.8175,3440.175,218.319,100.0,0.0,0,0,100.0,FULL,636.45
1766,58.8508,3442.201,219.405,100.0,0.0,0,0,100.0,FULL,636.45
1767,58.8841,3444.237,220.479,100.0,0.0,0,0,100.0,FULL,636.45
1768,58.9174,3446.282,221.543,100.0,0.0,0,0,100.0,FULL,636.45
1769,58.9508,3448.338,222.595,100.0,0.0,0,0,100.0,FULL,636.45
1770,58.9841,3450.403,223.636,100.0,0.0,0,0,100.0,FULL,636.45
1771,59.0174,3452.478,224.665,100.0,0.0,0,0,100.0,FULL,636.45
1772,59.0507,3454.562,225.682,100.0,0.0,0,0,100.0,FULL,636.45
1773,59.0841,3456.656,226.688,100.0,0.0,0,0,100.0,FULL,636.45
1774,59.1174,3458.759,227.681,100.0,0.0,0,0,100.0,FULL,636.45
1775,59.1507,3460.871,228.663,100.0,0.0,0,0,100.0,FULL,636.45
1776,59.184,3462.992,229.634,100.0,0.0,0,0,100.0,FULL,636.45
1777,59.2174,3465.122,230.591,100.0,0.0,0,0,100.0,FULL,636.45
1778,59.2507,3467.261,231.537,100.0,0.0,0,0,100.0,FULL,636.45
1779,59.284,3469.409,232.472,100.0,0.0,0,0,100.0,FULL,636.45
1780,59.3173,3471.565,233.395,100.0,0.0,0,0,100.0,FULL,636.45
1781,59.3507,3473.73,234.306,100.0,0.0,0,0,100.0,FULL,636.45
1782,59.384,3475.903,235.206,100.0,0.0,0,0,100.0,FULL,636.45
1783,59.4173,3478.085,236.095,100.0,0.0,0,0,100.0,FULL,636.45
1784,59.4506,3480.274,236.973,100.0,0.0,0,0,100.0,FULL,636.45
1785,59.484,3482.472,237.84,100.0,0.0,0,0,100.0,FULL,636.45
1786,59.5173,3484.677,238.696,100.0,0.0,0,0,100.0,FULL,636.45
1787,59.5506,3486.89,239.542,100.0,0.0,0,0,100.0,FULL,636.45
1788,59.5839,3489.112,240.376,100.0,0.0,0,0,100.0,FULL,636.45
1789,59.6172,3491.341,241.199,100.0,0.0,0,0,100.0,FULL,636.45
1790,59.6506,3493.577,242.012,100.0,0.0,0,0,100.0,FULL,636.45
1791,59.6839,3495.821,242.815,100.0,0.0,0,0,100.0,FULL,636.45
1792,59.7172,3498.073,243.607,100.0,0.0,0,0,100.0,FULL,636.45
1793,59.7505,3500.331,244.389,100.0,0.0,0,0,100.0,FULL,636.45
1794,59.7839,3502.597,245.161,100.0,0.0,0,0,100.0,FULL,636.45
1795,59.8172,3504.87,245.924,100.0,0.0,0,0,100.0,FULL,636.45
1796,59.8505,3507.15,246.675,100.0,0.0,0,0,100.0,FULL,636.45
1797,59.8838,3509.437,247.416,100.0,0.0,0,0,100.0,FULL,636.45
1798,59.9172,3511.731,248.147,100.0,0.0,0,0,100.0,FULL,636.45
1799,59.9505,3514.031,248.868,100.0,0.0,0,0,100.0,FULL,636.45
1800,59.9838,3516.338,249.579,100.0,0.0,0,0,100.0,FULL,636.45
1801,60.0171,3518.651,250.28,100.0,0.0,0,0,100.0,FULL,636.45
1802,60.0505,3520.971,250.97,100.0,0.0,0,0,100.0,FULL,636.45
1803,60.0838,3523.297,251.649,100.0,0.0,0,0,100.0,FULL,636.45
1804,60.1171,3525.63,252.317,100.0,0.0,0,0,100.0,FULL,636.45
1805,60.1504,3527.969,252.974,100.0,0.0,0,0,100.0,FULL,636.45
1806,60.1838,3530.314,253.62,100.0,0.0,0,0,100.0,FULL,636.45
1807,60.2171,3532.664,254.254,100.0,0.0,0,0,100.0,FULL,636.45
1808,60.2504,3535.02,254.876,100.0,0.0,0,0,100.0,FULL,636.45
1809,60.2837,3537.383,255.484,100.0,0.0,0,0,100.0,FULL,636.45
1810,60.3171,3539.751,256.079,100.0,0.0,0,0,100.0,FULL,636.45
1811,60.3504,3542.124,256.661,100.0,0.0,0,0,100.0,FULL,636.45
1812,60.3837,3544.502,257.228,100.0,0.0,0,0,100.0,FULL,636.45
1813,60.417,3546.886,257.78,100.0,0.0,0,0,100.0,FULL,636.45
1814,60.4504,3549.274,258.315,100.0,0.0,0,0,100.0,FULL,636.45
1815,60.4837,3551.668,258.832,100.0,0.0,0,0,100.0,FULL,636.45
1816,60.517,3554.066,259.332,100.0,0.0,0,0,100.0,FULL,636.45
1817,60.5503,3556.469,259.813,100.0,0.0,0,0,100.0,FULL,636.45
1818,60.5837,3558.876,260.273,100.0,0.0,0,0,100.0,FULL,636.45
1819,60.617,3561.287,260.711,100.0,0.0,0,0,100.0,FULL,636.45
1820,60.6503,3563.703,261.125,100.0,0.0,0,0,100.0,FULL,636.45
1821,60.6836,3566.122,261.514,100.0,0.0,0,0,100.0,FULL,636.45
1822,60.717,3568.544,261.879,100.0,0.0,0,0,100.0,FULL,636.45
1823,60.7503,3570.97,262.216,100.0,0.0,0,0,100.0,FULL,636.45
1824,60.7836,3573.399,262.521,100.0,0.0,0,0,100.0,FULL,636.45
1825,60.8169,3575.83,262.795,100.0,0.0,0,0,100.0,FULL,636.45
1826,60.8502,3578.264,263.037,100.0,0.0,0,0,100.0,FULL,636.45
1827,60.8836,3580.7,263.246,100.0,0.0,0,0,100.0,FULL,636.45
1828,60.9169,3583.137,263.42,100.0,0.0,0,0,100.0,FULL,2.35
1829,60.9502,3585.576,263.552,0.0,100.0,0,0,100.0,REGEN,0.0
1830,60.9835,3588.016,263.646,0.0,100.0,0,0,100.0,REGEN,0.0
1831,61.0169,3590.457,263.701,0.0,100.0,0,0,100.0,REGEN,0.0
1832,61.0502,3592.898,263.714,0.0,100.0,0,0,100.0,REGEN,0.0
1833,61.0835,3595.339,263.684,100.0,0.0,0,0,100.0,FULL,636.45
1834,61.1168,3597.78,263.606,100.0,0.0,0,0,100.0,FULL,636.45
1835,61.1502,3600.219,263.484,100.0,0.0,0,0,100.0,FULL,636.45
1836,61.1835,3602.658,263.318,100.0,0.0,0,0,100.0,FULL,636.45
1837,61.2168,3605.094,263.108,100.0,0.0,0,0,100.0,FULL,636.45
1838,61.2501,3607.528,262.85,100.0,0.0,0,0,100.0,FULL,636.45
1839,61.2835,3609.96,262.547,100.0,0.0,0,0,100.0,FULL,636.45
1840,61.3168,3612.389,262.201,100.0,0.0,0,0,100.0,FULL,636.45
1841,61.3501,3614.814,261.816,100.0,0.0,0,0,100.0,FULL,636.45
1842,61.3834,3617.236,261.39,100.0,0.0,0,0,100.0,FULL,636.45
1843,61.4168,3619.653,260.923,100.0,0.0,0,0,100.0,FULL,636.45
1844,61.4501,3622.066,260.421,100.0,0.0,0,0,100.0,FULL,636.45
1845,61.4834,3624.474,259.886,100.0,0.0,0,0,100.0,FULL,239.36
1846,61.5167,3626.878,259.321,0.0,100.0,0,0,100.0,REGEN,0.0
1847,61.5501,3629.276,258.72,0.0,100.0,0,0,100.0,REGEN,0.0
1848,61.5834,3631.667,258.063,0.0,100.0,0,0,100.0,REGEN,0.0
1849,61.6167,3634.048,256.307,0.0,100.0,0,0,100.0,REGEN,0.0
1850,61.65,3636.407,253.413,0.0,100.0,0,0,100.0,REGEN,0.0
1851,61.6834,3638.747,252.114,0.0,100.0,0,0,100.0,REGEN,0.0
1852,61.7167,3641.08,251.993,0.0,100.0,0,0,100.0,REGEN,0.0
1853,61.75,3643.413,251.992,100.0,100.0,0,0,100.0,REGEN,112.73
1854,61.7833,3645.745,251.904,100.0,0.0,0,0,100.0,FULL,636.45
1855,61.8167,3648.074,251.205,100.0,0.0,0,0,100.0,FULL,636.45
1856,61.85,3650.394,250.002,100.0,0.0,0,0,100.0,FULL,636.45
1857,61.8833,3652.703,248.806,100.0,0.0,0,0,100.0,FULL,636.45
1858,61.9166,3655.001,247.616,100.0,0.0,0,0,100.0,FULL,630.17
1859,61.95,3657.287,246.43,0.0,100.0,0,0,100.0,REGEN,0.0
1860,61.9833,3659.562,245.248,0.0,100.0,0,0,100.0,REGEN,0.0
1861,62.0166,3661.825,243.478,0.0,100.0,0,0,100.0,REGEN,0.0
1862,62.0499,3664.065,240.523,0.0,100.0,0,0,100.0,REGEN,0.0
1863,62.0833,3666.28,238.096,0.0,100.0,0,0,100.0,REGEN,0.0
1864,62.1166,3668.479,237.054,0.0,100.0,0,0,100.0,REGEN,0.0
1865,62.1499,3670.673,236.938,0.0,100.0,0,0,100.0,REGEN,0.0
1866,62.1832,3672.866,236.937,100.0,100.0,0,0,100.0,REGEN,24.04
1867,62.2165,3675.059,236.811,100.0,0.0,0,0,100.0,FULL,636.45
1868,62.2499,3677.249,236.439,100.0,0.0,0,0,100.0,FULL,636.45
1869,62.2832,3679.441,237.109,100.0,0.0,0,0,100.0,FULL,636.45
1870,62.3165,3681.639,237.779,100.0,0.0,0,0,100.0,FULL,636.45
1871,62.3498,3683.843,238.45,100.0,0.0,0,0,100.0,FULL,636.45
1872,62.3832,3686.053,239.122,100.0,0.0,0,0,100.0,FULL,636.45
1873,62.4165,3688.27,239.796,100.0,0.0,0,0,100.0,FULL,636.45
1874,62.4498,3690.493,240.47,100.0,0.0,0,0,100.0,FULL,636.45
1875,62.4831,3692.722,241.146,100.0,0.0,0,0,100.0,FULL,636.45
1876,62.5165,3694.957,241.781,100.0,0.0,0,0,100.0,FULL,636.45
1877,62.5498,3697.195,241.862,100.0,0.0,0,0,100.0,FULL,636.45
1878,62.5831,3699.436,242.234,100.0,0.0,0,0,100.0,FULL,636.45
1879,62.6164,3701.681,242.717,100.0,0.0,0,0,100.0,FULL,636.45
1880,62.6498,3703.929,243.122,100.0,0.0,0,0,100.0,FULL,636.45
1881,62.6831,3706.181,243.454,100.0,0.0,0,0,100.0,FULL,636.45
1882,62.7164,3708.436,243.787,100.0,0.0,0,0,100.0,FULL,636.45
1883,62.7497,3710.694,244.12,100.0,0.0,0,0,100.0,FULL,636.45
1884,62.7831,3712.956,244.454,100.0,0.0,0,0,100.0,FULL,636.45
1885,62.8164,3715.22,244.829,100.0,0.0,0,0,100.0,FULL,636.45
1886,62.8497,3717.49,245.51,100.0,0.0,0,0,100.0,FULL,636.45
1887,62.883,3719.766,246.271,100.0,0.0,0,0,100.0,FULL,636.45
1888,62.9164,3722.049,247.023,100.0,0.0,0,0,100.0,FULL,636.45
1889,62.9497,3724.339,247.766,100.0,0.0,0,0,100.0,FULL,636.45
1890,62.983,3726.636,248.5,100.0,0.0,0,0,100.0,FULL,636.45
1891,63.0163,3728.939,249.224,100.0,0.0,0,0,100.0,FULL,636.45
1892,63.0497,3731.25,249.939,100.0,0.0,0,0,100.0,FULL,636.45
1893,63.083,3733.567,250.646,100.0,0.0,0,0,100.0,FULL,636.45
1894,63.1163,3735.891,251.343,100.0,0.0,0,0,100.0,FULL,636.45
1895,63.1496,3738.22,252.033,100.0,0.0,0,0,100.0,FULL,636.45
1896,63.183,3740.556,252.714,100.0,0.0,0,0,100.0,FULL,636.45
1897,63.2163,3742.899,253.386,100.0,0.0,0,0,100.0,FULL,636.45
1898,63.2496,3745.247,253.98,100.0,0.0,0,0,100.0,FULL,636.45
1899,63.2829,3747.601,254.553,100.0,0.0,0,0,100.0,FULL,636.45
1900,63.3163,3749.96,255.128,100.0,0.0,0,0,100.0,FULL,636.45
1901,63.3496,3752.324,255.705,100.0,0.0,0,0,100.0,FULL,636.45
1902,63.3829,3754.694,256.283,100.0,0.0,0,0,100.0,FULL,636.45
1903,63.4162,3757.069,256.861,100.0,0.0,0,0,100.0,FULL,636.45
1904,63.4495,3759.449,257.437,100.0,0.0,0,0,100.0,FULL,636.45
1905,63.4829,3761.835,258.012,100.0,0.0,0,0,100.0,FULL,636.45
1906,63.5162,3764.226,258.585,100.0,0.0,0,0,100.0,FULL,636.45
1907,63.5495,3766.622,259.155,100.0,0.0,0,0,100.0,FULL,636.45
1908,63.5828,3769.023,259.722,100.0,0.0,0,0,100.0,FULL,636.45
1909,63.6162,3771.431,260.283,100.0,0.0,0,0,100.0,FULL,636.45
1910,63.6495,3773.843,260.841,100.0,0.0,0,0,100.0,FULL,636.45
1911,63.6828,3776.26,261.393,100.0,0.0,0,0,100.0,FULL,636.45
1912,63.7161,3778.682,261.94,100.0,0.0,0,0,100.0,FULL,636.45
1913,63.7495,3781.109,262.481,100.0,0.0,0,0,100.0,FULL,636.45
1914,63.7828,3783.541,263.014,100.0,0.0,0,0,100.0,FULL,636.45
1915,63.8161,3785.978,263.54,100.0,0.0,0,0,100.0,FULL,636.45
1916,63.8494,3788.42,264.058,100.0,0.0,0,0,100.0,FULL,636.45
1917,63.8828,3790.867,264.567,100.0,0.0,0,0,100.0,FULL,636.45
1918,63.9161,3793.318,265.066,100.0,0.0,0,0,100.0,FULL,636.45
1919,63.9494,3795.774,265.554,100.0,0.0,0,0,100.0,FULL,636.45
1920,63.9827,3798.235,266.031,100.0,0.0,0,0,100.0,FULL,636.45
1921,64.0161,3800.699,266.496,100.0,0.0,0,0,100.0,FULL,636.45
1922,64.0494,3803.168,266.946,100.0,0.0,0,0,100.0,FULL,636.45
1923,64.0827,3805.641,267.38,100.0,0.0,0,0,100.0,FULL,636.45
1924,64.116,3808.118,267.798,100.0,0.0,0,0,100.0,FULL,636.45
1925,64.1494,3810.599,268.198,100.0,0.0,0,0,100.0,FULL,636.45
1926,64.1827,3813.083,268.577,100.0,0.0,0,0,100.0,FULL,636.45
1927,64.216,3815.571,268.932,100.0,0.0,0,0,100.0,FULL,636.45
1928,64.2493,3818.062,269.262,100.0,0.0,0,0,100.0,FULL,636.45
1929,64.2827,3820.556,269.567,100.0,0.0,0,0,100.0,FULL,636.45
1930,64.316,3823.053,269.841,100.0,0.0,0,0,100.0,FULL,636.45
1931,64.3493,3825.552,270.08,100.0,0.0,0,0,100.0,FULL,636.45
1932,64.3826,3828.053,270.284,100.0,0.0,0,0,100.0,FULL,636.45
1933,64.416,3830.556,270.452,100.0,0.0,0,0,100.0,FULL,636.45
1934,64.4493,3833.06,270.575,100.0,0.0,0,0,100.0,FULL,636.45
1935,64.4826,3835.565,270.652,100.0,0.0,0,0,100.0,FULL,636.45
1936,64.5159,3838.07,270.681,100.0,0.0,0,0,100.0,FULL,636.45
1937,64.5493,3840.576,270.661,100.0,0.0,0,0,100.0,FULL,636.45
1938,64.5826,3843.081,270.581,100.0,0.0,0,0,100.0,FULL,636.45
1939,64.6159,3845.585,270.443,100.0,0.0,0,0,100.0,FULL,636.45
1940,64.6492,3848.087,270.245,100.0,0.0,0,0,100.0,FULL,636.45
1941,64.6825,3850.588,269.986,100.0,0.0,0,0,100.0,FULL,636.45
1942,64.7159,3853.085,269.652,100.0,0.0,0,0,100.0,FULL,636.45
1943,64.7492,3855.58,269.251,100.0,0.0,0,0,100.0,FULL,636.45
1944,64.7825,3858.07,268.78,100.0,0.0,0,0,100.0,FULL,636.45
1945,64.8158,3860.556,268.238,100.0,0.0,0,0,100.0,FULL,636.45
1946,64.8492,3863.036,267.614,100.0,0.0,0,0,100.0,FULL,636.45
1947,64.8825,3865.51,266.916,100.0,0.0,0,0,100.0,FULL,636.45
1948,64.9158,3867.977,266.145,100.0,0.0,0,0,100.0,FULL,636.45
1949,64.9491,3870.437,265.3,100.0,0.0,0,0,100.0,FULL,636.45
1950,64.9825,3872.888,264.372,100.0,0.0,0,0,100.0,FULL,511.25
1951,65.0158,3875.331,263.368,0.0,100.0,0,0,100.0,REGEN,0.0
1952,65.0491,3877.764,262.287,0.0,100.0,0,0,100.0,REGEN,0.0
1953,65.0824,3880.186,261.118,0.0,100.0,0,0,100.0,REGEN,0.0
1954,65.1158,3882.598,259.859,0.0,100.0,0,0,100.0,REGEN,0.0
1955,65.1491,3884.997,258.507,0.0,100.0,0,0,100.0,REGEN,0.0
1956,65.1824,3887.383,257.078,0.0,100.0,0,0,100.0,REGEN,0.0
1957,65.2157,3889.756,255.573,0.0,100.0,0,0,100.0,REGEN,0.0
1958,65.2491,3892.114,253.993,0.0,100.0,0,0,100.0,REGEN,0.0
1959,65.2824,3894.459,252.336,0.0,100.0,0,0,100.0,REGEN,0.0
1960,65.3157,3896.786,250.595,0.0,100.0,0,0,100.0,REGEN,0.0
1961,65.349,3899.097,248.779,0.0,100.0,0,0,100.0,REGEN,0.0
1962,65.3824,3901.39,246.89,0.0,100.0,0,0,100.0,REGEN,0.0
1963,65.4157,3903.667,244.933,0.0,100.0,0,0,100.0,REGEN,0.0
1964,65.449,3905.925,242.912,0.0,100.0,0,0,100.0,REGEN,0.0
1965,65.4823,3908.164,240.836,0.0,100.0,0,0,100.0,REGEN,0.0
1966,65.5157,3910.384,238.714,0.0,100.0,0,0,100.0,REGEN,0.0
1967,65.549,3912.585,236.552,0.0,100.0,0,0,100.0,REGEN,0.0
1968,65.5823,3914.764,234.349,0.0,100.0,0,0,100.0,REGEN,0.0
1969,65.6156,3916.922,232.104,0.0,100.0,0,0,100.0,REGEN,0.0
1970,65.649,3919.06,229.82,0.0,100.0,0,0,100.0,REGEN,0.0
1971,65.6823,3921.176,227.497,0.0,100.0,0,0,100.0,REGEN,0.0
1972,65.7156,3923.271,225.138,0.0,100.0,0,0,100.0,REGEN,0.0
1973,65.7489,3925.343,222.678,0.0,100.0,0,0,100.0,REGEN,0.0
1974,65.7823,3927.391,219.862,0.0,100.0,0,0,100.0,REGEN,0.0
1975,65.8156,3929.412,216.848,0.0,100.0,0,0,100.0,REGEN,0.0
1976,65.8489,3931.407,214.147,0.0,100.0,0,0,100.0,REGEN,0.0
1977,65.8822,3933.378,211.581,0.0,100.0,0,0,100.0,REGEN,0.0
1978,65.9155,3935.324,208.945,0.0,100.0,0,0,100.0,REGEN,0.0
1979,65.9489,3937.245,206.196,0.0,100.0,0,0,100.0,REGEN,0.0
1980,65.9822,3939.142,203.412,0.0,100.0,0,0,100.0,REGEN,0.0
1981,66.0155,3941.012,200.733,0.0,100.0,0,0,100.0,REGEN,0.0
1982,66.0488,3942.86,198.274,0.0,100.0,0,0,100.0,REGEN,0.0
1983,66.0822,3944.686,196.068,0.0,100.0,0,0,100.0,REGEN,0.0
1984,66.1155,3946.491,194.014,0.0,100.0,0,0,100.0,REGEN,0.0
1985,66.1488,3948.276,191.886,0.0,100.0,0,0,100.0,REGEN,0.0
1986,66.1821,3950.041,189.622,0.0,100.0,0,0,100.0,REGEN,0.0
1987,66.2155,3951.784,187.147,0.0,100.0,0,0,100.0,REGEN,0.0
1988,66.2488,3953.504,184.575,0.0,100.0,0,0,100.0,REGEN,0.0
1989,66.2821,3955.201,182.002,0.0,100.0,0,0,100.0,REGEN,0.0
1990,66.3154,3956.876,179.463,0.0,100.0,0,0,100.0,REGEN,0.0
1991,66.3488,3958.528,176.967,0.0,100.0,0,0,100.0,REGEN,0.0
1992,66.3821,3960.152,174.514,0.0,100.0,0,0,100.0,REGEN,0.0
1993,66.4154,3961.754,172.08,0.0,100.0,0,0,100.0,REGEN,0.0
1994,66.4487,3963.336,169.661,0.0,100.0,0,0,100.0,REGEN,0.0
1995,66.4821,3964.897,167.262,0.0,100.0,0,0,100.0,REGEN,0.0
1996,66.5154,3966.436,164.899,0.0,100.0,0,0,100.0,REGEN,0.0
1997,66.5487,3967.949,162.669,0.0,100.0,0,0,100.0,REGEN,0.0
1998,66.582,3969.445,160.583,0.0,100.0,0,0,100.0,REGEN,0.0
1999,66.6154,3970.924,158.602,0.0,100.0,0,0,100.0,REGEN,0.0
2000,66.6487,3972.384,156.675,0.0,100.0,0,0,100.0,REGEN,0.0
2001,66.682,3973.822,154.636,0.0,100.0,0,0,100.0,REGEN,0.0
2002,66.7153,3975.243,152.505,0.0,100.0,0,0,100.0,REGEN,0.0
2003,66.7487,3976.648,150.298,0.0,100.0,0,0,100.0,REGEN,0.0
2004,66.782,3978.027,148.1,0.0,100.0,0,0,100.0,REGEN,0.0
2005,66.8153,3979.387,146.061,0.0,100.0,0,0,100.0,REGEN,0.0
2006,66.8486,3980.734,144.192,0.0,100.0,0,0,100.0,REGEN,0.0
2007,66.882,3982.06,142.754,0.0,100.0,0,0,100.0,REGEN,0.0
2008,66.9153,3983.38,142.077,0.0,100.0,0,0,100.0,REGEN,0.0
2009,66.9486,3984.694,141.822,0.0,100.0,0,0,100.0,REGEN,0.0
2010,66.9819,3986.005,141.568,0.0,100.0,0,0,100.0,REGEN,0.0
2011,67.0153,3987.316,141.465,0.0,100.0,0,0,100.0,REGEN,0.0
2012,67.0486,3988.625,141.464,0.0,100.0,0,0,100.0,REGEN,0.0
2013,67.0819,3989.935,141.459,0.0,100.0,0,0,100.0,REGEN,0.0
2014,67.1152,3991.243,141.335,100.0,100.0,0,0,100.0,REGEN,221.27
2015,67.1486,3992.551,141.106,100.0,0.0,0,0,100.0,FULL,636.45
2016,67.1819,3993.846,139.603,100.0,0.0,0,0,100.0,FULL,636.45
2017,67.2152,3995.131,137.952,100.0,0.0,0,0,100.0,FULL,636.45
2018,67.2485,3996.402,136.121,100.0,0.0,0,0,100.0,FULL,636.45
2019,67.2818,3997.649,134.184,100.0,0.0,0,0,100.0,FULL,636.45
2020,67.3152,3998.885,132.286,100.0,0.0,0,0,100.0,FULL,636.45
2021,67.3485,4000.1,130.535,100.0,0.0,0,0,100.0,FULL,636.45
2022,67.3818,4001.303,129.244,100.0,0.0,0,0,100.0,FULL,636.45
2023,67.4151,4002.497,128.231,100.0,0.0,0,0,100.0,FULL,636.45
2024,67.4485,4003.683,127.982,100.0,0.0,0,0,100.0,FULL,636.45
2025,67.4818,4004.867,127.775,100.0,0.0,0,0,100.0,FULL,636.45
2026,67.5151,4006.048,127.567,100.0,0.0,0,0,100.0,FULL,636.45
2027,67.5484,4007.228,127.36,100.0,0.0,0,0,100.0,FULL,636.45
2028,67.5818,4008.407,127.154,100.0,0.0,0,0,100.0,FULL,636.45
2029,67.6151,4009.582,126.949,100.0,0.0,0,0,100.0,FULL,636.45
2030,67.6484,4010.757,126.76,100.0,0.0,0,0,100.0,FULL,636.45
2031,67.6817,4011.93,126.646,100.0,0.0,0,0,100.0,FULL,636.45
2032,67.7151,4013.103,126.705,100.0,0.0,0,0,100.0,FULL,636.45
2033,67.7484,4014.276,126.944,100.0,0.0,0,0,100.0,FULL,636.45
2034,67.7817,4015.453,127.185,100.0,0.0,0,0,100.0,FULL,636.45
2035,67.815,4016.631,127.425,100.0,0.0,0,0,100.0,FULL,636.45
2036,67.8484,4017.812,127.667,100.0,0.0,0,0,100.0,FULL,636.45
2037,67.8817,4018.995,127.909,100.0,0.0,0,0,100.0,FULL,636.45
2038,67.915,4020.18,128.152,100.0,0.0,0,0,100.0,FULL,636.45
2039,67.9483,4021.368,128.395,100.0,0.0,0,0,100.0,FULL,636.45
2040,67.9817,4022.557,128.639,100.0,0.0,0,0,100.0,FULL,636.45
2041,68.015,4023.749,128.884,100.0,0.0,0,0,100.0,FULL,636.45
2042,68.0483,4024.943,129.129,100.0,0.0,0,0,100.0,FULL,636.45
2043,68.0816,4026.139,129.375,100.0,0.0,0,0,100.0,FULL,636.45
2044,68.115,4027.338,129.621,100.0,0.0,0,0,100.0,FULL,636.45
2045,68.1483,4028.539,129.869,100.0,0.0,0,0,100.0,FULL,636.45
2046,68.1816,4029.743,130.117,100.0,0.0,0,0,100.0,FULL,636.45
2047,68.2149,4030.948,130.367,100.0,0.0,0,0,100.0,FULL,636.45
2048,68.2483,4032.156,130.617,100.0,0.0,0,0,100.0,FULL,636.45
2049,68.2816,4033.367,130.868,100.0,0.0,0,0,100.0,FULL,636.45
2050,68.3149,4034.579,131.119,100.0,0.0,0,0,100.0,FULL,636.45
2051,68.3482,4035.794,131.371,100.0,0.0,0,0,100.0,FULL,636.45
2052,68.3816,4037.011,131.624,100.0,0.0,0,0,100.0,FULL,636.45
2053,68.4149,4038.23,131.878,100.0,0.0,0,0,100.0,FULL,636.45
2054,68.4482,4039.453,132.145,100.0,0.0,0,0,100.0,FULL,636.45
2055,68.4815,4040.679,132.603,100.0,0.0,0,0,100.0,FULL,636.45
2056,68.5148,4041.908,133.252,100.0,0.0,0,0,100.0,FULL,636.45
2057,68.5482,4043.148,134.143,100.0,0.0,0,0,100.0,FULL,636.45
2058,68.5815,4044.393,135.114,100.0,0.0,0,0,100.0,FULL,636.45
2059,68.6148,4045.648,136.198,100.0,0.0,0,0,100.0,FULL,636.45
2060,68.6481,4046.916,137.369,100.0,0.0,0,0,100.0,FULL,636.45
2061,68.6815,4048.192,138.584,100.0,0.0,0,0,100.0,FULL,636.45
2062,68.7148,4049.481,139.863,100.0,0.0,0,0,100.0,FULL,636.45
2063,68.7481,4050.783,141.149,100.0,0.0,0,0,100.0,FULL,636.45
2064,68.7814,4052.093,142.441,100.0,0.0,0,0,100.0,FULL,636.45
2065,68.8148,4053.419,143.74,100.0,0.0,0,0,100.0,FULL,636.45
2066,68.8481,4054.756,145.046,100.0,0.0,0,0,100.0,FULL,636.45
2067,68.8814,4056.103,146.344,100.0,0.0,0,0,100.0,FULL,636.45
2068,68.9147,4057.464,147.572,100.0,0.0,0,0,100.0,FULL,636.45
2069,68.9481,4058.836,148.707,100.0,0.0,0,0,100.0,FULL,636.45
2070,68.9814,4060.217,149.857,100.0,0.0,0,0,100.0,FULL,636.45
2071,69.0147,4061.61,151.205,100.0,0.0,0,0,100.0,FULL,636.45
2072,69.048,4063.018,152.525,100.0,0.0,0,0,100.0,FULL,636.45
2073,69.0814,4064.435,153.821,100.0,0.0,0,0,100.0,FULL,636.45
2074,69.1147,4065.863,155.09,100.0,0.0,0,0,100.0,FULL,636.45
2075,69.148,4067.306,156.302,100.0,0.0,0,0,100.0,FULL,636.45
2076,69.1813,4068.758,157.476,100.0,0.0,0,0,100.0,FULL,636.45
2077,69.2147,4070.22,158.606,100.0,0.0,0,0,100.0,FULL,636.45
2078,69.248,4071.693,159.669,100.0,0.0,0,0,100.0,FULL,636.45
2079,69.2813,4073.177,160.686,100.0,0.0,0,0,100.0,FULL,636.45
2080,69.3146,4074.669,161.724,100.0,0.0,0,0,100.0,FULL,636.45
2081,69.348,4076.17,162.813,100.0,0.0,0,0,100.0,FULL,636.45
2082,69.3813,4077.683,163.993,100.0,0.0,0,0,100.0,FULL,636.45
2083,69.4146,4079.208,165.244,100.0,0.0,0,0,100.0,FULL,636.45
2084,69.4479,4080.743,166.552,100.0,0.0,0,0,100.0,FULL,636.45
2085,69.4813,4082.29,167.931,100.0,0.0,0,0,100.0,DRS,636.45
2086,69.5146,4083.851,169.457,100.0,0.0,0,0,100.0,DRS,636.45
2087,69.5479,4085.429,171.028,100.0,0.0,0,0,100.0,DRS,636.45
2088,69.5812,4087.02,172.633,100.0,0.0,0,0,100.0,DRS,636.45
2089,69.6146,4088.625,174.278,100.0,0.0,0,0,100.0,DRS,636.45
2090,69.6479,4090.244,175.975,100.0,0.0,0,0,100.0,DRS,636.45
2091,69.6812,4091.882,177.731,100.0,0.0,0,0,100.0,DRS,636.45
2092,69.7145,4093.536,179.507,100.0,0.0,0,0,100.0,DRS,636.45
2093,69.7478,4095.207,181.265,100.0,0.0,0,0,100.0,DRS,636.45
2094,69.7812,4096.892,182.98,100.0,0.0,0,0,100.0,DRS,636.45
2095,69.8145,4098.593,184.595,100.0,0.0,0,0,100.0,DRS,636.45
2096,69.8478,4100.308,186.056,100.0,0.0,0,0,100.0,DRS,636.45
2097,69.8811,4102.036,187.515,100.0,0.0,0,0,100.0,DRS,636.45
2098,69.9145,4103.78,188.972,100.0,0.0,0,0,100.0,DRS,636.45
2099,69.9478,4105.536,190.426,100.0,0.0,0,0,100.0,DRS,636.45
2100,69.9811,4107.306,191.876,100.0,0.0,0,0,100.0,DRS,636.45
2101,70.0144,4109.089,193.321,100.0,0.0,0,0,100.0,DRS,636.45
2102,70.0478,4110.885,194.759,100.0,0.0,0,0,100.0,DRS,636.45
2103,70.0811,4112.694,196.191,100.0,0.0,0,0,100.0,DRS,636.45
2104,70.1144,4114.516,197.616,100.0,0.0,0,0,100.0,DRS,636.45
2105,70.1477,4116.351,199.032,100.0,0.0,0,0,100.0,DRS,636.45
2106,70.1811,4118.2,200.438,100.0,0.0,0,0,100.0,DRS,636.45
2107,70.2144,4120.062,201.834,100.0,0.0,0,0,100.0,DRS,636.45
2108,70.2477,4121.937,203.219,100.0,0.0,0,0,100.0,DRS,636.45
2109,70.281,4123.825,204.593,100.0,0.0,0,0,100.0,DRS,636.45
2110,70.3144,4125.725,205.955,100.0,0.0,0,0,100.0,DRS,636.45
2111,70.3477,4127.638,207.305,100.0,0.0,0,0,100.0,DRS,636.45
2112,70.381,4129.563,208.641,100.0,0.0,0,0,100.0,DRS,636.45
2113,70.4143,4131.501,209.965,100.0,0.0,0,0,100.0,DRS,636.45
2114,70.4477,4133.45,211.276,100.0,0.0,0,0,100.0,DRS,636.45
2115,70.481,4135.412,212.572,100.0,0.0,0,0,100.0,DRS,636.45
2116,70.5143,4137.386,213.855,100.0,0.0,0,0,100.0,DRS,636.45
2117,70.5476,4139.371,215.124,100.0,0.0,0,0,100.0,DRS,636.45
2118,70.581,4141.369,216.38,100.0,0.0,0,0,100.0,DRS,636.45
2119,70.6143,4143.377,217.62,100.0,0.0,0,0,100.0,DRS,636.45
2120,70.6476,4145.397,218.847,100.0,0.0,0,0,100.0,DRS,636.45
2121,70.6809,4147.429,220.06,100.0,0.0,0,0,100.0,DRS,636.45
2122,70.7143,4149.471,221.259,100.0,0.0,0,0,100.0,DRS,636.45
2123,70.7476,4151.525,222.444,100.0,0.0,0,0,100.0,DRS,636.45
2124,70.7809,4153.589,223.615,100.0,0.0,0,0,100.0,DRS,636.45
2125,70.8142,4155.665,224.772,100.0,0.0,0,0,100.0,DRS,636.45
2126,70.8476,4157.75,225.916,100.0,0.0,0,0,100.0,DRS,636.45
2127,70.8809,4159.847,227.046,100.0,0.0,0,0,100.0,DRS,636.45
2128,70.9142,4161.953,228.163,100.0,0.0,0,0,100.0,DRS,636.45
2129,70.9475,4164.07,229.267,100.0,0.0,0,0,100.0,DRS,636.45
2130,70.9808,4166.198,230.358,100.0,0.0,0,0,100.0,DRS,636.45
2131,71.0142,4168.335,231.436,100.0,0.0,0,0,100.0,DRS,636.45
2132,71.0475,4170.483,232.501,100.0,0.0,0,0,100.0,DRS,636.45
2133,71.0808,4172.64,233.553,100.0,0.0,0,0,100.0,DRS,636.45
2134,71.1141,4174.807,234.593,100.0,0.0,0,0,100.0,DRS,636.45
2135,71.1475,4176.983,235.621,100.0,0.0,0,0,100.0,DRS,636.45
2136,71.1808,4179.169,236.637,100.0,0.0,0,0,100.0,DRS,636.45
2137,71.2141,4181.364,237.642,100.0,0.0,0,0,100.0,DRS,636.45
2138,71.2474,4183.568,238.635,100.0,0.0,0,0,100.0,DRS,636.45
2139,71.2808,4185.782,239.616,100.0,0.0,0,0,100.0,DRS,636.45
2140,71.3141,4188.004,240.587,100.0,0.0,0,0,100.0,DRS,636.45
2141,71.3474,4190.235,241.546,100.0,0.0,0,0,100.0,DRS,636.45
2142,71.3807,4192.476,242.493,100.0,0.0,0,0,100.0,DRS,636.45
2143,71.4141,4194.725,243.43,100.0,0.0,0,0,100.0,DRS,636.45
2144,71.4474,4196.983,244.356,100.0,0.0,0,0,100.0,DRS,636.45
2145,71.4807,4199.249,245.272,100.0,0.0,0,0,100.0,DRS,636.45
2146,71.514,4201.524,246.178,100.0,0.0,0,0,100.0,DRS,636.45
2147,71.5474,4203.807,247.073,100.0,0.0,0,0,100.0,DRS,636.45
2148,71.5807,4206.097,247.959,100.0,0.0,0,0,100.0,DRS,636.45
2149,71.614,4208.397,248.834,100.0,0.0,0,0,100.0,DRS,636.45
2150,71.6473,4210.705,249.699,100.0,0.0,0,0,100.0,DRS,636.45
2151,71.6807,4213.02,250.554,100.0,0.0,0,0,100.0,DRS,636.45
2152,71.714,4215.343,251.4,100.0,0.0,0,0,100.0,DRS,636.45
2153,71.7473,4217.674,252.237,100.0,0.0,0,0,100.0,DRS,636.45
2154,71.7806,4220.013,253.065,100.0,0.0,0,0,100.0,DRS,636.45
2155,71.814,4222.359,253.883,100.0,0.0,0,0,100.0,DRS,636.45
2156,71.8473,4224.713,254.692,100.0,0.0,0,0,100.0,DRS,636.45
2157,71.8806,4227.075,255.492,100.0,0.0,0,0,100.0,DRS,636.45
2158,71.9139,4229.443,256.283,100.0,0.0,0,0,100.0,DRS,636.45
2159,71.9473,4231.819,257.066,100.0,0.0,0,0,100.0,DRS,636.45
2160,71.9806,4234.202,257.84,100.0,0.0,0,0,100.0,DRS,636.45
2161,72.0139,4236.593,258.605,100.0,0.0,0,0,100.0,DRS,636.45
2162,72.0472,4238.99,259.362,100.0,0.0,0,0,100.0,DRS,636.45
2163,72.0806,4241.394,260.111,100.0,0.0,0,0,100.0,DRS,636.45
2164,72.1139,4243.805,260.852,100.0,0.0,0,0,100.0,DRS,636.45
2165,72.1472,4246.223,261.585,100.0,0.0,0,0,100.0,DRS,636.45
2166,72.1805,4248.648,262.309,100.0,0.0,0,0,100.0,DRS,636.45
2167,72.2139,4251.08,263.026,100.0,0.0,0,0,100.0,DRS,636.45
2168,72.2472,4253.518,263.735,100.0,0.0,0,0,100.0,DRS,636.45
2169,72.2805,4255.962,264.437,100.0,0.0,0,0,100.0,DRS,636.45
2170,72.3138,4258.413,265.13,100.0,0.0,0,0,100.0,DRS,636.45
2171,72.3471,4260.871,265.816,100.0,0.0,0,0,100.0,DRS,636.45
2172,72.3805,4263.335,266.495,100.0,0.0,0,0,100.0,DRS,636.45
2173,72.4138,4265.805,267.167,100.0,0.0,0,0,100.0,DRS,636.45
2174,72.4471,4268.28,267.831,100.0,0.0,0,0,100.0,DRS,636.45
2175,72.4804,4270.763,268.488,100.0,0.0,0,0,100.0,DRS,636.45
2176,72.5138,4273.252,269.138,100.0,0.0,0,0,100.0,DRS,636.45
2177,72.5471,4275.746,269.781,100.0,0.0,0,0,100.0,DRS,636.45
2178,72.5804,4278.246,270.417,100.0,0.0,0,0,100.0,DRS,636.45
2179,72.6137,4280.752,271.046,100.0,0.0,0,0,100.0,DRS,636.45
2180,72.6471,4283.264,271.669,100.0,0.0,0,0,100.0,DRS,636.45
2181,72.6804,4285.782,272.285,100.0,0.0,0,0,100.0,DRS,636.45
2182,72.7137,4288.305,272.895,100.0,0.0,0,0,100.0,DRS,636.45
2183,72.747,4290.834,273.497,100.0,0.0,0,0,100.0,DRS,636.45
2184,72.7804,4293.368,274.094,100.0,0.0,0,0,100.0,DRS,636.45
2185,72.8137,4295.908,274.684,100.0,0.0,0,0,100.0,DRS,636.45
2186,72.847,4298.453,275.268,100.0,0.0,0,0,100.0,DRS,636.45
2187,72.8803,4301.004,275.845,100.0,0.0,0,0,100.0,DRS,636.45
2188,72.9137,4303.56,276.417,100.0,0.0,0,0,100.0,DRS,636.45
2189,72.947,4306.122,276.983,100.0,0.0,0,0,100.0,DRS,636.45
2190,72.9803,4308.688,277.542,100.0,0.0,0,0,100.0,DRS,636.45
2191,73.0136,4311.26,278.095,100.0,0.0,0,0,100.0,DRS,636.45
2192,73.047,4313.837,278.643,100.0,0.0,0,0,100.0,DRS,636.45
2193,73.0803,4316.419,279.185,100.0,0.0,0,0,100.0,DRS,636.45
2194,73.1136,4319.006,279.721,100.0,0.0,0,0,100.0,DRS,636.45
2195,73.1469,4321.597,280.252,100.0,0.0,0,0,100.0,DRS,636.45
2196,73.1803,4324.194,280.777,100.0,0.0,0,0,100.0,DRS,636.45
2197,73.2136,4326.795,281.296,100.0,0.0,0,0,100.0,DRS,636.45
2198,73.2469,4329.402,281.81,100.0,0.0,0,0,100.0,DRS,636.45
2199,73.2802,4332.013,282.319,100.0,0.0,0,0,100.0,DRS,636.45
2200,73.3136,4334.628,282.822,100.0,0.0,0,0,100.0,DRS,636.45
2201,73.3469,4337.249,283.32,100.0,0.0,0,0,100.0,DRS,636.45
2202,73.3802,4339.874,283.812,100.0,0.0,0,0,100.0,DRS,636.45
2203,73.4135,4342.503,284.3,100.0,0.0,0,0,100.0,DRS,636.45
2204,73.4469,4345.137,284.782,100.0,0.0,0,0,100.0,DRS,636.45
2205,73.4802,4347.775,285.259,100.0,0.0,0,0,100.0,DRS,636.45
2206,73.5135,4350.418,285.732,100.0,0.0,0,0,100.0,DRS,636.45
2207,73.5468,4353.065,286.199,100.0,0.0,0,0,100.0,DRS,636.45
2208,73.5801,4355.717,286.662,100.0,0.0,0,0,100.0,DRS,636.45
2209,73.6135,4358.372,287.119,100.0,0.0,0,0,100.0,DRS,636.45
2210,73.6468,4361.032,287.572,100.0,0.0,0,0,100.0,DRS,636.45
2211,73.6801,4363.696,288.02,100.0,0.0,0,0,100.0,DRS,636.45
2212,73.7134,4366.364,288.464,100.0,0.0,0,0,100.0,DRS,636.45
2213,73.7468,4369.037,288.902,100.0,0.0,0,0,100.0,DRS,636.45
2214,73.7801,4371.713,289.336,100.0,0.0,0,0,100.0,DRS,636.45
2215,73.8134,4374.393,289.766,100.0,0.0,0,0,100.0,DRS,636.45
2216,73.8467,4377.078,290.191,100.0,0.0,0,0,100.0,DRS,636.45
2217,73.8801,4379.766,290.612,100.0,0.0,0,0,100.0,DRS,636.45
2218,73.9134,4382.458,291.028,100.0,0.0,0,0,100.0,DRS,636.45
2219,73.9467,4385.154,291.44,100.0,0.0,0,0,100.0,DRS,636.45
2220,73.98,4387.853,291.848,100.0,0.0,0,0,100.0,DRS,636.45
2221,74.0134,4390.557,292.252,100.0,0.0,0,0,100.0,DRS,636.45
2222,74.0467,4393.264,292.651,100.0,0.0,0,0,100.0,DRS,636.45
2223,74.08,4395.975,293.046,100.0,0.0,0,0,100.0,DRS,636.45
2224,74.1133,4398.689,293.437,100.0,0.0,0,0,100.0,DRS,636.45
2225,74.1467,4401.407,293.824,100.0,0.0,0,0,100.0,DRS,636.45
2226,74.18,4404.129,294.207,100.0,0.0,0,0,100.0,DRS,636.45
2227,74.2133,4406.854,294.586,100.0,0.0,0,0,100.0,DRS,636.45
2228,74.2466,4409.583,294.961,100.0,0.0,0,0,100.0,DRS,636.45
2229,74.28,4412.315,295.332,100.0,0.0,0,0,100.0,DRS,636.45
2230,74.3133,4415.05,295.699,100.0,0.0,0,0,100.0,DRS,636.45
2231,74.3466,4417.789,296.063,100.0,0.0,0,0,100.0,DRS,636.45
2232,74.3799,4420.532,296.422,100.0,0.0,0,0,100.0,DRS,636.45
2233,74.4133,4423.277,296.778,100.0,0.0,0,0,100.0,DRS,636.45
2234,74.4466,4426.026,297.131,100.0,0.0,0,0,100.0,DRS,636.45
2235,74.4799,4428.778,297.479,100.0,0.0,0,0,100.0,DRS,636.45
2236,74.5132,4431.533,297.824,100.0,0.0,0,0,100.0,DRS,636.45
2237,74.5466,4434.292,298.166,100.0,0.0,0,0,100.0,DRS,636.45
2238,74.5799,4437.053,298.503,100.0,0.0,0,0,100.0,DRS,636.45
2239,74.6132,4439.818,298.838,100.0,0.0,0,0,100.0,DRS,636.45
2240,74.6465,4442.586,299.169,100.0,0.0,0,0,100.0,DRS,636.45
2241,74.6799,4445.357,299.496,100.0,0.0,0,0,100.0,DRS,636.45
2242,74.7132,4448.131,299.82,100.0,0.0,0,0,100.0,DRS,636.45
2243,74.7465,4450.908,300.141,100.0,0.0,0,0,100.0,DRS,636.45
2244,74.7798,4453.687,300.458,100.0,0.0,0,0,100.0,DRS,636.45
2245,74.8131,4456.47,300.773,100.0,0.0,0,0,100.0,DRS,636.45
2246,74.8465,4459.256,301.083,100.0,0.0,0,0,100.0,DRS,636.45
2247,74.8798,4462.044,301.391,100.0,0.0,0,0,100.0,DRS,636.45
2248,74.9131,4464.835,301.696,100.0,0.0,0,0,100.0,DRS,636.45
2249,74.9464,4467.63,301.997,100.0,0.0,0,0,100.0,DRS,636.45
2250,74.9798,4470.426,302.295,100.0,0.0,0,0,100.0,DRS,636.45
2251,75.0131,4473.226,302.59,100.0,0.0,0,0,100.0,DRS,636.45
2252,75.0464,4476.028,302.883,100.0,0.0,0,0,100.0,DRS,636.45
2253,75.0797,4478.834,303.172,100.0,0.0,0,0,100.0,DRS,636.45
2254,75.1131,4481.641,303.458,100.0,0.0,0,0,100.0,DRS,636.45
2255,75.1464,4484.452,303.741,100.0,0.0,0,0,100.0,DRS,636.45
2256,75.1797,4487.265,304.021,100.0,0.0,0,0,100.0,DRS,636.45
2257,75.213,4490.08,304.299,100.0,0.0,0,0,100.0,DRS,636.45
2258,75.2464,4492.898,304.573,100.0,0.0,0,0,100.0,DRS,636.45
2259,75.2797,4495.719,304.845,100.0,0.0,0,0,100.0,DRS,636.45
2260,75.313,4498.542,305.114,100.0,0.0,0,0,100.0,DRS,636.45
2261,75.3463,4501.368,305.38,100.0,0.0,0,0,100.0,DRS,636.45
2262,75.3797,4504.195,305.643,100.0,0.0,0,0,100.0,DRS,636.45
2263,75.413,4507.026,305.904,100.0,0.0,0,0,100.0,DRS,636.45
2264,75.4463,4509.859,306.162,100.0,0.0,0,0,100.0,DRS,636.45
2265,75.4796,4512.694,306.417,100.0,0.0,0,0,100.0,DRS,636.45
2266,75.513,4515.532,306.67,100.0,0.0,0,0,100.0,DRS,636.45
2267,75.5463,4518.372,306.92,100.0,0.0,0,0,100.0,DRS,636.45
2268,75.5796,4521.214,307.167,100.0,0.0,0,0,100.0,DRS,636.45
2269,75.6129,4524.058,307.412,100.0,0.0,0,0,100.0,DRS,636.45
2270,75.6463,4526.905,307.654,100.0,0.0,0,0,100.0,DRS,636.45
2271,75.6796,4529.754,307.894,100.0,0.0,0,0,100.0,DRS,636.45
2272,75.7129,4532.605,308.132,100.0,0.0,0,0,100.0,DRS,636.45
2273,75.7462,4535.459,308.367,100.0,0.0,0,0,100.0,DRS,636.45
2274,75.7796,4538.314,308.599,100.0,0.0,0,0,100.0,DRS,636.45
2275,75.8129,4541.172,308.83,100.0,0.0,0,0,100.0,DRS,636.45
2276,75.8462,4544.032,309.057,100.0,0.0,0,0,100.0,DRS,636.45
2277,75.8795,4546.894,309.283,100.0,0.0,0,0,100.0,DRS,636.45
2278,75.9129,4549.758,309.506,100.0,0.0,0,0,100.0,DRS,636.45
2279,75.9462,4552.624,309.727,100.0,0.0,0,0,100.0,DRS,636.45
2280,75.9795,4555.492,309.945,100.0,0.0,0,0,100.0,DRS,636.45
2281,76.0128,4558.362,310.162,100.0,0.0,0,0,100.0,DRS,636.45
2282,76.0462,4561.234,310.376,100.0,0.0,0,0,100.0,DRS,636.45
2283,76.0795,4564.108,310.588,100.0,0.0,0,0,100.0,DRS,636.45
2284,76.1128,4566.984,310.797,100.0,0.0,0,0,100.0,DRS,636.45
2285,76.1461,4569.862,311.005,100.0,0.0,0,0,100.0,DRS,636.45
2286,76.1794,4572.742,311.21,100.0,0.0,0,0,100.0,DRS,636.45
2287,76.2128,4575.624,311.414,100.0,0.0,0,0,100.0,DRS,636.45
2288,76.2461,4578.507,311.615,100.0,0.0,0,0,100.0,DRS,636.45
2289,76.2794,4581.393,311.814,100.0,0.0,0,0,100.0,DRS,636.45
2290,76.3127,4584.28,312.011,100.0,0.0,0,0,100.0,DRS,636.45
2291,76.3461,4587.169,312.206,100.0,0.0,0,0,100.0,DRS,636.45
2292,76.3794,4590.06,312.4,100.0,0.0,0,0,100.0,DRS,636.45
2293,76.4127,4592.953,312.591,100.0,0.0,0,0,100.0,DRS,636.45
2294,76.446,4595.847,312.78,100.0,0.0,0,0,100.0,DRS,636.45
2295,76.4794,4598.743,312.967,100.0,0.0,0,0,100.0,DRS,636.45
2296,76.5127,4601.641,313.152,100.0,0.0,0,0,100.0,DRS,636.45
2297,76.546,4604.541,313.336,100.0,0.0,0,0,100.0,DRS,636.45
2298,76.5793,4607.442,313.517,100.0,0.0,0,0,100.0,DRS,636.45
2299,76.6127,4610.345,313.697,100.0,0.0,0,0,100.0,DRS,636.45
2300,76.646,4613.25,313.874,100.0,0.0,0,0,100.0,DRS,636.45
2301,76.6793,4616.156,314.05,100.0,0.0,0,0,100.0,DRS,636.45
2302,76.7126,4619.064,314.224,100.0,0.0,0,0,100.0,DRS,636.45
2303,76.746,4621.974,314.397,100.0,0.0,0,0,100.0,DRS,636.45
2304,76.7793,4624.885,314.567,100.0,0.0,0,0,100.0,DRS,636.45
2305,76.8126,4627.797,314.736,100.0,0.0,0,0,100.0,DRS,636.45
2306,76.8459,4630.711,314.903,100.0,0.0,0,0,100.0,DRS,636.45
2307,76.8793,4633.627,315.069,100.0,0.0,0,0,100.0,DRS,636.45
2308,76.9126,4636.545,315.232,100.0,0.0,0,0,100.0,DRS,636.45
2309,76.9459,4639.463,315.394,100.0,0.0,0,0,100.0,DRS,636.45
2310,76.9792,4642.384,315.555,100.0,0.0,0,0,100.0,DRS,636.45
2311,77.0126,4645.305,315.713,100.0,0.0,0,0,100.0,DRS,636.45
2312,77.0459,4648.228,315.87,100.0,0.0,0,0,100.0,DRS,636.45
2313,77.0792,4651.153,316.025,100.0,0.0,0,0,100.0,DRS,636.45
2314,77.1125,4654.079,316.179,100.0,0.0,0,0,100.0,DRS,636.45
2315,77.1459,4657.007,316.331,100.0,0.0,0,0,100.0,DRS,636.45
2316,77.1792,4659.936,316.481,100.0,0.0,0,0,100.0,DRS,636.45
2317,77.2125,4662.866,316.63,100.0,0.0,0,0,100.0,DRS,636.45
2318,77.2458,4665.798,316.777,100.0,0.0,0,0,100.0,DRS,636.45
2319,77.2792,4668.731,316.922,100.0,0.0,0,0,100.0,DRS,636.45
2320,77.3125,4671.665,317.065,100.0,0.0,0,0,100.0,DRS,636.45
2321,77.3458,4674.601,317.206,100.0,0.0,0,0,100.0,DRS,636.45
2322,77.3791,4677.538,317.345,100.0,0.0,0,0,100.0,DRS,636.45
2323,77.4124,4680.476,317.482,100.0,0.0,0,0,100.0,DRS,636.45
2324,77.4458,4683.415,317.617,100.0,0.0,0,0,100.0,DRS,636.45
2325,77.4791,4686.356,317.749,100.0,0.0,0,0,100.0,DRS,636.45
2326,77.5124,4689.298,317.877,100.0,0.0,0,0,100.0,DRS,636.45
2327,77.5457,4692.241,318.003,100.0,0.0,0,0,100.0,DRS,636.45
2328,77.5791,4695.185,318.125,100.0,0.0,0,0,100.0,DRS,636.45
2329,77.6124,4698.131,318.243,100.0,0.0,0,0,100.0,DRS,636.45
2330,77.6457,4701.077,318.356,100.0,0.0,0,0,100.0,DRS,636.45
2331,77.679,4704.024,318.464,100.0,0.0,0,0,100.0,DRS,636.45
2332,77.7124,4706.973,318.565,100.0,0.0,0,0,100.0,DRS,636.45
2333,77.7457,4709.922,318.659,100.0,0.0,0,0,100.0,DRS,636.45
2334,77.779,4712.872,318.745,100.0,0.0,0,0,100.0,DRS,636.45
2335,77.8123,4715.823,318.82,100.0,0.0,0,0,100.0,DRS,636.45
2336,77.8457,4718.775,318.884,100.0,0.0,0,0,100.0,DRS,636.45
2337,77.879,4721.727,318.935,100.0,0.0,0,0,100.0,DRS,636.45
2338,77.9123,4724.679,318.97,100.0,0.0,0,0,100.0,DRS,636.45
2339,77.9456,4727.632,318.987,100.0,0.0,0,0,100.0,DRS,636.45
2340,77.979,4730.585,318.985,100.0,0.0,0,0,100.0,DRS,636.45
2341,78.0123,4733.537,318.957,100.0,0.0,0,0,100.0,DRS,636.45
2342,78.0456,4736.49,318.905,100.0,0.0,0,0,100.0,DRS,636.45
2343,78.0789,4739.441,318.819,100.0,0.0,0,0,100.0,DRS,636.45
2344,78.1123,4742.392,318.702,100.0,0.0,0,0,100.0,DRS,636.45
2345,78.1456,4745.342,318.542,100.0,0.0,0,0,100.0,DRS,636.45
2346,78.1789,4748.289,318.342,100.0,0.0,0,0,100.0,DRS,636.45
2347,78.2122,4751.235,318.089,100.0,0.0,0,0,100.0,DRS,636.45
2348,78.2456,4754.178,317.786,100.0,0.0,0,0,100.0,DRS,636.45
2349,78.2789,4757.118,317.418,100.0,0.0,0,0,100.0,DRS,636.45
2350,78.3122,4760.054,316.989,100.0,0.0,0,0,100.0,DRS,636.45
2351,78.3455,4762.986,316.484,100.0,0.0,0,0,100.0,DRS,636.45
2352,78.3789,4765.913,315.905,100.0,0.0,0,0,100.0,DRS,636.45
2353,78.4122,4768.834,315.239,100.0,0.0,0,0,100.0,DRS,636.45
2354,78.4455,4771.749,314.485,100.0,0.0,0,0,100.0,DRS,636.45
2355,78.4788,4774.656,313.636,100.0,0.0,0,0,100.0,DRS,636.45
2356,78.5122,4777.555,312.683,100.0,0.0,0,0,100.0,DRS,636.45
2357,78.5455,4780.445,311.63,100.0,0.0,0,0,100.0,FULL,636.45
2358,78.5788,4783.324,310.459,100.0,0.0,0,0,100.0,FULL,636.45
2359,78.6121,4786.193,309.183,100.0,0.0,0,0,100.0,FULL,636.45
2360,78.6454,4789.047,307.777,100.0,0.0,0,0,100.0,FULL,636.45
2361,78.6788,4791.89,306.258,100.0,0.0,0,0,100.0,FULL,636.45
2362,78.7121,4794.717,304.615,100.0,0.0,0,0,100.0,FULL,636.45
2363,78.7454,4797.529,302.848,100.0,0.0,0,0,100.0,FULL,636.45
2364,78.7787,4800.324,300.968,100.0,0.0,0,0,100.0,FULL,636.45
2365,78.8121,4803.1,298.955,100.0,0.0,0,0,100.0,FULL,636.45
2366,78.8454,4805.858,296.833,100.0,0.0,0,0,100.0,FULL,636.45
2367,78.8787,4808.595,294.596,100.0,0.0,0,0,100.0,FULL,636.45
2368,78.912,4811.311,292.245,100.0,0.0,0,0,100.0,FULL,636.45
2369,78.9454,4814.006,289.799,100.0,0.0,0,0,100.0,FULL,636.45
2370,78.9787,4816.676,287.247,100.0,0.0,0,0,100.0,FULL,636.45
2371,79.012,4819.322,284.579,100.0,0.0,0,0,100.0,FULL,636.45
2372,79.0453,4821.944,281.779,100.0,0.0,0,0,100.0,FULL,98.98
2373,79.0787,4824.539,278.829,0.0,100.0,0,0,100.0,REGEN,0.0
2374,79.112,4827.105,275.732,0.0,100.0,0,0,100.0,REGEN,0.0
2375,79.1453,4829.643,272.504,0.0,100.0,0,0,100.0,REGEN,0.0
2376,79.1786,4832.151,269.15,0.0,100.0,0,0,100.0,REGEN,0.0
2377,79.212,4834.625,265.661,0.0,100.0,0,0,100.0,REGEN,0.0
2378,79.2453,4837.067,262.055,0.0,100.0,0,0,100.0,REGEN,0.0
2379,79.2786,4839.475,258.346,0.0,100.0,0,0,100.0,REGEN,0.0
2380,79.3119,4841.85,254.533,0.0,100.0,0,0,100.0,REGEN,0.0
2381,79.3453,4844.185,249.364,0.0,100.0,0,0,100.0,REGEN,0.0
2382,79.3786,4846.466,243.783,0.0,100.0,0,0,100.0,REGEN,0.0
2383,79.4119,4848.696,238.393,0.0,100.0,0,0,100.0,REGEN,0.0
2384,79.4452,4850.878,233.197,0.0,100.0,0,0,100.0,REGEN,0.0
2385,79.4786,4853.013,228.17,0.0,100.0,0,0,100.0,REGEN,0.0
2386,79.5119,4855.102,223.304,0.0,100.0,0,0,100.0,REGEN,0.0
2387,79.5452,4857.147,218.655,0.0,100.0,0,0,100.0,REGEN,0.0
2388,79.5785,4859.15,214.2,0.0,100.0,0,0,100.0,REGEN,0.0
2389,79.6119,4861.113,209.935,0.0,100.0,0,0,100.0,REGEN,0.0
2390,79.6452,4863.038,205.857,0.0,100.0,0,0,100.0,REGEN,0.0
2391,79.6785,4864.925,201.942,0.0,100.0,0,0,100.0,REGEN,0.0
2392,79.7118,4866.778,198.153,0.0,100.0,0,0,100.0,REGEN,0.0
2393,79.7452,4868.596,194.478,0.0,100.0,0,0,100.0,REGEN,0.0
2394,79.7785,4870.382,190.915,0.0,100.0,0,0,100.0,REGEN,0.0
2395,79.8118,4872.131,187.476,0.0,100.0,0,0,100.0,REGEN,0.0
2396,79.8451,4873.849,184.142,0.0,100.0,0,0,100.0,REGEN,0.0
2397,79.8784,4875.538,180.898,0.0,100.0,0,0,100.0,REGEN,0.0
2398,79.9118,4877.197,177.733,0.0,100.0,0,0,100.0,REGEN,0.0
2399,79.9451,4878.83,174.638,0.0,100.0,0,0,100.0,REGEN,0.0
2400,79.9784,4880.435,171.603,0.0,100.0,0,0,100.0,REGEN,0.0
2401,80.0117,4882.007,168.63,0.0,100.0,0,0,100.0,REGEN,0.0
2402,80.0451,4883.552,165.691,0.0,100.0,0,0,100.0,REGEN,0.0
2403,80.0784,4885.073,162.863,0.0,100.0,0,0,100.0,REGEN,0.0
2404,80.1117,4886.572,160.166,0.0,100.0,0,0,100.0,REGEN,0.0
2405,80.145,4888.041,157.581,0.0,100.0,0,0,100.0,REGEN,0.0
2406,80.1784,4889.484,154.895,0.0,100.0,0,0,100.0,REGEN,0.0
2407,80.2117,4890.907,152.216,0.0,100.0,0,0,100.0,REGEN,0.0
2408,80.245,4892.308,149.603,0.0,100.0,0,0,100.0,REGEN,0.0
2409,80.2783,4893.677,147.14,0.0,100.0,0,0,100.0,REGEN,0.0
2410,80.3117,4895.028,144.762,0.0,100.0,0,0,100.0,REGEN,0.0
2411,80.345,4896.362,142.466,0.0,100.0,0,0,100.0,REGEN,0.0
2412,80.3783,4897.666,140.313,0.0,100.0,0,0,100.0,REGEN,0.0
2413,80.4116,4898.956,138.219,0.0,100.0,0,0,100.0,REGEN,0.0
2414,80.445,4900.229,136.194,0.0,100.0,0,0,100.0,REGEN,0.0
2415,80.4783,4901.476,134.264,0.0,100.0,0,0,100.0,REGEN,0.0
2416,80.5116,4902.713,132.375,0.0,100.0,0,0,100.0,REGEN,0.0
2417,80.5449,4903.929,130.558,0.0,100.0,0,0,100.0,REGEN,0.0
2418,80.5783,4905.128,128.801,0.0,100.0,0,0,100.0,REGEN,0.0
2419,80.6116,4906.317,127.08,0.0,100.0,0,0,100.0,REGEN,0.0
2420,80.6449,4907.481,125.465,0.0,100.0,0,0,100.0,REGEN,0.0
2421,80.6782,4908.638,123.894,0.0,100.0,0,0,100.0,REGEN,0.0
2422,80.7116,4909.776,122.455,0.0,100.0,0,0,100.0,REGEN,0.0
2423,80.7449,4910.904,121.127,0.0,100.0,0,0,100.0,REGEN,0.0
2424,80.7782,4912.021,119.926,0.0,100.0,0,0,100.0,REGEN,0.0
2425,80.8115,4913.124,118.806,0.0,100.0,0,0,100.0,REGEN,0.0
2426,80.8449,4914.222,117.726,0.0,100.0,0,0,100.0,REGEN,0.0
2427,80.8782,4915.302,116.421,0.0,100.0,0,0,100.0,REGEN,0.0
2428,80.9115,4916.378,115.077,0.0,100.0,0,0,100.0,REGEN,0.0
2429,80.9448,4917.429,113.406,0.0,100.0,0,0,100.0,REGEN,0.0
2430,80.9782,4918.476,111.718,0.0,100.0,0,0,100.0,REGEN,0.0
2431,81.0115,4919.495,109.883,0.0,100.0,0,0,100.0,REGEN,0.0
2432,81.0448,4920.51,108.054,0.0,100.0,0,0,100.0,REGEN,0.0
2433,81.0781,4921.496,106.269,0.0,100.0,0,0,100.0,REGEN,0.0
2434,81.1115,4922.478,104.504,0.0,100.0,0,0,100.0,REGEN,0.0
2435,81.1448,4923.432,102.929,0.0,100.0,0,0,100.0,REGEN,0.0
2436,81.1781,4924.385,101.354,0.0,100.0,0,0,100.0,REGEN,0.0
2437,81.2114,4925.311,100.091,0.0,100.0,0,0,100.0,REGEN,0.0
2438,81.2447,4926.236,98.832,0.0,100.0,0,0,100.0,REGEN,0.0
2439,81.2781,4927.144,97.921,100.0,100.0,0,0,100.0,REGEN,235.66
2440,81.3114,4928.048,97.086,100.0,100.0,0,0,100.0,REGEN,523.01
2441,81.3447,4928.947,96.685,100.0,0.0,0,0,100.0,FULL,636.45
2442,81.378,4929.841,96.567,100.0,0.0,0,0,100.0,FULL,636.45
2443,81.4114,4930.735,96.449,100.0,0.0,0,0,100.0,FULL,636.45
2444,81.4447,4931.627,96.331,100.0,0.0,0,0,100.0,FULL,636.45
2445,81.478,4932.518,96.213,100.0,0.0,0,0,100.0,FULL,636.45
2446,81.5113,4933.408,96.095,100.0,0.0,0,0,100.0,FULL,636.45
2447,81.5447,4934.297,95.977,100.0,0.0,0,0,100.0,FULL,636.45
2448,81.578,4935.185,95.86,100.0,0.0,0,0,100.0,FULL,636.45
2449,81.6113,4936.072,95.743,100.0,0.0,0,0,100.0,FULL,636.45
2450,81.6446,4936.957,95.627,100.0,0.0,0,0,100.0,FULL,636.45
2451,81.678,4937.842,95.511,100.0,0.0,0,0,100.0,FULL,636.45
2452,81.7113,4938.726,95.395,100.0,0.0,0,0,100.0,FULL,636.45
2453,81.7446,4939.608,95.279,100.0,0.0,0,0,100.0,FULL,636.45
2454,81.7779,4940.49,95.187,100.0,0.0,0,0,100.0,FULL,636.45
2455,81.8113,4941.374,95.417,100.0,0.0,0,0,100.0,FULL,636.45
2456,81.8446,4942.257,95.646,100.0,0.0,0,0,100.0,FULL,636.45
2457,81.8779,4943.146,96.054,100.0,0.0,0,0,100.0,FULL,636.45
2458,81.9112,4944.037,96.505,100.0,0.0,0,0,100.0,FULL,636.45
2459,81.9446,4944.932,96.957,100.0,0.0,0,0,100.0,FULL,636.45
2460,81.9779,4945.832,97.412,100.0,0.0,0,0,100.0,FULL,636.45
2461,82.0112,4946.735,97.841,100.0,0.0,0,0,100.0,FULL,636.45
2462,82.0445,4947.643,98.226,100.0,0.0,0,0,100.0,FULL,636.45
2463,82.0779,4948.553,98.611,100.0,0.0,0,0,100.0,FULL,636.45
2464,82.1112,4949.469,98.999,100.0,0.0,0,0,100.0,FULL,636.45
2465,82.1445,4950.385,99.387,100.0,0.0,0,0,100.0,FULL,636.45
2466,82.1778,4951.309,99.778,100.0,0.0,0,0,100.0,FULL,636.45
2467,82.2112,4952.233,100.169,100.0,0.0,0,0,100.0,FULL,636.45
2468,82.2445,4953.163,100.563,100.0,0.0,0,0,100.0,FULL,636.45
2469,82.2778,4954.095,100.958,100.0,0.0,0,0,100.0,FULL,636.45
2470,82.3111,4955.032,101.356,100.0,0.0,0,0,100.0,FULL,636.45
2471,82.3445,4955.972,101.756,100.0,0.0,0,0,100.0,FULL,636.45
2472,82.3778,4956.916,102.159,100.0,0.0,0,0,100.0,FULL,636.45
2473,82.4111,4957.864,102.564,100.0,0.0,0,0,100.0,FULL,636.45
2474,82.4444,4958.815,102.97,100.0,0.0,0,0,100.0,FULL,636.45
2475,82.4777,4959.77,103.379,100.0,0.0,0,0,100.0,FULL,636.45
2476,82.5111,4960.728,103.788,100.0,0.0,0,0,100.0,FULL,636.45
2477,82.5444,4961.692,104.198,100.0,0.0,0,0,100.0,FULL,636.45
2478,82.5777,4962.658,104.692,100.0,0.0,0,0,100.0,FULL,636.45
2479,82.611,4963.631,105.34,100.0,0.0,0,0,100.0,FULL,636.45
2480,82.6444,4964.609,106.126,100.0,0.0,0,0,100.0,FULL,636.45
2481,82.6777,4965.599,107.226,100.0,0.0,0,0,100.0,FULL,636.45
2482,82.711,4966.595,108.378,100.0,0.0,0,0,100.0,FULL,636.45
2483,82.7443,4967.606,109.663,100.0,0.0,0,0,100.0,FULL,636.45
2484,82.7777,4968.625,110.953,100.0,0.0,0,0,100.0,FULL,636.45
2485,82.811,4969.66,112.25,100.0,0.0,0,0,100.0,FULL,636.45
2486,82.8443,4970.703,113.505,100.0,0.0,0,0,100.0,FULL,636.45
2487,82.8776,4971.76,114.687,100.0,0.0,0,0,100.0,FULL,636.45
2488,82.911,4972.826,115.759,100.0,0.0,0,0,100.0,FULL,636.45
2489,82.9443,4973.902,116.711,100.0,0.0,0,0,100.0,FULL,636.45
2490,82.9776,4974.986,117.463,100.0,0.0,0,0,100.0,FULL,636.45
2491,83.0109,4976.075,118.097,100.0,0.0,0,0,100.0,FULL,636.45
2492,83.0443,4977.171,118.565,100.0,0.0,0,0,100.0,FULL,636.45
2493,83.0776,4978.269,118.993,100.0,0.0,0,0,100.0,FULL,636.45
2494,83.1109,4979.376,119.639,100.0,0.0,0,0,100.0,DRS,636.45
2495,83.1442,4980.485,120.334,100.0,0.0,0,0,100.0,DRS,636.45
2496,83.1776,4981.605,121.233,100.0,0.0,0,0,100.0,DRS,636.45
2497,83.2109,4982.731,122.19,100.0,0.0,0,0,100.0,DRS,636.45
2498,83.2442,4983.867,123.235,100.0,0.0,0,0,100.0,DRS,636.45
2499,83.2775,4985.013,124.309,100.0,0.0,0,0,100.0,DRS,636.45
2500,83.3109,4986.167,125.399,100.0,0.0,0,0,100.0,DRS,636.45
2501,83.3442,4987.335,126.505,100.0,0.0,0,0,100.0,DRS,636.45
2502,83.3775,4988.509,127.616,100.0,0.0,0,0,100.0,DRS,636.45
2503,83.4108,4989.697,128.736,100.0,0.0,0,0,100.0,DRS,636.45
2504,83.4442,4990.894,129.864,100.0,0.0,0,0,100.0,DRS,636.45
2505,83.4775,4992.1,131.001,100.0,0.0,0,0,100.0,DRS,636.45
2506,83.5108,4993.32,132.17,100.0,0.0,0,0,100.0,DRS,636.45
2507,83.5441,4994.547,133.362,100.0,0.0,0,0,100.0,DRS,636.45
2508,83.5775,4995.789,134.619,100.0,0.0,0,0,100.0,DRS,636.45
2509,83.6108,4997.041,135.865,100.0,0.0,0,0,100.0,DRS,636.45
2510,83.6441,4998.301,137.103,100.0,0.0,0,0,100.0,DRS,636.45
2511,83.6774,4999.581,138.526,100.0,0.0,0,0,100.0,DRS,636.45
2512,83.7107,5000.869,139.988,100.0,0.0,0,0,100.0,DRS,636.45
2513,83.7441,5002.17,141.503,100.0,0.0,0,0,100.0,DRS,636.45
2514,83.7774,5003.489,143.03,100.0,0.0,0,0,100.0,DRS,636.45
2515,83.8107,5004.82,144.563,100.0,0.0,0,0,100.0,DRS,636.45
2516,83.844,5006.163,146.103,100.0,0.0,0,0,100.0,DRS,636.45
2517,83.8774,5007.525,147.669,100.0,0.0,0,0,100.0,DRS,636.45
2518,83.9107,5008.899,149.259,100.0,0.0,0,0,100.0,DRS,636.45
2519,83.944,5010.285,150.878,100.0,0.0,0,0,100.0,DRS,636.45
2520,83.9773,5011.693,152.534,100.0,0.0,0,0,100.0,DRS,636.45
2521,84.0107,5013.113,154.208,100.0,0.0,0,0,100.0,DRS,636.45
2522,84.044,5014.546,155.897,100.0,0.0,0,0,100.0,DRS,636.45
2523,84.0773,5015.997,157.604,100.0,0.0,0,0,100.0,DRS,636.45
2524,84.1106,5017.466,159.318,100.0,0.0,0,0,100.0,DRS,636.45
2525,84.144,5018.948,161.036,100.0,0.0,0,0,100.0,DRS,636.45
2526,84.1773,5020.444,162.756,100.0,0.0,0,0,100.0,DRS,636.45
2527,84.2106,5021.96,164.479,100.0,0.0,0,0,100.0,DRS,636.45
2528,84.2439,5023.492,166.201,100.0,0.0,0,0,100.0,DRS,636.45
2529,84.2773,5025.038,167.922,100.0,0.0,0,0,100.0,DRS,636.45
2530,84.3106,5026.599,169.637,100.0,0.0,0,0,100.0,DRS,636.45
2531,84.3439,5028.177,171.327,100.0,0.0,0,0,100.0,DRS,636.45
2532,84.3772,5029.771,172.939,100.0,0.0,0,0,100.0,DRS,636.45
2533,84.4106,5031.38,174.537,100.0,0.0,0,0,100.0,DRS,636.45
2534,84.4439,5033.002,176.133,100.0,0.0,0,0,100.0,DRS,636.45
2535,84.4772,5034.639,177.725,100.0,0.0,0,0,100.0,DRS,636.45
2536,84.5105,5036.291,179.312,100.0,0.0,0,0,100.0,DRS,636.45
2537,84.5439,5037.96,180.892,100.0,0.0,0,0,100.0,DRS,636.45
2538,84.5772,5039.642,182.465,100.0,0.0,0,0,100.0,DRS,636.45
2539,84.6105,5041.338,184.031,100.0,0.0,0,0,100.0,DRS,636.45
2540,84.6438,5043.049,185.588,100.0,0.0,0,0,100.0,DRS,636.45
2541,84.6772,5044.773,187.135,100.0,0.0,0,0,100.0,DRS,636.45
2542,84.7105,5046.511,188.673,100.0,0.0,0,0,100.0,DRS,636.45
2543,84.7438,5048.265,190.199,100.0,0.0,0,0,100.0,DRS,636.45
2544,84.7771,5050.034,191.713,100.0,0.0,0,0,100.0,DRS,636.45
2545,84.8105,5051.816,193.215,100.0,0.0,0,0,100.0,DRS,636.45
2546,84.8438,5053.611,194.705,100.0,0.0,0,0,100.0,DRS,636.45
2547,84.8771,5055.42,196.182,100.0,0.0,0,0,100.0,DRS,636.45
2548,84.9104,5057.243,197.646,100.0,0.0,0,0,100.0,DRS,636.45
2549,84.9437,5059.079,199.097,100.0,0.0,0,0,100.0,DRS,636.45
2550,84.9771,5060.929,200.533,100.0,0.0,0,0,100.0,DRS,636.45
2551,85.0104,5062.791,201.955,100.0,0.0,0,0,100.0,DRS,636.45
2552,85.0437,5064.667,203.363,100.0,0.0,0,0,100.0,DRS,636.45
2553,85.077,5066.555,204.756,100.0,0.0,0,0,100.0,DRS,636.45
2554,85.1104,5068.457,206.134,100.0,0.0,0,0,100.0,DRS,636.45
2555,85.1437,5070.371,207.496,100.0,0.0,0,0,100.0,DRS,636.45
2556,85.177,5072.299,208.843,100.0,0.0,0,0,100.0,DRS,636.45
2557,85.2103,5074.238,210.175,100.0,0.0,0,0,100.0,DRS,636.45
2558,85.2437,5076.19,211.492,100.0,0.0,0,0,100.0,DRS,636.45
2559,85.277,5078.154,212.794,100.0,0.0,0,0,100.0,DRS,636.45
2560,85.3103,5080.13,214.08,100.0,0.0,0,0,100.0,DRS,636.45
2561,85.3436,5082.117,215.352,100.0,0.0,0,0,100.0,DRS,636.45
2562,85.377,5084.116,216.609,100.0,0.0,0,0,100.0,DRS,636.45
2563,85.4103,5086.127,217.85,100.0,0.0,0,0,100.0,DRS,636.45
2564,85.4436,5088.149,219.077,100.0,0.0,0,0,100.0,DRS,636.45
2565,85.4769,5090.183,220.29,100.0,0.0,0,0,100.0,DRS,636.45
2566,85.5103,5092.228,221.488,100.0,0.0,0,0,100.0,DRS,636.45
2567,85.5436,5094.283,222.672,100.0,0.0,0,0,100.0,DRS,636.45
2568,85.5769,5096.35,223.841,100.0,0.0,0,0,100.0,DRS,636.45
2569,85.6102,5098.427,224.997,100.0,0.0,0,0,100.0,DRS,636.45
2570,85.6436,5100.515,226.139,100.0,0.0,0,0,100.0,DRS,636.45
2571,85.6769,5102.614,227.267,100.0,0.0,0,0,100.0,DRS,636.45
2572,85.7102,5104.723,228.381,100.0,0.0,0,0,100.0,DRS,636.45
2573,85.7435,5106.842,229.482,100.0,0.0,0,0,100.0,DRS,636.45
2574,85.7769,5108.972,230.57,100.0,0.0,0,0,100.0,DRS,636.45
2575,85.8102,5111.111,231.646,100.0,0.0,0,0,100.0,DRS,636.45
2576,85.8435,5113.26,232.708,100.0,0.0,0,0,100.0,DRS,636.45
2577,85.8768,5115.419,233.759,100.0,0.0,0,0,100.0,DRS,636.45
2578,85.9102,5117.588,234.797,100.0,0.0,0,0,100.0,DRS,636.45
2579,85.9435,5119.766,235.823,100.0,0.0,0,0,100.0,DRS,636.45
2580,85.9768,5121.954,236.837,100.0,0.0,0,0,100.0,DRS,636.45
2581,86.0101,5124.15,237.839,100.0,0.0,0,0,100.0,DRS,636.45
2582,86.0435,5126.356,238.83,100.0,0.0,0,0,100.0,DRS,636.45
2583,86.0768,5128.571,239.809,100.0,0.0,0,0,100.0,DRS,636.45
2584,86.1101,5130.796,240.777,100.0,0.0,0,0,100.0,DRS,636.45
2585,86.1434,5133.03,241.733,100.0,0.0,0,0,100.0,DRS,636.45
2586,86.1768,5135.272,242.679,100.0,0.0,0,0,100.0,DRS,636.45
2587,86.2101,5137.523,243.614,100.0,0.0,0,0,100.0,DRS,636.45
2588,86.2434,5139.782,244.538,100.0,0.0,0,0,100.0,DRS,636.45
2589,86.2767,5142.05,245.452,100.0,0.0,0,0,100.0,DRS,636.45
2590,86.31,5144.325,246.356,100.0,0.0,0,0,100.0,DRS,636.45
2591,86.3434,5146.61,247.249,100.0,0.0,0,0,100.0,DRS,636.45
2592,86.3767,5148.903,248.132,100.0,0.0,0,0,100.0,DRS,636.45
2593,86.41,5151.204,249.005,100.0,0.0,0,0,100.0,DRS,636.45
2594,86.4433,5153.513,249.868,100.0,0.0,0,0,100.0,DRS,636.45
2595,86.4767,5155.83,250.722,100.0,0.0,0,0,100.0,DRS,636.45
2596,86.51,5158.155,251.566,100.0,0.0,0,0,100.0,DRS,636.45
2597,86.5433,5160.487,252.402,100.0,0.0,0,0,100.0,DRS,636.45
2598,86.5766,5162.827,253.227,100.0,0.0,0,0,100.0,DRS,636.45
2599,86.61,5165.176,254.043,100.0,0.0,0,0,100.0,DRS,636.45
2600,86.6433,5167.531,254.85,100.0,0.0,0,0,100.0,DRS,636.45
2601,86.6766,5169.894,255.649,100.0,0.0,0,0,100.0,DRS,636.45
2602,86.7099,5172.264,256.439,100.0,0.0,0,0,100.0,DRS,636.45
2603,86.7433,5174.641,257.22,100.0,0.0,0,0,100.0,DRS,636.45
2604,86.7766,5177.026,257.992,100.0,0.0,0,0,100.0,DRS,636.45
2605,86.8099,5179.418,258.755,100.0,0.0,0,0,100.0,DRS,636.45
2606,86.8432,5181.816,259.511,100.0,0.0,0,0,100.0,DRS,636.45
2607,86.8766,5184.222,260.258,100.0,0.0,0,0,100.0,DRS,636.45
2608,86.9099,5186.634,260.998,100.0,0.0,0,0,100.0,DRS,636.45
2609,86.9432,5189.054,261.728,100.0,0.0,0,0,100.0,DRS,636.45
2610,86.9765,5191.48,262.451,100.0,0.0,0,0,100.0,DRS,636.45
2611,87.0099,5193.913,263.167,100.0,0.0,0,0,100.0,DRS,636.45
2612,87.0432,5196.352,263.874,100.0,0.0,0,0,100.0,DRS,636.45
2613,87.0765,5198.798,264.574,100.0,0.0,0,0,100.0,DRS,636.45
2614,87.1098,5201.25,265.266,100.0,0.0,0,0,100.0,DRS,636.45
2615,87.1432,5203.709,265.951,100.0,0.0,0,0,100.0,DRS,636.45
2616,87.1765,5206.174,266.628,100.0,0.0,0,0,100.0,DRS,636.45
2617,87.2098,5208.645,267.298,100.0,0.0,0,0,100.0,DRS,636.45
2618,87.2431,5211.122,267.961,100.0,0.0,0,0,100.0,DRS,636.45
2619,87.2765,5213.606,268.617,100.0,0.0,0,0,100.0,DRS,636.45
2620,87.3098,5216.095,269.265,100.0,0.0,0,0,100.0,DRS,636.45
2621,87.3431,5218.591,269.907,100.0,0.0,0,0,100.0,DRS,636.45
2622,87.3764,5221.092,270.542,100.0,0.0,0,0,100.0,DRS,636.45
2623,87.4098,5223.6,271.17,100.0,0.0,0,0,100.0,DRS,636.45
2624,87.4431,5226.113,271.791,100.0,0.0,0,0,100.0,DRS,636.45
2625,87.4764,5228.631,272.406,100.0,0.0,0,0,100.0,DRS,636.45
2626,87.5097,5231.156,273.014,100.0,0.0,0,0,100.0,DRS,636.45
2627,87.543,5233.686,273.616,100.0,0.0,0,0,100.0,DRS,636.45
2628,87.5764,5236.221,274.211,100.0,0.0,0,0,100.0,DRS,636.45
2629,87.6097,5238.762,274.8,100.0,0.0,0,0,100.0,DRS,636.45
2630,87.643,5241.309,275.382,100.0,0.0,0,0,100.0,DRS,636.45
2631,87.6763,5243.861,275.959,100.0,0.0,0,0,100.0,DRS,636.45
2632,87.7097,5246.418,276.529,100.0,0.0,0,0,100.0,DRS,636.45
2633,87.743,5248.98,277.094,100.0,0.0,0,0,100.0,DRS,636.45
2634,87.7763,5251.548,277.652,100.0,0.0,0,0,100.0,DRS,636.45
2635,87.8096,5254.12,278.204,100.0,0.0,0,0,100.0,DRS,636.45
2636,87.843,5256.698,278.751,100.0,0.0,0,0,100.0,DRS,636.45
2637,87.8763,5259.281,279.291,100.0,0.0,0,0,100.0,DRS,636.45
2638,87.9096,5261.869,279.826,100.0,0.0,0,0,100.0,DRS,636.45
2639,87.9429,5264.461,280.356,100.0,0.0,0,0,100.0,DRS,636.45
2640,87.9763,5267.059,280.88,100.0,0.0,0,0,100.0,DRS,636.45
2641,88.0096,5269.662,281.398,100.0,0.0,0,0,100.0,DRS,636.45
2642,88.0429,5272.269,281.911,100.0,0.0,0,0,100.0,DRS,636.45
2643,88.0762,5274.881,282.418,100.0,0.0,0,0,100.0,DRS,636.45
2644,88.1096,5277.497,282.92,100.0,0.0,0,0,100.0,DRS,636.45
2645,88.1429,5280.119,283.417,100.0,0.0,0,0,100.0,DRS,636.45
2646,88.1762,5282.744,283.909,100.0,0.0,0,0,100.0,DRS,636.45
2647,88.2095,5285.375,284.395,100.0,0.0,0,0,100.0,DRS,636.45
2648,88.2429,5288.01,284.877,100.0,0.0,0,0,100.0,DRS,636.45
2649,88.2762,5290.649,285.353,100.0,0.0,0,0,100.0,DRS,636.45
2650,88.3095,5293.292,285.824,100.0,0.0,0,0,100.0,DRS,636.45
2651,88.3428,5295.94,286.291,100.0,0.0,0,0,100.0,DRS,636.45
2652,88.3762,5298.592,286.752,100.0,0.0,0,0,100.0,DRS,636.45
2653,88.4095,5301.249,287.209,100.0,0.0,0,0,100.0,DRS,636.45
2654,88.4428,5303.91,287.661,100.0,0.0,0,0,100.0,DRS,636.45
2655,88.4761,5306.575,288.108,100.0,0.0,0,0,100.0,DRS,636.45
2656,88.5095,5309.244,288.55,100.0,0.0,0,0,100.0,DRS,636.45
2657,88.5428,5311.917,288.988,100.0,0.0,0,0,100.0,DRS,636.45
2658,88.5761,5314.594,289.421,100.0,0.0,0,0,100.0,DRS,636.45
2659,88.6094,5317.275,289.85,100.0,0.0,0,0,100.0,DRS,636.45
2660,88.6428,5319.96,290.274,100.0,0.0,0,0,100.0,DRS,636.45
2661,88.6761,5322.649,290.694,100.0,0.0,0,0,100.0,DRS,636.45
2662,88.7094,5325.342,291.109,100.0,0.0,0,0,100.0,DRS,636.45
2663,88.7427,5328.038,291.52,100.0,0.0,0,0,100.0,DRS,636.45
2664,88.776,5330.739,291.926,100.0,0.0,0,0,100.0,DRS,636.45
2665,88.8094,5333.443,292.328,100.0,0.0,0,0,100.0,DRS,636.45
2666,88.8427,5336.151,292.726,100.0,0.0,0,0,100.0,DRS,636.45
2667,88.876,5338.862,293.119,100.0,0.0,0,0,100.0,DRS,636.45
2668,88.9093,5341.578,293.508,100.0,0.0,0,0,100.0,DRS,636.45
2669,88.9427,5344.296,293.893,100.0,0.0,0,0,100.0,DRS,636.45
2670,88.976,5347.018,294.274,100.0,0.0,0,0,100.0,DRS,636.45
2671,89.0093,5349.744,294.65,100.0,0.0,0,0,100.0,DRS,636.45
2672,89.0426,5352.473,295.022,100.0,0.0,0,0,100.0,DRS,636.45
2673,89.076,5355.206,295.389,100.0,0.0,0,0,100.0,DRS,636.45
2674,89.1093,5357.942,295.751,100.0,0.0,0,0,100.0,DRS,636.45
2675,89.1426,5360.681,296.11,100.0,0.0,0,0,100.0,DRS,636.45
2676,89.1759,5363.424,296.463,100.0,0.0,0,0,100.0,DRS,636.45
2677,89.2093,5366.17,296.812,100.0,0.0,0,0,100.0,DRS,636.45
2678,89.2426,5368.919,297.156,100.0,0.0,0,0,100.0,DRS,636.45
2679,89.2759,5371.671,297.495,100.0,0.0,0,0,100.0,DRS,636.45
2680,89.3092,5374.427,297.829,100.0,0.0,0,0,100.0,DRS,636.45
2681,89.3426,5377.185,298.157,100.0,0.0,0,0,100.0,DRS,636.45
2682,89.3759,5379.947,298.48,100.0,0.0,0,0,100.0,DRS,636.45
2683,89.4092,5382.711,298.797,100.0,0.0,0,0,100.0,DRS,636.45
2684,89.4425,5385.479,299.108,100.0,0.0,0,0,100.0,DRS,636.45
2685,89.4759,5388.249,299.414,100.0,0.0,0,0,100.0,DRS,636.45
2686,89.5092,5391.022,299.712,100.0,0.0,0,0,100.0,DRS,636.45
2687,89.5425,5393.797,300.004,100.0,0.0,0,0,100.0,DRS,636.45
2688,89.5758,5396.576,300.29,100.0,0.0,0,0,100.0,DRS,636.45
2689,89.6092,5399.357,300.567,100.0,0.0,0,0,100.0,DRS,636.45
2690,89.6425,5402.14,300.838,100.0,0.0,0,0,100.0,DRS,636.45
2691,89.6758,5404.926,301.1,100.0,0.0,0,0,100.0,DRS,636.45
2692,89.7091,5407.715,301.355,100.0,0.0,0,0,100.0,DRS,636.45
2693,89.7425,5410.505,301.601,100.0,0.0,0,0,100.0,DRS,636.45
2694,89.7758,5413.298,301.838,100.0,0.0,0,0,100.0,DRS,636.45
2695,89.8091,5416.093,302.068,100.0,0.0,0,0,100.0,DRS,636.45
2696,89.8424,5418.891,302.288,100.0,0.0,0,0,100.0,DRS,636.45
2697,89.8758,5421.69,302.498,100.0,0.0,0,0,100.0,DRS,636.45
2698,89.9091,5424.491,302.7,100.0,0.0,0,0,100.0,DRS,636.45
2699,89.9424,5427.294,302.892,100.0,0.0,0,0,100.0,DRS,636.45
2700,89.9757,5430.098,303.075,100.0,0.0,0,0,100.0,DRS,636.45
2701,90.009,5432.905,303.248,100.0,0.0,0,0,100.0,DRS,636.45
2702,90.0424,5435.713,303.411,100.0,0.0,0,0,100.0,DRS,636.45
