frame,time_s,distance,speed,throttle,brake,gear,rpm,soc_pct,mode,power_kw
0,0.0,0.0,305.3,100.0,0.0,0,0,100.0,DRS,636.45
1,0.0333,2.827,305.471,100.0,0.0,0,0,100.0,DRS,636.45
2,0.0666,5.656,305.733,100.0,0.0,0,0,100.0,DRS,636.45
3,0.1,8.487,305.993,100.0,0.0,0,0,100.0,DRS,636.45
4,0.1333,11.321,306.25,100.0,0.0,0,0,100.0,DRS,636.45
5,0.1666,14.157,306.505,100.0,0.0,0,0,100.0,DRS,636.45
6,0.1999,16.995,306.757,100.0,0.0,0,0,100.0,DRS,636.45
7,0.2333,19.836,307.006,100.0,0.0,0,0,100.0,DRS,636.45
8,0.2666,22.679,307.253,100.0,0.0,0,0,100.0,DRS,636.45
9,0.2999,25.524,307.497,100.0,0.0,0,0,100.0,DRS,636.45
10,0.3332,28.372,307.739,100.0,0.0,0,0,100.0,DRS,636.45
11,0.3666,31.222,307.978,100.0,0.0,0,0,100.0,DRS,636.45
12,0.3999,34.074,308.215,100.0,0.0,0,0,100.0,DRS,636.45
13,0.4332,36.928,308.449,100.0,0.0,0,0,100.0,DRS,636.45
14,0.4665,39.784,308.681,100.0,0.0,0,0,100.0,DRS,636.45
15,0.4999,42.643,308.91,100.0,0.0,0,0,100.0,DRS,636.45
16,0.5332,45.503,309.137,100.0,0.0,0,0,100.0,DRS,636.45
17,0.5665,48.366,309.35,100.0,0.0,0,0,100.0,DRS,636.45
18,0.5998,51.23,309.546,100.0,0.0,0,0,100.0,DRS,636.45
19,0.6332,54.096,309.742,100.0,0.0,0,0,100.0,DRS,636.45
20,0.6665,56.965,309.94,100.0,0.0,0,0,100.0,DRS,636.45
21,0.6998,59.835,310.139,100.0,0.0,0,0,100.0,DRS,636.45
22,0.7331,62.706,310.338,100.0,0.0,0,0,100.0,DRS,636.45
23,0.7665,65.58,310.537,100.0,0.0,0,0,100.0,DRS,636.45
24,0.7998,68.456,310.735,100.0,0.0,0,0,100.0,DRS,636.45
25,0.8331,71.333,310.934,100.0,0.0,0,0,100.0,DRS,636.45
26,0.8664,74.212,311.132,100.0,0.0,0,0,100.0,DRS,636.45
27,0.8998,77.093,311.329,100.0,0.0,0,0,100.0,DRS,636.45
28,0.9331,79.976,311.525,100.0,0.0,0,0,100.0,DRS,636.45
29,0.9664,82.86,311.72,100.0,0.0,0,0,100.0,DRS,636.45
30,0.9997,85.747,311.914,100.0,0.0,0,0,100.0,DRS,636.45
31,1.0331,88.635,312.107,100.0,0.0,0,0,100.0,DRS,636.45
32,1.0664,91.525,312.298,100.0,0.0,0,0,100.0,DRS,636.45
33,1.0997,94.417,312.488,100.0,0.0,0,0,100.0,DRS,636.45
34,1.133,97.31,312.677,100.0,0.0,0,0,100.0,DRS,636.45
35,1.1664,100.205,312.863,100.0,0.0,0,0,100.0,DRS,636.45
36,1.1997,103.103,313.048,100.0,0.0,0,0,100.0,DRS,636.45
37,1.233,106.001,313.232,100.0,0.0,0,0,100.0,DRS,636.45
38,1.2663,108.902,313.414,100.0,0.0,0,0,100.0,DRS,636.45
39,1.2997,111.804,313.594,100.0,0.0,0,0,100.0,DRS,636.45
40,1.333,114.707,313.772,100.0,0.0,0,0,100.0,DRS,636.45
41,1.3663,117.613,313.949,100.0,0.0,0,0,100.0,DRS,636.45
42,1.3996,120.52,314.123,100.0,0.0,0,0,100.0,DRS,636.45
43,1.4329,123.428,314.297,100.0,0.0,0,0,100.0,DRS,636.45
44,1.4663,126.338,314.468,100.0,0.0,0,0,100.0,DRS,636.45
45,1.4996,129.25,314.638,100.0,0.0,0,0,100.0,DRS,636.45
46,1.5329,132.163,314.806,100.0,0.0,0,0,100.0,DRS,636.45
47,1.5662,135.078,314.972,100.0,0.0,0,0,100.0,DRS,636.45
48,1.5996,137.995,315.137,100.0,0.0,0,0,100.0,DRS,636.45
49,1.6329,140.912,315.3,100.0,0.0,0,0,100.0,DRS,636.45
50,1.6662,143.832,315.461,100.0,0.0,0,0,100.0,DRS,636.45
51,1.6995,146.753,315.621,100.0,0.0,0,0,100.0,DRS,636.45
52,1.7329,149.675,315.779,100.0,0.0,0,0,100.0,DRS,636.45
53,1.7662,152.599,315.935,100.0,0.0,0,0,100.0,DRS,636.45
54,1.7995,155.524,316.09,100.0,0.0,0,0,100.0,DRS,636.45
55,1.8328,158.451,316.243,100.0,0.0,0,0,100.0,DRS,636.45
56,1.8662,161.379,316.394,100.0,0.0,0,0,100.0,DRS,636.45
57,1.8995,164.308,316.545,100.0,0.0,0,0,100.0,DRS,636.45
58,1.9328,167.239,316.693,100.0,0.0,0,0,100.0,DRS,636.45
59,1.9661,170.172,316.84,100.0,0.0,0,0,100.0,DRS,636.45
60,1.9995,173.105,316.986,100.0,0.0,0,0,100.0,DRS,636.45
61,2.0328,176.04,317.13,100.0,0.0,0,0,100.0,DRS,636.45
62,2.0661,178.976,317.272,100.0,0.0,0,0,100.0,DRS,636.45
63,2.0994,181.914,317.413,100.0,0.0,0,0,100.0,DRS,636.45
64,2.1328,184.853,317.553,100.0,0.0,0,0,100.0,DRS,636.45
65,2.1661,187.793,317.691,100.0,0.0,0,0,100.0,DRS,636.45
66,2.1994,190.734,317.828,100.0,0.0,0,0,100.0,DRS,636.45
67,2.2327,193.677,317.963,100.0,0.0,0,0,100.0,DRS,636.45
68,2.2661,196.621,318.097,100.0,0.0,0,0,100.0,DRS,636.45
69,2.2994,199.566,318.23,100.0,0.0,0,0,100.0,DRS,636.45
70,2.3327,202.513,318.361,100.0,0.0,0,0,100.0,DRS,636.45
71,2.366,205.46,318.491,100.0,0.0,0,0,100.0,DRS,636.45
72,2.3994,208.409,318.619,100.0,0.0,0,0,100.0,DRS,636.45
73,2.4327,211.359,318.747,100.0,0.0,0,0,100.0,DRS,636.45
74,2.466,214.31,318.872,100.0,0.0,0,0,100.0,DRS,636.45
75,2.4993,217.262,318.997,100.0,0.0,0,0,100.0,DRS,636.45
76,2.5327,220.216,319.12,100.0,0.0,0,0,100.0,DRS,636.45
77,2.566,223.17,319.242,100.0,0.0,0,0,100.0,DRS,636.45
78,2.5993,226.126,319.363,100.0,0.0,0,0,100.0,DRS,636.45
79,2.6326,229.083,319.483,100.0,0.0,0,0,100.0,DRS,636.45
80,2.6659,232.041,319.601,100.0,0.0,0,0,100.0,DRS,636.45
81,2.6993,235.0,319.718,100.0,0.0,0,0,100.0,DRS,636.45
82,2.7326,237.96,319.834,100.0,0.0,0,0,100.0,DRS,636.45
83,2.7659,240.921,319.948,100.0,0.0,0,0,100.0,DRS,636.45
84,2.7992,243.883,320.061,100.0,0.0,0,0,100.0,DRS,636.45
85,2.8326,246.847,320.173,100.0,0.0,0,0,100.0,DRS,636.45
86,2.8659,249.811,320.283,100.0,0.0,0,0,100.0,DRS,636.45
87,2.8992,252.776,320.392,100.0,0.0,0,0,100.0,DRS,636.45
88,2.9325,255.742,320.499,100.0,0.0,0,0,100.0,DRS,636.45
89,2.9659,258.71,320.604,100.0,0.0,0,0,100.0,DRS,636.45
90,2.9992,261.678,320.707,100.0,0.0,0,0,100.0,DRS,636.45
91,3.0325,264.647,320.808,100.0,0.0,0,0,100.0,DRS,636.45
92,3.0658,267.617,320.907,100.0,0.0,0,0,100.0,DRS,636.45
93,3.0992,270.588,321.003,100.0,0.0,0,0,100.0,DRS,636.45
94,3.1325,273.56,321.096,100.0,0.0,0,0,100.0,DRS,636.45
95,3.1658,276.533,321.185,100.0,0.0,0,0,100.0,DRS,636.45
96,3.1991,279.506,321.27,100.0,0.0,0,0,100.0,DRS,636.45
97,3.2325,282.481,321.35,100.0,0.0,0,0,100.0,DRS,636.45
98,3.2658,285.456,321.425,100.0,0.0,0,0,100.0,DRS,636.45
99,3.2991,288.431,321.492,100.0,0.0,0,0,100.0,DRS,636.45
100,3.3324,291.408,321.552,100.0,0.0,0,0,100.0,DRS,636.45
101,3.3658,294.384,321.603,100.0,0.0,0,0,100.0,DRS,636.45
102,3.3991,297.362,321.642,100.0,0.0,0,0,100.0,DRS,636.45
103,3.4324,300.339,321.669,100.0,0.0,0,0,100.0,DRS,636.45
104,3.4657,303.317,321.681,100.0,0.0,0,0,100.0,DRS,636.45
105,3.4991,306.294,321.676,100.0,0.0,0,0,100.0,DRS,636.45
106,3.5324,309.272,321.65,100.0,0.0,0,0,100.0,DRS,636.45
107,3.5657,312.249,321.603,100.0,0.0,0,0,100.0,DRS,636.45
108,3.599,315.226,321.527,100.0,0.0,0,0,100.0,DRS,636.45
109,3.6324,318.202,321.424,100.0,0.0,0,0,100.0,DRS,636.45
110,3.6657,321.176,321.283,100.0,0.0,0,0,100.0,DRS,636.45
111,3.699,324.15,321.106,100.0,0.0,0,0,100.0,DRS,636.45
112,3.7323,327.121,320.882,100.0,0.0,0,0,100.0,DRS,636.45
113,3.7657,330.09,320.612,100.0,0.0,0,0,100.0,DRS,636.45
114,3.799,333.056,320.284,100.0,0.0,0,0,100.0,DRS,636.45
115,3.8323,336.02,319.899,100.0,0.0,0,0,100.0,DRS,636.45
116,3.8656,338.979,319.444,100.0,0.0,0,0,100.0,DRS,636.45
117,3.899,341.933,318.92,100.0,0.0,0,0,100.0,DRS,636.45
118,3.9323,344.883,318.312,100.0,0.0,0,0,100.0,DRS,636.45
119,3.9656,347.826,317.623,100.0,0.0,0,0,100.0,DRS,636.45
120,3.9989,350.763,316.84,100.0,0.0,0,0,100.0,DRS,636.45
121,4.0322,353.692,315.961,100.0,0.0,0,0,100.0,DRS,636.45
122,4.0656,356.612,314.979,100.0,0.0,0,0,100.0,DRS,636.45
123,4.0989,359.522,313.887,100.0,0.0,0,0,100.0,DRS,636.45
124,4.1322,362.423,312.686,100.0,0.0,0,0,100.0,DRS,636.45
125,4.1655,365.311,311.362,100.0,0.0,0,0,100.0,DRS,636.45
126,4.1989,368.187,309.928,100.0,0.0,0,0,100.0,FULL,636.45
127,4.2322,371.048,308.357,100.0,0.0,0,0,100.0,FULL,636.45
128,4.2655,373.895,306.671,100.0,0.0,0,0,100.0,FULL,636.45
129,4.2988,376.725,304.854,100.0,0.0,0,0,100.0,FULL,636.45
130,4.3322,379.538,302.912,100.0,0.0,0,0,100.0,FULL,636.45
131,4.3655,382.333,300.852,100.0,0.0,0,0,100.0,FULL,636.45
132,4.3988,385.107,298.659,100.0,0.0,0,0,100.0,FULL,636.45
133,4.4321,387.862,296.359,100.0,0.0,0,0,100.0,FULL,636.45
134,4.4655,390.594,293.939,100.0,0.0,0,0,100.0,FULL,636.45
135,4.4988,393.303,291.411,100.0,0.0,0,0,100.0,FULL,636.45
136,4.5321,395.989,288.787,100.0,0.0,0,0,100.0,FULL,636.45
137,4.5654,398.649,286.029,100.0,0.0,0,0,100.0,FULL,461.29
138,4.5988,401.283,283.122,0.0,100.0,0,0,100.0,REGEN,0.0
139,4.6321,403.891,280.071,0.0,100.0,0,0,100.0,REGEN,0.0
140,4.6654,406.468,276.859,0.0,100.0,0,0,100.0,REGEN,0.0
141,4.6987,409.014,273.503,0.0,100.0,0,0,100.0,REGEN,0.0
142,4.7321,411.53,270.015,0.0,100.0,0,0,100.0,REGEN,0.0
143,4.7654,414.015,266.399,0.0,100.0,0,0,100.0,REGEN,0.0
144,4.7987,416.462,262.646,0.0,100.0,0,0,100.0,REGEN,0.0
145,4.832,418.874,258.783,0.0,100.0,0,0,100.0,REGEN,0.0
146,4.8654,421.252,254.82,0.0,100.0,0,0,100.0,REGEN,0.0
147,4.8987,423.592,250.673,0.0,100.0,0,0,100.0,REGEN,0.0
148,4.932,425.89,245.227,0.0,100.0,0,0,100.0,REGEN,0.0
149,4.9653,428.133,239.692,0.0,100.0,0,0,100.0,REGEN,0.0
150,4.9987,430.325,234.312,0.0,100.0,0,0,100.0,REGEN,0.0
151,5.032,432.469,229.083,0.0,100.0,0,0,100.0,REGEN,0.0
152,5.0653,434.565,224.015,0.0,100.0,0,0,100.0,REGEN,0.0
153,5.0986,436.616,219.103,0.0,100.0,0,0,100.0,REGEN,0.0
154,5.132,438.622,214.342,0.0,100.0,0,0,100.0,REGEN,0.0
155,5.1653,440.584,209.72,0.0,100.0,0,0,100.0,REGEN,0.0
156,5.1986,442.505,205.224,0.0,100.0,0,0,100.0,REGEN,0.0
157,5.2319,444.384,200.841,0.0,100.0,0,0,100.0,REGEN,0.0
158,5.2653,446.224,196.56,0.0,100.0,0,0,100.0,REGEN,0.0
159,5.2986,448.025,192.373,0.0,100.0,0,0,100.0,REGEN,0.0
160,5.3319,449.789,188.274,0.0,100.0,0,0,100.0,REGEN,0.0
161,5.3652,451.513,184.272,0.0,100.0,0,0,100.0,REGEN,0.0
162,5.3985,453.198,180.366,0.0,100.0,0,0,100.0,REGEN,0.0
163,5.4319,454.848,176.551,0.0,100.0,0,0,100.0,REGEN,0.0
164,5.4652,456.465,172.818,0.0,100.0,0,0,100.0,REGEN,0.0
165,5.4985,458.049,169.156,0.0,100.0,0,0,100.0,REGEN,0.0
166,5.5318,459.602,165.553,0.0,100.0,0,0,100.0,REGEN,0.0
167,5.5652,461.114,162.011,0.0,100.0,0,0,100.0,REGEN,0.0
168,5.5985,462.596,158.579,0.0,100.0,0,0,100.0,REGEN,0.0
169,5.6318,464.049,155.238,0.0,100.0,0,0,100.0,REGEN,0.0
170,5.6651,465.476,151.981,0.0,100.0,0,0,100.0,REGEN,0.0
171,5.6985,466.864,148.899,0.0,100.0,0,0,100.0,REGEN,0.0
172,5.7318,468.227,145.961,0.0,100.0,0,0,100.0,REGEN,0.0
173,5.7651,469.568,143.154,0.0,100.0,0,0,100.0,REGEN,0.0
174,5.7984,470.882,140.51,0.0,100.0,0,0,100.0,REGEN,0.0
175,5.8318,472.168,138.082,0.0,100.0,0,0,100.0,REGEN,0.0
176,5.8651,473.438,135.925,0.0,100.0,0,0,100.0,REGEN,0.0
177,5.8984,474.691,134.114,0.0,100.0,0,0,100.0,REGEN,0.0
178,5.9317,475.926,133.139,0.0,100.0,0,0,100.0,REGEN,0.0
179,5.9651,477.151,131.703,0.0,100.0,0,0,100.0,REGEN,0.0
180,5.9984,478.364,129.908,0.0,100.0,0,0,100.0,REGEN,0.0
181,6.0317,479.559,128.346,0.0,100.0,0,0,100.0,REGEN,0.0
182,6.065,480.738,126.782,0.0,100.0,0,0,100.0,REGEN,0.0
183,6.0984,481.906,125.196,0.0,100.0,0,0,100.0,REGEN,0.0
184,6.1317,483.058,123.554,0.0,100.0,0,0,100.0,REGEN,0.0
185,6.165,484.191,121.85,0.0,100.0,0,0,100.0,REGEN,0.0
186,6.1983,485.312,120.106,0.0,100.0,0,0,100.0,REGEN,0.0
187,6.2317,486.417,118.31,0.0,100.0,0,0,100.0,REGEN,0.0
188,6.265,487.5,116.472,0.0,100.0,0,0,100.0,REGEN,0.0
189,6.2983,488.572,114.636,0.0,100.0,0,0,100.0,REGEN,0.0
190,6.3316,489.625,112.832,0.0,100.0,0,0,100.0,REGEN,0.0
191,6.365,490.66,111.152,0.0,100.0,0,0,100.0,REGEN,0.0
192,6.3983,491.685,109.553,0.0,100.0,0,0,100.0,REGEN,0.0
193,6.4316,492.69,108.21,0.0,100.0,0,0,100.0,REGEN,0.0
194,6.4649,493.687,107.067,0.0,100.0,0,0,100.0,REGEN,0.0
195,6.4983,494.676,106.121,0.0,100.0,0,0,100.0,REGEN,0.0
196,6.5316,495.657,105.931,0.0,100.0,0,0,100.0,REGEN,0.0
197,6.5649,496.638,105.848,0.0,100.0,0,0,100.0,REGEN,0.0
198,6.5982,497.617,105.848,0.0,100.0,0,0,100.0,REGEN,0.0
199,6.6316,498.597,105.848,0.0,100.0,0,0,100.0,REGEN,0.0
200,6.6649,499.574,105.439,0.0,100.0,0,0,100.0,REGEN,0.0
201,6.6982,500.548,104.628,0.0,100.0,0,0,100.0,REGEN,0.0
202,6.7315,501.51,103.585,0.0,100.0,0,0,100.0,REGEN,0.0
203,6.7648,502.463,102.572,0.0,100.0,0,0,100.0,REGEN,0.0
204,6.7982,503.411,101.576,0.0,100.0,0,0,100.0,REGEN,0.0
205,6.8315,504.344,100.609,0.0,100.0,0,0,100.0,REGEN,0.0
206,6.8648,505.27,99.471,0.0,100.0,0,0,100.0,REGEN,0.0
207,6.8981,506.183,97.991,0.0,100.0,0,0,100.0,REGEN,0.0
208,6.9315,507.084,96.559,0.0,100.0,0,0,100.0,REGEN,0.0
209,6.9648,507.973,95.167,0.0,100.0,0,0,100.0,REGEN,0.0
210,6.9981,508.848,94.186,0.0,100.0,0,0,100.0,REGEN,0.0
211,7.0314,509.718,93.331,0.0,100.0,0,0,100.0,REGEN,0.0
212,7.0648,510.577,92.529,0.0,100.0,0,0,100.0,REGEN,0.0
213,7.0981,511.428,91.505,0.0,100.0,0,0,100.0,REGEN,0.0
214,7.1314,512.272,90.262,0.0,100.0,0,0,100.0,REGEN,0.0
215,7.1647,513.097,88.905,0.0,100.0,0,0,100.0,REGEN,0.0
216,7.1981,513.918,87.536,0.0,100.0,0,0,100.0,REGEN,0.0
217,7.2314,514.719,86.257,0.0,100.0,0,0,100.0,REGEN,0.0
218,7.2647,515.514,85.04,0.0,100.0,0,0,100.0,REGEN,0.0
219,7.298,516.295,83.979,0.0,100.0,0,0,100.0,REGEN,0.0
220,7.3314,517.069,83.081,100.0,100.0,0,0,100.0,REGEN,196.17
221,7.3647,517.836,82.335,100.0,100.0,0,0,100.0,REGEN,573.62
222,7.398,518.596,82.014,100.0,0.0,0,0,100.0,FULL,636.45
223,7.4313,519.355,81.811,100.0,0.0,0,0,100.0,FULL,636.45
224,7.4647,520.112,81.726,100.0,0.0,0,0,100.0,FULL,636.45
225,7.498,520.868,81.642,100.0,0.0,0,0,100.0,FULL,636.45
226,7.5313,521.623,81.557,100.0,0.0,0,0,100.0,FULL,636.45
227,7.5646,522.378,81.473,100.0,0.0,0,0,100.0,FULL,636.45
228,7.598,523.132,81.388,100.0,0.0,0,0,100.0,FULL,636.45
229,7.6313,523.885,81.304,100.0,0.0,0,0,100.0,FULL,636.45
230,7.6646,524.637,81.22,100.0,0.0,0,0,100.0,FULL,636.45
231,7.6979,525.388,81.136,100.0,0.0,0,0,100.0,FULL,636.45
232,7.7313,526.139,81.078,100.0,0.0,0,0,100.0,FULL,636.45
233,7.7646,526.891,81.309,100.0,0.0,0,0,100.0,FULL,636.45
234,7.7979,527.645,81.539,100.0,0.0,0,0,100.0,FULL,636.45
235,7.8312,528.401,81.766,100.0,0.0,0,0,100.0,FULL,636.45
236,7.8646,529.159,81.997,100.0,0.0,0,0,100.0,FULL,636.45
237,7.8979,529.919,82.235,100.0,0.0,0,0,100.0,FULL,636.45
238,7.9312,530.681,82.482,100.0,0.0,0,0,100.0,FULL,636.45
239,7.9645,531.445,82.731,100.0,0.0,0,0,100.0,FULL,636.45
240,7.9978,532.213,82.975,100.0,0.0,0,0,100.0,FULL,636.45
241,8.0312,532.982,83.212,100.0,0.0,0,0,100.0,FULL,636.45
242,8.0645,533.753,83.436,100.0,0.0,0,0,100.0,FULL,636.45
243,8.0978,534.527,83.653,100.0,0.0,0,0,100.0,FULL,636.45
244,8.1311,535.302,83.861,100.0,0.0,0,0,100.0,FULL,636.45
245,8.1645,536.08,84.068,100.0,0.0,0,0,100.0,FULL,636.45
246,8.1978,536.859,84.273,100.0,0.0,0,0,100.0,FULL,636.45
247,8.2311,537.64,84.484,100.0,0.0,0,0,100.0,FULL,636.45
248,8.2644,538.423,84.699,100.0,0.0,0,0,100.0,FULL,636.45
249,8.2978,539.208,84.921,100.0,0.0,0,0,100.0,FULL,636.45
250,8.3311,539.995,85.147,100.0,0.0,0,0,100.0,FULL,636.45
251,8.3644,540.784,85.373,100.0,0.0,0,0,100.0,FULL,636.45
252,8.3977,541.575,85.598,100.0,0.0,0,0,100.0,FULL,636.45
253,8.4311,542.369,85.813,100.0,0.0,0,0,100.0,FULL,636.45
254,8.4644,543.163,86.028,100.0,0.0,0,0,100.0,FULL,636.45
255,8.4977,543.962,86.231,100.0,0.0,0,0,100.0,FULL,636.45
256,8.531,544.76,86.435,100.0,0.0,0,0,100.0,FULL,636.45
257,8.5644,545.562,86.668,100.0,0.0,0,0,100.0,FULL,636.45
258,8.5977,546.365,86.901,100.0,0.0,0,0,100.0,FULL,636.45
259,8.631,547.175,87.558,100.0,0.0,0,0,100.0,FULL,636.45
260,8.6643,547.987,88.277,100.0,0.0,0,0,100.0,FULL,636.45
261,8.6977,548.81,89.096,100.0,0.0,0,0,100.0,FULL,636.45
262,8.731,549.638,89.953,100.0,0.0,0,0,100.0,FULL,636.45
263,8.7643,550.476,90.85,100.0,0.0,0,0,100.0,FULL,636.45
264,8.7976,551.321,91.776,100.0,0.0,0,0,100.0,FULL,636.45
265,8.831,552.174,92.701,100.0,0.0,0,0,100.0,FULL,636.45
266,8.8643,553.037,93.627,100.0,0.0,0,0,100.0,FULL,636.45
267,8.8976,553.906,94.516,100.0,0.0,0,0,100.0,FULL,636.45
268,8.9309,554.787,95.336,100.0,0.0,0,0,100.0,FULL,636.45
269,8.9643,555.67,96.097,100.0,0.0,0,0,100.0,FULL,636.45
270,8.9976,556.564,96.699,100.0,0.0,0,0,100.0,FULL,636.45
271,9.0309,557.46,97.299,100.0,0.0,0,0,100.0,FULL,636.45
272,9.0642,558.365,97.886,100.0,0.0,0,0,100.0,FULL,636.45
273,9.0976,559.272,98.478,100.0,0.0,0,0,100.0,FULL,636.45
274,9.1309,560.189,99.089,100.0,0.0,0,0,100.0,FULL,636.45
275,9.1642,561.107,99.7,100.0,0.0,0,0,100.0,FULL,636.45
276,9.1975,562.035,100.302,100.0,0.0,0,0,100.0,FULL,636.45
277,9.2309,562.964,100.903,100.0,0.0,0,0,100.0,FULL,636.45
278,9.2642,563.902,101.488,100.0,0.0,0,0,100.0,FULL,636.45
279,9.2975,564.842,102.074,100.0,0.0,0,0,100.0,FULL,636.45
280,9.3308,565.792,102.663,100.0,0.0,0,0,100.0,FULL,636.45
281,9.3641,566.743,103.238,100.0,0.0,0,0,100.0,FULL,636.45
282,9.3975,567.703,103.713,100.0,0.0,0,0,100.0,FULL,636.45
283,9.4308,568.663,104.154,100.0,0.0,0,0,100.0,FULL,636.45
284,9.4641,569.629,104.382,100.0,0.0,0,0,100.0,FULL,636.45
285,9.4974,570.596,104.619,100.0,0.0,0,0,100.0,FULL,636.45
286,9.5308,571.566,104.903,100.0,0.0,0,0,100.0,FULL,636.45
287,9.5641,572.538,105.263,100.0,0.0,0,0,100.0,FULL,636.45
288,9.5974,573.518,105.92,100.0,0.0,0,0,100.0,FULL,636.45
289,9.6307,574.5,106.635,100.0,0.0,0,0,100.0,FULL,636.45
290,9.6641,575.493,107.537,100.0,0.0,0,0,100.0,FULL,636.45
291,9.6974,576.491,108.368,100.0,0.0,0,0,100.0,FULL,636.45
292,9.7307,577.498,109.034,100.0,0.0,0,0,100.0,FULL,636.45
293,9.764,578.511,109.914,100.0,0.0,0,0,100.0,FULL,636.45
294,9.7974,579.536,111.157,100.0,0.0,0,0,100.0,FULL,636.45
295,9.8307,580.57,112.403,100.0,0.0,0,0,100.0,FULL,636.45
296,9.864,581.616,113.651,100.0,0.0,0,0,100.0,FULL,636.45
297,9.8973,582.671,114.501,100.0,0.0,0,0,100.0,FULL,636.45
298,9.9307,583.733,115.043,100.0,0.0,0,0,100.0,FULL,636.45
299,9.964,584.8,115.53,100.0,0.0,0,0,100.0,FULL,636.45
300,9.9973,585.871,115.991,100.0,0.0,0,0,100.0,FULL,636.45
301,10.0306,586.947,116.376,100.0,0.0,0,0,100.0,FULL,636.45
302,10.064,588.025,116.746,100.0,0.0,0,0,100.0,FULL,636.45
303,10.0973,589.108,117.018,100.0,0.0,0,0,100.0,FULL,636.45
304,10.1306,590.191,117.273,100.0,0.0,0,0,100.0,FULL,636.45
305,10.1639,591.278,117.438,100.0,0.0,0,0,100.0,FULL,636.45
306,10.1973,592.366,117.571,100.0,0.0,0,0,100.0,FULL,533.59
307,10.2306,593.454,117.628,100.0,0.0,0,0,100.0,FULL,188.8
308,10.2639,594.543,117.637,0.0,100.0,0,0,100.0,REGEN,0.0
309,10.2972,595.632,117.587,0.0,100.0,0,0,100.0,REGEN,0.0
310,10.3306,596.719,117.471,0.0,100.0,0,0,100.0,REGEN,0.0
311,10.3639,597.806,117.311,0.0,100.0,0,0,100.0,REGEN,0.0
312,10.3972,598.89,117.07,0.0,100.0,0,0,100.0,REGEN,0.0
313,10.4305,599.974,116.802,0.0,100.0,0,0,100.0,REGEN,0.0
314,10.4639,601.052,116.438,0.0,100.0,0,0,100.0,REGEN,0.0
315,10.4972,602.129,116.062,0.0,100.0,0,0,100.0,REGEN,0.0
316,10.5305,603.2,115.572,0.0,100.0,0,0,100.0,REGEN,0.0
317,10.5638,604.269,115.071,0.0,100.0,0,0,100.0,REGEN,0.0
318,10.5972,605.329,114.467,0.0,100.0,0,0,100.0,REGEN,0.0
319,10.6305,606.387,113.844,0.0,100.0,0,0,100.0,REGEN,0.0
320,10.6638,607.436,113.134,0.0,100.0,0,0,100.0,REGEN,0.0
321,10.6971,608.481,112.402,0.0,100.0,0,0,100.0,REGEN,0.0
322,10.7304,609.516,111.598,0.0,100.0,0,0,100.0,REGEN,0.0
323,10.7638,610.547,110.775,0.0,100.0,0,0,100.0,REGEN,0.0
324,10.7971,611.566,109.895,0.0,100.0,0,0,100.0,REGEN,0.0
325,10.8304,612.581,108.931,0.0,100.0,0,0,100.0,REGEN,0.0
326,10.8637,613.581,107.729,0.0,100.0,0,0,100.0,REGEN,0.0
327,10.8971,614.575,106.445,0.0,100.0,0,0,100.0,REGEN,0.0
328,10.9304,615.548,104.873,0.0,100.0,0,0,100.0,REGEN,0.0
329,10.9637,616.517,103.287,0.0,100.0,0,0,100.0,REGEN,0.0
330,10.997,617.458,101.6,0.0,100.0,0,0,100.0,REGEN,0.0
331,11.0304,618.4,99.914,0.0,100.0,0,0,100.0,REGEN,0.0
332,11.0637,619.307,98.185,0.0,100.0,0,0,100.0,REGEN,0.0
333,11.097,620.214,96.456,0.0,100.0,0,0,100.0,REGEN,0.0
334,11.1303,621.095,94.837,0.0,100.0,0,0,100.0,REGEN,0.0
335,11.1637,621.966,93.257,0.0,100.0,0,0,100.0,REGEN,0.0
336,11.197,622.825,91.826,100.0,100.0,0,0,100.0,REGEN,108.28
337,11.2303,623.666,90.609,100.0,100.0,0,0,100.0,REGEN,371.43
338,11.2636,624.507,89.392,100.0,100.0,0,0,100.0,REGEN,634.59
339,11.297,625.334,89.283,100.0,0.0,0,0,100.0,FULL,636.45
340,11.3303,626.16,89.182,100.0,0.0,0,0,100.0,FULL,636.45
341,11.3636,626.985,89.081,100.0,0.0,0,0,100.0,FULL,636.45
342,11.3969,627.809,88.98,100.0,0.0,0,0,100.0,FULL,636.45
343,11.4303,628.633,88.88,100.0,0.0,0,0,100.0,FULL,636.45
344,11.4636,629.454,88.779,100.0,0.0,0,0,100.0,FULL,636.45
345,11.4969,630.276,88.679,100.0,0.0,0,0,100.0,FULL,636.45
346,11.5302,631.096,88.579,100.0,0.0,0,0,100.0,FULL,636.45
347,11.5636,631.916,88.479,100.0,0.0,0,0,100.0,FULL,636.45
348,11.5969,632.735,88.38,100.0,0.0,0,0,100.0,FULL,636.45
349,11.6302,633.552,88.28,100.0,0.0,0,0,100.0,FULL,636.45
350,11.6635,634.369,88.181,100.0,0.0,0,0,100.0,FULL,636.45
351,11.6969,635.185,88.087,100.0,0.0,0,0,100.0,FULL,636.45
352,11.7302,636.0,87.994,100.0,0.0,0,0,100.0,FULL,636.45
353,11.7635,636.814,87.901,100.0,0.0,0,0,100.0,FULL,636.45
354,11.7968,637.627,87.808,100.0,0.0,0,0,100.0,FULL,636.45
355,11.8302,638.44,87.715,100.0,0.0,0,0,100.0,FULL,636.45
356,11.8635,639.251,87.622,100.0,0.0,0,0,100.0,FULL,636.45
357,11.8968,640.062,87.528,100.0,0.0,0,0,100.0,FULL,636.45
358,11.9301,640.871,87.435,100.0,0.0,0,0,100.0,FULL,636.45
359,11.9635,641.68,87.341,100.0,0.0,0,0,100.0,FULL,636.45
360,11.9968,642.489,87.247,100.0,0.0,0,0,100.0,FULL,636.45
361,12.0301,643.295,87.15,100.0,0.0,0,0,100.0,FULL,636.45
362,12.0634,644.102,87.052,100.0,0.0,0,0,100.0,FULL,636.45
363,12.0967,644.907,86.956,100.0,0.0,0,0,100.0,FULL,636.45
364,12.1301,645.712,86.86,100.0,0.0,0,0,100.0,FULL,636.45
365,12.1634,646.516,86.765,100.0,0.0,0,0,100.0,FULL,636.45
366,12.1967,647.318,86.669,100.0,0.0,0,0,100.0,FULL,636.45
367,12.23,648.12,86.573,100.0,0.0,0,0,100.0,FULL,636.45
368,12.2634,648.921,86.478,100.0,0.0,0,0,100.0,FULL,636.45
369,12.2967,649.721,86.383,100.0,0.0,0,0,100.0,FULL,636.45
370,12.33,650.52,86.288,100.0,0.0,0,0,100.0,FULL,636.45
371,12.3633,651.318,86.193,100.0,0.0,0,0,100.0,FULL,636.45
372,12.3967,652.116,86.099,100.0,0.0,0,0,100.0,FULL,636.45
373,12.43,652.915,86.231,100.0,0.0,0,0,100.0,FULL,636.45
374,12.4633,653.713,86.366,100.0,0.0,0,0,100.0,FULL,636.45
375,12.4966,654.516,86.727,100.0,0.0,0,0,100.0,FULL,636.45
376,12.53,655.322,87.249,100.0,0.0,0,0,100.0,FULL,636.45
377,12.5633,656.13,87.797,100.0,0.0,0,0,100.0,FULL,636.45
378,12.5966,656.949,88.451,100.0,0.0,0,0,100.0,FULL,636.45
379,12.6299,657.767,89.104,100.0,0.0,0,0,100.0,FULL,636.45
380,12.6633,658.598,89.813,100.0,0.0,0,0,100.0,FULL,636.45
381,12.6966,659.432,90.533,100.0,0.0,0,0,100.0,FULL,636.45
382,12.7299,660.274,91.278,100.0,0.0,0,0,100.0,FULL,636.45
383,12.7632,661.123,92.045,100.0,0.0,0,0,100.0,FULL,636.45
384,12.7966,661.976,92.826,100.0,0.0,0,0,100.0,FULL,636.45
385,12.8299,662.842,93.646,100.0,0.0,0,0,100.0,FULL,636.45
386,12.8632,663.708,94.467,100.0,0.0,0,0,100.0,FULL,636.45
387,12.8965,664.592,95.349,100.0,0.0,0,0,100.0,FULL,636.45
388,12.9299,665.475,96.231,100.0,0.0,0,0,100.0,FULL,636.45
389,12.9632,666.373,97.172,100.0,0.0,0,0,100.0,FULL,636.45
390,12.9965,667.275,98.126,100.0,0.0,0,0,100.0,FULL,636.45
391,13.0298,668.19,99.122,100.0,0.0,0,0,100.0,FULL,636.45
392,13.0632,669.111,100.14,100.0,0.0,0,0,100.0,FULL,636.45
393,13.0965,670.044,101.192,100.0,0.0,0,0,100.0,FULL,636.45
394,13.1298,670.985,102.272,100.0,0.0,0,0,100.0,FULL,636.45
395,13.1631,671.937,103.377,100.0,0.0,0,0,100.0,FULL,636.45
396,13.1965,672.9,104.515,100.0,0.0,0,0,100.0,FULL,636.45
397,13.2298,673.871,105.674,100.0,0.0,0,0,100.0,FULL,636.45
398,13.2631,674.856,106.867,100.0,0.0,0,0,100.0,FULL,636.45
399,13.2964,675.85,108.083,100.0,0.0,0,0,100.0,FULL,636.45
400,13.3297,676.857,109.338,100.0,0.0,0,0,100.0,FULL,636.45
401,13.3631,677.874,110.566,100.0,0.0,0,0,100.0,FULL,636.45
402,13.3964,678.904,111.756,100.0,0.0,0,0,100.0,FULL,636.45
403,13.4297,679.944,113.021,100.0,0.0,0,0,100.0,FULL,636.45
404,13.463,680.996,114.371,100.0,0.0,0,0,100.0,FULL,636.45
405,13.4964,682.063,115.823,100.0,0.0,0,0,100.0,FULL,636.45
406,13.5297,683.14,117.355,100.0,0.0,0,0,100.0,FULL,636.45
407,13.563,684.236,118.901,100.0,0.0,0,0,100.0,FULL,636.45
408,13.5963,685.339,120.452,100.0,0.0,0,0,100.0,FULL,636.45
409,13.6297,686.466,122.015,100.0,0.0,0,0,100.0,FULL,636.45
410,13.663,687.598,123.583,100.0,0.0,0,0,100.0,FULL,636.45
411,13.6963,688.753,125.165,100.0,0.0,0,0,100.0,FULL,636.45
412,13.7296,689.918,126.746,100.0,0.0,0,0,100.0,FULL,636.45
413,13.763,691.098,128.324,100.0,0.0,0,0,100.0,FULL,636.45
414,13.7963,692.295,129.919,100.0,0.0,0,0,100.0,FULL,636.45
415,13.8296,693.5,131.521,100.0,0.0,0,0,100.0,FULL,636.45
416,13.8629,694.73,133.143,100.0,0.0,0,0,100.0,FULL,636.45
417,13.8963,695.969,134.772,100.0,0.0,0,0,100.0,FULL,636.45
418,13.9296,697.222,136.411,100.0,0.0,0,0,100.0,FULL,636.45
419,13.9629,698.495,138.061,100.0,0.0,0,0,100.0,FULL,636.45
420,13.9962,699.778,139.718,100.0,0.0,0,0,100.0,FULL,636.45
421,14.0296,701.08,141.386,100.0,0.0,0,0,100.0,FULL,636.45
422,14.0629,702.398,143.064,100.0,0.0,0,0,100.0,FULL,636.45
423,14.0962,703.728,144.75,100.0,0.0,0,0,100.0,FULL,636.45
424,14.1295,705.076,146.448,100.0,0.0,0,0,100.0,FULL,636.45
425,14.1629,706.441,148.156,100.0,0.0,0,0,100.0,FULL,636.45
426,14.1962,707.819,149.871,100.0,0.0,0,0,100.0,FULL,636.45
427,14.2295,709.214,151.593,100.0,0.0,0,0,100.0,FULL,636.45
428,14.2628,710.627,153.32,100.0,0.0,0,0,100.0,FULL,636.45
429,14.2962,712.053,155.05,100.0,0.0,0,0,100.0,FULL,636.45
430,14.3295,713.494,156.782,100.0,0.0,0,0,100.0,FULL,636.45
431,14.3628,714.956,158.51,100.0,0.0,0,0,100.0,FULL,636.45
432,14.3961,716.431,160.182,100.0,0.0,0,0,100.0,FULL,636.45
433,14.4295,717.921,161.824,100.0,0.0,0,0,100.0,FULL,636.45
434,14.4628,719.424,163.462,100.0,0.0,0,0,100.0,FULL,636.45
435,14.4961,720.947,165.094,100.0,0.0,0,0,100.0,FULL,636.45
436,14.5294,722.483,166.721,100.0,0.0,0,0,100.0,FULL,636.45
437,14.5628,724.034,168.341,100.0,0.0,0,0,100.0,FULL,636.45
438,14.5961,725.598,169.953,100.0,0.0,0,0,100.0,FULL,636.45
439,14.6294,727.179,171.557,100.0,0.0,0,0,100.0,FULL,636.45
440,14.6627,728.775,173.15,100.0,0.0,0,0,100.0,FULL,636.45
441,14.696,730.386,174.733,100.0,0.0,0,0,100.0,FULL,636.45
442,14.7294,732.01,176.306,100.0,0.0,0,0,100.0,FULL,636.45
443,14.7627,733.648,177.868,100.0,0.0,0,0,100.0,FULL,636.45
444,14.796,735.301,179.417,100.0,0.0,0,0,100.0,FULL,636.45
445,14.8293,736.97,180.95,100.0,0.0,0,0,100.0,FULL,636.45
446,14.8627,738.653,182.471,100.0,0.0,0,0,100.0,FULL,636.45
447,14.896,740.349,183.978,100.0,0.0,0,0,100.0,FULL,636.45
448,14.9293,742.059,185.47,100.0,0.0,0,0,100.0,FULL,636.45
449,14.9626,743.782,186.948,100.0,0.0,0,0,100.0,FULL,636.45
450,14.996,745.519,188.412,100.0,0.0,0,0,100.0,FULL,636.45
451,15.0293,747.269,189.859,100.0,0.0,0,0,100.0,FULL,636.45
452,15.0626,749.034,191.289,100.0,0.0,0,0,100.0,FULL,636.45
453,15.0959,750.812,192.704,100.0,0.0,0,0,100.0,FULL,636.45
454,15.1293,752.602,194.103,100.0,0.0,0,0,100.0,FULL,636.45
455,15.1626,754.405,195.487,100.0,0.0,0,0,100.0,FULL,636.45
456,15.1959,756.221,196.855,100.0,0.0,0,0,100.0,FULL,636.45
457,15.2292,758.05,198.208,100.0,0.0,0,0,100.0,FULL,636.45
458,15.2626,759.891,199.546,100.0,0.0,0,0,100.0,FULL,636.45
459,15.2959,761.744,200.868,100.0,0.0,0,0,100.0,FULL,636.45
460,15.3292,763.609,202.175,100.0,0.0,0,0,100.0,FULL,636.45
461,15.3625,765.486,203.466,100.0,0.0,0,0,100.0,FULL,636.45
462,15.3959,767.375,204.742,100.0,0.0,0,0,100.0,FULL,636.45
463,15.4292,769.276,206.003,100.0,0.0,0,0,100.0,FULL,636.45
464,15.4625,771.188,207.249,100.0,0.0,0,0,100.0,FULL,636.45
465,15.4958,773.113,208.479,100.0,0.0,0,0,100.0,FULL,636.45
466,15.5292,775.048,209.693,100.0,0.0,0,0,100.0,FULL,636.45
467,15.5625,776.995,210.893,100.0,0.0,0,0,100.0,FULL,636.45
468,15.5958,778.953,212.078,100.0,0.0,0,0,100.0,FULL,636.45
469,15.6291,780.921,213.249,100.0,0.0,0,0,100.0,FULL,636.45
470,15.6625,782.901,214.405,100.0,0.0,0,0,100.0,FULL,636.45
471,15.6958,784.891,215.548,100.0,0.0,0,0,100.0,FULL,636.45
472,15.7291,786.891,216.676,100.0,0.0,0,0,100.0,FULL,636.45
473,15.7624,788.902,217.791,100.0,0.0,0,0,100.0,FULL,636.45
474,15.7958,790.923,218.892,100.0,0.0,0,0,100.0,FULL,636.45
475,15.8291,792.954,219.98,100.0,0.0,0,0,100.0,FULL,636.45
476,15.8624,794.995,221.054,100.0,0.0,0,0,100.0,FULL,636.45
477,15.8957,797.047,222.116,100.0,0.0,0,0,100.0,FULL,636.45
478,15.9291,799.108,223.164,100.0,0.0,0,0,100.0,FULL,636.45
479,15.9624,801.179,224.2,100.0,0.0,0,0,100.0,FULL,636.45
480,15.9957,803.259,225.223,100.0,0.0,0,0,100.0,FULL,636.45
481,16.029,805.348,226.234,100.0,0.0,0,0,100.0,FULL,636.45
482,16.0623,807.447,227.233,100.0,0.0,0,0,100.0,FULL,636.45
483,16.0957,809.555,228.219,100.0,0.0,0,0,100.0,FULL,636.45
484,16.129,811.672,229.194,100.0,0.0,0,0,100.0,FULL,636.45
485,16.1623,813.798,230.156,100.0,0.0,0,0,100.0,FULL,636.45
486,16.1956,815.933,231.107,100.0,0.0,0,0,100.0,FULL,636.45
487,16.229,818.077,232.046,100.0,0.0,0,0,100.0,FULL,636.45
488,16.2623,820.229,232.974,100.0,0.0,0,0,100.0,FULL,636.45
489,16.2956,822.389,233.89,100.0,0.0,0,0,100.0,FULL,636.45
490,16.3289,824.559,234.794,100.0,0.0,0,0,100.0,FULL,636.45
491,16.3623,826.737,235.687,100.0,0.0,0,0,100.0,FULL,636.45
492,16.3956,828.923,236.569,100.0,0.0,0,0,100.0,FULL,636.45
493,16.4289,831.117,237.44,100.0,0.0,0,0,100.0,FULL,636.45
494,16.4622,833.318,238.301,100.0,0.0,0,0,100.0,FULL,636.45
495,16.4956,835.528,239.151,100.0,0.0,0,0,100.0,FULL,636.45
496,16.5289,837.745,239.99,100.0,0.0,0,0,100.0,FULL,636.45
497,16.5622,839.971,240.819,100.0,0.0,0,0,100.0,FULL,636.45
498,16.5955,842.204,241.637,100.0,0.0,0,0,100.0,FULL,636.45
499,16.6289,844.445,242.445,100.0,0.0,0,0,100.0,FULL,636.45
500,16.6622,846.693,243.243,100.0,0.0,0,0,100.0,FULL,636.45
501,16.6955,848.948,244.032,100.0,0.0,0,0,100.0,FULL,636.45
502,16.7288,851.21,244.81,100.0,0.0,0,0,100.0,FULL,636.45
503,16.7622,853.48,245.579,100.0,0.0,0,0,100.0,FULL,636.45
504,16.7955,855.757,246.338,100.0,0.0,0,0,100.0,FULL,636.45
505,16.8288,858.041,247.088,100.0,0.0,0,0,100.0,FULL,636.45
506,16.8621,860.332,247.828,100.0,0.0,0,0,100.0,FULL,636.45
507,16.8955,862.629,248.56,100.0,0.0,0,0,100.0,FULL,636.45
508,16.9288,864.933,249.283,100.0,0.0,0,0,100.0,FULL,636.45
509,16.9621,867.244,249.996,100.0,0.0,0,0,100.0,FULL,636.45
510,16.9954,869.561,250.7,100.0,0.0,0,0,100.0,FULL,636.45
511,17.0288,871.885,251.396,100.0,0.0,0,0,100.0,FULL,636.45
512,17.0621,874.216,252.084,100.0,0.0,0,0,100.0,FULL,636.45
513,17.0954,876.552,252.763,100.0,0.0,0,0,100.0,FULL,636.45
514,17.1287,878.895,253.434,100.0,0.0,0,0,100.0,FULL,636.45
515,17.1621,881.244,254.096,100.0,0.0,0,0,100.0,FULL,636.45
516,17.1954,883.599,254.75,100.0,0.0,0,0,100.0,FULL,636.45
517,17.2287,885.96,255.397,100.0,0.0,0,0,100.0,FULL,636.45
518,17.262,888.327,256.035,100.0,0.0,0,0,100.0,FULL,636.45
519,17.2954,890.7,256.666,100.0,0.0,0,0,100.0,FULL,636.45
520,17.3287,893.079,257.289,100.0,0.0,0,0,100.0,FULL,636.45
521,17.362,895.464,257.904,100.0,0.0,0,0,100.0,FULL,636.45
522,17.3953,897.854,258.512,100.0,0.0,0,0,100.0,FULL,636.45
523,17.4286,900.25,259.113,100.0,0.0,0,0,100.0,FULL,636.45
524,17.462,902.651,259.706,100.0,0.0,0,0,100.0,FULL,636.45
525,17.4953,905.058,260.292,100.0,0.0,0,0,100.0,FULL,636.45
526,17.5286,907.47,260.871,100.0,0.0,0,0,100.0,FULL,636.45
527,17.5619,909.887,261.443,100.0,0.0,0,0,100.0,FULL,636.45
528,17.5953,912.31,262.008,100.0,0.0,0,0,100.0,FULL,636.45
529,17.6286,914.738,262.566,100.0,0.0,0,0,100.0,FULL,636.45
530,17.6619,917.171,263.117,100.0,0.0,0,0,100.0,FULL,636.45
531,17.6952,919.609,263.662,100.0,0.0,0,0,100.0,FULL,636.45
532,17.7286,922.052,264.2,100.0,0.0,0,0,100.0,FULL,636.45
533,17.7619,924.5,264.732,100.0,0.0,0,0,100.0,FULL,636.45
534,17.7952,926.953,265.257,100.0,0.0,0,0,100.0,FULL,636.45
535,17.8285,929.411,265.776,100.0,0.0,0,0,100.0,FULL,636.45
536,17.8619,931.874,266.289,100.0,0.0,0,0,100.0,FULL,636.45
537,17.8952,934.341,266.796,100.0,0.0,0,0,100.0,FULL,636.45
538,17.9285,936.813,267.296,100.0,0.0,0,0,100.0,FULL,636.45
539,17.9618,939.29,267.791,100.0,0.0,0,0,100.0,FULL,636.45
540,17.9952,941.771,268.279,100.0,0.0,0,0,100.0,FULL,636.45
541,18.0285,944.256,268.762,100.0,0.0,0,0,100.0,FULL,636.45
542,18.0618,946.747,269.239,100.0,0.0,0,0,100.0,FULL,636.45
543,18.0951,949.241,269.71,100.0,0.0,0,0,100.0,FULL,636.45
544,18.1285,951.74,270.176,100.0,0.0,0,0,100.0,FULL,636.45
545,18.1618,954.243,270.636,100.0,0.0,0,0,100.0,FULL,636.45
546,18.1951,956.75,271.09,100.0,0.0,0,0,100.0,FULL,636.45
547,18.2284,959.262,271.539,100.0,0.0,0,0,100.0,FULL,636.45
548,18.2618,961.777,271.983,100.0,0.0,0,0,100.0,FULL,636.45
549,18.2951,964.297,272.421,100.0,0.0,0,0,100.0,FULL,636.45
550,18.3284,966.821,272.854,100.0,0.0,0,0,100.0,FULL,636.45
551,18.3617,969.349,273.282,100.0,0.0,0,0,100.0,FULL,636.45
552,18.3951,971.88,273.705,100.0,0.0,0,0,100.0,FULL,636.45
553,18.4284,974.416,274.123,100.0,0.0,0,0,100.0,FULL,636.45
554,18.4617,976.955,274.536,100.0,0.0,0,0,100.0,FULL,636.45
555,18.495,979.498,274.944,100.0,0.0,0,0,100.0,FULL,636.45
556,18.5284,982.045,275.347,100.0,0.0,0,0,100.0,FULL,636.45
557,18.5617,984.596,275.745,100.0,0.0,0,0,100.0,FULL,636.45
558,18.595,987.15,276.138,100.0,0.0,0,0,100.0,FULL,636.45
559,18.6283,989.708,276.527,100.0,0.0,0,0,100.0,FULL,636.45
560,18.6616,992.27,276.912,100.0,0.0,0,0,100.0,FULL,636.45
561,18.695,994.835,277.291,100.0,0.0,0,0,100.0,FULL,636.45
562,18.7283,997.404,277.666,100.0,0.0,0,0,100.0,FULL,636.45
563,18.7616,999.975,278.037,100.0,0.0,0,0,100.0,FULL,636.45
564,18.7949,1002.551,278.403,100.0,0.0,0,0,100.0,FULL,636.45
565,18.8283,1005.13,278.765,100.0,0.0,0,0,100.0,FULL,636.45
566,18.8616,1007.712,279.123,100.0,0.0,0,0,100.0,FULL,636.45
567,18.8949,1010.297,279.476,100.0,0.0,0,0,100.0,FULL,636.45
568,18.9282,1012.886,279.825,100.0,0.0,0,0,100.0,FULL,636.45
569,18.9616,1015.478,280.17,100.0,0.0,0,0,100.0,FULL,636.45
570,18.9949,1018.073,280.511,100.0,0.0,0,0,100.0,FULL,636.45
571,19.0282,1020.671,280.848,100.0,0.0,0,0,100.0,FULL,636.45
572,19.0615,1023.272,281.181,100.0,0.0,0,0,100.0,FULL,636.45
573,19.0949,1025.877,281.51,100.0,0.0,0,0,100.0,FULL,636.45
574,19.1282,1028.484,281.835,100.0,0.0,0,0,100.0,FULL,636.45
575,19.1615,1031.094,282.156,100.0,0.0,0,0,100.0,FULL,636.45
576,19.1948,1033.708,282.474,100.0,0.0,0,0,100.0,FULL,636.45
577,19.2282,1036.324,282.787,100.0,0.0,0,0,100.0,FULL,636.45
578,19.2615,1038.943,283.097,100.0,0.0,0,0,100.0,FULL,636.45
579,19.2948,1041.565,283.404,100.0,0.0,0,0,100.0,FULL,636.45
580,19.3281,1044.19,283.706,100.0,0.0,0,0,100.0,FULL,636.45
581,19.3615,1046.818,284.005,100.0,0.0,0,0,100.0,FULL,636.45
582,19.3948,1049.448,284.301,100.0,0.0,0,0,100.0,FULL,636.45
583,19.4281,1052.081,284.593,100.0,0.0,0,0,100.0,FULL,636.45
584,19.4614,1054.717,284.882,100.0,0.0,0,0,100.0,FULL,636.45
585,19.4948,1057.355,285.167,100.0,0.0,0,0,100.0,FULL,636.45
586,19.5281,1059.996,285.449,100.0,0.0,0,0,100.0,FULL,636.45
587,19.5614,1062.64,285.727,100.0,0.0,0,0,100.0,FULL,636.45
588,19.5947,1065.286,286.002,100.0,0.0,0,0,100.0,FULL,636.45
589,19.6281,1067.935,286.274,100.0,0.0,0,0,100.0,FULL,636.45
590,19.6614,1070.586,286.543,100.0,0.0,0,0,100.0,FULL,636.45
591,19.6947,1073.239,286.808,100.0,0.0,0,0,100.0,FULL,636.45
592,19.728,1075.896,287.071,100.0,0.0,0,0,100.0,FULL,636.45
593,19.7614,1078.554,287.33,100.0,0.0,0,0,100.0,FULL,636.45
594,19.7947,1081.215,287.586,100.0,0.0,0,0,100.0,FULL,636.45
595,19.828,1083.878,287.84,100.0,0.0,0,0,100.0,FULL,636.45
596,19.8613,1086.544,288.09,100.0,0.0,0,0,100.0,FULL,636.45
597,19.8947,1089.212,288.337,100.0,0.0,0,0,100.0,FULL,636.45
598,19.928,1091.882,288.581,100.0,0.0,0,0,100.0,FULL,636.45
599,19.9613,1094.555,288.823,100.0,0.0,0,0,100.0,FULL,636.45
600,19.9946,1097.229,289.062,100.0,0.0,0,0,100.0,FULL,636.45
601,20.0279,1099.906,289.297,100.0,0.0,0,0,100.0,FULL,636.45
602,20.0613,1102.585,289.53,100.0,0.0,0,0,100.0,FULL,636.45
603,20.0946,1105.266,289.761,100.0,0.0,0,0,100.0,FULL,636.45
604,20.1279,1107.95,289.988,100.0,0.0,0,0,100.0,FULL,636.45
605,20.1612,1110.635,290.213,100.0,0.0,0,0,100.0,FULL,636.45
606,20.1946,1113.322,290.435,100.0,0.0,0,0,100.0,FULL,636.45
607,20.2279,1116.012,290.655,100.0,0.0,0,0,100.0,FULL,636.45
608,20.2612,1118.704,290.872,100.0,0.0,0,0,100.0,FULL,636.45
609,20.2945,1121.397,291.087,100.0,0.0,0,0,100.0,FULL,636.45
610,20.3279,1124.093,291.298,100.0,0.0,0,0,100.0,FULL,636.45
611,20.3612,1126.79,291.508,100.0,0.0,0,0,100.0,FULL,636.45
612,20.3945,1129.489,291.715,100.0,0.0,0,0,100.0,FULL,636.45
613,20.4278,1132.191,291.919,100.0,0.0,0,0,100.0,FULL,636.45
614,20.4612,1134.894,292.121,100.0,0.0,0,0,100.0,FULL,636.45
615,20.4945,1137.599,292.321,100.0,0.0,0,0,100.0,FULL,636.45
616,20.5278,1140.306,292.518,100.0,0.0,0,0,100.0,FULL,636.45
617,20.5611,1143.014,292.714,100.0,0.0,0,0,100.0,FULL,636.45
618,20.5945,1145.725,292.906,100.0,0.0,0,0,100.0,FULL,636.45
619,20.6278,1148.437,293.097,100.0,0.0,0,0,100.0,FULL,636.45
620,20.6611,1151.151,293.285,100.0,0.0,0,0,100.0,FULL,636.45
621,20.6944,1153.867,293.471,100.0,0.0,0,0,100.0,FULL,636.45
622,20.7278,1156.584,293.655,100.0,0.0,0,0,100.0,FULL,636.45
623,20.7611,1159.303,293.837,100.0,0.0,0,0,100.0,FULL,636.45
624,20.7944,1162.024,294.016,100.0,0.0,0,0,100.0,FULL,636.45
625,20.8277,1164.747,294.194,100.0,0.0,0,0,100.0,FULL,636.45
626,20.8611,1167.471,294.369,100.0,0.0,0,0,100.0,FULL,636.45
627,20.8944,1170.197,294.542,100.0,0.0,0,0,100.0,FULL,636.45
628,20.9277,1172.924,294.713,100.0,0.0,0,0,100.0,FULL,636.45
629,20.961,1175.653,294.882,100.0,0.0,0,0,100.0,FULL,636.45
630,20.9944,1178.383,295.049,100.0,0.0,0,0,100.0,FULL,636.45
631,21.0277,1181.115,295.214,100.0,0.0,0,0,100.0,FULL,636.45
632,21.061,1183.849,295.376,100.0,0.0,0,0,100.0,FULL,636.45
633,21.0943,1186.584,295.537,100.0,0.0,0,0,100.0,FULL,636.45
634,21.1277,1189.32,295.695,100.0,0.0,0,0,100.0,FULL,636.45
635,21.161,1192.058,295.85,100.0,0.0,0,0,100.0,FULL,636.45
636,21.1943,1194.797,296.003,100.0,0.0,0,0,100.0,FULL,636.45
637,21.2276,1197.538,296.153,100.0,0.0,0,0,100.0,FULL,636.45
638,21.261,1200.28,296.3,100.0,0.0,0,0,100.0,FULL,636.45
639,21.2943,1203.024,296.445,100.0,0.0,0,0,100.0,FULL,636.45
640,21.3276,1205.768,296.585,100.0,0.0,0,0,100.0,FULL,636.45
641,21.3609,1208.514,296.722,100.0,0.0,0,0,100.0,FULL,636.45
642,21.3942,1211.262,296.854,100.0,0.0,0,0,100.0,FULL,636.45
643,21.4276,1214.01,296.981,100.0,0.0,0,0,100.0,FULL,636.45
644,21.4609,1216.76,297.102,100.0,0.0,0,0,100.0,FULL,636.45
645,21.4942,1219.511,297.217,100.0,0.0,0,0,100.0,FULL,636.45
646,21.5275,1222.262,297.323,100.0,0.0,0,0,100.0,FULL,636.45
647,21.5609,1225.015,297.421,100.0,0.0,0,0,100.0,FULL,636.45
648,21.5942,1227.769,297.508,100.0,0.0,0,0,100.0,FULL,636.45
649,21.6275,1230.523,297.582,100.0,0.0,0,0,100.0,FULL,636.45
650,21.6608,1233.278,297.644,100.0,0.0,0,0,100.0,FULL,636.45
651,21.6942,1236.033,297.687,100.0,0.0,0,0,100.0,FULL,636.45
652,21.7275,1238.789,297.713,100.0,0.0,0,0,100.0,FULL,636.45
653,21.7608,1241.545,297.717,100.0,0.0,0,0,100.0,FULL,636.45
654,21.7941,1244.301,297.694,100.0,0.0,0,0,100.0,FULL,636.45
655,21.8275,1247.056,297.644,100.0,0.0,0,0,100.0,FULL,636.45
656,21.8608,1249.811,297.56,100.0,0.0,0,0,100.0,FULL,636.45
657,21.8941,1252.565,297.44,100.0,0.0,0,0,100.0,FULL,636.45
658,21.9274,1255.318,297.281,100.0,0.0,0,0,100.0,FULL,636.45
659,21.9608,1258.068,297.071,100.0,0.0,0,0,100.0,FULL,636.45
660,21.9941,1260.817,296.811,100.0,0.0,0,0,100.0,FULL,636.45
661,22.0274,1263.563,296.496,100.0,0.0,0,0,100.0,FULL,636.45
662,22.0607,1266.306,296.113,100.0,0.0,0,0,100.0,FULL,636.45
663,22.0941,1269.045,295.666,100.0,0.0,0,0,100.0,FULL,636.45
664,22.1274,1271.78,295.142,100.0,0.0,0,0,100.0,FULL,636.45
665,22.1607,1274.509,294.536,100.0,0.0,0,0,100.0,FULL,636.45
666,22.194,1277.232,293.85,100.0,0.0,0,0,100.0,FULL,636.45
667,22.2274,1279.949,293.064,100.0,0.0,0,0,100.0,FULL,636.45
668,22.2607,1282.657,292.183,100.0,0.0,0,0,100.0,FULL,636.45
669,22.294,1285.358,291.207,100.0,0.0,0,0,100.0,FULL,636.45
670,22.3273,1288.048,290.112,100.0,0.0,0,0,100.0,FULL,636.45
671,22.3607,1290.728,288.914,100.0,0.0,0,0,100.0,FULL,636.45
672,22.394,1293.397,287.61,100.0,0.0,0,0,100.0,FULL,636.45
673,22.4273,1296.052,286.176,100.0,0.0,0,0,100.0,FULL,636.45
674,22.4606,1298.694,284.634,100.0,0.0,0,0,100.0,FULL,636.45
675,22.494,1301.322,282.982,100.0,0.0,0,0,100.0,FULL,636.45
676,22.5273,1303.933,281.204,100.0,0.0,0,0,100.0,FULL,636.45
677,22.5606,1306.527,279.316,100.0,0.0,0,0,100.0,FULL,636.45
678,22.5939,1309.104,277.322,100.0,0.0,0,0,100.0,FULL,636.45
679,22.6273,1311.661,275.217,100.0,0.0,0,0,100.0,FULL,636.45
680,22.6606,1314.198,273.007,100.0,0.0,0,0,100.0,FULL,636.45
681,22.6939,1316.714,270.704,100.0,0.0,0,0,100.0,FULL,217.94
682,22.7272,1319.21,268.304,0.0,100.0,0,0,100.0,REGEN,0.0
683,22.7605,1321.682,265.769,0.0,100.0,0,0,100.0,REGEN,0.0
684,22.7939,1324.129,263.091,0.0,100.0,0,0,100.0,REGEN,0.0
685,22.8272,1326.551,260.28,0.0,100.0,0,0,100.0,REGEN,0.0
686,22.8605,1328.947,257.337,0.0,100.0,0,0,100.0,REGEN,0.0
687,22.8938,1331.317,254.268,0.0,100.0,0,0,100.0,REGEN,0.0
688,22.9272,1333.655,251.066,0.0,100.0,0,0,100.0,REGEN,0.0
689,22.9605,1335.962,247.746,0.0,100.0,0,0,100.0,REGEN,0.0
690,22.9938,1338.239,244.322,0.0,100.0,0,0,100.0,REGEN,0.0
691,23.0271,1340.484,240.802,0.0,100.0,0,0,100.0,REGEN,0.0
692,23.0605,1342.697,237.149,0.0,100.0,0,0,100.0,REGEN,0.0
693,23.0938,1344.871,232.448,0.0,100.0,0,0,100.0,REGEN,0.0
694,23.1271,1346.999,227.285,0.0,100.0,0,0,100.0,REGEN,0.0
695,23.1604,1349.08,222.243,0.0,100.0,0,0,100.0,REGEN,0.0
696,23.1938,1351.115,217.354,0.0,100.0,0,0,100.0,REGEN,0.0
697,23.2271,1353.105,212.617,0.0,100.0,0,0,100.0,REGEN,0.0
698,23.2604,1355.051,208.037,0.0,100.0,0,0,100.0,REGEN,0.0
699,23.2937,1356.956,203.61,0.0,100.0,0,0,100.0,REGEN,0.0
700,23.3271,1358.82,199.317,0.0,100.0,0,0,100.0,REGEN,0.0
701,23.3604,1360.645,195.148,0.0,100.0,0,0,100.0,REGEN,0.0
702,23.3937,1362.432,191.093,0.0,100.0,0,0,100.0,REGEN,0.0
703,23.427,1364.182,187.109,0.0,100.0,0,0,100.0,REGEN,0.0
704,23.4604,1365.898,183.197,0.0,100.0,0,0,100.0,REGEN,0.0
705,23.4937,1367.579,179.431,0.0,100.0,0,0,100.0,REGEN,0.0
706,23.527,1369.222,175.782,0.0,100.0,0,0,100.0,REGEN,0.0
707,23.5603,1370.829,172.242,0.0,100.0,0,0,100.0,REGEN,0.0
708,23.5937,1372.407,168.8,0.0,100.0,0,0,100.0,REGEN,0.0
709,23.627,1373.956,165.455,0.0,100.0,0,0,100.0,REGEN,0.0
710,23.6603,1375.477,162.209,0.0,100.0,0,0,100.0,REGEN,0.0
711,23.6936,1376.959,159.12,0.0,100.0,0,0,100.0,REGEN,0.0
712,23.727,1378.417,156.138,0.0,100.0,0,0,100.0,REGEN,0.0
713,23.7603,1379.852,153.433,0.0,100.0,0,0,100.0,REGEN,0.0
714,23.7936,1381.264,151.38,0.0,100.0,0,0,100.0,REGEN,0.0
715,23.8269,1382.653,149.431,0.0,100.0,0,0,100.0,REGEN,0.0
716,23.8603,1384.028,147.432,0.0,100.0,0,0,100.0,REGEN,0.0
717,23.8936,1385.386,145.316,0.0,100.0,0,0,100.0,REGEN,0.0
718,23.9269,1386.719,143.406,0.0,100.0,0,0,100.0,REGEN,0.0
719,23.9602,1388.039,141.633,0.0,100.0,0,0,100.0,REGEN,0.0
720,23.9935,1389.345,140.037,0.0,100.0,0,0,100.0,REGEN,0.0
721,24.0269,1390.633,138.772,0.0,100.0,0,0,100.0,REGEN,0.0
722,24.0602,1391.914,137.715,0.0,100.0,0,0,100.0,REGEN,0.0
723,24.0935,1393.186,137.01,0.0,100.0,0,0,100.0,REGEN,0.0
724,24.1268,1394.45,136.297,0.0,100.0,0,0,100.0,REGEN,0.0
725,24.1602,1395.709,135.501,0.0,100.0,0,0,100.0,REGEN,0.0
726,24.1935,1396.956,134.299,0.0,100.0,0,0,100.0,REGEN,0.0
727,24.2268,1398.192,132.919,0.0,100.0,0,0,100.0,REGEN,0.0
728,24.2601,1399.419,131.407,0.0,100.0,0,0,100.0,REGEN,0.0
729,24.2935,1400.625,129.957,0.0,100.0,0,0,100.0,REGEN,0.0
730,24.3268,1401.826,128.965,0.0,100.0,0,0,100.0,REGEN,0.0
731,24.3601,1403.02,128.965,0.0,100.0,0,0,100.0,REGEN,0.0
732,24.3934,1404.214,128.965,0.0,100.0,0,0,100.0,REGEN,0.0
733,24.4268,1405.408,128.965,0.0,100.0,0,0,100.0,REGEN,0.0
734,24.4601,1406.601,128.965,0.0,100.0,0,0,100.0,REGEN,0.0
735,24.4934,1407.795,128.965,0.0,100.0,0,0,100.0,REGEN,0.0
736,24.5267,1408.989,128.965,0.0,100.0,0,0,100.0,REGEN,0.0
737,24.5601,1410.182,128.91,100.0,100.0,0,0,100.0,REGEN,288.12
738,24.5934,1411.374,128.659,100.0,0.0,0,0,100.0,FULL,636.45
739,24.6267,1412.552,126.742,100.0,0.0,0,0,100.0,FULL,636.45
740,24.66,1413.717,124.825,100.0,0.0,0,0,100.0,FULL,636.45
741,24.6934,1414.864,122.91,100.0,0.0,0,0,100.0,FULL,636.45
742,24.7267,1416.0,122.129,100.0,0.0,0,0,100.0,FULL,636.45
743,24.76,1417.13,121.94,100.0,0.0,0,0,100.0,FULL,636.45
744,24.7933,1418.258,121.751,100.0,0.0,0,0,100.0,FULL,636.45
745,24.8267,1419.384,121.563,100.0,0.0,0,0,100.0,FULL,636.45
746,24.86,1420.508,121.375,100.0,0.0,0,0,100.0,FULL,636.45
747,24.8933,1421.638,122.05,100.0,0.0,0,0,100.0,FULL,636.45
748,24.9266,1422.772,123.437,100.0,0.0,0,0,100.0,FULL,636.45
749,24.96,1423.924,124.9,100.0,0.0,0,0,100.0,FULL,636.45
750,24.9933,1425.083,126.356,100.0,0.0,0,0,100.0,FULL,636.45
751,25.0266,1426.261,127.578,100.0,0.0,0,0,100.0,FULL,636.45
752,25.0599,1427.446,128.585,100.0,0.0,0,0,100.0,FULL,636.45
753,25.0933,1428.639,129.297,100.0,0.0,0,0,100.0,FULL,636.45
754,25.1266,1429.838,129.814,100.0,0.0,0,0,100.0,FULL,636.45
755,25.1599,1431.041,130.288,100.0,0.0,0,0,100.0,FULL,636.45
756,25.1932,1432.251,130.844,100.0,0.0,0,0,100.0,FULL,636.45
757,25.2266,1433.465,131.44,100.0,0.0,0,0,100.0,FULL,636.45
758,25.2599,1434.683,132.075,100.0,0.0,0,0,100.0,FULL,636.45
759,25.2932,1435.91,132.701,100.0,0.0,0,0,100.0,FULL,636.45
760,25.3265,1437.14,133.306,100.0,0.0,0,0,100.0,FULL,636.45
761,25.3598,1438.377,133.859,100.0,0.0,0,0,100.0,FULL,636.45
762,25.3932,1439.619,134.363,100.0,0.0,0,0,100.0,FULL,636.45
763,25.4265,1440.864,134.84,100.0,0.0,0,0,100.0,FULL,636.45
764,25.4598,1442.115,135.3,100.0,0.0,0,0,100.0,FULL,636.45
765,25.4931,1443.37,135.791,100.0,0.0,0,0,100.0,FULL,636.45
766,25.5265,1444.628,136.316,100.0,0.0,0,0,100.0,FULL,636.45
767,25.5598,1445.894,136.917,100.0,0.0,0,0,100.0,FULL,636.45
768,25.5931,1447.164,137.55,100.0,0.0,0,0,100.0,FULL,636.45
769,25.6264,1448.44,138.237,100.0,0.0,0,0,100.0,FULL,636.45
770,25.6598,1449.724,138.972,100.0,0.0,0,0,100.0,FULL,636.45
771,25.6931,1451.013,139.736,100.0,0.0,0,0,100.0,FULL,636.45
772,25.7264,1452.311,140.553,100.0,0.0,0,0,100.0,FULL,636.45
773,25.7597,1453.617,141.412,100.0,0.0,0,0,100.0,FULL,636.45
774,25.7931,1454.928,142.304,100.0,0.0,0,0,100.0,FULL,636.45
775,25.8264,1456.251,143.274,100.0,0.0,0,0,100.0,FULL,636.45
776,25.8597,1457.581,144.081,100.0,0.0,0,0,100.0,FULL,636.45
777,25.893,1458.917,144.794,100.0,0.0,0,0,100.0,FULL,636.45
778,25.9264,1460.265,145.983,100.0,0.0,0,0,100.0,FULL,636.45
779,25.9597,1461.622,147.22,100.0,0.0,0,0,100.0,FULL,636.45
780,25.993,1462.989,148.497,100.0,0.0,0,0,100.0,FULL,636.45
781,26.0263,1464.371,149.829,100.0,0.0,0,0,100.0,FULL,636.45
782,26.0597,1465.765,151.196,100.0,0.0,0,0,100.0,FULL,636.45
783,26.093,1467.17,152.594,100.0,0.0,0,0,100.0,FULL,636.45
784,26.1263,1468.589,154.033,100.0,0.0,0,0,100.0,FULL,636.45
785,26.1596,1470.023,155.509,100.0,0.0,0,0,100.0,FULL,636.45
786,26.193,1471.469,157.013,100.0,0.0,0,0,100.0,FULL,636.45
787,26.2263,1472.927,158.544,100.0,0.0,0,0,100.0,FULL,636.45
788,26.2596,1474.404,160.118,100.0,0.0,0,0,100.0,FULL,636.45
789,26.2929,1475.895,161.718,100.0,0.0,0,0,100.0,FULL,636.45
790,26.3263,1477.398,163.345,100.0,0.0,0,0,100.0,FULL,636.45
791,26.3596,1478.916,165.0,100.0,0.0,0,0,100.0,FULL,636.45
792,26.3929,1480.453,166.695,100.0,0.0,0,0,100.0,FULL,636.45
793,26.4262,1482.005,168.415,100.0,0.0,0,0,100.0,FULL,636.45
794,26.4596,1483.571,170.164,100.0,0.0,0,0,100.0,FULL,636.45
795,26.4929,1485.153,171.944,100.0,0.0,0,0,100.0,FULL,636.45
796,26.5262,1486.753,173.751,100.0,0.0,0,0,100.0,FULL,636.45
797,26.5595,1488.371,175.402,100.0,0.0,0,0,100.0,FULL,636.45
798,26.5929,1490.002,176.942,100.0,0.0,0,0,100.0,FULL,636.45
799,26.6262,1491.646,178.43,100.0,0.0,0,0,100.0,FULL,636.45
800,26.6595,1493.304,179.917,100.0,0.0,0,0,100.0,FULL,636.45
801,26.6928,1494.975,181.401,100.0,0.0,0,0,100.0,FULL,636.45
802,26.7261,1496.662,182.881,100.0,0.0,0,0,100.0,FULL,636.45
803,26.7595,1498.363,184.356,100.0,0.0,0,0,100.0,FULL,636.45
804,26.7928,1500.076,185.825,100.0,0.0,0,0,100.0,FULL,636.45
805,26.8261,1501.803,187.286,100.0,0.0,0,0,100.0,FULL,636.45
806,26.8594,1503.543,188.739,100.0,0.0,0,0,100.0,FULL,636.45
807,26.8928,1505.296,190.182,100.0,0.0,0,0,100.0,FULL,636.45
808,26.9261,1507.062,191.616,100.0,0.0,0,0,100.0,FULL,636.45
809,26.9594,1508.843,193.036,100.0,0.0,0,0,100.0,FULL,636.45
810,26.9927,1510.637,194.445,100.0,0.0,0,0,100.0,FULL,636.45
811,27.0261,1512.444,195.841,100.0,0.0,0,0,100.0,FULL,636.45
812,27.0594,1514.263,197.223,100.0,0.0,0,0,100.0,FULL,636.45
813,27.0927,1516.095,198.592,100.0,0.0,0,0,100.0,FULL,636.45
814,27.126,1517.94,199.947,100.0,0.0,0,0,100.0,FULL,636.45
815,27.1594,1519.797,201.287,100.0,0.0,0,0,100.0,FULL,636.45
816,27.1927,1521.666,202.612,100.0,0.0,0,0,100.0,FULL,636.45
817,27.226,1523.547,203.922,100.0,0.0,0,0,100.0,FULL,636.45
818,27.2593,1525.441,205.216,100.0,0.0,0,0,100.0,FULL,636.45
819,27.2927,1527.346,206.495,100.0,0.0,0,0,100.0,FULL,636.45
820,27.326,1529.263,207.758,100.0,0.0,0,0,100.0,FULL,636.45
821,27.3593,1531.192,209.005,100.0,0.0,0,0,100.0,FULL,636.45
822,27.3926,1533.132,210.237,100.0,0.0,0,0,100.0,FULL,636.45
823,27.426,1535.084,211.452,100.0,0.0,0,0,100.0,FULL,636.45
824,27.4593,1537.047,212.652,100.0,0.0,0,0,100.0,FULL,636.45
825,27.4926,1539.021,213.836,100.0,0.0,0,0,100.0,FULL,636.45
826,27.5259,1541.006,215.005,100.0,0.0,0,0,100.0,FULL,636.45
827,27.5593,1543.001,216.158,100.0,0.0,0,0,100.0,FULL,636.45
828,27.5926,1545.008,217.297,100.0,0.0,0,0,100.0,FULL,636.45
829,27.6259,1547.024,218.42,100.0,0.0,0,0,100.0,FULL,636.45
830,27.6592,1549.051,219.529,100.0,0.0,0,0,100.0,FULL,636.45
831,27.6926,1551.088,220.623,100.0,0.0,0,0,100.0,FULL,636.45
832,27.7259,1553.135,221.703,100.0,0.0,0,0,100.0,FULL,636.45
833,27.7592,1555.193,222.768,100.0,0.0,0,0,100.0,FULL,636.45
834,27.7925,1557.26,223.819,100.0,0.0,0,0,100.0,FULL,636.45
835,27.8259,1559.337,224.857,100.0,0.0,0,0,100.0,FULL,636.45
836,27.8592,1561.423,225.881,100.0,0.0,0,0,100.0,FULL,636.45
837,27.8925,1563.519,226.891,100.0,0.0,0,0,100.0,FULL,636.45
838,27.9258,1565.624,227.888,100.0,0.0,0,0,100.0,FULL,636.45
839,27.9592,1567.738,228.873,100.0,0.0,0,0,100.0,FULL,636.45
840,27.9925,1569.861,229.844,100.0,0.0,0,0,100.0,FULL,636.45
841,28.0258,1571.993,230.803,100.0,0.0,0,0,100.0,FULL,636.45
842,28.0591,1574.134,231.75,100.0,0.0,0,0,100.0,FULL,636.45
843,28.0924,1576.284,232.684,100.0,0.0,0,0,100.0,FULL,636.45
844,28.1258,1578.442,233.607,100.0,0.0,0,0,100.0,FULL,636.45
845,28.1591,1580.608,234.517,100.0,0.0,0,0,100.0,FULL,636.45
846,28.1924,1582.783,235.417,100.0,0.0,0,0,100.0,FULL,636.45
847,28.2257,1584.966,236.304,100.0,0.0,0,0,100.0,FULL,636.45
848,28.2591,1587.158,237.18,100.0,0.0,0,0,100.0,FULL,636.45
849,28.2924,1589.357,238.044,100.0,0.0,0,0,100.0,FULL,636.45
850,28.3257,1591.565,238.897,100.0,0.0,0,0,100.0,FULL,636.45
851,28.359,1593.78,239.74,100.0,0.0,0,0,100.0,FULL,636.45
852,28.3924,1596.004,240.572,100.0,0.0,0,0,100.0,FULL,636.45
853,28.4257,1598.234,241.393,100.0,0.0,0,0,100.0,FULL,636.45
854,28.459,1600.472,242.205,100.0,0.0,0,0,100.0,FULL,636.45
855,28.4923,1602.718,243.005,100.0,0.0,0,0,100.0,FULL,636.45
856,28.5257,1604.971,243.795,100.0,0.0,0,0,100.0,FULL,636.45
857,28.559,1607.232,244.574,100.0,0.0,0,0,100.0,FULL,636.45
858,28.5923,1609.499,245.344,100.0,0.0,0,0,100.0,FULL,636.45
859,28.6256,1611.774,246.103,100.0,0.0,0,0,100.0,FULL,636.45
860,28.659,1614.055,246.853,100.0,0.0,0,0,100.0,FULL,636.45
861,28.6923,1616.344,247.592,100.0,0.0,0,0,100.0,FULL,636.45
862,28.7256,1618.639,248.322,100.0,0.0,0,0,100.0,FULL,636.45
863,28.7589,1620.941,249.04,100.0,0.0,0,0,100.0,FULL,636.45
864,28.7923,1623.25,249.749,100.0,0.0,0,0,100.0,FULL,636.45
865,28.8256,1625.565,250.448,100.0,0.0,0,0,100.0,FULL,636.45
866,28.8589,1627.886,251.137,100.0,0.0,0,0,100.0,FULL,636.45
867,28.8922,1630.214,251.815,100.0,0.0,0,0,100.0,FULL,636.45
868,28.9256,1632.548,252.483,100.0,0.0,0,0,100.0,FULL,636.45
869,28.9589,1634.888,253.14,100.0,0.0,0,0,100.0,FULL,636.45
870,28.9922,1637.235,253.787,100.0,0.0,0,0,100.0,FULL,636.45
871,29.0255,1639.587,254.423,100.0,0.0,0,0,100.0,FULL,636.45
872,29.0589,1641.945,255.048,100.0,0.0,0,0,100.0,FULL,636.45
873,29.0922,1644.308,255.662,100.0,0.0,0,0,100.0,FULL,636.45
874,29.1255,1646.678,256.263,100.0,0.0,0,0,100.0,FULL,636.45
875,29.1588,1649.053,256.853,100.0,0.0,0,0,100.0,FULL,636.45
876,29.1922,1651.433,257.431,100.0,0.0,0,0,100.0,FULL,636.45
877,29.2255,1653.819,257.998,100.0,0.0,0,0,100.0,FULL,636.45
878,29.2588,1656.209,258.552,100.0,0.0,0,0,100.0,FULL,636.45
879,29.2921,1658.605,259.092,100.0,0.0,0,0,100.0,FULL,636.45
880,29.3254,1661.006,259.62,100.0,0.0,0,0,100.0,FULL,636.45
881,29.3588,1663.412,260.135,100.0,0.0,0,0,100.0,FULL,636.45
882,29.3921,1665.822,260.637,100.0,0.0,0,0,100.0,FULL,636.45
883,29.4254,1668.237,261.125,100.0,0.0,0,0,100.0,FULL,636.45
884,29.4587,1670.657,261.598,100.0,0.0,0,0,100.0,FULL,636.45
885,29.4921,1673.08,262.058,100.0,0.0,0,0,100.0,FULL,636.45
886,29.5254,1675.508,262.504,100.0,0.0,0,0,100.0,FULL,636.45
887,29.5587,1677.94,262.937,100.0,0.0,0,0,100.0,FULL,636.45
888,29.592,1680.376,263.353,100.0,0.0,0,0,100.0,FULL,636.45
889,29.6254,1682.816,263.755,100.0,0.0,0,0,100.0,FULL,636.45
890,29.6587,1685.259,264.143,100.0,0.0,0,0,100.0,FULL,636.45
891,29.692,1687.706,264.517,100.0,0.0,0,0,100.0,FULL,636.45
892,29.7253,1690.156,264.876,100.0,0.0,0,0,100.0,FULL,636.45
893,29.7587,1692.609,265.219,100.0,0.0,0,0,100.0,FULL,636.45
894,29.792,1695.066,265.548,100.0,0.0,0,0,100.0,FULL,636.45
895,29.8253,1697.526,265.863,100.0,0.0,0,0,100.0,FULL,636.45
896,29.8586,1699.988,266.163,100.0,0.0,0,0,100.0,FULL,636.45
897,29.892,1702.453,266.447,100.0,0.0,0,0,100.0,FULL,636.45
898,29.9253,1704.921,266.714,100.0,0.0,0,0,100.0,FULL,636.45
899,29.9586,1707.391,266.966,100.0,0.0,0,0,100.0,FULL,636.45
900,29.9919,1709.863,267.202,100.0,0.0,0,0,100.0,FULL,636.45
901,30.0253,1712.338,267.419,100.0,0.0,0,0,100.0,FULL,636.45
902,30.0586,1714.814,267.619,100.0,0.0,0,0,100.0,FULL,636.45
903,30.0919,1717.292,267.803,100.0,0.0,0,0,100.0,FULL,636.45
904,30.1252,1719.772,267.969,100.0,0.0,0,0,100.0,FULL,636.45
905,30.1586,1722.253,268.117,100.0,0.0,0,0,100.0,FULL,636.45
906,30.1919,1724.736,268.243,100.0,0.0,0,0,100.0,FULL,636.45
907,30.2252,1727.219,268.351,100.0,0.0,0,0,100.0,FULL,636.45
908,30.2585,1729.704,268.439,100.0,0.0,0,0,100.0,FULL,636.45
909,30.2919,1732.189,268.505,100.0,0.0,0,0,100.0,FULL,636.45
910,30.3252,1734.675,268.549,100.0,0.0,0,0,100.0,FULL,636.45
911,30.3585,1737.161,268.573,100.0,0.0,0,0,100.0,FULL,636.45
912,30.3918,1739.647,268.575,100.0,0.0,0,0,100.0,FULL,636.45
913,30.4252,1742.133,268.555,100.0,0.0,0,0,100.0,FULL,636.45
914,30.4585,1744.619,268.51,100.0,0.0,0,0,100.0,FULL,636.45
915,30.4918,1747.104,268.444,100.0,0.0,0,0,100.0,FULL,636.45
916,30.5251,1749.588,268.356,100.0,0.0,0,0,100.0,FULL,636.45
917,30.5585,1752.072,268.246,100.0,0.0,0,0,100.0,FULL,636.45
918,30.5918,1754.554,268.112,100.0,0.0,0,0,100.0,FULL,636.45
919,30.6251,1757.035,267.958,100.0,0.0,0,0,100.0,FULL,636.45
920,30.6584,1759.515,267.784,100.0,0.0,0,0,100.0,FULL,636.45
921,30.6917,1761.993,267.593,100.0,0.0,0,0,100.0,FULL,636.45
922,30.7251,1764.469,267.382,100.0,0.0,0,0,100.0,FULL,636.45
923,30.7584,1766.943,267.155,100.0,0.0,0,0,100.0,FULL,636.45
924,30.7917,1769.415,266.916,100.0,0.0,0,0,100.0,FULL,636.45
925,30.825,1771.885,266.664,100.0,0.0,0,0,100.0,FULL,636.45
926,30.8584,1774.352,266.403,100.0,0.0,0,0,100.0,FULL,636.45
927,30.8917,1776.817,266.135,100.0,0.0,0,0,100.0,FULL,385.35
928,30.925,1779.279,265.862,0.0,100.0,0,0,100.0,REGEN,0.0
929,30.9583,1781.739,265.586,0.0,100.0,0,0,100.0,REGEN,0.0
930,30.9917,1784.196,265.306,0.0,100.0,0,0,100.0,REGEN,0.0
931,31.025,1786.648,264.448,0.0,100.0,0,0,100.0,REGEN,0.0
932,31.0583,1789.085,261.992,0.0,100.0,0,0,100.0,REGEN,0.0
933,31.0916,1791.499,259.708,0.0,100.0,0,0,100.0,REGEN,0.0
934,31.125,1793.896,257.938,0.0,100.0,0,0,100.0,REGEN,0.0
935,31.1583,1796.28,257.144,0.0,100.0,0,0,100.0,REGEN,0.0
936,31.1916,1798.66,257.144,0.0,100.0,0,0,100.0,REGEN,0.0
937,31.2249,1801.04,257.144,0.0,100.0,0,0,100.0,REGEN,0.0
938,31.2583,1803.421,257.13,100.0,100.0,0,0,100.0,REGEN,444.22
939,31.2916,1805.8,256.861,100.0,0.0,0,0,100.0,FULL,636.45
940,31.3249,1808.178,257.022,100.0,0.0,0,0,100.0,FULL,636.45
941,31.3582,1810.56,257.483,100.0,0.0,0,0,100.0,FULL,636.45
942,31.3916,1812.945,257.828,100.0,0.0,0,0,100.0,FULL,636.45
943,31.4249,1815.333,258.173,100.0,0.0,0,0,100.0,FULL,636.45
944,31.4582,1817.724,258.519,100.0,0.0,0,0,100.0,FULL,636.45
945,31.4915,1820.119,258.865,100.0,0.0,0,0,100.0,FULL,636.45
946,31.5249,1822.517,259.212,100.0,0.0,0,0,100.0,FULL,636.45
947,31.5582,1824.918,259.559,100.0,0.0,0,0,100.0,FULL,636.45
948,31.5915,1827.322,259.907,100.0,0.0,0,0,100.0,FULL,636.45
949,31.6248,1829.73,260.255,100.0,0.0,0,0,100.0,FULL,636.45
950,31.6582,1832.14,260.609,100.0,0.0,0,0,100.0,FULL,636.45
951,31.6915,1834.555,261.055,100.0,0.0,0,0,100.0,FULL,636.45
952,31.7248,1836.974,261.501,100.0,0.0,0,0,100.0,FULL,636.45
953,31.7581,1839.396,261.949,100.0,0.0,0,0,100.0,FULL,636.45
954,31.7915,1841.823,262.396,100.0,0.0,0,0,100.0,FULL,636.45
955,31.8248,1844.253,262.528,100.0,0.0,0,0,100.0,FULL,636.45
956,31.8581,1846.685,263.047,100.0,0.0,0,0,100.0,FULL,636.45
957,31.8914,1849.123,263.593,100.0,0.0,0,0,100.0,FULL,636.45
958,31.9248,1851.565,264.133,100.0,0.0,0,0,100.0,FULL,636.45
959,31.9581,1854.013,264.667,100.0,0.0,0,0,100.0,FULL,636.45
960,31.9914,1856.465,265.193,100.0,0.0,0,0,100.0,FULL,636.45
961,32.0247,1858.923,265.714,100.0,0.0,0,0,100.0,FULL,636.45
962,32.058,1861.385,266.228,100.0,0.0,0,0,100.0,FULL,636.45
963,32.0914,1863.851,266.736,100.0,0.0,0,0,100.0,FULL,636.45
964,32.1247,1866.323,267.235,100.0,0.0,0,0,100.0,FULL,636.45
965,32.158,1868.799,267.671,100.0,0.0,0,0,100.0,FULL,636.45
966,32.1913,1871.278,268.02,100.0,0.0,0,0,100.0,FULL,636.45
967,32.2247,1873.76,268.363,100.0,0.0,0,0,100.0,FULL,636.45
968,32.258,1876.246,268.699,100.0,0.0,0,0,100.0,FULL,636.45
969,32.2913,1878.735,269.023,100.0,0.0,0,0,100.0,FULL,636.45
970,32.3246,1881.227,269.334,100.0,0.0,0,0,100.0,FULL,636.45
971,32.358,1883.721,269.629,100.0,0.0,0,0,100.0,FULL,636.45
972,32.3913,1886.218,269.905,100.0,0.0,0,0,100.0,FULL,636.45
973,32.4246,1888.718,270.156,100.0,0.0,0,0,100.0,FULL,636.45
974,32.4579,1891.22,270.382,100.0,0.0,0,0,100.0,FULL,636.45
975,32.4913,1893.724,270.581,100.0,0.0,0,0,100.0,FULL,636.45
976,32.5246,1896.229,270.748,100.0,0.0,0,0,100.0,FULL,636.45
977,32.5579,1898.736,270.876,100.0,0.0,0,0,100.0,FULL,636.45
978,32.5912,1901.244,270.967,100.0,0.0,0,0,100.0,FULL,636.45
979,32.6246,1903.752,271.017,100.0,0.0,0,0,100.0,FULL,636.45
980,32.6579,1906.261,271.024,100.0,0.0,0,0,100.0,FULL,636.45
981,32.6912,1908.77,270.979,100.0,0.0,0,0,100.0,FULL,636.45
982,32.7245,1911.278,270.885,100.0,0.0,0,0,100.0,FULL,636.45
983,32.7579,1913.785,270.74,100.0,0.0,0,0,100.0,FULL,636.45
984,32.7912,1916.29,270.541,100.0,0.0,0,0,100.0,FULL,636.45
985,32.8245,1918.793,270.282,100.0,0.0,0,0,100.0,FULL,636.45
986,32.8578,1921.293,269.967,100.0,0.0,0,0,100.0,FULL,636.45
987,32.8912,1923.791,269.596,100.0,0.0,0,0,100.0,FULL,636.45
988,32.9245,1926.285,269.167,100.0,0.0,0,0,100.0,FULL,636.45
989,32.9578,1928.774,268.675,100.0,0.0,0,0,100.0,FULL,636.45
990,32.9911,1931.258,268.128,100.0,0.0,0,0,100.0,FULL,636.45
991,33.0245,1933.738,267.527,100.0,0.0,0,0,100.0,FULL,636.45
992,33.0578,1936.211,266.875,100.0,0.0,0,0,100.0,FULL,636.45
993,33.0911,1938.678,266.165,100.0,0.0,0,0,100.0,FULL,636.45
994,33.1244,1941.138,265.409,100.0,0.0,0,0,100.0,FULL,636.45
995,33.1578,1943.592,264.61,100.0,0.0,0,0,100.0,FULL,636.45
996,33.1911,1946.037,263.771,100.0,0.0,0,0,100.0,FULL,48.01
997,33.2244,1948.475,262.883,0.0,100.0,0,0,100.0,REGEN,0.0
998,33.2577,1950.904,261.945,0.0,100.0,0,0,100.0,REGEN,0.0
999,33.2911,1953.324,260.962,0.0,100.0,0,0,100.0,REGEN,0.0
1000,33.3244,1955.735,259.941,0.0,100.0,0,0,100.0,REGEN,0.0
1001,33.3577,1958.137,258.814,0.0,100.0,0,0,100.0,REGEN,0.0
1002,33.391,1960.522,256.795,0.0,100.0,0,0,100.0,REGEN,0.0
1003,33.4243,1962.895,255.929,0.0,100.0,0,0,100.0,REGEN,0.0
1004,33.4577,1965.257,254.305,0.0,100.0,0,0,100.0,REGEN,0.0
1005,33.491,1967.598,251.349,0.0,100.0,0,0,100.0,REGEN,0.0
1006,33.5243,1969.909,247.805,0.0,100.0,0,0,100.0,REGEN,0.0
1007,33.5576,1972.188,244.303,0.0,100.0,0,0,100.0,REGEN,0.0
1008,33.591,1974.435,241.441,0.0,100.0,0,0,100.0,REGEN,0.0
1009,33.6243,1976.661,239.657,0.0,100.0,0,0,100.0,REGEN,0.0
1010,33.6576,1978.877,239.011,0.0,100.0,0,0,100.0,REGEN,0.0
1011,33.6909,1981.088,238.734,0.0,100.0,0,0,100.0,REGEN,0.0
1012,33.7243,1983.298,238.734,0.0,100.0,0,0,100.0,REGEN,0.0
1013,33.7576,1985.507,238.734,0.0,100.0,0,0,100.0,REGEN,0.0
1014,33.7909,1987.717,238.734,0.0,100.0,0,0,100.0,REGEN,0.0
1015,33.8242,1989.927,238.734,0.0,100.0,0,0,100.0,REGEN,0.0
1016,33.8576,1992.137,238.703,100.0,100.0,0,0,100.0,REGEN,623.47
1017,33.8909,1994.343,238.024,100.0,0.0,0,0,100.0,FULL,583.53
1018,33.9242,1996.544,237.421,0.0,100.0,0,0,100.0,REGEN,0.0
1019,33.9575,1998.74,237.196,0.0,100.0,0,0,100.0,REGEN,0.0
1020,33.9909,2000.93,235.889,0.0,100.0,0,0,100.0,REGEN,0.0
1021,34.0242,2003.106,234.308,0.0,100.0,0,0,100.0,REGEN,0.0
1022,34.0575,2005.273,233.965,0.0,100.0,0,0,100.0,REGEN,0.0
1023,34.0908,2007.439,233.965,0.0,100.0,0,0,100.0,REGEN,0.0
1024,34.1242,2009.605,233.958,100.0,100.0,0,0,100.0,REGEN,455.06
1025,34.1575,2011.77,233.781,100.0,0.0,0,0,100.0,FULL,636.45
1026,34.1908,2013.935,234.085,100.0,0.0,0,0,100.0,FULL,636.45
1027,34.2241,2016.104,234.586,100.0,0.0,0,0,100.0,FULL,636.45
1028,34.2575,2018.277,234.992,100.0,0.0,0,0,100.0,FULL,636.45
1029,34.2908,2020.454,235.348,100.0,0.0,0,0,100.0,FULL,636.45
1030,34.3241,2022.636,235.906,100.0,0.0,0,0,100.0,FULL,636.45
1031,34.3574,2024.823,236.709,100.0,0.0,0,0,100.0,FULL,636.45
1032,34.3908,2027.019,237.581,100.0,0.0,0,0,100.0,FULL,636.45
1033,34.4241,2029.222,238.442,100.0,0.0,0,0,100.0,FULL,636.45
1034,34.4574,2031.433,239.292,100.0,0.0,0,0,100.0,FULL,636.45
1035,34.4907,2033.652,240.132,100.0,0.0,0,0,100.0,FULL,636.45
1036,34.5241,2035.878,240.961,100.0,0.0,0,0,100.0,FULL,636.45
1037,34.5574,2038.112,241.78,100.0,0.0,0,0,100.0,FULL,636.45
1038,34.5907,2040.354,242.588,100.0,0.0,0,0,100.0,FULL,636.45
1039,34.624,2042.604,243.386,100.0,0.0,0,0,100.0,FULL,636.45
1040,34.6573,2044.86,244.173,100.0,0.0,0,0,100.0,FULL,636.45
1041,34.6907,2047.124,244.952,100.0,0.0,0,0,100.0,FULL,636.45
1042,34.724,2049.395,245.72,100.0,0.0,0,0,100.0,FULL,636.45
1043,34.7573,2051.673,246.479,100.0,0.0,0,0,100.0,FULL,636.45
1044,34.7906,2053.958,247.229,100.0,0.0,0,0,100.0,FULL,636.45
1045,34.824,2056.25,247.966,100.0,0.0,0,0,100.0,FULL,636.45
1046,34.8573,2058.548,248.597,100.0,0.0,0,0,100.0,FULL,636.45
1047,34.8906,2060.853,249.217,100.0,0.0,0,0,100.0,FULL,636.45
1048,34.9239,2063.163,249.843,100.0,0.0,0,0,100.0,FULL,636.45
1049,34.9573,2065.478,250.474,100.0,0.0,0,0,100.0,FULL,636.45
1050,34.9906,2067.8,251.107,100.0,0.0,0,0,100.0,FULL,636.45
1051,35.0239,2070.127,251.742,100.0,0.0,0,0,100.0,FULL,636.45
1052,35.0572,2072.46,252.378,100.0,0.0,0,0,100.0,FULL,636.45
1053,35.0906,2074.799,253.012,100.0,0.0,0,0,100.0,FULL,636.45
1054,35.1239,2077.145,253.646,100.0,0.0,0,0,100.0,FULL,636.45
1055,35.1572,2079.495,254.277,100.0,0.0,0,0,100.0,FULL,636.45
1056,35.1905,2081.852,254.905,100.0,0.0,0,0,100.0,FULL,636.45
1057,35.2239,2084.214,255.53,100.0,0.0,0,0,100.0,FULL,636.45
1058,35.2572,2086.583,256.15,100.0,0.0,0,0,100.0,FULL,636.45
1059,35.2905,2088.957,256.766,100.0,0.0,0,0,100.0,FULL,636.45
1060,35.3238,2091.336,257.376,100.0,0.0,0,0,100.0,FULL,636.45
1061,35.3572,2093.722,257.981,100.0,0.0,0,0,100.0,FULL,636.45
1062,35.3905,2096.112,258.581,100.0,0.0,0,0,100.0,FULL,636.45
1063,35.4238,2098.509,259.175,100.0,0.0,0,0,100.0,FULL,636.45
1064,35.4571,2100.911,259.762,100.0,0.0,0,0,100.0,FULL,636.45
1065,35.4905,2103.318,260.344,100.0,0.0,0,0,100.0,FULL,636.45
1066,35.5238,2105.731,260.919,100.0,0.0,0,0,100.0,FULL,636.45
1067,35.5571,2108.148,261.488,100.0,0.0,0,0,100.0,FULL,636.45
1068,35.5904,2110.572,262.05,100.0,0.0,0,0,100.0,FULL,636.45
1069,35.6238,2113.0,262.606,100.0,0.0,0,0,100.0,FULL,636.45
1070,35.6571,2115.433,263.156,100.0,0.0,0,0,100.0,FULL,636.45
1071,35.6904,2117.872,263.7,100.0,0.0,0,0,100.0,FULL,636.45
1072,35.7237,2120.315,264.237,100.0,0.0,0,0,100.0,FULL,636.45
1073,35.7571,2122.764,264.767,100.0,0.0,0,0,100.0,FULL,636.45
1074,35.7904,2125.217,265.292,100.0,0.0,0,0,100.0,FULL,636.45
1075,35.8237,2127.675,265.81,100.0,0.0,0,0,100.0,FULL,636.45
1076,35.857,2130.138,266.323,100.0,0.0,0,0,100.0,FULL,636.45
1077,35.8904,2132.606,266.828,100.0,0.0,0,0,100.0,FULL,636.45
1078,35.9237,2135.078,267.328,100.0,0.0,0,0,100.0,FULL,636.45
1079,35.957,2137.555,267.822,100.0,0.0,0,0,100.0,FULL,636.45
1080,35.9903,2140.036,268.311,100.0,0.0,0,0,100.0,FULL,636.45
1081,36.0236,2142.522,268.793,100.0,0.0,0,0,100.0,FULL,636.45
1082,36.057,2145.013,269.269,100.0,0.0,0,0,100.0,FULL,636.45
1083,36.0903,2147.507,269.74,100.0,0.0,0,0,100.0,FULL,636.45
1084,36.1236,2150.006,270.206,100.0,0.0,0,0,100.0,FULL,636.45
1085,36.1569,2152.51,270.665,100.0,0.0,0,0,100.0,FULL,636.45
1086,36.1903,2155.017,271.119,100.0,0.0,0,0,100.0,FULL,636.45
1087,36.2236,2157.529,271.568,100.0,0.0,0,0,100.0,FULL,636.45
1088,36.2569,2160.045,272.011,100.0,0.0,0,0,100.0,FULL,636.45
1089,36.2902,2162.565,272.449,100.0,0.0,0,0,100.0,FULL,636.45
1090,36.3236,2165.089,272.882,100.0,0.0,0,0,100.0,FULL,636.45
1091,36.3569,2167.617,273.31,100.0,0.0,0,0,100.0,FULL,636.45
1092,36.3902,2170.149,273.732,100.0,0.0,0,0,100.0,FULL,636.45
1093,36.4235,2172.685,274.15,100.0,0.0,0,0,100.0,FULL,636.45
1094,36.4569,2175.224,274.562,100.0,0.0,0,0,100.0,FULL,636.45
1095,36.4902,2177.768,274.97,100.0,0.0,0,0,100.0,FULL,636.45
1096,36.5235,2180.315,275.373,100.0,0.0,0,0,100.0,FULL,636.45
1097,36.5568,2182.866,275.77,100.0,0.0,0,0,100.0,FULL,636.45
1098,36.5902,2185.421,276.163,100.0,0.0,0,0,100.0,FULL,636.45
1099,36.6235,2187.979,276.551,100.0,0.0,0,0,100.0,FULL,636.45
1100,36.6568,2190.54,276.934,100.0,0.0,0,0,100.0,FULL,636.45
1101,36.6901,2193.106,277.313,100.0,0.0,0,0,100.0,FULL,636.45
1102,36.7235,2195.674,277.686,100.0,0.0,0,0,100.0,FULL,636.45
1103,36.7568,2198.247,278.055,100.0,0.0,0,0,100.0,FULL,636.45
1104,36.7901,2200.822,278.418,100.0,0.0,0,0,100.0,FULL,636.45
1105,36.8234,2203.401,278.777,100.0,0.0,0,0,100.0,FULL,636.45
1106,36.8568,2205.983,279.131,100.0,0.0,0,0,100.0,FULL,636.45
1107,36.8901,2208.569,279.478,100.0,0.0,0,0,100.0,FULL,636.45
1108,36.9234,2211.158,279.821,100.0,0.0,0,0,100.0,FULL,636.45
1109,36.9567,2213.749,280.157,100.0,0.0,0,0,100.0,FULL,636.45
1110,36.9901,2216.344,280.487,100.0,0.0,0,0,100.0,FULL,636.45
1111,37.0234,2218.942,280.81,100.0,0.0,0,0,100.0,FULL,636.45
1112,37.0567,2221.543,281.126,100.0,0.0,0,0,100.0,FULL,636.45
1113,37.09,2224.146,281.435,100.0,0.0,0,0,100.0,FULL,636.45
1114,37.1234,2226.753,281.734,100.0,0.0,0,0,100.0,FULL,636.45
1115,37.1567,2229.363,282.023,100.0,0.0,0,0,100.0,FULL,636.45
1116,37.19,2231.974,282.303,100.0,0.0,0,0,100.0,FULL,636.45
1117,37.2233,2234.589,282.569,100.0,0.0,0,0,100.0,FULL,636.45
1118,37.2567,2237.206,282.822,100.0,0.0,0,0,100.0,FULL,636.45
1119,37.29,2239.825,283.061,100.0,0.0,0,0,100.0,FULL,636.45
1120,37.3233,2242.446,283.282,100.0,0.0,0,0,100.0,FULL,636.45
1121,37.3566,2245.069,283.483,100.0,0.0,0,0,100.0,FULL,636.45
1122,37.3899,2247.694,283.664,100.0,0.0,0,0,100.0,FULL,636.45
1123,37.4233,2250.321,283.821,100.0,0.0,0,0,100.0,FULL,636.45
1124,37.4566,2252.949,283.949,100.0,0.0,0,0,100.0,FULL,636.45
1125,37.4899,2255.578,284.049,100.0,0.0,0,0,100.0,FULL,636.45
1126,37.5232,2258.207,284.117,100.0,0.0,0,0,100.0,FULL,636.45
1127,37.5566,2260.837,284.144,100.0,0.0,0,0,100.0,FULL,636.45
1128,37.5899,2263.468,284.133,100.0,0.0,0,0,100.0,FULL,636.45
1129,37.6232,2266.098,284.081,100.0,0.0,0,0,100.0,FULL,636.45
1130,37.6565,2268.727,283.975,100.0,0.0,0,0,100.0,FULL,636.45
1131,37.6899,2271.355,283.819,100.0,0.0,0,0,100.0,FULL,636.45
1132,37.7232,2273.981,283.61,100.0,0.0,0,0,100.0,FULL,636.45
1133,37.7565,2276.605,283.336,100.0,0.0,0,0,100.0,FULL,636.45
1134,37.7898,2279.226,282.998,100.0,0.0,0,0,100.0,FULL,636.45
1135,37.8232,2281.844,282.598,100.0,0.0,0,0,100.0,FULL,636.45
1136,37.8565,2284.458,282.122,100.0,0.0,0,0,100.0,FULL,636.45
1137,37.8898,2287.067,281.571,100.0,0.0,0,0,100.0,FULL,636.45
1138,37.9231,2289.671,280.948,100.0,0.0,0,0,100.0,FULL,636.45
1139,37.9565,2292.268,280.246,100.0,0.0,0,0,100.0,FULL,636.45
1140,37.9898,2294.858,279.458,100.0,0.0,0,0,100.0,FULL,636.45
1141,38.0231,2297.441,278.592,100.0,0.0,0,0,100.0,FULL,636.45
1142,38.0564,2300.016,277.648,100.0,0.0,0,0,100.0,FULL,636.45
1143,38.0898,2302.581,276.616,100.0,0.0,0,0,100.0,FULL,636.45
1144,38.1231,2305.137,275.504,100.0,0.0,0,0,100.0,FULL,636.45
1145,38.1564,2307.682,274.317,100.0,0.0,0,0,100.0,FULL,636.45
1146,38.1897,2310.216,273.055,100.0,0.0,0,0,100.0,FULL,636.45
1147,38.2231,2312.736,271.712,100.0,0.0,0,0,100.0,FULL,636.45
1148,38.2564,2315.245,270.301,100.0,0.0,0,0,100.0,FULL,301.6
1149,38.2897,2317.74,268.823,0.0,100.0,0,0,100.0,REGEN,0.0
1150,38.323,2320.222,267.269,0.0,100.0,0,0,100.0,REGEN,0.0
1151,38.3564,2322.688,265.616,0.0,100.0,0,0,100.0,REGEN,0.0
1152,38.3897,2325.138,263.88,0.0,100.0,0,0,100.0,REGEN,0.0
1153,38.423,2327.573,262.063,0.0,100.0,0,0,100.0,REGEN,0.0
1154,38.4563,2329.99,260.171,0.0,100.0,0,0,100.0,REGEN,0.0
1155,38.4897,2332.39,258.206,0.0,100.0,0,0,100.0,REGEN,0.0
1156,38.523,2334.77,256.172,0.0,100.0,0,0,100.0,REGEN,0.0
1157,38.5563,2337.13,253.79,0.0,100.0,0,0,100.0,REGEN,0.0
1158,38.5896,2339.464,250.469,0.0,100.0,0,0,100.0,REGEN,0.0
1159,38.6229,2341.766,246.95,0.0,100.0,0,0,100.0,REGEN,0.0
1160,38.6563,2344.038,243.774,0.0,100.0,0,0,100.0,REGEN,0.0
1161,38.6896,2346.282,240.919,0.0,100.0,0,0,100.0,REGEN,0.0
1162,38.7229,2348.501,238.163,0.0,100.0,0,0,100.0,REGEN,0.0
1163,38.7562,2350.691,235.326,0.0,100.0,0,0,100.0,REGEN,0.0
1164,38.7896,2352.856,232.453,0.0,100.0,0,0,100.0,REGEN,0.0
1165,38.8229,2354.995,229.803,0.0,100.0,0,0,100.0,REGEN,0.0
1166,38.8562,2357.113,227.92,0.0,100.0,0,0,100.0,REGEN,0.0
1167,38.8895,2359.22,227.373,0.0,100.0,0,0,100.0,REGEN,0.0
1168,38.9229,2361.324,227.133,0.0,100.0,0,0,100.0,REGEN,0.0
1169,38.9562,2363.423,226.464,0.0,100.0,0,0,100.0,REGEN,0.0
1170,38.9895,2365.514,225.355,0.0,100.0,0,0,100.0,REGEN,0.0
1171,39.0228,2367.588,222.729,0.0,100.0,0,0,100.0,REGEN,0.0
1172,39.0562,2369.63,218.5,0.0,100.0,0,0,100.0,REGEN,0.0
1173,39.0895,2371.631,213.736,0.0,100.0,0,0,100.0,REGEN,0.0
1174,39.1228,2373.587,208.988,0.0,100.0,0,0,100.0,REGEN,0.0
1175,39.1561,2375.502,204.721,0.0,100.0,0,0,100.0,REGEN,0.0
1176,39.1895,2377.386,202.227,0.0,100.0,0,0,100.0,REGEN,0.0
1177,39.2228,2379.256,201.875,0.0,100.0,0,0,100.0,REGEN,0.0
1178,39.2561,2381.125,201.875,0.0,100.0,0,0,100.0,REGEN,0.0
1179,39.2894,2382.994,201.875,0.0,100.0,0,0,100.0,REGEN,0.0
1180,39.3228,2384.862,201.875,0.0,100.0,0,0,100.0,REGEN,0.0
1181,39.3561,2386.731,201.875,0.0,100.0,0,0,100.0,REGEN,0.0
1182,39.3894,2388.6,201.875,0.0,100.0,0,0,100.0,REGEN,0.0
1183,39.4227,2390.468,201.875,100.0,100.0,0,0,100.0,REGEN,593.67
1184,39.4561,2392.332,200.879,100.0,0.0,0,0,100.0,FULL,636.45
1185,39.4894,2394.184,199.302,100.0,0.0,0,0,100.0,FULL,636.45
1186,39.5227,2396.015,196.587,100.0,0.0,0,0,100.0,FULL,636.45
1187,39.556,2397.826,194.614,100.0,0.0,0,0,100.0,FULL,239.83
1188,39.5894,2399.623,193.71,0.0,100.0,0,0,100.0,REGEN,0.0
1189,39.6227,2401.414,193.221,100.0,100.0,0,0,100.0,REGEN,267.6
1190,39.656,2403.198,192.293,100.0,0.0,0,0,100.0,FULL,636.45
1191,39.6893,2404.971,190.602,100.0,0.0,0,0,100.0,FULL,636.45
1192,39.7227,2406.729,189.056,100.0,0.0,0,0,100.0,FULL,636.45
1193,39.756,2408.477,188.604,100.0,0.0,0,0,100.0,FULL,636.45
1194,39.7893,2410.221,188.153,100.0,0.0,0,0,100.0,FULL,636.45
1195,39.8226,2411.96,187.703,100.0,0.0,0,0,100.0,FULL,636.45
1196,39.856,2413.696,187.256,100.0,0.0,0,0,100.0,FULL,636.45
1197,39.8893,2415.428,186.986,100.0,0.0,0,0,100.0,FULL,636.45
1198,39.9226,2417.159,186.966,100.0,0.0,0,0,100.0,FULL,636.45
1199,39.9559,2418.89,187.045,100.0,0.0,0,0,100.0,FULL,636.45
1200,39.9892,2420.621,187.124,100.0,0.0,0,0,100.0,FULL,636.45
1201,40.0226,2422.354,187.203,100.0,0.0,0,0,100.0,FULL,636.45
1202,40.0559,2424.087,187.282,100.0,0.0,0,0,100.0,FULL,636.45
1203,40.0892,2425.821,187.362,100.0,0.0,0,0,100.0,FULL,636.45
1204,40.1225,2427.556,187.441,100.0,0.0,0,0,100.0,FULL,636.45
1205,40.1559,2429.292,187.52,100.0,0.0,0,0,100.0,FULL,636.45
1206,40.1892,2431.028,187.6,100.0,0.0,0,0,100.0,FULL,636.45
1207,40.2225,2432.765,187.679,100.0,0.0,0,0,100.0,FULL,636.45
1208,40.2558,2434.502,187.759,100.0,0.0,0,0,100.0,FULL,636.45
1209,40.2892,2436.241,187.838,100.0,0.0,0,0,100.0,FULL,636.45
1210,40.3225,2437.98,187.918,100.0,0.0,0,0,100.0,FULL,636.45
1211,40.3558,2439.72,187.997,100.0,0.0,0,0,100.0,FULL,636.45
1212,40.3891,2441.46,188.077,100.0,0.0,0,0,100.0,FULL,636.45
1213,40.4225,2443.202,188.157,100.0,0.0,0,0,100.0,FULL,636.45
1214,40.4558,2444.944,188.236,100.0,0.0,0,0,100.0,FULL,636.45
1215,40.4891,2446.687,188.316,100.0,0.0,0,0,100.0,FULL,636.45
1216,40.5224,2448.43,188.396,100.0,0.0,0,0,100.0,FULL,636.45
1217,40.5558,2450.175,188.476,100.0,0.0,0,0,100.0,FULL,636.45
1218,40.5891,2451.92,188.556,100.0,0.0,0,0,100.0,FULL,636.45
1219,40.6224,2453.665,188.636,100.0,0.0,0,0,100.0,FULL,636.45
1220,40.6557,2455.412,188.783,100.0,0.0,0,0,100.0,FULL,636.45
1221,40.6891,2457.161,189.144,100.0,0.0,0,0,100.0,FULL,636.45
1222,40.7224,2458.914,189.59,100.0,0.0,0,0,100.0,FULL,636.45
1223,40.7557,2460.671,190.038,100.0,0.0,0,0,100.0,FULL,636.45
1224,40.789,2462.433,190.461,100.0,0.0,0,0,100.0,FULL,636.45
1225,40.8224,2464.198,190.881,100.0,0.0,0,0,100.0,FULL,636.45
1226,40.8557,2465.967,191.301,100.0,0.0,0,0,100.0,FULL,636.45
1227,40.889,2467.739,191.722,100.0,0.0,0,0,100.0,FULL,636.45
1228,40.9223,2469.516,192.145,100.0,0.0,0,0,100.0,FULL,636.45
1229,40.9557,2471.296,192.568,100.0,0.0,0,0,100.0,FULL,636.45
1230,40.989,2473.081,192.992,100.0,0.0,0,0,100.0,FULL,636.45
1231,41.0223,2474.869,193.418,100.0,0.0,0,0,100.0,FULL,636.45
1232,41.0556,2476.662,193.844,100.0,0.0,0,0,100.0,FULL,99.27
1233,41.089,2478.458,194.271,0.0,100.0,0,0,100.0,REGEN,0.0
1234,41.1223,2480.259,194.699,0.0,100.0,0,0,100.0,REGEN,0.0
1235,41.1556,2482.063,195.128,0.0,100.0,0,0,100.0,REGEN,0.0
1236,41.1889,2483.871,195.557,0.0,100.0,0,0,100.0,REGEN,0.0
1237,41.2223,2485.683,195.987,0.0,100.0,0,0,100.0,REGEN,0.0
1238,41.2556,2487.499,196.417,0.0,100.0,0,0,100.0,REGEN,0.0
1239,41.2889,2489.32,196.848,0.0,100.0,0,0,100.0,REGEN,0.0
1240,41.3222,2491.144,197.279,100.0,100.0,0,0,100.0,REGEN,50.57
1241,41.3555,2492.972,197.71,100.0,100.0,0,0,100.0,REGEN,628.8
1242,41.3889,2494.807,198.757,100.0,0.0,0,0,100.0,FULL,636.45
1243,41.4222,2496.653,199.93,100.0,0.0,0,0,100.0,FULL,636.45
1244,41.4555,2498.509,201.17,100.0,0.0,0,0,100.0,FULL,636.45
1245,41.4888,2500.378,202.451,100.0,0.0,0,0,100.0,FULL,636.45
1246,41.5222,2502.258,203.755,100.0,0.0,0,0,100.0,FULL,636.45
1247,41.5555,2504.15,205.058,100.0,0.0,0,0,100.0,FULL,636.45
1248,41.5888,2506.054,206.329,100.0,0.0,0,0,100.0,FULL,636.45
1249,41.6221,2507.969,207.508,100.0,0.0,0,0,100.0,FULL,636.45
1250,41.6555,2509.895,208.53,100.0,0.0,0,0,100.0,FULL,636.45
1251,41.6888,2511.829,209.389,100.0,0.0,0,0,100.0,FULL,636.45
1252,41.7221,2513.771,210.153,100.0,0.0,0,0,100.0,FULL,636.45
1253,41.7554,2515.72,210.891,100.0,0.0,0,0,100.0,FULL,636.45
1254,41.7888,2517.675,211.684,100.0,0.0,0,0,100.0,FULL,636.45
1255,41.8221,2519.639,212.599,100.0,0.0,0,0,100.0,FULL,636.45
1256,41.8554,2521.612,213.658,100.0,0.0,0,0,100.0,FULL,636.45
1257,41.8887,2523.595,214.833,100.0,0.0,0,0,100.0,FULL,636.45
1258,41.9221,2525.589,215.993,100.0,0.0,0,0,100.0,FULL,636.45
1259,41.9554,2527.594,217.136,100.0,0.0,0,0,100.0,FULL,636.45
1260,41.9887,2529.609,218.265,100.0,0.0,0,0,100.0,FULL,636.45
1261,42.022,2531.634,219.37,100.0,0.0,0,0,100.0,FULL,636.45
1262,42.0554,2533.67,220.397,100.0,0.0,0,0,100.0,FULL,636.45
1263,42.0887,2535.714,221.343,100.0,0.0,0,0,100.0,FULL,636.45
1264,42.122,2537.768,222.29,100.0,0.0,0,0,100.0,FULL,636.45
1265,42.1553,2539.83,223.237,100.0,0.0,0,0,100.0,FULL,636.45
1266,42.1887,2541.901,224.184,100.0,0.0,0,0,100.0,FULL,636.45
1267,42.222,2543.98,225.13,100.0,0.0,0,0,100.0,FULL,636.45
1268,42.2553,2546.069,226.073,100.0,0.0,0,0,100.0,FULL,636.45
1269,42.2886,2548.166,227.013,100.0,0.0,0,0,100.0,FULL,636.45
1270,42.322,2550.272,227.948,100.0,0.0,0,0,100.0,FULL,636.45
1271,42.3553,2552.386,228.879,100.0,0.0,0,0,100.0,FULL,636.45
1272,42.3886,2554.509,229.805,100.0,0.0,0,0,100.0,FULL,636.45
1273,42.4219,2556.641,230.725,100.0,0.0,0,0,100.0,FULL,636.45
1274,42.4553,2558.78,231.638,100.0,0.0,0,0,100.0,FULL,636.45
1275,42.4886,2560.929,232.544,100.0,0.0,0,0,100.0,FULL,636.45
1276,42.5219,2563.085,233.442,100.0,0.0,0,0,100.0,FULL,636.45
1277,42.5552,2565.25,234.333,100.0,0.0,0,0,100.0,FULL,636.45
1278,42.5886,2567.423,235.216,100.0,0.0,0,0,100.0,FULL,636.45
1279,42.6219,2569.605,236.09,100.0,0.0,0,0,100.0,FULL,636.45
1280,42.6552,2571.794,236.955,100.0,0.0,0,0,100.0,FULL,636.45
1281,42.6885,2573.992,237.811,100.0,0.0,0,0,100.0,FULL,636.45
1282,42.7218,2576.197,238.658,100.0,0.0,0,0,100.0,FULL,636.45
1283,42.7552,2578.41,239.497,100.0,0.0,0,0,100.0,FULL,636.45
1284,42.7885,2580.631,240.326,100.0,0.0,0,0,100.0,FULL,636.45
1285,42.8218,2582.86,241.145,100.0,0.0,0,0,100.0,FULL,636.45
1286,42.8551,2585.095,241.956,100.0,0.0,0,0,100.0,FULL,636.45
1287,42.8885,2587.339,242.757,100.0,0.0,0,0,100.0,FULL,636.45
1288,42.9218,2589.589,243.549,100.0,0.0,0,0,100.0,FULL,636.45
1289,42.9551,2591.848,244.331,100.0,0.0,0,0,100.0,FULL,636.45
1290,42.9884,2594.113,245.104,100.0,0.0,0,0,100.0,FULL,636.45
1291,43.0218,2596.386,245.867,100.0,0.0,0,0,100.0,FULL,636.45
1292,43.0551,2598.665,246.622,100.0,0.0,0,0,100.0,FULL,636.45
1293,43.0884,2600.951,247.368,100.0,0.0,0,0,100.0,FULL,636.45
1294,43.1217,2603.244,248.104,100.0,0.0,0,0,100.0,FULL,636.45
1295,43.1551,2605.544,248.832,100.0,0.0,0,0,100.0,FULL,636.45
1296,43.1884,2607.851,249.55,100.0,0.0,0,0,100.0,FULL,636.45
1297,43.2217,2610.165,250.26,100.0,0.0,0,0,100.0,FULL,636.45
1298,43.255,2612.485,250.961,100.0,0.0,0,0,100.0,FULL,636.45
1299,43.2884,2614.811,251.654,100.0,0.0,0,0,100.0,FULL,636.45
1300,43.3217,2617.143,252.338,100.0,0.0,0,0,100.0,FULL,636.45
1301,43.355,2619.482,253.015,100.0,0.0,0,0,100.0,FULL,636.45
1302,43.3883,2621.827,253.682,100.0,0.0,0,0,100.0,FULL,636.45
1303,43.4217,2624.179,254.341,100.0,0.0,0,0,100.0,FULL,636.45
1304,43.455,2626.536,254.992,100.0,0.0,0,0,100.0,FULL,636.45
1305,43.4883,2628.9,255.636,100.0,0.0,0,0,100.0,FULL,636.45
1306,43.5216,2631.269,256.272,100.0,0.0,0,0,100.0,FULL,636.45
1307,43.555,2633.644,256.9,100.0,0.0,0,0,100.0,FULL,636.45
1308,43.5883,2636.025,257.519,100.0,0.0,0,0,100.0,FULL,636.45
1309,43.6216,2638.412,258.132,100.0,0.0,0,0,100.0,FULL,636.45
1310,43.6549,2640.804,258.737,100.0,0.0,0,0,100.0,FULL,636.45
1311,43.6883,2643.202,259.335,100.0,0.0,0,0,100.0,FULL,636.45
1312,43.7216,2645.605,259.926,100.0,0.0,0,0,100.0,FULL,636.45
1313,43.7549,2648.014,260.509,100.0,0.0,0,0,100.0,FULL,636.45
1314,43.7882,2650.428,261.085,100.0,0.0,0,0,100.0,FULL,636.45
1315,43.8216,2652.848,261.655,100.0,0.0,0,0,100.0,FULL,636.45
1316,43.8549,2655.272,262.217,100.0,0.0,0,0,100.0,FULL,636.45
1317,43.8882,2657.702,262.773,100.0,0.0,0,0,100.0,FULL,636.45
1318,43.9215,2660.137,263.322,100.0,0.0,0,0,100.0,FULL,636.45
1319,43.9548,2662.577,263.864,100.0,0.0,0,0,100.0,FULL,636.45
1320,43.9882,2665.022,264.4,100.0,0.0,0,0,100.0,FULL,636.45
1321,44.0215,2667.472,264.93,100.0,0.0,0,0,100.0,FULL,636.45
1322,44.0548,2669.927,265.452,100.0,0.0,0,0,100.0,FULL,636.45
1323,44.0881,2672.386,265.969,100.0,0.0,0,0,100.0,FULL,636.45
1324,44.1215,2674.851,266.479,100.0,0.0,0,0,100.0,FULL,636.45
1325,44.1548,2677.32,266.984,100.0,0.0,0,0,100.0,FULL,636.45
1326,44.1881,2679.793,267.482,100.0,0.0,0,0,100.0,FULL,636.45
1327,44.2214,2682.272,267.974,100.0,0.0,0,0,100.0,FULL,636.45
1328,44.2548,2684.755,268.46,100.0,0.0,0,0,100.0,FULL,636.45
1329,44.2881,2687.242,268.941,100.0,0.0,0,0,100.0,FULL,636.45
1330,44.3214,2689.734,269.416,100.0,0.0,0,0,100.0,FULL,636.45
1331,44.3547,2692.23,269.885,100.0,0.0,0,0,100.0,FULL,636.45
1332,44.3881,2694.73,270.348,100.0,0.0,0,0,100.0,FULL,636.45
1333,44.4214,2697.235,270.806,100.0,0.0,0,0,100.0,FULL,636.45
1334,44.4547,2699.744,271.259,100.0,0.0,0,0,100.0,FULL,636.45
1335,44.488,2702.257,271.706,100.0,0.0,0,0,100.0,FULL,636.45
1336,44.5214,2704.774,272.147,100.0,0.0,0,0,100.0,FULL,636.45
1337,44.5547,2707.295,272.584,100.0,0.0,0,0,100.0,FULL,636.45
1338,44.588,2709.82,273.015,100.0,0.0,0,0,100.0,FULL,636.45
1339,44.6213,2712.35,273.441,100.0,0.0,0,0,100.0,FULL,636.45
1340,44.6547,2714.883,273.862,100.0,0.0,0,0,100.0,FULL,636.45
1341,44.688,2717.42,274.278,100.0,0.0,0,0,100.0,FULL,636.45
1342,44.7213,2719.961,274.689,100.0,0.0,0,0,100.0,FULL,636.45
1343,44.7546,2722.505,275.095,100.0,0.0,0,0,100.0,FULL,636.45
1344,44.788,2725.054,275.496,100.0,0.0,0,0,100.0,FULL,636.45
1345,44.8213,2727.605,275.893,100.0,0.0,0,0,100.0,FULL,636.45
1346,44.8546,2730.161,276.284,100.0,0.0,0,0,100.0,FULL,636.45
1347,44.8879,2732.721,276.671,100.0,0.0,0,0,100.0,FULL,636.45
1348,44.9213,2735.283,277.053,100.0,0.0,0,0,100.0,FULL,636.45
1349,44.9546,2737.85,277.429,100.0,0.0,0,0,100.0,FULL,636.45
1350,44.9879,2740.42,277.801,100.0,0.0,0,0,100.0,FULL,636.45
1351,45.0212,2742.993,278.168,100.0,0.0,0,0,100.0,FULL,636.45
1352,45.0546,2745.569,278.531,100.0,0.0,0,0,100.0,FULL,636.45
1353,45.0879,2748.149,278.887,100.0,0.0,0,0,100.0,FULL,636.45
1354,45.1212,2750.733,279.239,100.0,0.0,0,0,100.0,FULL,636.45
1355,45.1545,2753.319,279.585,100.0,0.0,0,0,100.0,FULL,636.45
1356,45.1879,2755.909,279.924,100.0,0.0,0,0,100.0,FULL,636.45
1357,45.2212,2758.502,280.258,100.0,0.0,0,0,100.0,FULL,636.45
1358,45.2545,2761.097,280.585,100.0,0.0,0,0,100.0,FULL,636.45
1359,45.2878,2763.696,280.905,100.0,0.0,0,0,100.0,FULL,636.45
1360,45.3211,2766.298,281.216,100.0,0.0,0,0,100.0,FULL,636.45
1361,45.3545,2768.902,281.519,100.0,0.0,0,0,100.0,FULL,636.45
1362,45.3878,2771.51,281.813,100.0,0.0,0,0,100.0,FULL,636.45
1363,45.4211,2774.12,282.095,100.0,0.0,0,0,100.0,FULL,636.45
1364,45.4544,2776.732,282.364,100.0,0.0,0,0,100.0,FULL,636.45
1365,45.4878,2779.347,282.621,100.0,0.0,0,0,100.0,FULL,636.45
1366,45.5211,2781.964,282.86,100.0,0.0,0,0,100.0,FULL,636.45
1367,45.5544,2784.584,283.081,100.0,0.0,0,0,100.0,FULL,636.45
1368,45.5877,2787.205,283.283,100.0,0.0,0,0,100.0,FULL,636.45
1369,45.6211,2789.828,283.461,100.0,0.0,0,0,100.0,FULL,636.45
1370,45.6544,2792.453,283.611,100.0,0.0,0,0,100.0,FULL,636.45
1371,45.6877,2795.079,283.733,100.0,0.0,0,0,100.0,FULL,636.45
1372,45.721,2797.706,283.822,100.0,0.0,0,0,100.0,FULL,636.45
1373,45.7544,2800.333,283.871,100.0,0.0,0,0,100.0,FULL,636.45
1374,45.7877,2802.961,283.879,100.0,0.0,0,0,100.0,FULL,636.45
1375,45.821,2805.589,283.842,100.0,0.0,0,0,100.0,FULL,636.45
1376,45.8543,2808.216,283.747,100.0,0.0,0,0,100.0,FULL,636.45
1377,45.8877,2810.842,283.597,100.0,0.0,0,0,100.0,FULL,636.45
1378,45.921,2813.466,283.388,100.0,0.0,0,0,100.0,FULL,636.45
1379,45.9543,2816.088,283.103,100.0,0.0,0,0,100.0,FULL,636.45
1380,45.9876,2818.707,282.744,100.0,0.0,0,0,100.0,FULL,636.45
1381,46.021,2821.322,282.31,100.0,0.0,0,0,100.0,FULL,636.45
1382,46.0543,2823.933,281.784,100.0,0.0,0,0,100.0,FULL,636.45
1383,46.0876,2826.538,281.165,100.0,0.0,0,0,100.0,FULL,636.45
1384,46.1209,2829.138,280.453,100.0,0.0,0,0,100.0,FULL,636.45
1385,46.1543,2831.731,279.639,100.0,0.0,0,0,100.0,FULL,636.45
1386,46.1876,2834.314,278.711,100.0,0.0,0,0,100.0,FULL,636.45
1387,46.2209,2836.89,277.677,100.0,0.0,0,0,100.0,FULL,636.45
1388,46.2542,2839.455,276.536,100.0,0.0,0,0,100.0,FULL,636.45
1389,46.2876,2842.009,275.269,100.0,0.0,0,0,100.0,FULL,636.45
1390,46.3209,2844.55,273.887,100.0,0.0,0,0,100.0,FULL,636.45
1391,46.3542,2847.079,272.392,100.0,0.0,0,0,100.0,FULL,636.45
1392,46.3875,2849.594,270.784,100.0,0.0,0,0,100.0,FULL,636.45
1393,46.4209,2852.092,269.048,100.0,0.0,0,0,100.0,FULL,636.45
1394,46.4542,2854.573,267.204,100.0,0.0,0,0,100.0,FULL,636.45
1395,46.4875,2857.038,265.254,100.0,0.0,0,0,100.0,FULL,636.45
1396,46.5208,2859.485,263.202,100.0,0.0,0,0,100.0,FULL,636.45
1397,46.5542,2861.911,261.042,0.0,100.0,0,0,100.0,REGEN,0.0
1398,46.5875,2864.316,258.78,0.0,100.0,0,0,100.0,REGEN,0.0
1399,46.6208,2866.7,256.393,0.0,100.0,0,0,100.0,REGEN,0.0
1400,46.6541,2869.062,253.868,0.0,100.0,0,0,100.0,REGEN,0.0
1401,46.6874,2871.401,251.207,0.0,100.0,0,0,100.0,REGEN,0.0
1402,46.7208,2873.714,248.406,0.0,100.0,0,0,100.0,REGEN,0.0
1403,46.7541,2875.998,245.464,0.0,100.0,0,0,100.0,REGEN,0.0
1404,46.7874,2878.256,242.396,0.0,100.0,0,0,100.0,REGEN,0.0
1405,46.8207,2880.484,239.208,0.0,100.0,0,0,100.0,REGEN,0.0
1406,46.8541,2882.683,235.908,0.0,100.0,0,0,100.0,REGEN,0.0
1407,46.8874,2884.851,232.503,0.0,100.0,0,0,100.0,REGEN,0.0
1408,46.9207,2886.988,229.002,0.0,100.0,0,0,100.0,REGEN,0.0
1409,46.954,2889.091,225.393,0.0,100.0,0,0,100.0,REGEN,0.0
1410,46.9874,2891.156,220.827,0.0,100.0,0,0,100.0,REGEN,0.0
1411,47.0207,2893.178,215.922,0.0,100.0,0,0,100.0,REGEN,0.0
1412,47.054,2895.154,211.104,0.0,100.0,0,0,100.0,REGEN,0.0
1413,47.0873,2897.086,206.403,0.0,100.0,0,0,100.0,REGEN,0.0
1414,47.1207,2898.974,201.815,0.0,100.0,0,0,100.0,REGEN,0.0
1415,47.154,2900.821,197.336,0.0,100.0,0,0,100.0,REGEN,0.0
1416,47.1873,2902.627,192.966,0.0,100.0,0,0,100.0,REGEN,0.0
1417,47.2206,2904.394,188.704,0.0,100.0,0,0,100.0,REGEN,0.0
1418,47.254,2906.122,184.55,0.0,100.0,0,0,100.0,REGEN,0.0
1419,47.2873,2907.815,180.502,0.0,100.0,0,0,100.0,REGEN,0.0
1420,47.3206,2909.467,176.545,0.0,100.0,0,0,100.0,REGEN,0.0
1421,47.3539,2911.08,172.724,0.0,100.0,0,0,100.0,REGEN,0.0
1422,47.3873,2912.66,169.019,0.0,100.0,0,0,100.0,REGEN,0.0
1423,47.4206,2914.21,165.423,0.0,100.0,0,0,100.0,REGEN,0.0
1424,47.4539,2915.73,161.924,0.0,100.0,0,0,100.0,REGEN,0.0
1425,47.4872,2917.208,158.562,0.0,100.0,0,0,100.0,REGEN,0.0
1426,47.5206,2918.659,155.287,0.0,100.0,0,0,100.0,REGEN,0.0
1427,47.5539,2920.084,152.097,0.0,100.0,0,0,100.0,REGEN,0.0
1428,47.5872,2921.478,149.026,0.0,100.0,0,0,100.0,REGEN,0.0
1429,47.6205,2922.841,146.105,0.0,100.0,0,0,100.0,REGEN,0.0
1430,47.6539,2924.183,143.275,0.0,100.0,0,0,100.0,REGEN,0.0
1431,47.6872,2925.497,140.57,0.0,100.0,0,0,100.0,REGEN,0.0
1432,47.7205,2926.783,137.986,0.0,100.0,0,0,100.0,REGEN,0.0
1433,47.7538,2928.054,135.505,0.0,100.0,0,0,100.0,REGEN,0.0
1434,47.7872,2929.295,133.395,0.0,100.0,0,0,100.0,REGEN,0.0
1435,47.8205,2930.52,131.329,0.0,100.0,0,0,100.0,REGEN,0.0
1436,47.8538,2931.729,129.308,0.0,100.0,0,0,100.0,REGEN,0.0
1437,47.8871,2932.912,127.269,0.0,100.0,0,0,100.0,REGEN,0.0
1438,47.9205,2934.087,125.234,0.0,100.0,0,0,100.0,REGEN,0.0
1439,47.9538,2935.232,123.335,0.0,100.0,0,0,100.0,REGEN,0.0
1440,47.9871,2936.368,121.472,0.0,100.0,0,0,100.0,REGEN,0.0
1441,48.0204,2937.482,119.716,0.0,100.0,0,0,100.0,REGEN,0.0
1442,48.0537,2938.583,118.017,0.0,100.0,0,0,100.0,REGEN,0.0
1443,48.0871,2939.668,116.403,0.0,100.0,0,0,100.0,REGEN,0.0
1444,48.1204,2940.738,114.866,0.0,100.0,0,0,100.0,REGEN,0.0
1445,48.1537,2941.795,113.407,0.0,100.0,0,0,100.0,REGEN,0.0
1446,48.187,2942.838,112.044,0.0,100.0,0,0,100.0,REGEN,0.0
1447,48.2204,2943.87,110.765,0.0,100.0,0,0,100.0,REGEN,0.0
1448,48.2537,2944.89,109.609,0.0,100.0,0,0,100.0,REGEN,0.0
1449,48.287,2945.9,108.568,0.0,100.0,0,0,100.0,REGEN,0.0
1450,48.3203,2946.901,107.624,0.0,100.0,0,0,100.0,REGEN,0.0
1451,48.3537,2947.893,106.798,0.0,100.0,0,0,100.0,REGEN,0.0
1452,48.387,2948.878,105.933,0.0,100.0,0,0,100.0,REGEN,0.0
1453,48.4203,2949.853,104.989,0.0,100.0,0,0,100.0,REGEN,0.0
1454,48.4536,2950.823,103.988,0.0,100.0,0,0,100.0,REGEN,0.0
1455,48.487,2951.775,102.746,0.0,100.0,0,0,100.0,REGEN,0.0
1456,48.5203,2952.727,101.504,0.0,100.0,0,0,100.0,REGEN,0.0
1457,48.5536,2953.651,100.031,0.0,100.0,0,0,100.0,REGEN,0.0
1458,48.5869,2954.575,98.557,0.0,100.0,0,0,100.0,REGEN,0.0
1459,48.6203,2955.476,97.008,0.0,100.0,0,0,100.0,REGEN,0.0
1460,48.6536,2956.367,95.432,0.0,100.0,0,0,100.0,REGEN,0.0
1461,48.6869,2957.245,93.877,0.0,100.0,0,0,100.0,REGEN,0.0
1462,48.7202,2958.103,92.351,0.0,100.0,0,0,100.0,REGEN,0.0
1463,48.7536,2958.961,90.825,0.0,100.0,0,0,100.0,REGEN,0.0
1464,48.7869,2959.786,89.539,0.0,100.0,0,0,100.0,REGEN,0.0
1465,48.8202,2960.612,88.254,0.0,100.0,0,0,100.0,REGEN,0.0
1466,48.8535,2961.427,87.226,100.0,100.0,0,0,100.0,REGEN,113.49
1467,48.8869,2962.228,86.492,100.0,100.0,0,0,100.0,REGEN,356.71
1468,48.9202,2963.03,85.758,100.0,100.0,0,0,100.0,REGEN,599.94
1469,48.9535,2963.823,85.569,100.0,0.0,0,0,100.0,FULL,636.45
1470,48.9868,2964.615,85.476,100.0,0.0,0,0,100.0,FULL,636.45
1471,49.0202,2965.406,85.384,100.0,0.0,0,0,100.0,FULL,636.45
1472,49.0535,2966.195,85.291,100.0,0.0,0,0,100.0,FULL,636.45
1473,49.0868,2966.985,85.199,100.0,0.0,0,0,100.0,FULL,636.45
1474,49.1201,2967.773,85.106,100.0,0.0,0,0,100.0,FULL,636.45
1475,49.1535,2968.56,85.014,100.0,0.0,0,0,100.0,FULL,636.45
1476,49.1868,2969.347,84.922,100.0,0.0,0,0,100.0,FULL,636.45
1477,49.2201,2970.132,84.83,100.0,0.0,0,0,100.0,FULL,636.45
1478,49.2534,2970.917,84.739,100.0,0.0,0,0,100.0,FULL,636.45
1479,49.2867,2971.703,84.758,100.0,0.0,0,0,100.0,FULL,636.45
1480,49.3201,2972.491,85.14,100.0,0.0,0,0,100.0,FULL,636.45
1481,49.3534,2973.28,85.522,100.0,0.0,0,0,100.0,FULL,636.45
1482,49.3867,2974.074,85.908,100.0,0.0,0,0,100.0,FULL,636.45
1483,49.42,2974.872,86.297,100.0,0.0,0,0,100.0,FULL,636.45
1484,49.4534,2975.67,86.685,100.0,0.0,0,0,100.0,FULL,636.45
1485,49.4867,2976.477,87.081,100.0,0.0,0,0,100.0,FULL,636.45
1486,49.52,2977.284,87.476,100.0,0.0,0,0,100.0,FULL,636.45
1487,49.5533,2978.095,87.874,100.0,0.0,0,0,100.0,FULL,636.45
1488,49.5867,2978.911,88.276,100.0,0.0,0,0,100.0,FULL,636.45
1489,49.62,2979.728,88.679,100.0,0.0,0,0,100.0,FULL,636.45
1490,49.6533,2980.553,89.088,100.0,0.0,0,0,100.0,FULL,636.45
1491,49.6866,2981.379,89.497,100.0,0.0,0,0,100.0,FULL,636.45
1492,49.72,2982.209,89.909,100.0,0.0,0,0,100.0,FULL,636.45
1493,49.7533,2983.044,90.325,100.0,0.0,0,0,100.0,FULL,636.45
1494,49.7866,2983.88,90.741,100.0,0.0,0,0,100.0,FULL,636.45
1495,49.8199,2984.724,91.162,100.0,0.0,0,0,100.0,FULL,636.45
1496,49.8533,2985.568,91.584,100.0,0.0,0,0,100.0,FULL,636.45
1497,49.8866,2986.419,92.008,100.0,0.0,0,0,100.0,FULL,636.45
1498,49.9199,2987.273,92.434,100.0,0.0,0,0,100.0,FULL,636.45
1499,49.9532,2988.129,92.796,100.0,0.0,0,0,100.0,FULL,636.45
1500,49.9866,2988.99,93.046,100.0,0.0,0,0,100.0,FULL,636.45
1501,50.0199,2989.851,93.303,100.0,0.0,0,0,100.0,FULL,636.45
1502,50.0532,2990.721,93.883,100.0,0.0,0,0,100.0,FULL,636.45
1503,50.0865,2991.59,94.462,100.0,0.0,0,0,100.0,FULL,636.45
1504,50.1199,2992.47,95.142,100.0,0.0,0,0,100.0,FULL,636.45
1505,50.1532,2993.353,95.864,100.0,0.0,0,0,100.0,FULL,636.45
1506,50.1865,2994.244,96.611,100.0,0.0,0,0,100.0,FULL,636.45
1507,50.2198,2995.143,97.392,100.0,0.0,0,0,100.0,FULL,636.45
1508,50.2532,2996.046,98.183,100.0,0.0,0,0,100.0,FULL,636.45
1509,50.2865,2996.961,99.017,100.0,0.0,0,0,100.0,FULL,636.45
1510,50.3198,2997.877,99.851,100.0,0.0,0,0,100.0,FULL,636.45
1511,50.3531,2998.81,100.755,100.0,0.0,0,0,100.0,FULL,636.45
1512,50.3865,2999.744,101.658,100.0,0.0,0,0,100.0,FULL,636.45
1513,50.4198,3000.693,102.628,100.0,0.0,0,0,100.0,FULL,636.45
1514,50.4531,3001.645,103.607,100.0,0.0,0,0,100.0,FULL,636.45
1515,50.4864,3002.611,104.633,100.0,0.0,0,0,100.0,FULL,636.45
1516,50.5198,3003.582,105.673,100.0,0.0,0,0,100.0,FULL,636.45
1517,50.5531,3004.567,106.736,100.0,0.0,0,0,100.0,FULL,636.45
1518,50.5864,3005.558,107.807,100.0,0.0,0,0,100.0,FULL,636.45
1519,50.6197,3006.563,108.887,100.0,0.0,0,0,100.0,FULL,636.45
1520,50.653,3007.574,109.971,100.0,0.0,0,0,100.0,FULL,636.45
1521,50.6864,3008.599,111.068,100.0,0.0,0,0,100.0,FULL,636.45
1522,50.7197,3009.63,112.17,100.0,0.0,0,0,100.0,FULL,636.45
1523,50.753,3010.676,113.285,100.0,0.0,0,0,100.0,FULL,636.45
1524,50.7863,3011.727,114.404,100.0,0.0,0,0,100.0,FULL,636.45
1525,50.8197,3012.794,115.492,100.0,0.0,0,0,100.0,FULL,636.45
1526,50.853,3013.864,116.575,100.0,0.0,0,0,100.0,FULL,636.45
1527,50.8863,3014.955,118.104,100.0,0.0,0,0,100.0,FULL,636.45
1528,50.9196,3016.052,119.65,100.0,0.0,0,0,100.0,FULL,636.45
1529,50.953,3017.17,121.214,100.0,0.0,0,0,100.0,FULL,636.45
1530,50.9863,3018.298,122.779,100.0,0.0,0,0,100.0,FULL,636.45
1531,51.0196,3019.442,124.346,100.0,0.0,0,0,100.0,FULL,636.45
1532,51.0529,3020.601,125.916,100.0,0.0,0,0,100.0,FULL,636.45
1533,51.0863,3021.77,127.486,100.0,0.0,0,0,100.0,FULL,636.45
1534,51.1196,3022.962,129.081,100.0,0.0,0,0,100.0,FULL,636.45
1535,51.1529,3024.161,130.68,100.0,0.0,0,0,100.0,FULL,636.45
1536,51.1862,3025.38,132.283,100.0,0.0,0,0,100.0,FULL,636.45
1537,51.2196,3026.612,133.898,100.0,0.0,0,0,100.0,FULL,636.45
1538,51.2529,3027.855,135.523,100.0,0.0,0,0,100.0,FULL,636.45
1539,51.2862,3029.121,137.168,100.0,0.0,0,0,100.0,FULL,636.45
1540,51.3195,3030.398,138.821,100.0,0.0,0,0,100.0,FULL,636.45
1541,51.3529,3031.689,140.486,100.0,0.0,0,0,100.0,FULL,636.45
1542,51.3862,3033.0,142.164,100.0,0.0,0,0,100.0,FULL,636.45
1543,51.4195,3034.322,143.848,100.0,0.0,0,0,100.0,FULL,636.45
1544,51.4528,3035.66,145.541,100.0,0.0,0,0,100.0,FULL,636.45
1545,51.4862,3037.018,147.242,100.0,0.0,0,0,100.0,FULL,636.45
1546,51.5195,3038.387,148.929,100.0,0.0,0,0,100.0,FULL,636.45
1547,51.5528,3039.772,150.586,100.0,0.0,0,0,100.0,FULL,636.45
1548,51.5861,3041.175,152.151,100.0,0.0,0,0,100.0,FULL,636.45
1549,51.6195,3042.591,153.702,100.0,0.0,0,0,100.0,FULL,636.45
1550,51.6528,3044.018,155.249,100.0,0.0,0,0,100.0,FULL,636.45
1551,51.6861,3045.464,156.786,100.0,0.0,0,0,100.0,FULL,636.45
1552,51.7194,3046.923,158.314,100.0,0.0,0,0,100.0,FULL,636.45
1553,51.7528,3048.395,159.833,100.0,0.0,0,0,100.0,FULL,636.45
1554,51.7861,3049.879,161.342,100.0,0.0,0,0,100.0,FULL,636.45
1555,51.8194,3051.382,162.835,100.0,0.0,0,0,100.0,FULL,636.45
1556,51.8527,3052.897,164.315,100.0,0.0,0,0,100.0,FULL,636.45
1557,51.8861,3054.424,165.783,100.0,0.0,0,0,100.0,FULL,636.45
1558,51.9194,3055.963,167.236,100.0,0.0,0,0,100.0,FULL,636.45
1559,51.9527,3057.519,168.67,100.0,0.0,0,0,100.0,FULL,636.45
1560,51.986,3059.088,170.087,100.0,0.0,0,0,100.0,FULL,636.45
1561,52.0193,3060.669,171.489,100.0,0.0,0,0,100.0,FULL,636.45
1562,52.0527,3062.262,172.874,100.0,0.0,0,0,100.0,FULL,636.45
1563,52.086,3063.867,174.243,100.0,0.0,0,0,100.0,FULL,636.45
1564,52.1193,3065.487,175.589,100.0,0.0,0,0,100.0,FULL,636.45
1565,52.1526,3067.12,176.919,100.0,0.0,0,0,100.0,FULL,636.45
1566,52.186,3068.764,178.232,100.0,0.0,0,0,100.0,FULL,636.45
1567,52.2193,3070.419,179.529,100.0,0.0,0,0,100.0,FULL,636.45
1568,52.2526,3072.086,180.809,100.0,0.0,0,0,100.0,FULL,636.45
1569,52.2859,3073.765,182.071,100.0,0.0,0,0,100.0,FULL,636.45
1570,52.3193,3075.457,183.314,100.0,0.0,0,0,100.0,FULL,636.45
1571,52.3526,3077.16,184.538,100.0,0.0,0,0,100.0,FULL,636.45
1572,52.3859,3078.874,185.745,100.0,0.0,0,0,100.0,FULL,636.45
1573,52.4192,3080.599,186.934,100.0,0.0,0,0,100.0,FULL,636.45
1574,52.4526,3082.334,188.108,100.0,0.0,0,0,100.0,FULL,636.45
1575,52.4859,3084.08,189.27,100.0,0.0,0,0,100.0,FULL,636.45
1576,52.5192,3085.837,190.42,100.0,0.0,0,0,100.0,FULL,636.45
1577,52.5525,3087.605,191.554,100.0,0.0,0,0,100.0,FULL,636.45
1578,52.5859,3089.384,192.673,100.0,0.0,0,0,100.0,FULL,636.45
1579,52.6192,3091.173,193.778,100.0,0.0,0,0,100.0,FULL,636.45
1580,52.6525,3092.972,194.869,100.0,0.0,0,0,100.0,FULL,636.45
1581,52.6858,3094.781,195.949,100.0,0.0,0,0,100.0,FULL,636.45
1582,52.7192,3096.6,197.019,100.0,0.0,0,0,100.0,FULL,636.45
1583,52.7525,3098.428,198.08,100.0,0.0,0,0,100.0,FULL,636.45
1584,52.7858,3100.267,199.133,100.0,0.0,0,0,100.0,FULL,636.45
1585,52.8191,3102.115,200.178,100.0,0.0,0,0,100.0,FULL,636.45
1586,52.8525,3103.972,201.216,100.0,0.0,0,0,100.0,FULL,636.45
1587,52.8858,3105.839,202.247,100.0,0.0,0,0,100.0,FULL,636.45
1588,52.9191,3107.716,203.273,100.0,0.0,0,0,100.0,FULL,636.45
1589,52.9524,3109.602,204.294,100.0,0.0,0,0,100.0,FULL,636.45
1590,52.9858,3111.498,205.276,100.0,0.0,0,0,100.0,FULL,636.45
1591,53.0191,3113.402,206.105,100.0,0.0,0,0,100.0,FULL,636.45
1592,53.0524,3115.315,206.989,100.0,0.0,0,0,100.0,FULL,636.45
1593,53.0857,3117.235,207.957,100.0,0.0,0,0,100.0,FULL,636.45
1594,53.1191,3119.165,208.963,100.0,0.0,0,0,100.0,FULL,636.45
1595,53.1524,3121.104,209.96,100.0,0.0,0,0,100.0,FULL,636.45
1596,53.1857,3123.052,210.93,100.0,0.0,0,0,100.0,FULL,636.45
1597,53.219,3125.009,211.897,100.0,0.0,0,0,100.0,FULL,636.45
1598,53.2524,3126.975,212.904,100.0,0.0,0,0,100.0,FULL,636.45
1599,53.2857,3128.951,213.979,100.0,0.0,0,0,100.0,FULL,636.45
1600,53.319,3130.937,215.107,100.0,0.0,0,0,100.0,FULL,636.45
1601,53.3523,3132.933,216.237,100.0,0.0,0,0,100.0,FULL,636.45
1602,53.3856,3134.94,217.279,100.0,0.0,0,0,100.0,FULL,636.45
1603,53.419,3136.956,218.263,100.0,0.0,0,0,100.0,FULL,636.45
1604,53.4523,3138.981,219.241,100.0,0.0,0,0,100.0,FULL,636.45
1605,53.4856,3141.015,220.215,100.0,0.0,0,0,100.0,FULL,636.45
1606,53.5189,3143.057,221.184,100.0,0.0,0,0,100.0,FULL,636.45
1607,53.5523,3145.109,222.147,100.0,0.0,0,0,100.0,FULL,636.45
1608,53.5856,3147.17,223.105,100.0,0.0,0,0,100.0,FULL,636.45
1609,53.6189,3149.24,224.055,100.0,0.0,0,0,100.0,FULL,636.45
1610,53.6522,3151.318,224.998,100.0,0.0,0,0,100.0,FULL,636.45
1611,53.6856,3153.405,225.932,100.0,0.0,0,0,100.0,FULL,636.45
1612,53.7189,3155.5,226.856,100.0,0.0,0,0,100.0,FULL,636.45
1613,53.7522,3157.604,227.768,100.0,0.0,0,0,100.0,FULL,636.45
1614,53.7855,3159.717,228.668,100.0,0.0,0,0,100.0,FULL,636.45
1615,53.8189,3161.838,229.553,100.0,0.0,0,0,100.0,FULL,636.45
1616,53.8522,3163.967,230.423,100.0,0.0,0,0,100.0,FULL,636.45
1617,53.8855,3166.104,231.274,100.0,0.0,0,0,100.0,FULL,636.45
1618,53.9188,3168.249,232.105,100.0,0.0,0,0,100.0,FULL,636.45
1619,53.9522,3170.401,232.915,100.0,0.0,0,0,100.0,FULL,636.45
1620,53.9855,3172.561,233.699,100.0,0.0,0,0,100.0,FULL,636.45
1621,54.0188,3174.728,234.456,100.0,0.0,0,0,100.0,FULL,636.45
1622,54.0521,3176.901,235.183,100.0,0.0,0,0,100.0,FULL,636.45
1623,54.0855,3179.082,235.877,100.0,0.0,0,0,100.0,FULL,636.45
1624,54.1188,3181.268,236.534,100.0,0.0,0,0,100.0,FULL,636.45
1625,54.1521,3183.46,237.151,100.0,0.0,0,0,100.0,FULL,636.45
1626,54.1854,3185.658,237.723,100.0,0.0,0,0,100.0,FULL,636.45
1627,54.2188,3187.861,238.245,100.0,0.0,0,0,100.0,FULL,636.45
1628,54.2521,3190.069,238.715,100.0,0.0,0,0,100.0,FULL,636.45
1629,54.2854,3192.281,239.129,100.0,0.0,0,0,100.0,FULL,636.45
1630,54.3187,3194.496,239.482,100.0,0.0,0,0,100.0,FULL,636.45
1631,54.3521,3196.714,239.772,100.0,0.0,0,0,100.0,FULL,636.45
1632,54.3854,3198.934,239.995,100.0,0.0,0,0,100.0,FULL,636.45
1633,54.4187,3201.157,240.145,100.0,0.0,0,0,100.0,FULL,636.45
1634,54.452,3203.38,240.221,100.0,0.0,0,0,100.0,FULL,636.45
1635,54.4854,3205.604,240.217,100.0,0.0,0,0,100.0,FULL,636.45
1636,54.5187,3207.827,240.126,100.0,0.0,0,0,100.0,FULL,636.45
1637,54.552,3210.049,239.951,100.0,0.0,0,0,100.0,FULL,636.45
1638,54.5853,3212.269,239.69,100.0,0.0,0,0,100.0,FULL,636.45
1639,54.6186,3214.486,239.342,100.0,0.0,0,0,100.0,FULL,636.45
1640,54.652,3216.699,238.905,100.0,0.0,0,0,100.0,FULL,636.45
1641,54.6853,3218.909,238.381,100.0,0.0,0,0,100.0,FULL,636.45
1642,54.7186,3221.112,237.768,100.0,0.0,0,0,100.0,FULL,636.45
1643,54.7519,3223.31,237.069,100.0,0.0,0,0,100.0,FULL,636.45
1644,54.7853,3225.501,236.285,100.0,0.0,0,0,100.0,FULL,636.45
1645,54.8186,3227.685,235.415,100.0,0.0,0,0,100.0,FULL,608.11
1646,54.8519,3229.859,234.463,0.0,100.0,0,0,100.0,REGEN,0.0
1647,54.8852,3232.025,233.434,0.0,100.0,0,0,100.0,REGEN,0.0
1648,54.9186,3234.18,232.327,0.0,100.0,0,0,100.0,REGEN,0.0
1649,54.9519,3236.325,231.136,0.0,100.0,0,0,100.0,REGEN,0.0
1650,54.9852,3238.459,229.856,0.0,100.0,0,0,100.0,REGEN,0.0
1651,55.0185,3240.58,228.487,0.0,100.0,0,0,100.0,REGEN,0.0
1652,55.0519,3242.688,227.033,0.0,100.0,0,0,100.0,REGEN,0.0
1653,55.0852,3244.783,225.498,0.0,100.0,0,0,100.0,REGEN,0.0
1654,55.1185,3246.863,223.887,0.0,100.0,0,0,100.0,REGEN,0.0
1655,55.1518,3248.927,222.207,0.0,100.0,0,0,100.0,REGEN,0.0
1656,55.1852,3250.976,220.465,0.0,100.0,0,0,100.0,REGEN,0.0
1657,55.2185,3253.008,218.477,0.0,100.0,0,0,100.0,REGEN,0.0
1658,55.2518,3255.019,216.022,0.0,100.0,0,0,100.0,REGEN,0.0
1659,55.2851,3257.006,213.385,0.0,100.0,0,0,100.0,REGEN,0.0
1660,55.3185,3258.969,210.756,0.0,100.0,0,0,100.0,REGEN,0.0
1661,55.3518,3260.908,208.112,0.0,100.0,0,0,100.0,REGEN,0.0
1662,55.3851,3262.822,205.459,0.0,100.0,0,0,100.0,REGEN,0.0
1663,55.4184,3264.711,202.81,0.0,100.0,0,0,100.0,REGEN,0.0
1664,55.4518,3266.577,200.192,0.0,100.0,0,0,100.0,REGEN,0.0
1665,55.4851,3268.419,197.661,0.0,100.0,0,0,100.0,REGEN,0.0
1666,55.5184,3270.239,195.299,0.0,100.0,0,0,100.0,REGEN,0.0
1667,55.5517,3272.038,193.187,0.0,100.0,0,0,100.0,REGEN,0.0
1668,55.5851,3273.817,191.432,0.0,100.0,0,0,100.0,REGEN,0.0
1669,55.6184,3275.581,189.888,0.0,100.0,0,0,100.0,REGEN,0.0
1670,55.6517,3277.331,188.292,0.0,100.0,0,0,100.0,REGEN,0.0
1671,55.685,3279.065,186.503,0.0,100.0,0,0,100.0,REGEN,0.0
1672,55.7184,3280.783,184.482,0.0,100.0,0,0,100.0,REGEN,0.0
1673,55.7517,3282.481,182.294,0.0,100.0,0,0,100.0,REGEN,0.0
1674,55.785,3284.16,180.118,0.0,100.0,0,0,100.0,REGEN,0.0
1675,55.8183,3285.821,178.877,0.0,100.0,0,0,100.0,REGEN,0.0
1676,55.8517,3287.474,178.276,0.0,100.0,0,0,100.0,REGEN,0.0
1677,55.885,3289.123,178.087,0.0,100.0,0,0,100.0,REGEN,0.0
1678,55.9183,3290.772,178.078,0.0,100.0,0,0,100.0,REGEN,0.0
1679,55.9516,3292.42,177.961,100.0,100.0,0,0,100.0,REGEN,37.61
1680,55.9849,3294.061,176.732,100.0,100.0,0,0,100.0,REGEN,554.55
1681,56.0183,3295.687,174.981,100.0,0.0,0,0,100.0,FULL,636.45
1682,56.0516,3297.298,173.122,100.0,0.0,0,0,100.0,FULL,636.45
1683,56.0849,3298.893,171.428,100.0,0.0,0,0,100.0,FULL,636.45
1684,56.1182,3300.476,170.139,100.0,0.0,0,0,100.0,FULL,636.45
1685,56.1516,3302.049,169.773,100.0,0.0,0,0,100.0,FULL,636.45
1686,56.1849,3303.618,169.407,100.0,0.0,0,0,100.0,FULL,636.45
1687,56.2182,3305.185,169.043,100.0,0.0,0,0,100.0,FULL,636.45
1688,56.2515,3306.748,168.68,100.0,0.0,0,0,100.0,FULL,636.45
1689,56.2849,3308.308,168.318,100.0,0.0,0,0,100.0,FULL,636.45
1690,56.3182,3309.864,167.933,100.0,0.0,0,0,100.0,FULL,636.45
1691,56.3515,3311.417,167.547,100.0,0.0,0,0,100.0,FULL,636.45
1692,56.3848,3312.966,167.162,100.0,0.0,0,0,100.0,FULL,636.45
1693,56.4182,3314.512,166.777,100.0,0.0,0,0,100.0,FULL,636.45
1694,56.4515,3316.054,166.393,100.0,0.0,0,0,100.0,FULL,636.45
1695,56.4848,3317.592,166.01,100.0,0.0,0,0,100.0,FULL,636.45
1696,56.5181,3319.127,165.627,100.0,0.0,0,0,100.0,FULL,636.45
1697,56.5515,3320.659,165.245,100.0,0.0,0,0,100.0,FULL,636.45
1698,56.5848,3322.187,164.863,100.0,0.0,0,0,100.0,FULL,636.45
1699,56.6181,3323.711,164.482,100.0,0.0,0,0,100.0,FULL,636.45
1700,56.6514,3325.231,163.995,100.0,0.0,0,0,100.0,FULL,636.45
1701,56.6848,3326.747,163.516,100.0,0.0,0,0,100.0,FULL,636.45
1702,56.7181,3328.259,163.178,100.0,0.0,0,0,100.0,FULL,636.45
1703,56.7514,3329.768,162.84,100.0,0.0,0,0,100.0,FULL,636.45
1704,56.7847,3331.274,162.503,100.0,0.0,0,0,100.0,FULL,636.45
1705,56.8181,3332.776,162.168,100.0,0.0,0,0,100.0,FULL,636.45
1706,56.8514,3334.277,161.887,100.0,0.0,0,0,100.0,FULL,636.45
1707,56.8847,3335.776,162.1,100.0,0.0,0,0,100.0,FULL,636.45
1708,56.918,3337.278,162.314,100.0,0.0,0,0,100.0,FULL,636.45
1709,56.9514,3338.782,162.527,100.0,0.0,0,0,100.0,FULL,636.45
1710,56.9847,3340.287,162.74,100.0,0.0,0,0,100.0,FULL,636.45
1711,57.018,3341.794,162.954,100.0,0.0,0,0,100.0,FULL,636.45
1712,57.0513,3343.304,163.167,100.0,0.0,0,0,100.0,FULL,636.45
1713,57.0847,3344.815,163.381,100.0,0.0,0,0,100.0,FULL,636.45
1714,57.118,3346.328,163.594,100.0,0.0,0,0,100.0,FULL,636.45
1715,57.1513,3347.844,163.808,100.0,0.0,0,0,100.0,FULL,636.45
1716,57.1846,3349.361,164.022,100.0,0.0,0,0,100.0,FULL,636.45
1717,57.218,3350.881,164.235,100.0,0.0,0,0,100.0,FULL,636.45
1718,57.2513,3352.402,164.449,100.0,0.0,0,0,100.0,FULL,636.45
1719,57.2846,3353.925,164.663,100.0,0.0,0,0,100.0,FULL,636.45
1720,57.3179,3355.45,164.877,100.0,0.0,0,0,100.0,FULL,636.45
1721,57.3512,3356.978,165.227,100.0,0.0,0,0,100.0,FULL,636.45
1722,57.3846,3358.51,165.762,100.0,0.0,0,0,100.0,FULL,636.45
1723,57.4179,3360.047,166.527,100.0,0.0,0,0,100.0,FULL,636.45
1724,57.4512,3361.594,167.333,100.0,0.0,0,0,100.0,FULL,636.45
1725,57.4845,3363.148,168.425,100.0,0.0,0,0,100.0,FULL,636.45
1726,57.5179,3364.713,169.622,100.0,0.0,0,0,100.0,FULL,636.45
1727,57.5512,3366.287,170.745,100.0,0.0,0,0,100.0,FULL,636.45
1728,57.5845,3367.871,171.594,100.0,0.0,0,0,100.0,FULL,636.45
1729,57.6178,3369.463,172.179,100.0,0.0,0,0,100.0,FULL,636.45
1730,57.6512,3371.06,172.785,100.0,0.0,0,0,100.0,FULL,636.45
1731,57.6845,3372.662,173.521,100.0,0.0,0,0,100.0,FULL,636.45
1732,57.7178,3374.272,174.45,100.0,0.0,0,0,100.0,FULL,636.45
1733,57.7511,3375.892,175.561,100.0,0.0,0,0,100.0,FULL,636.45
1734,57.7845,3377.524,176.777,100.0,0.0,0,0,100.0,FULL,636.45
1735,57.8178,3379.167,178.06,100.0,0.0,0,0,100.0,FULL,636.45
1736,57.8511,3380.821,179.394,100.0,0.0,0,0,100.0,FULL,636.45
1737,57.8844,3382.487,180.77,100.0,0.0,0,0,100.0,FULL,636.45
1738,57.9178,3384.166,182.182,100.0,0.0,0,0,100.0,FULL,636.45
1739,57.9511,3385.86,183.624,100.0,0.0,0,0,100.0,FULL,636.45
1740,57.9844,3387.567,185.089,100.0,0.0,0,0,100.0,FULL,636.45
1741,58.0177,3389.288,186.573,100.0,0.0,0,0,100.0,FULL,636.45
1742,58.0511,3391.022,188.078,100.0,0.0,0,0,100.0,FULL,636.45
1743,58.0844,3392.769,189.597,100.0,0.0,0,0,100.0,FULL,636.45
1744,58.1177,3394.53,191.121,100.0,0.0,0,0,100.0,FULL,636.45
1745,58.151,3396.306,192.623,100.0,0.0,0,0,100.0,FULL,636.45
1746,58.1844,3398.096,194.092,100.0,0.0,0,0,100.0,FULL,636.45
1747,58.2177,3399.899,195.371,100.0,0.0,0,0,100.0,FULL,636.45
1748,58.251,3401.714,196.611,100.0,0.0,0,0,100.0,FULL,636.45
1749,58.2843,3403.54,197.85,100.0,0.0,0,0,100.0,FULL,636.45
1750,58.3177,3405.377,199.089,100.0,0.0,0,0,100.0,FULL,636.45
1751,58.351,3407.226,200.328,100.0,0.0,0,0,100.0,FULL,636.45
1752,58.3843,3409.086,201.565,100.0,0.0,0,0,100.0,FULL,636.45
1753,58.4176,3410.957,202.799,100.0,0.0,0,0,100.0,FULL,636.45
1754,58.451,3412.84,204.029,100.0,0.0,0,0,100.0,FULL,636.45
1755,58.4843,3414.734,205.253,100.0,0.0,0,0,100.0,FULL,636.45
1756,58.5176,3416.639,206.471,100.0,0.0,0,0,100.0,FULL,636.45
1757,58.5509,3418.556,207.681,100.0,0.0,0,0,100.0,FULL,636.45
1758,58.5843,3420.484,208.883,100.0,0.0,0,0,100.0,FULL,636.45
1759,58.6176,3422.423,210.076,100.0,0.0,0,0,100.0,FULL,636.45
1760,58.6509,3424.373,211.26,100.0,0.0,0,0,100.0,FULL,636.45
1761,58.6842,3426.334,212.432,100.0,0.0,0,0,100.0,FULL,636.45
1762,58.7175,3428.306,213.594,100.0,0.0,0,0,100.0,FULL,636.45
1763,58.7509,3430.288,214.744,100.0,0.0,0,0,100.0,FULL,636.45
1764,58.7842,3432.281,215.882,100.0,0.0,0,0,100.0,FULL,636.45
1765,58.8175,3434.285,217.009,100.0,0.0,0,0,100.0,FULL,636.45
1766,58.8508,3436.299,218.123,100.0,0.0,0,0,100.0,FULL,636.45
1767,58.8842,3438.323,219.225,100.0,0.0,0,0,100.0,FULL,636.45
1768,58.9175,3440.357,220.314,100.0,0.0,0,0,100.0,FULL,636.45
1769,58.9508,3442.402,221.39,100.0,0.0,0,0,100.0,FULL,636.45
1770,58.9841,3444.456,222.453,100.0,0.0,0,0,100.0,FULL,636.45
1771,59.0175,3446.52,223.503,100.0,0.0,0,0,100.0,FULL,636.45
1772,59.0508,3448.594,224.54,100.0,0.0,0,0,100.0,FULL,636.45
1773,59.0841,3450.677,225.565,100.0,0.0,0,0,100.0,FULL,636.45
1774,59.1174,3452.77,226.577,100.0,0.0,0,0,100.0,FULL,636.45
1775,59.1508,3454.872,227.576,100.0,0.0,0,0,100.0,FULL,636.45
1776,59.1841,3456.984,228.562,100.0,0.0,0,0,100.0,FULL,636.45
1777,59.2174,3459.104,229.537,100.0,0.0,0,0,100.0,FULL,636.45
1778,59.2507,3461.233,230.498,100.0,0.0,0,0,100.0,FULL,636.45
1779,59.2841,3463.371,231.448,100.0,0.0,0,0,100.0,FULL,636.45
1780,59.3174,3465.518,232.386,100.0,0.0,0,0,100.0,FULL,636.45
1781,59.3507,3467.673,233.312,100.0,0.0,0,0,100.0,FULL,636.45
1782,59.384,3469.837,234.226,100.0,0.0,0,0,100.0,FULL,636.45
1783,59.4174,3472.01,235.128,100.0,0.0,0,0,100.0,FULL,636.45
1784,59.4507,3474.19,236.02,100.0,0.0,0,0,100.0,FULL,636.45
1785,59.484,3476.379,236.9,100.0,0.0,0,0,100.0,FULL,636.45
1786,59.5173,3478.576,237.768,100.0,0.0,0,0,100.0,FULL,636.45
1787,59.5507,3480.781,238.625,100.0,0.0,0,0,100.0,FULL,636.45
1788,59.584,3482.994,239.471,100.0,0.0,0,0,100.0,FULL,636.45
1789,59.6173,3485.215,240.307,100.0,0.0,0,0,100.0,FULL,636.45
1790,59.6506,3487.443,241.132,100.0,0.0,0,0,100.0,FULL,636.45
1791,59.684,3489.679,241.948,100.0,0.0,0,0,100.0,FULL,636.45
1792,59.7173,3491.922,242.753,100.0,0.0,0,0,100.0,FULL,636.45
1793,59.7506,3494.172,243.548,100.0,0.0,0,0,100.0,FULL,636.45
1794,59.7839,3496.43,244.333,100.0,0.0,0,0,100.0,FULL,636.45
1795,59.8173,3498.696,245.107,100.0,0.0,0,0,100.0,FULL,636.45
1796,59.8506,3500.969,245.872,100.0,0.0,0,0,100.0,FULL,636.45
1797,59.8839,3503.248,246.627,100.0,0.0,0,0,100.0,FULL,636.45
1798,59.9172,3505.535,247.373,100.0,0.0,0,0,100.0,FULL,636.45
1799,59.9505,3507.828,248.11,100.0,0.0,0,0,100.0,FULL,636.45
1800,59.9839,3510.128,248.837,100.0,0.0,0,0,100.0,FULL,636.45
1801,60.0172,3512.434,249.555,100.0,0.0,0,0,100.0,FULL,636.45
1802,60.0505,3514.748,250.263,100.0,0.0,0,0,100.0,FULL,636.45
1803,60.0838,3517.068,250.962,100.0,0.0,0,0,100.0,FULL,636.45
1804,60.1172,3519.394,251.652,100.0,0.0,0,0,100.0,FULL,636.45
1805,60.1505,3521.727,252.334,100.0,0.0,0,0,100.0,FULL,636.45
1806,60.1838,3524.065,253.006,100.0,0.0,0,0,100.0,FULL,636.45
1807,60.2171,3526.41,253.669,100.0,0.0,0,0,100.0,FULL,636.45
1808,60.2505,3528.762,254.321,100.0,0.0,0,0,100.0,FULL,636.45
1809,60.2838,3531.119,254.964,100.0,0.0,0,0,100.0,FULL,636.45
1810,60.3171,3533.482,255.598,100.0,0.0,0,0,100.0,FULL,636.45
1811,60.3504,3535.851,256.222,100.0,0.0,0,0,100.0,FULL,636.45
1812,60.3838,3538.225,256.835,100.0,0.0,0,0,100.0,FULL,636.45
1813,60.4171,3540.606,257.437,100.0,0.0,0,0,100.0,FULL,636.45
1814,60.4504,3542.992,258.028,100.0,0.0,0,0,100.0,FULL,636.45
1815,60.4837,3545.383,258.607,100.0,0.0,0,0,100.0,FULL,636.45
1816,60.5171,3547.779,259.173,100.0,0.0,0,0,100.0,FULL,636.45
1817,60.5504,3550.181,259.727,100.0,0.0,0,0,100.0,FULL,636.45
1818,60.5837,3552.587,260.267,100.0,0.0,0,0,100.0,FULL,636.45
1819,60.617,3554.999,260.79,100.0,0.0,0,0,100.0,FULL,636.45
1820,60.6504,3557.416,261.298,100.0,0.0,0,0,100.0,FULL,636.45
1821,60.6837,3559.837,261.788,100.0,0.0,0,0,100.0,FULL,636.45
1822,60.717,3562.262,262.261,100.0,0.0,0,0,100.0,FULL,636.45
1823,60.7503,3564.692,262.713,100.0,0.0,0,0,100.0,FULL,636.45
1824,60.7837,3567.126,263.142,100.0,0.0,0,0,100.0,FULL,636.45
1825,60.817,3569.564,263.549,100.0,0.0,0,0,100.0,FULL,636.45
1826,60.8503,3572.005,263.932,100.0,0.0,0,0,100.0,FULL,636.45
1827,60.8836,3574.45,264.29,100.0,0.0,0,0,100.0,FULL,636.45
1828,60.917,3576.898,264.616,100.0,0.0,0,0,100.0,FULL,636.45
1829,60.9503,3579.349,264.913,100.0,0.0,0,0,100.0,FULL,636.45
1830,60.9836,3581.802,265.18,100.0,0.0,0,0,100.0,FULL,636.45
1831,61.0169,3584.258,265.414,100.0,0.0,0,0,100.0,FULL,636.45
1832,61.0503,3586.716,265.613,100.0,0.0,0,0,100.0,FULL,636.45
1833,61.0836,3589.175,265.773,100.0,0.0,0,0,100.0,FULL,636.45
1834,61.1169,3591.636,265.896,100.0,0.0,0,0,100.0,FULL,636.45
1835,61.1502,3594.098,265.983,100.0,0.0,0,0,100.0,FULL,636.45
1836,61.1836,3596.56,266.03,100.0,0.0,0,0,100.0,FULL,636.45
1837,61.2169,3599.023,266.033,100.0,0.0,0,0,100.0,FULL,636.45
1838,61.2502,3601.485,265.996,100.0,0.0,0,0,100.0,FULL,636.45
1839,61.2835,3603.947,265.92,100.0,0.0,0,0,100.0,FULL,636.45
1840,61.3168,3606.408,265.804,100.0,0.0,0,0,100.0,FULL,636.45
1841,61.3502,3608.868,265.646,100.0,0.0,0,0,100.0,FULL,636.45
1842,61.3835,3611.326,265.447,100.0,0.0,0,0,100.0,FULL,636.45
1843,61.4168,3613.782,265.212,100.0,0.0,0,0,100.0,FULL,636.45
1844,61.4501,3616.236,264.941,100.0,0.0,0,0,100.0,FULL,636.45
1845,61.4835,3618.687,264.635,100.0,0.0,0,0,100.0,FULL,636.45
1846,61.5168,3621.135,264.294,100.0,0.0,0,0,100.0,FULL,636.45
1847,61.5501,3623.58,263.925,100.0,0.0,0,0,100.0,FULL,304.68
1848,61.5834,3626.021,263.528,0.0,100.0,0,0,100.0,REGEN,0.0
1849,61.6168,3628.459,263.102,0.0,100.0,0,0,100.0,REGEN,0.0
1850,61.6501,3630.891,262.498,0.0,100.0,0,0,100.0,REGEN,0.0
1851,61.6834,3633.312,260.458,0.0,100.0,0,0,100.0,REGEN,0.0
1852,61.7167,3635.71,257.815,0.0,100.0,0,0,100.0,REGEN,0.0
1853,61.7501,3638.091,256.621,0.0,100.0,0,0,100.0,REGEN,0.0
1854,61.7834,3640.466,256.509,0.0,100.0,0,0,100.0,REGEN,0.0
1855,61.8167,3642.841,256.508,100.0,100.0,0,0,100.0,REGEN,149.73
1856,61.85,3645.215,256.468,100.0,0.0,0,0,100.0,FULL,636.45
1857,61.8834,3647.587,255.99,100.0,0.0,0,0,100.0,FULL,636.45
1858,61.9167,3649.953,255.178,100.0,0.0,0,0,100.0,FULL,636.45
1859,61.95,3652.312,254.368,100.0,0.0,0,0,100.0,FULL,636.45
1860,61.9833,3654.663,253.562,100.0,0.0,0,0,100.0,FULL,636.45
1861,62.0167,3657.006,252.757,100.0,0.0,0,0,100.0,FULL,403.46
1862,62.05,3659.342,251.952,0.0,100.0,0,0,100.0,REGEN,0.0
1863,62.0833,3661.67,251.149,0.0,100.0,0,0,100.0,REGEN,0.0
1864,62.1166,3663.989,249.556,0.0,100.0,0,0,100.0,REGEN,0.0
1865,62.15,3666.289,247.486,0.0,100.0,0,0,100.0,REGEN,0.0
1866,62.1833,3668.577,246.858,0.0,100.0,0,0,100.0,REGEN,0.0
1867,62.2166,3670.862,246.858,0.0,100.0,0,0,100.0,REGEN,0.0
1868,62.2499,3673.147,246.843,100.0,100.0,0,0,100.0,REGEN,333.45
1869,62.2833,3675.43,246.395,100.0,0.0,0,0,100.0,FULL,636.45
1870,62.3166,3677.712,246.599,100.0,0.0,0,0,100.0,FULL,636.45
1871,62.3499,3679.997,247.183,100.0,0.0,0,0,100.0,FULL,636.45
1872,62.3832,3682.288,247.768,100.0,0.0,0,0,100.0,FULL,636.45
1873,62.4166,3684.584,248.353,100.0,0.0,0,0,100.0,FULL,636.45
1874,62.4499,3686.886,248.939,100.0,0.0,0,0,100.0,FULL,636.45
1875,62.4832,3689.193,249.524,100.0,0.0,0,0,100.0,FULL,636.45
1876,62.5165,3691.506,250.111,100.0,0.0,0,0,100.0,FULL,636.45
1877,62.5499,3693.823,250.697,100.0,0.0,0,0,100.0,FULL,636.45
1878,62.5832,3696.145,250.88,100.0,0.0,0,0,100.0,FULL,636.45
1879,62.6165,3698.469,251.31,100.0,0.0,0,0,100.0,FULL,636.45
1880,62.6498,3700.799,251.926,100.0,0.0,0,0,100.0,FULL,636.45
1881,62.6831,3703.134,252.607,100.0,0.0,0,0,100.0,FULL,636.45
1882,62.7165,3705.475,253.281,100.0,0.0,0,0,100.0,FULL,636.45
1883,62.7498,3707.823,253.946,100.0,0.0,0,0,100.0,FULL,636.45
1884,62.7831,3710.176,254.517,100.0,0.0,0,0,100.0,FULL,636.45
1885,62.8164,3712.533,254.816,100.0,0.0,0,0,100.0,FULL,636.45
1886,62.8498,3714.893,255.004,100.0,0.0,0,0,100.0,FULL,636.45
1887,62.8831,3717.256,255.561,100.0,0.0,0,0,100.0,FULL,636.45
1888,62.9164,3719.625,256.199,100.0,0.0,0,0,100.0,FULL,636.45
1889,62.9497,3721.999,256.829,100.0,0.0,0,0,100.0,FULL,636.45
1890,62.9831,3724.379,257.451,100.0,0.0,0,0,100.0,FULL,636.45
1891,63.0164,3726.765,258.065,100.0,0.0,0,0,100.0,FULL,636.45
1892,63.0497,3729.157,258.672,100.0,0.0,0,0,100.0,FULL,636.45
1893,63.083,3731.554,259.271,100.0,0.0,0,0,100.0,FULL,636.45
1894,63.1164,3733.957,259.864,100.0,0.0,0,0,100.0,FULL,636.45
1895,63.1497,3736.365,260.449,100.0,0.0,0,0,100.0,FULL,636.45
1896,63.183,3738.779,260.984,100.0,0.0,0,0,100.0,FULL,636.45
1897,63.2163,3741.197,261.48,100.0,0.0,0,0,100.0,FULL,636.45
1898,63.2497,3743.62,261.979,100.0,0.0,0,0,100.0,FULL,636.45
1899,63.283,3746.047,262.48,100.0,0.0,0,0,100.0,FULL,636.45
1900,63.3163,3748.479,262.982,100.0,0.0,0,0,100.0,FULL,636.45
1901,63.3496,3750.916,263.485,100.0,0.0,0,0,100.0,FULL,636.45
1902,63.383,3753.357,263.987,100.0,0.0,0,0,100.0,FULL,636.45
1903,63.4163,3755.803,264.488,100.0,0.0,0,0,100.0,FULL,636.45
1904,63.4496,3758.254,264.987,100.0,0.0,0,0,100.0,FULL,636.45
1905,63.4829,3760.709,265.484,100.0,0.0,0,0,100.0,FULL,636.45
1906,63.5163,3763.169,265.978,100.0,0.0,0,0,100.0,FULL,636.45
1907,63.5496,3765.633,266.469,100.0,0.0,0,0,100.0,FULL,636.45
1908,63.5829,3768.102,266.956,100.0,0.0,0,0,100.0,FULL,636.45
1909,63.6162,3770.575,267.44,100.0,0.0,0,0,100.0,FULL,636.45
1910,63.6496,3773.053,267.918,100.0,0.0,0,0,100.0,FULL,636.45
1911,63.6829,3775.536,268.391,100.0,0.0,0,0,100.0,FULL,636.45
1912,63.7162,3778.022,268.86,100.0,0.0,0,0,100.0,FULL,636.45
1913,63.7495,3780.513,269.322,100.0,0.0,0,0,100.0,FULL,636.45
1914,63.7829,3783.008,269.778,100.0,0.0,0,0,100.0,FULL,636.45
1915,63.8162,3785.508,270.227,100.0,0.0,0,0,100.0,FULL,636.45
1916,63.8495,3788.011,270.669,100.0,0.0,0,0,100.0,FULL,636.45
1917,63.8828,3790.518,271.103,100.0,0.0,0,0,100.0,FULL,636.45
1918,63.9162,3793.03,271.528,100.0,0.0,0,0,100.0,FULL,636.45
1919,63.9495,3795.545,271.944,100.0,0.0,0,0,100.0,FULL,636.45
1920,63.9828,3798.065,272.349,100.0,0.0,0,0,100.0,FULL,636.45
1921,64.0161,3800.587,272.743,100.0,0.0,0,0,100.0,FULL,636.45
1922,64.0494,3803.114,273.123,100.0,0.0,0,0,100.0,FULL,636.45
1923,64.0828,3805.644,273.489,100.0,0.0,0,0,100.0,FULL,636.45
1924,64.1161,3808.177,273.841,100.0,0.0,0,0,100.0,FULL,636.45
1925,64.1494,3810.714,274.174,100.0,0.0,0,0,100.0,FULL,636.45
1926,64.1827,3813.253,274.486,100.0,0.0,0,0,100.0,FULL,636.45
1927,64.2161,3815.795,274.778,100.0,0.0,0,0,100.0,FULL,636.45
1928,64.2494,3818.34,275.046,100.0,0.0,0,0,100.0,FULL,636.45
1929,64.2827,3820.887,275.285,100.0,0.0,0,0,100.0,FULL,636.45
1930,64.316,3823.436,275.494,100.0,0.0,0,0,100.0,FULL,636.45
1931,64.3494,3825.987,275.672,100.0,0.0,0,0,100.0,FULL,636.45
1932,64.3827,3828.54,275.813,100.0,0.0,0,0,100.0,FULL,636.45
1933,64.416,3831.094,275.911,100.0,0.0,0,0,100.0,FULL,636.45
1934,64.4493,3833.648,275.967,100.0,0.0,0,0,100.0,FULL,636.45
1935,64.4827,3836.202,275.978,100.0,0.0,0,0,100.0,FULL,636.45
1936,64.516,3838.757,275.932,100.0,0.0,0,0,100.0,FULL,636.45
1937,64.5493,3841.311,275.831,100.0,0.0,0,0,100.0,FULL,636.45
1938,64.5826,3843.863,275.672,100.0,0.0,0,0,100.0,FULL,636.45
1939,64.616,3846.414,275.45,100.0,0.0,0,0,100.0,FULL,636.45
1940,64.6493,3848.963,275.154,100.0,0.0,0,0,100.0,FULL,636.45
1941,64.6826,3851.508,274.789,100.0,0.0,0,0,100.0,FULL,636.45
1942,64.7159,3854.05,274.353,100.0,0.0,0,0,100.0,FULL,636.45
1943,64.7493,3856.587,273.833,100.0,0.0,0,0,100.0,FULL,636.45
1944,64.7826,3859.119,273.23,100.0,0.0,0,0,100.0,FULL,636.45
1945,64.8159,3861.645,272.547,100.0,0.0,0,0,100.0,FULL,636.45
1946,64.8492,3864.165,271.782,100.0,0.0,0,0,100.0,FULL,636.45
1947,64.8826,3866.676,270.921,100.0,0.0,0,0,100.0,FULL,636.45
1948,64.9159,3869.179,269.975,100.0,0.0,0,0,100.0,FULL,636.45
1949,64.9492,3871.674,268.944,100.0,0.0,0,0,100.0,FULL,636.45
1950,64.9825,3874.159,267.829,100.0,0.0,0,0,100.0,FULL,636.45
1951,65.0159,3876.632,266.619,0.0,100.0,0,0,100.0,REGEN,0.0
1952,65.0492,3879.094,265.321,0.0,100.0,0,0,100.0,REGEN,0.0
1953,65.0825,3881.544,263.933,0.0,100.0,0,0,100.0,REGEN,0.0
1954,65.1158,3883.98,262.455,0.0,100.0,0,0,100.0,REGEN,0.0
1955,65.1492,3886.403,260.888,0.0,100.0,0,0,100.0,REGEN,0.0
1956,65.1825,3888.809,259.234,0.0,100.0,0,0,100.0,REGEN,0.0
1957,65.2158,3891.201,257.494,0.0,100.0,0,0,100.0,REGEN,0.0
1958,65.2491,3893.576,255.668,0.0,100.0,0,0,100.0,REGEN,0.0
1959,65.2824,3895.935,253.755,0.0,100.0,0,0,100.0,REGEN,0.0
1960,65.3158,3898.275,251.754,0.0,100.0,0,0,100.0,REGEN,0.0
1961,65.3491,3900.595,249.66,0.0,100.0,0,0,100.0,REGEN,0.0
1962,65.3824,3902.895,247.484,0.0,100.0,0,0,100.0,REGEN,0.0
1963,65.4157,3905.175,245.231,0.0,100.0,0,0,100.0,REGEN,0.0
1964,65.4491,3907.435,242.909,0.0,100.0,0,0,100.0,REGEN,0.0
1965,65.4824,3909.673,240.525,0.0,100.0,0,0,100.0,REGEN,0.0
1966,65.5157,3911.888,238.087,0.0,100.0,0,0,100.0,REGEN,0.0
1967,65.549,3914.082,235.604,0.0,100.0,0,0,100.0,REGEN,0.0
1968,65.5824,3916.249,232.51,0.0,100.0,0,0,100.0,REGEN,0.0
1969,65.6157,3918.384,228.976,0.0,100.0,0,0,100.0,REGEN,0.0
1970,65.649,3920.486,225.421,0.0,100.0,0,0,100.0,REGEN,0.0
1971,65.6823,3922.556,221.897,0.0,100.0,0,0,100.0,REGEN,0.0
1972,65.7157,3924.594,218.488,0.0,100.0,0,0,100.0,REGEN,0.0
1973,65.749,3926.602,215.31,0.0,100.0,0,0,100.0,REGEN,0.0
1974,65.7823,3928.582,212.465,0.0,100.0,0,0,100.0,REGEN,0.0
1975,65.8156,3930.537,209.986,0.0,100.0,0,0,100.0,REGEN,0.0
1976,65.849,3932.47,207.72,0.0,100.0,0,0,100.0,REGEN,0.0
1977,65.8823,3934.383,205.408,0.0,100.0,0,0,100.0,REGEN,0.0
1978,65.9156,3936.273,202.956,0.0,100.0,0,0,100.0,REGEN,0.0
1979,65.9489,3938.141,200.411,0.0,100.0,0,0,100.0,REGEN,0.0
1980,65.9823,3939.984,197.945,0.0,100.0,0,0,100.0,REGEN,0.0
1981,66.0156,3941.805,195.713,0.0,100.0,0,0,100.0,REGEN,0.0
1982,66.0489,3943.607,193.78,0.0,100.0,0,0,100.0,REGEN,0.0
1983,66.0822,3945.393,192.059,0.0,100.0,0,0,100.0,REGEN,0.0
1984,66.1156,3947.162,190.348,0.0,100.0,0,0,100.0,REGEN,0.0
1985,66.1489,3948.916,188.509,0.0,100.0,0,0,100.0,REGEN,0.0
1986,66.1822,3950.652,186.457,0.0,100.0,0,0,100.0,REGEN,0.0
1987,66.2155,3952.368,184.169,0.0,100.0,0,0,100.0,REGEN,0.0
1988,66.2489,3954.064,181.822,0.0,100.0,0,0,100.0,REGEN,0.0
1989,66.2822,3955.734,179.478,0.0,100.0,0,0,100.0,REGEN,0.0
1990,66.3155,3957.383,177.152,0.0,100.0,0,0,100.0,REGEN,0.0
1991,66.3488,3959.012,174.841,0.0,100.0,0,0,100.0,REGEN,0.0
1992,66.3822,3960.62,172.536,0.0,100.0,0,0,100.0,REGEN,0.0
1993,66.4155,3962.209,170.228,0.0,100.0,0,0,100.0,REGEN,0.0
1994,66.4488,3963.773,167.914,0.0,100.0,0,0,100.0,REGEN,0.0
1995,66.4821,3965.315,165.619,0.0,100.0,0,0,100.0,REGEN,0.0
1996,66.5155,3966.837,163.391,0.0,100.0,0,0,100.0,REGEN,0.0
1997,66.5488,3968.342,161.262,0.0,100.0,0,0,100.0,REGEN,0.0
1998,66.5821,3969.826,159.3,0.0,100.0,0,0,100.0,REGEN,0.0
1999,66.6154,3971.289,157.382,0.0,100.0,0,0,100.0,REGEN,0.0
2000,66.6487,3972.737,155.403,0.0,100.0,0,0,100.0,REGEN,0.0
2001,66.6821,3974.169,153.333,0.0,100.0,0,0,100.0,REGEN,0.0
2002,66.7154,3975.575,151.114,0.0,100.0,0,0,100.0,REGEN,0.0
2003,66.7487,3976.963,148.903,0.0,100.0,0,0,100.0,REGEN,0.0
2004,66.782,3978.334,146.745,0.0,100.0,0,0,100.0,REGEN,0.0
2005,66.8154,3979.682,144.788,0.0,100.0,0,0,100.0,REGEN,0.0
2006,66.8487,3981.014,143.189,0.0,100.0,0,0,100.0,REGEN,0.0
2007,66.882,3982.336,141.974,0.0,100.0,0,0,100.0,REGEN,0.0
2008,66.9153,3983.649,141.719,0.0,100.0,0,0,100.0,REGEN,0.0
2009,66.9487,3984.96,141.465,0.0,100.0,0,0,100.0,REGEN,0.0
2010,66.982,3986.269,141.249,0.0,100.0,0,0,100.0,REGEN,0.0
2011,67.0153,3987.576,141.249,0.0,100.0,0,0,100.0,REGEN,0.0
2012,67.0486,3988.884,141.241,0.0,100.0,0,0,100.0,REGEN,0.0
2013,67.082,3990.191,141.199,100.0,100.0,0,0,100.0,REGEN,32.96
2014,67.1153,3991.496,140.805,100.0,100.0,0,0,100.0,REGEN,447.26
2015,67.1486,3992.793,139.816,100.0,0.0,0,0,100.0,FULL,636.45
2016,67.1819,3994.084,138.328,100.0,0.0,0,0,100.0,FULL,636.45
2017,67.2153,3995.351,136.513,100.0,0.0,0,0,100.0,FULL,636.45
2018,67.2486,3996.607,134.647,100.0,0.0,0,0,100.0,FULL,636.45
2019,67.2819,3997.846,132.713,100.0,0.0,0,0,100.0,FULL,636.45
2020,67.3152,3999.063,130.938,100.0,0.0,0,0,100.0,FULL,636.45
2021,67.3486,4000.272,129.31,100.0,0.0,0,0,100.0,FULL,636.45
2022,67.3819,4001.462,128.312,100.0,0.0,0,0,100.0,FULL,636.45
2023,67.4152,4002.649,127.681,100.0,0.0,0,0,100.0,FULL,636.45
2024,67.4485,4003.83,127.475,100.0,0.0,0,0,100.0,FULL,636.45
2025,67.4819,4005.008,127.269,100.0,0.0,0,0,100.0,FULL,636.45
2026,67.5152,4006.186,127.063,100.0,0.0,0,0,100.0,FULL,636.45
2027,67.5485,4007.361,126.858,100.0,0.0,0,0,100.0,FULL,636.45
2028,67.5818,4008.534,126.653,100.0,0.0,0,0,100.0,FULL,636.45
2029,67.6152,4009.706,126.449,100.0,0.0,0,0,100.0,FULL,636.45
2030,67.6485,4010.876,126.308,100.0,0.0,0,0,100.0,FULL,636.45
2031,67.6818,4012.045,126.197,100.0,0.0,0,0,100.0,FULL,636.45
2032,67.7151,4013.215,126.432,100.0,0.0,0,0,100.0,FULL,636.45
2033,67.7485,4014.386,126.674,100.0,0.0,0,0,100.0,FULL,636.45
2034,67.7818,4015.56,126.917,100.0,0.0,0,0,100.0,FULL,636.45
2035,67.8151,4016.736,127.161,100.0,0.0,0,0,100.0,FULL,636.45
2036,67.8484,4017.914,127.405,100.0,0.0,0,0,100.0,FULL,636.45
2037,67.8818,4019.095,127.65,100.0,0.0,0,0,100.0,FULL,636.45
2038,67.9151,4020.277,127.896,100.0,0.0,0,0,100.0,FULL,636.45
2039,67.9484,4021.462,128.142,100.0,0.0,0,0,100.0,FULL,636.45
2040,67.9817,4022.65,128.389,100.0,0.0,0,0,100.0,FULL,636.45
2041,68.015,4023.839,128.636,100.0,0.0,0,0,100.0,FULL,636.45
2042,68.0484,4025.031,128.885,100.0,0.0,0,0,100.0,FULL,636.45
2043,68.0817,4026.225,129.134,100.0,0.0,0,0,100.0,FULL,636.45
2044,68.115,4027.422,129.383,100.0,0.0,0,0,100.0,FULL,636.45
2045,68.1483,4028.621,129.634,100.0,0.0,0,0,100.0,FULL,636.45
2046,68.1817,4029.821,129.885,100.0,0.0,0,0,100.0,FULL,636.45
2047,68.215,4031.025,130.138,100.0,0.0,0,0,100.0,FULL,636.45
2048,68.2483,4032.231,130.391,100.0,0.0,0,0,100.0,FULL,636.45
2049,68.2816,4033.439,130.645,100.0,0.0,0,0,100.0,FULL,636.45
2050,68.315,4034.65,130.9,100.0,0.0,0,0,100.0,FULL,636.45
2051,68.3483,4035.862,131.155,100.0,0.0,0,0,100.0,FULL,636.45
2052,68.3816,4037.078,131.411,100.0,0.0,0,0,100.0,FULL,636.45
2053,68.4149,4038.296,131.673,100.0,0.0,0,0,100.0,FULL,636.45
2054,68.4483,4039.515,131.94,100.0,0.0,0,0,100.0,FULL,636.45
2055,68.4816,4040.741,132.558,100.0,0.0,0,0,100.0,FULL,636.45
2056,68.5149,4041.971,133.291,100.0,0.0,0,0,100.0,FULL,636.45
2057,68.5482,4043.209,134.204,100.0,0.0,0,0,100.0,FULL,636.45
2058,68.5816,4044.457,135.24,100.0,0.0,0,0,100.0,FULL,636.45
2059,68.6149,4045.713,136.338,100.0,0.0,0,0,100.0,FULL,636.45
2060,68.6482,4046.981,137.531,100.0,0.0,0,0,100.0,FULL,636.45
2061,68.6815,4048.261,138.772,100.0,0.0,0,0,100.0,FULL,636.45
2062,68.7149,4049.549,140.044,100.0,0.0,0,0,100.0,FULL,636.45
2063,68.7482,4050.853,141.327,100.0,0.0,0,0,100.0,FULL,636.45
2064,68.7815,4052.168,142.614,100.0,0.0,0,0,100.0,FULL,636.45
2065,68.8148,4053.491,143.905,100.0,0.0,0,0,100.0,FULL,636.45
2066,68.8482,4054.832,145.207,100.0,0.0,0,0,100.0,FULL,636.45
2067,68.8815,4056.182,146.461,100.0,0.0,0,0,100.0,FULL,636.45
2068,68.9148,4057.541,147.667,100.0,0.0,0,0,100.0,FULL,636.45
2069,68.9481,4058.914,148.749,100.0,0.0,0,0,100.0,FULL,636.45
2070,68.9815,4060.298,149.988,100.0,0.0,0,0,100.0,FULL,636.45
2071,69.0148,4061.69,151.319,100.0,0.0,0,0,100.0,FULL,636.45
2072,69.0481,4063.098,152.62,100.0,0.0,0,0,100.0,FULL,636.45
2073,69.0814,4064.517,153.885,100.0,0.0,0,0,100.0,FULL,636.45
2074,69.1148,4065.947,155.118,100.0,0.0,0,0,100.0,FULL,636.45
2075,69.1481,4067.387,156.314,100.0,0.0,0,0,100.0,FULL,636.45
2076,69.1814,4068.841,157.447,100.0,0.0,0,0,100.0,FULL,636.45
2077,69.2147,4070.303,158.531,100.0,0.0,0,0,100.0,FULL,636.45
2078,69.248,4071.774,159.567,100.0,0.0,0,0,100.0,FULL,636.45
2079,69.2814,4073.256,160.558,100.0,0.0,0,0,100.0,FULL,636.45
2080,69.3147,4074.748,161.633,100.0,0.0,0,0,100.0,FULL,636.45
2081,69.348,4076.25,162.786,100.0,0.0,0,0,100.0,FULL,636.45
2082,69.3813,4077.761,164.023,100.0,0.0,0,0,100.0,FULL,636.45
2083,69.4147,4079.286,165.358,100.0,0.0,0,0,100.0,FULL,636.45
2084,69.448,4080.824,166.771,100.0,0.0,0,0,100.0,FULL,636.45
2085,69.4813,4082.375,168.295,100.0,0.0,0,0,100.0,DRS,636.45
2086,69.5146,4083.939,169.922,100.0,0.0,0,0,100.0,DRS,636.45
2087,69.548,4085.519,171.599,100.0,0.0,0,0,100.0,DRS,636.45
2088,69.5813,4087.117,173.329,100.0,0.0,0,0,100.0,DRS,636.45
2089,69.6146,4088.731,175.11,100.0,0.0,0,0,100.0,DRS,636.45
2090,69.6479,4090.36,176.916,100.0,0.0,0,0,100.0,DRS,636.45
2091,69.6813,4092.005,178.716,100.0,0.0,0,0,100.0,DRS,636.45
2092,69.7146,4093.666,180.489,100.0,0.0,0,0,100.0,DRS,636.45
2093,69.7479,4095.345,182.221,100.0,0.0,0,0,100.0,DRS,636.45
2094,69.7812,4097.04,183.75,100.0,0.0,0,0,100.0,DRS,636.45
2095,69.8146,4098.748,185.23,100.0,0.0,0,0,100.0,DRS,636.45
2096,69.8479,4100.47,186.703,100.0,0.0,0,0,100.0,DRS,636.45
2097,69.8812,4102.204,188.174,100.0,0.0,0,0,100.0,DRS,636.45
2098,69.9145,4103.952,189.642,100.0,0.0,0,0,100.0,DRS,636.45
2099,69.9479,4105.714,191.106,100.0,0.0,0,0,100.0,DRS,636.45
2100,69.9812,4107.49,192.564,100.0,0.0,0,0,100.0,DRS,636.45
2101,70.0145,4109.28,194.016,100.0,0.0,0,0,100.0,DRS,636.45
2102,70.0478,4111.083,195.461,100.0,0.0,0,0,100.0,DRS,636.45
2103,70.0812,4112.899,196.897,100.0,0.0,0,0,100.0,DRS,636.45
2104,70.1145,4114.728,198.325,100.0,0.0,0,0,100.0,DRS,636.45
2105,70.1478,4116.571,199.743,100.0,0.0,0,0,100.0,DRS,636.45
2106,70.1811,4118.426,201.151,100.0,0.0,0,0,100.0,DRS,636.45
2107,70.2145,4120.294,202.547,100.0,0.0,0,0,100.0,DRS,636.45
2108,70.2478,4122.175,203.932,100.0,0.0,0,0,100.0,DRS,636.45
2109,70.2811,4124.069,205.305,100.0,0.0,0,0,100.0,DRS,636.45
2110,70.3144,4125.976,206.665,100.0,0.0,0,0,100.0,DRS,636.45
2111,70.3478,4127.895,208.012,100.0,0.0,0,0,100.0,DRS,636.45
2112,70.3811,4129.826,209.346,100.0,0.0,0,0,100.0,DRS,636.45
2113,70.4144,4131.77,210.666,100.0,0.0,0,0,100.0,DRS,636.45
2114,70.4477,4133.726,211.971,100.0,0.0,0,0,100.0,DRS,636.45
2115,70.4811,4135.694,213.263,100.0,0.0,0,0,100.0,DRS,636.45
2116,70.5144,4137.674,214.541,100.0,0.0,0,0,100.0,DRS,636.45
2117,70.5477,4139.666,215.804,100.0,0.0,0,0,100.0,DRS,636.45
2118,70.581,4141.67,217.053,100.0,0.0,0,0,100.0,DRS,636.45
2119,70.6143,4143.684,218.287,100.0,0.0,0,0,100.0,DRS,636.45
2120,70.6477,4145.711,219.507,100.0,0.0,0,0,100.0,DRS,636.45
2121,70.681,4147.748,220.713,100.0,0.0,0,0,100.0,DRS,636.45
2122,70.7143,4149.797,221.905,100.0,0.0,0,0,100.0,DRS,636.45
2123,70.7476,4151.857,223.083,100.0,0.0,0,0,100.0,DRS,636.45
2124,70.781,4153.927,224.246,100.0,0.0,0,0,100.0,DRS,636.45
2125,70.8143,4156.009,225.397,100.0,0.0,0,0,100.0,DRS,636.45
2126,70.8476,4158.1,226.533,100.0,0.0,0,0,100.0,DRS,636.45
2127,70.8809,4160.203,227.656,100.0,0.0,0,0,100.0,DRS,636.45
2128,70.9143,4162.315,228.766,100.0,0.0,0,0,100.0,DRS,636.45
2129,70.9476,4164.438,229.862,100.0,0.0,0,0,100.0,DRS,636.45
2130,70.9809,4166.571,230.946,100.0,0.0,0,0,100.0,DRS,636.45
2131,71.0142,4168.714,232.017,100.0,0.0,0,0,100.0,DRS,636.45
2132,71.0476,4170.866,233.076,100.0,0.0,0,0,100.0,DRS,636.45
2133,71.0809,4173.029,234.122,100.0,0.0,0,0,100.0,DRS,636.45
2134,71.1142,4175.2,235.156,100.0,0.0,0,0,100.0,DRS,636.45
2135,71.1475,4177.382,236.178,100.0,0.0,0,0,100.0,DRS,636.45
2136,71.1809,4179.572,237.188,100.0,0.0,0,0,100.0,DRS,636.45
2137,71.2142,4181.773,238.186,100.0,0.0,0,0,100.0,DRS,636.45
2138,71.2475,4183.982,239.172,100.0,0.0,0,0,100.0,DRS,636.45
2139,71.2808,4186.201,240.147,100.0,0.0,0,0,100.0,DRS,636.45
2140,71.3142,4188.428,241.111,100.0,0.0,0,0,100.0,DRS,636.45
2141,71.3475,4190.665,242.063,100.0,0.0,0,0,100.0,DRS,636.45
2142,71.3808,4192.91,243.005,100.0,0.0,0,0,100.0,DRS,636.45
2143,71.4141,4195.163,243.937,100.0,0.0,0,0,100.0,DRS,636.45
2144,71.4475,4197.426,244.858,100.0,0.0,0,0,100.0,DRS,636.45
2145,71.4808,4199.696,245.768,100.0,0.0,0,0,100.0,DRS,636.45
2146,71.5141,4201.976,246.668,100.0,0.0,0,0,100.0,DRS,636.45
2147,71.5474,4204.263,247.557,100.0,0.0,0,0,100.0,DRS,636.45
2148,71.5808,4206.559,248.437,100.0,0.0,0,0,100.0,DRS,636.45
2149,71.6141,4208.863,249.306,100.0,0.0,0,0,100.0,DRS,636.45
2150,71.6474,4211.174,250.167,100.0,0.0,0,0,100.0,DRS,636.45
2151,71.6807,4213.494,251.017,100.0,0.0,0,0,100.0,DRS,636.45
2152,71.7141,4215.821,251.858,100.0,0.0,0,0,100.0,DRS,636.45
2153,71.7474,4218.157,252.69,100.0,0.0,0,0,100.0,DRS,636.45
2154,71.7807,4220.5,253.512,100.0,0.0,0,0,100.0,DRS,636.45
2155,71.814,4222.85,254.325,100.0,0.0,0,0,100.0,DRS,636.45
2156,71.8474,4225.208,255.129,100.0,0.0,0,0,100.0,DRS,636.45
2157,71.8807,4227.573,255.925,100.0,0.0,0,0,100.0,DRS,636.45
2158,71.914,4229.946,256.711,100.0,0.0,0,0,100.0,DRS,636.45
2159,71.9473,4232.326,257.489,100.0,0.0,0,0,100.0,DRS,636.45
2160,71.9806,4234.713,258.258,100.0,0.0,0,0,100.0,DRS,636.45
2161,72.014,4237.107,259.019,100.0,0.0,0,0,100.0,DRS,636.45
2162,72.0473,4239.508,259.772,100.0,0.0,0,0,100.0,DRS,636.45
2163,72.0806,4241.916,260.517,100.0,0.0,0,0,100.0,DRS,636.45
2164,72.1139,4244.332,261.253,100.0,0.0,0,0,100.0,DRS,636.45
2165,72.1473,4246.753,261.981,100.0,0.0,0,0,100.0,DRS,636.45
2166,72.1806,4249.182,262.701,100.0,0.0,0,0,100.0,DRS,636.45
2167,72.2139,4251.616,263.414,100.0,0.0,0,0,100.0,DRS,636.45
2168,72.2472,4254.058,264.119,100.0,0.0,0,0,100.0,DRS,636.45
2169,72.2806,4256.507,264.816,100.0,0.0,0,0,100.0,DRS,636.45
2170,72.3139,4258.961,265.505,100.0,0.0,0,0,100.0,DRS,636.45
2171,72.3472,4261.422,266.188,100.0,0.0,0,0,100.0,DRS,636.45
2172,72.3805,4263.889,266.862,100.0,0.0,0,0,100.0,DRS,636.45
2173,72.4139,4266.362,267.53,100.0,0.0,0,0,100.0,DRS,636.45
2174,72.4472,4268.842,268.19,100.0,0.0,0,0,100.0,DRS,636.45
2175,72.4805,4271.327,268.843,100.0,0.0,0,0,100.0,DRS,636.45
2176,72.5138,4273.819,269.49,100.0,0.0,0,0,100.0,DRS,636.45
2177,72.5472,4276.317,270.129,100.0,0.0,0,0,100.0,DRS,636.45
2178,72.5805,4278.82,270.761,100.0,0.0,0,0,100.0,DRS,636.45
2179,72.6138,4281.329,271.387,100.0,0.0,0,0,100.0,DRS,636.45
2180,72.6471,4283.844,272.006,100.0,0.0,0,0,100.0,DRS,636.45
2181,72.6805,4286.365,272.618,100.0,0.0,0,0,100.0,DRS,636.45
2182,72.7138,4288.892,273.224,100.0,0.0,0,0,100.0,DRS,636.45
2183,72.7471,4291.423,273.824,100.0,0.0,0,0,100.0,DRS,636.45
2184,72.7804,4293.961,274.417,100.0,0.0,0,0,100.0,DRS,636.45
2185,72.8138,4296.504,275.003,100.0,0.0,0,0,100.0,DRS,636.45
2186,72.8471,4299.052,275.584,100.0,0.0,0,0,100.0,DRS,636.45
2187,72.8804,4301.606,276.158,100.0,0.0,0,0,100.0,DRS,636.45
2188,72.9137,4304.165,276.726,100.0,0.0,0,0,100.0,DRS,636.45
2189,72.9471,4306.729,277.288,100.0,0.0,0,0,100.0,DRS,636.45
2190,72.9804,4309.298,277.845,100.0,0.0,0,0,100.0,DRS,636.45
2191,73.0137,4311.873,278.395,100.0,0.0,0,0,100.0,DRS,636.45
2192,73.047,4314.453,278.94,100.0,0.0,0,0,100.0,DRS,636.45
2193,73.0804,4317.037,279.478,100.0,0.0,0,0,100.0,DRS,636.45
2194,73.1137,4319.626,280.012,100.0,0.0,0,0,100.0,DRS,636.45
2195,73.147,4322.221,280.539,100.0,0.0,0,0,100.0,DRS,636.45
2196,73.1803,4324.82,281.061,100.0,0.0,0,0,100.0,DRS,636.45
2197,73.2137,4327.424,281.577,100.0,0.0,0,0,100.0,DRS,636.45
2198,73.247,4330.033,282.088,100.0,0.0,0,0,100.0,DRS,636.45
2199,73.2803,4332.647,282.594,100.0,0.0,0,0,100.0,DRS,636.45
2200,73.3136,4335.265,283.094,100.0,0.0,0,0,100.0,DRS,636.45
2201,73.3469,4337.888,283.589,100.0,0.0,0,0,100.0,DRS,636.45
2202,73.3803,4340.515,284.079,100.0,0.0,0,0,100.0,DRS,636.45
2203,73.4136,4343.147,284.564,100.0,0.0,0,0,100.0,DRS,636.45
2204,73.4469,4345.783,285.043,100.0,0.0,0,0,100.0,DRS,636.45
2205,73.4802,4348.424,285.518,100.0,0.0,0,0,100.0,DRS,636.45
2206,73.5136,4351.069,285.987,100.0,0.0,0,0,100.0,DRS,636.45
2207,73.5469,4353.719,286.452,100.0,0.0,0,0,100.0,DRS,636.45
2208,73.5802,4356.373,286.912,100.0,0.0,0,0,100.0,DRS,636.45
2209,73.6135,4359.031,287.367,100.0,0.0,0,0,100.0,DRS,636.45
2210,73.6469,4361.693,287.817,100.0,0.0,0,0,100.0,DRS,636.45
2211,73.6802,4364.359,288.263,100.0,0.0,0,0,100.0,DRS,636.45
2212,73.7135,4367.03,288.703,100.0,0.0,0,0,100.0,DRS,636.45
2213,73.7468,4369.704,289.14,100.0,0.0,0,0,100.0,DRS,636.45
2214,73.7802,4372.383,289.571,100.0,0.0,0,0,100.0,DRS,636.45
2215,73.8135,4375.065,289.999,100.0,0.0,0,0,100.0,DRS,636.45
2216,73.8468,4377.751,290.422,100.0,0.0,0,0,100.0,DRS,636.45
2217,73.8801,4380.442,290.84,100.0,0.0,0,0,100.0,DRS,636.45
2218,73.9135,4383.136,291.254,100.0,0.0,0,0,100.0,DRS,636.45
2219,73.9468,4385.834,291.663,100.0,0.0,0,0,100.0,DRS,636.45
2220,73.9801,4388.536,292.069,100.0,0.0,0,0,100.0,DRS,636.45
2221,74.0134,4391.241,292.47,100.0,0.0,0,0,100.0,DRS,636.45
2222,74.0468,4393.95,292.867,100.0,0.0,0,0,100.0,DRS,636.45
2223,74.0801,4396.663,293.26,100.0,0.0,0,0,100.0,DRS,636.45
2224,74.1134,4399.379,293.649,100.0,0.0,0,0,100.0,DRS,636.45
2225,74.1467,4402.099,294.033,100.0,0.0,0,0,100.0,DRS,636.45
2226,74.1801,4404.823,294.414,100.0,0.0,0,0,100.0,DRS,636.45
2227,74.2134,4407.55,294.791,100.0,0.0,0,0,100.0,DRS,636.45
2228,74.2467,4410.281,295.164,100.0,0.0,0,0,100.0,DRS,636.45
2229,74.28,4413.015,295.533,100.0,0.0,0,0,100.0,DRS,636.45
2230,74.3134,4415.752,295.898,100.0,0.0,0,0,100.0,DRS,636.45
2231,74.3467,4418.493,296.259,100.0,0.0,0,0,100.0,DRS,636.45
2232,74.38,4421.237,296.617,100.0,0.0,0,0,100.0,DRS,636.45
2233,74.4133,4423.984,296.971,100.0,0.0,0,0,100.0,DRS,636.45
2234,74.4467,4426.735,297.321,100.0,0.0,0,0,100.0,DRS,636.45
2235,74.48,4429.489,297.668,100.0,0.0,0,0,100.0,DRS,636.45
2236,74.5133,4432.246,298.011,100.0,0.0,0,0,100.0,DRS,636.45
2237,74.5466,4435.006,298.35,100.0,0.0,0,0,100.0,DRS,636.45
2238,74.5799,4437.769,298.686,100.0,0.0,0,0,100.0,DRS,636.45
2239,74.6133,4440.536,299.019,100.0,0.0,0,0,100.0,DRS,636.45
2240,74.6466,4443.305,299.348,100.0,0.0,0,0,100.0,DRS,636.45
2241,74.6799,4446.078,299.673,100.0,0.0,0,0,100.0,DRS,636.45
2242,74.7132,4448.853,299.996,100.0,0.0,0,0,100.0,DRS,636.45
2243,74.7466,4451.631,300.315,100.0,0.0,0,0,100.0,DRS,636.45
2244,74.7799,4454.413,300.63,100.0,0.0,0,0,100.0,DRS,636.45
2245,74.8132,4457.197,300.943,100.0,0.0,0,0,100.0,DRS,636.45
2246,74.8465,4459.984,301.252,100.0,0.0,0,0,100.0,DRS,636.45
2247,74.8799,4462.774,301.558,100.0,0.0,0,0,100.0,DRS,636.45
2248,74.9132,4465.567,301.861,100.0,0.0,0,0,100.0,DRS,636.45
2249,74.9465,4468.363,302.16,100.0,0.0,0,0,100.0,DRS,636.45
2250,74.9798,4471.161,302.457,100.0,0.0,0,0,100.0,DRS,636.45
2251,75.0132,4473.962,302.75,100.0,0.0,0,0,100.0,DRS,636.45
2252,75.0465,4476.766,303.041,100.0,0.0,0,0,100.0,DRS,636.45
2253,75.0798,4479.573,303.328,100.0,0.0,0,0,100.0,DRS,636.45
2254,75.1131,4482.382,303.613,100.0,0.0,0,0,100.0,DRS,636.45
2255,75.1465,4485.194,303.894,100.0,0.0,0,0,100.0,DRS,636.45
2256,75.1798,4488.008,304.173,100.0,0.0,0,0,100.0,DRS,636.45
2257,75.2131,4490.825,304.449,100.0,0.0,0,0,100.0,DRS,636.45
2258,75.2464,4493.644,304.722,100.0,0.0,0,0,100.0,DRS,636.45
2259,75.2798,4496.467,304.992,100.0,0.0,0,0,100.0,DRS,636.45
2260,75.3131,4499.291,305.259,100.0,0.0,0,0,100.0,DRS,636.45
2261,75.3464,4502.118,305.524,100.0,0.0,0,0,100.0,DRS,636.45
2262,75.3797,4504.947,305.786,100.0,0.0,0,0,100.0,DRS,636.45
2263,75.4131,4507.779,306.045,100.0,0.0,0,0,100.0,DRS,636.45
2264,75.4464,4510.613,306.301,100.0,0.0,0,0,100.0,DRS,636.45
2265,75.4797,4513.45,306.555,100.0,0.0,0,0,100.0,DRS,636.45
2266,75.513,4516.289,306.806,100.0,0.0,0,0,100.0,DRS,636.45
2267,75.5464,4519.13,307.055,100.0,0.0,0,0,100.0,DRS,636.45
2268,75.5797,4521.973,307.301,100.0,0.0,0,0,100.0,DRS,636.45
2269,75.613,4524.819,307.545,100.0,0.0,0,0,100.0,DRS,636.45
2270,75.6463,4527.667,307.786,100.0,0.0,0,0,100.0,DRS,636.45
2271,75.6797,4530.517,308.024,100.0,0.0,0,0,100.0,DRS,636.45
2272,75.713,4533.37,308.26,100.0,0.0,0,0,100.0,DRS,636.45
2273,75.7463,4536.224,308.494,100.0,0.0,0,0,100.0,DRS,636.45
2274,75.7796,4539.081,308.725,100.0,0.0,0,0,100.0,DRS,636.45
2275,75.813,4541.94,308.954,100.0,0.0,0,0,100.0,DRS,636.45
2276,75.8463,4544.801,309.181,100.0,0.0,0,0,100.0,DRS,636.45
2277,75.8796,4547.664,309.405,100.0,0.0,0,0,100.0,DRS,636.45
2278,75.9129,4550.529,309.627,100.0,0.0,0,0,100.0,DRS,636.45
2279,75.9462,4553.396,309.846,100.0,0.0,0,0,100.0,DRS,636.45
2280,75.9796,4556.265,310.064,100.0,0.0,0,0,100.0,DRS,636.45
2281,76.0129,4559.137,310.279,100.0,0.0,0,0,100.0,DRS,636.45
2282,76.0462,4562.01,310.492,100.0,0.0,0,0,100.0,DRS,636.45
2283,76.0795,4564.885,310.702,100.0,0.0,0,0,100.0,DRS,636.45
2284,76.1129,4567.762,310.911,100.0,0.0,0,0,100.0,DRS,636.45
2285,76.1462,4570.641,311.117,100.0,0.0,0,0,100.0,DRS,636.45
2286,76.1795,4573.522,311.322,100.0,0.0,0,0,100.0,DRS,636.45
2287,76.2128,4576.405,311.524,100.0,0.0,0,0,100.0,DRS,636.45
2288,76.2462,4579.289,311.724,100.0,0.0,0,0,100.0,DRS,636.45
2289,76.2795,4582.176,311.922,100.0,0.0,0,0,100.0,DRS,636.45
2290,76.3128,4585.064,312.118,100.0,0.0,0,0,100.0,DRS,636.45
2291,76.3461,4587.954,312.312,100.0,0.0,0,0,100.0,DRS,636.45
2292,76.3795,4590.846,312.504,100.0,0.0,0,0,100.0,DRS,636.45
2293,76.4128,4593.74,312.694,100.0,0.0,0,0,100.0,DRS,636.45
2294,76.4461,4596.635,312.882,100.0,0.0,0,0,100.0,DRS,636.45
2295,76.4794,4599.532,313.068,100.0,0.0,0,0,100.0,DRS,636.45
2296,76.5128,4602.431,313.252,100.0,0.0,0,0,100.0,DRS,636.45
2297,76.5461,4605.332,313.435,100.0,0.0,0,0,100.0,DRS,636.45
2298,76.5794,4608.234,313.615,100.0,0.0,0,0,100.0,DRS,636.45
2299,76.6127,4611.138,313.794,100.0,0.0,0,0,100.0,DRS,636.45
2300,76.6461,4614.043,313.971,100.0,0.0,0,0,100.0,DRS,636.45
2301,76.6794,4616.95,314.146,100.0,0.0,0,0,100.0,DRS,636.45
2302,76.7127,4619.859,314.319,100.0,0.0,0,0,100.0,DRS,636.45
2303,76.746,4622.77,314.49,100.0,0.0,0,0,100.0,DRS,636.45
2304,76.7794,4625.681,314.66,100.0,0.0,0,0,100.0,DRS,636.45
2305,76.8127,4628.595,314.828,100.0,0.0,0,0,100.0,DRS,636.45
2306,76.846,4631.51,314.994,100.0,0.0,0,0,100.0,DRS,636.45
2307,76.8793,4634.427,315.158,100.0,0.0,0,0,100.0,DRS,636.45
2308,76.9127,4637.345,315.321,100.0,0.0,0,0,100.0,DRS,636.45
2309,76.946,4640.264,315.482,100.0,0.0,0,0,100.0,DRS,636.45
2310,76.9793,4643.185,315.641,100.0,0.0,0,0,100.0,DRS,636.45
2311,77.0126,4646.108,315.799,100.0,0.0,0,0,100.0,DRS,636.45
2312,77.046,4649.032,315.955,100.0,0.0,0,0,100.0,DRS,636.45
2313,77.0793,4651.957,316.109,100.0,0.0,0,0,100.0,DRS,636.45
2314,77.1126,4654.884,316.262,100.0,0.0,0,0,100.0,DRS,636.45
2315,77.1459,4657.812,316.413,100.0,0.0,0,0,100.0,DRS,636.45
2316,77.1793,4660.742,316.563,100.0,0.0,0,0,100.0,DRS,636.45
2317,77.2126,4663.673,316.71,100.0,0.0,0,0,100.0,DRS,636.45
2318,77.2459,4666.606,316.856,100.0,0.0,0,0,100.0,DRS,636.45
2319,77.2792,4669.539,317.0,100.0,0.0,0,0,100.0,DRS,636.45
2320,77.3125,4672.474,317.142,100.0,0.0,0,0,100.0,DRS,636.45
2321,77.3459,4675.411,317.282,100.0,0.0,0,0,100.0,DRS,636.45
2322,77.3792,4678.348,317.42,100.0,0.0,0,0,100.0,DRS,636.45
2323,77.4125,4681.287,317.556,100.0,0.0,0,0,100.0,DRS,636.45
2324,77.4458,4684.227,317.689,100.0,0.0,0,0,100.0,DRS,636.45
2325,77.4792,4687.169,317.819,100.0,0.0,0,0,100.0,DRS,636.45
2326,77.5125,4690.111,317.946,100.0,0.0,0,0,100.0,DRS,636.45
2327,77.5458,4693.055,318.07,100.0,0.0,0,0,100.0,DRS,636.45
2328,77.5791,4696.0,318.19,100.0,0.0,0,0,100.0,DRS,636.45
2329,77.6125,4698.946,318.305,100.0,0.0,0,0,100.0,DRS,636.45
2330,77.6458,4701.893,318.415,100.0,0.0,0,0,100.0,DRS,636.45
2331,77.6791,4704.841,318.519,100.0,0.0,0,0,100.0,DRS,636.45
2332,77.7124,4707.79,318.617,100.0,0.0,0,0,100.0,DRS,636.45
2333,77.7458,4710.74,318.705,100.0,0.0,0,0,100.0,DRS,636.45
2334,77.7791,4713.69,318.786,100.0,0.0,0,0,100.0,DRS,636.45
2335,77.8124,4716.641,318.854,100.0,0.0,0,0,100.0,DRS,636.45
2336,77.8457,4719.593,318.911,100.0,0.0,0,0,100.0,DRS,636.45
2337,77.8791,4722.546,318.952,100.0,0.0,0,0,100.0,DRS,636.45
2338,77.9124,4725.498,318.978,100.0,0.0,0,0,100.0,DRS,636.45
2339,77.9457,4728.451,318.982,100.0,0.0,0,0,100.0,DRS,636.45
2340,77.979,4731.404,318.966,100.0,0.0,0,0,100.0,DRS,636.45
2341,78.0124,4734.356,318.923,100.0,0.0,0,0,100.0,DRS,636.45
2342,78.0457,4737.308,318.852,100.0,0.0,0,0,100.0,DRS,636.45
2343,78.079,4740.259,318.747,100.0,0.0,0,0,100.0,DRS,636.45
2344,78.1123,4743.209,318.605,100.0,0.0,0,0,100.0,DRS,636.45
2345,78.1457,4746.157,318.42,100.0,0.0,0,0,100.0,DRS,636.45
2346,78.179,4749.104,318.189,100.0,0.0,0,0,100.0,DRS,636.45
2347,78.2123,4752.048,317.906,100.0,0.0,0,0,100.0,DRS,636.45
2348,78.2456,4754.989,317.564,100.0,0.0,0,0,100.0,DRS,636.45
2349,78.279,4757.927,317.161,100.0,0.0,0,0,100.0,DRS,636.45
2350,78.3123,4760.86,316.684,100.0,0.0,0,0,100.0,DRS,636.45
2351,78.3456,4763.79,316.139,100.0,0.0,0,0,100.0,DRS,636.45
2352,78.3789,4766.713,315.503,100.0,0.0,0,0,100.0,DRS,636.45
2353,78.4123,4769.631,314.789,100.0,0.0,0,0,100.0,DRS,636.45
2354,78.4456,4772.54,313.972,100.0,0.0,0,0,100.0,DRS,636.45
2355,78.4789,4775.443,313.065,100.0,0.0,0,0,100.0,DRS,636.45
2356,78.5122,4778.336,312.048,100.0,0.0,0,0,100.0,FULL,636.45
2357,78.5456,4781.219,310.925,100.0,0.0,0,0,100.0,FULL,636.45
2358,78.5789,4784.092,309.69,100.0,0.0,0,0,100.0,FULL,636.45
2359,78.6122,4786.952,308.334,100.0,0.0,0,0,100.0,FULL,636.45
2360,78.6455,4789.8,306.868,100.0,0.0,0,0,100.0,FULL,636.45
2361,78.6788,4792.633,305.267,100.0,0.0,0,0,100.0,FULL,636.45
2362,78.7122,4795.451,303.556,100.0,0.0,0,0,100.0,FULL,636.45
2363,78.7455,4798.252,301.715,100.0,0.0,0,0,100.0,FULL,636.45
2364,78.7788,4801.036,299.757,100.0,0.0,0,0,100.0,FULL,636.45
2365,78.8121,4803.802,297.686,100.0,0.0,0,0,100.0,FULL,636.45
2366,78.8455,4806.547,295.488,100.0,0.0,0,0,100.0,FULL,636.45
2367,78.8788,4809.272,293.189,100.0,0.0,0,0,100.0,FULL,636.45
2368,78.9121,4811.975,290.782,100.0,0.0,0,0,100.0,FULL,636.45
2369,78.9454,4814.654,288.272,100.0,0.0,0,0,100.0,FULL,636.45
2370,78.9788,4817.311,285.664,100.0,0.0,0,0,100.0,FULL,636.45
2371,79.0121,4819.943,282.921,0.0,100.0,0,0,100.0,REGEN,0.0
2372,79.0454,4822.548,280.025,0.0,100.0,0,0,100.0,REGEN,0.0
2373,79.0787,4825.126,276.992,0.0,100.0,0,0,100.0,REGEN,0.0
2374,79.1121,4827.677,273.826,0.0,100.0,0,0,100.0,REGEN,0.0
2375,79.1454,4830.195,270.511,0.0,100.0,0,0,100.0,REGEN,0.0
2376,79.1787,4832.682,267.073,0.0,100.0,0,0,100.0,REGEN,0.0
2377,79.212,4835.139,263.52,0.0,100.0,0,0,100.0,REGEN,0.0
2378,79.2454,4837.562,259.86,0.0,100.0,0,0,100.0,REGEN,0.0
2379,79.2787,4839.95,256.074,0.0,100.0,0,0,100.0,REGEN,0.0
2380,79.312,4842.299,251.609,0.0,100.0,0,0,100.0,REGEN,0.0
2381,79.3453,4844.601,246.023,0.0,100.0,0,0,100.0,REGEN,0.0
2382,79.3787,4846.853,240.626,0.0,100.0,0,0,100.0,REGEN,0.0
2383,79.412,4849.056,235.414,0.0,100.0,0,0,100.0,REGEN,0.0
2384,79.4453,4851.213,230.383,0.0,100.0,0,0,100.0,REGEN,0.0
2385,79.4786,4853.323,225.479,0.0,100.0,0,0,100.0,REGEN,0.0
2386,79.512,4855.388,220.768,0.0,100.0,0,0,100.0,REGEN,0.0
2387,79.5453,4857.411,216.249,0.0,100.0,0,0,100.0,REGEN,0.0
2388,79.5786,4859.392,211.908,0.0,100.0,0,0,100.0,REGEN,0.0
2389,79.6119,4861.334,207.746,0.0,100.0,0,0,100.0,REGEN,0.0
2390,79.6453,4863.238,203.754,0.0,100.0,0,0,100.0,REGEN,0.0
2391,79.6786,4865.106,199.902,0.0,100.0,0,0,100.0,REGEN,0.0
2392,79.7119,4866.938,196.171,0.0,100.0,0,0,100.0,REGEN,0.0
2393,79.7452,4868.737,192.556,0.0,100.0,0,0,100.0,REGEN,0.0
2394,79.7786,4870.504,189.054,0.0,100.0,0,0,100.0,REGEN,0.0
2395,79.8119,4872.239,185.659,0.0,100.0,0,0,100.0,REGEN,0.0
2396,79.8452,4873.945,182.363,0.0,100.0,0,0,100.0,REGEN,0.0
2397,79.8785,4875.617,179.168,0.0,100.0,0,0,100.0,REGEN,0.0
2398,79.9118,4877.259,176.057,0.0,100.0,0,0,100.0,REGEN,0.0
2399,79.9452,4878.874,173.012,0.0,100.0,0,0,100.0,REGEN,0.0
2400,79.9785,4880.462,170.023,0.0,100.0,0,0,100.0,REGEN,0.0
2401,80.0118,4882.025,167.078,0.0,100.0,0,0,100.0,REGEN,0.0
2402,80.0451,4883.557,164.176,0.0,100.0,0,0,100.0,REGEN,0.0
2403,80.0785,4885.062,161.448,0.0,100.0,0,0,100.0,REGEN,0.0
2404,80.1118,4886.544,158.824,0.0,100.0,0,0,100.0,REGEN,0.0
2405,80.1451,4888.006,156.257,0.0,100.0,0,0,100.0,REGEN,0.0
2406,80.1784,4889.438,153.561,0.0,100.0,0,0,100.0,REGEN,0.0
2407,80.2118,4890.845,150.943,0.0,100.0,0,0,100.0,REGEN,0.0
2408,80.2451,4892.232,148.402,0.0,100.0,0,0,100.0,REGEN,0.0
2409,80.2784,4893.596,145.973,0.0,100.0,0,0,100.0,REGEN,0.0
2410,80.3117,4894.933,143.67,0.0,100.0,0,0,100.0,REGEN,0.0
2411,80.3451,4896.255,141.441,0.0,100.0,0,0,100.0,REGEN,0.0
2412,80.3784,4897.555,139.311,0.0,100.0,0,0,100.0,REGEN,0.0
2413,80.4117,4898.832,137.276,0.0,100.0,0,0,100.0,REGEN,0.0
2414,80.445,4900.097,135.29,0.0,100.0,0,0,100.0,REGEN,0.0
2415,80.4784,4901.339,133.39,0.0,100.0,0,0,100.0,REGEN,0.0
2416,80.5117,4902.564,131.548,0.0,100.0,0,0,100.0,REGEN,0.0
2417,80.545,4903.778,129.745,0.0,100.0,0,0,100.0,REGEN,0.0
2418,80.5783,4904.966,128.032,0.0,100.0,0,0,100.0,REGEN,0.0
2419,80.6117,4906.146,126.352,0.0,100.0,0,0,100.0,REGEN,0.0
2420,80.645,4907.307,124.754,0.0,100.0,0,0,100.0,REGEN,0.0
2421,80.6783,4908.454,123.246,0.0,100.0,0,0,100.0,REGEN,0.0
2422,80.7116,4909.591,121.818,0.0,100.0,0,0,100.0,REGEN,0.0
2423,80.745,4910.71,120.57,0.0,100.0,0,0,100.0,REGEN,0.0
2424,80.7783,4911.825,119.378,0.0,100.0,0,0,100.0,REGEN,0.0
2425,80.8116,4912.921,118.3,0.0,100.0,0,0,100.0,REGEN,0.0
2426,80.8449,4914.014,117.188,0.0,100.0,0,0,100.0,REGEN,0.0
2427,80.8783,4915.089,115.856,0.0,100.0,0,0,100.0,REGEN,0.0
2428,80.9116,4916.157,114.428,0.0,100.0,0,0,100.0,REGEN,0.0
2429,80.9449,4917.206,112.76,0.0,100.0,0,0,100.0,REGEN,0.0
2430,80.9782,4918.243,111.032,0.0,100.0,0,0,100.0,REGEN,0.0
2431,81.0116,4919.26,109.206,0.0,100.0,0,0,100.0,REGEN,0.0
2432,81.0449,4920.264,107.4,0.0,100.0,0,0,100.0,REGEN,0.0
2433,81.0782,4921.248,105.622,0.0,100.0,0,0,100.0,REGEN,0.0
2434,81.1115,4922.22,103.922,0.0,100.0,0,0,100.0,REGEN,0.0
2435,81.1449,4923.172,102.353,0.0,100.0,0,0,100.0,REGEN,0.0
2436,81.1782,4924.117,100.868,0.0,100.0,0,0,100.0,REGEN,0.0
2437,81.2115,4925.041,99.613,0.0,100.0,0,0,100.0,REGEN,0.0
2438,81.2448,4925.964,98.4,100.0,100.0,0,0,100.0,REGEN,28.24
2439,81.2781,4926.867,97.568,100.0,100.0,0,0,100.0,REGEN,315.22
2440,81.3115,4927.77,96.735,100.0,100.0,0,0,100.0,REGEN,602.21
2441,81.3448,4928.664,96.532,100.0,0.0,0,0,100.0,FULL,636.45
2442,81.3781,4929.557,96.414,100.0,0.0,0,0,100.0,FULL,636.45
2443,81.4114,4930.449,96.296,100.0,0.0,0,0,100.0,FULL,636.45
2444,81.4448,4931.34,96.178,100.0,0.0,0,0,100.0,FULL,636.45
2445,81.4781,4932.23,96.06,100.0,0.0,0,0,100.0,FULL,636.45
2446,81.5114,4933.118,95.943,100.0,0.0,0,0,100.0,FULL,636.45
2447,81.5447,4934.006,95.826,100.0,0.0,0,0,100.0,FULL,636.45
2448,81.5781,4934.892,95.709,100.0,0.0,0,0,100.0,FULL,636.45
2449,81.6114,4935.778,95.593,100.0,0.0,0,0,100.0,FULL,636.45
2450,81.6447,4936.662,95.477,100.0,0.0,0,0,100.0,FULL,636.45
2451,81.678,4937.546,95.361,100.0,0.0,0,0,100.0,FULL,636.45
2452,81.7114,4938.428,95.245,100.0,0.0,0,0,100.0,FULL,636.45
2453,81.7447,4939.309,95.13,100.0,0.0,0,0,100.0,FULL,636.45
2454,81.778,4940.19,95.127,100.0,0.0,0,0,100.0,FULL,636.45
2455,81.8113,4941.073,95.355,100.0,0.0,0,0,100.0,FULL,636.45
2456,81.8447,4941.955,95.597,100.0,0.0,0,0,100.0,FULL,636.45
2457,81.878,4942.845,96.045,100.0,0.0,0,0,100.0,FULL,636.45
2458,81.9113,4943.734,96.492,100.0,0.0,0,0,100.0,FULL,636.45
2459,81.9446,4944.631,96.929,100.0,0.0,0,0,100.0,FULL,636.45
2460,81.978,4945.529,97.363,100.0,0.0,0,0,100.0,FULL,636.45
2461,82.0113,4946.433,97.762,100.0,0.0,0,0,100.0,FULL,636.45
2462,82.0446,4947.339,98.139,100.0,0.0,0,0,100.0,FULL,636.45
2463,82.0779,4948.249,98.516,100.0,0.0,0,0,100.0,FULL,636.45
2464,82.1113,4949.163,98.896,100.0,0.0,0,0,100.0,FULL,636.45
2465,82.1446,4950.079,99.276,100.0,0.0,0,0,100.0,FULL,636.45
2466,82.1779,4951.001,99.658,100.0,0.0,0,0,100.0,FULL,636.45
2467,82.2112,4951.924,100.041,100.0,0.0,0,0,100.0,FULL,636.45
2468,82.2446,4952.854,100.427,100.0,0.0,0,0,100.0,FULL,636.45
2469,82.2779,4953.783,100.813,100.0,0.0,0,0,100.0,FULL,636.45
2470,82.3112,4954.72,101.203,100.0,0.0,0,0,100.0,FULL,636.45
2471,82.3445,4955.657,101.594,100.0,0.0,0,0,100.0,FULL,636.45
2472,82.3779,4956.601,101.989,100.0,0.0,0,0,100.0,FULL,636.45
2473,82.4112,4957.546,102.384,100.0,0.0,0,0,100.0,FULL,636.45
2474,82.4445,4958.496,102.782,100.0,0.0,0,0,100.0,FULL,636.45
2475,82.4778,4959.449,103.181,100.0,0.0,0,0,100.0,FULL,636.45
2476,82.5112,4960.406,103.582,100.0,0.0,0,0,100.0,FULL,636.45
2477,82.5445,4961.367,103.982,100.0,0.0,0,0,100.0,FULL,636.45
2478,82.5778,4962.333,104.521,100.0,0.0,0,0,100.0,FULL,636.45
2479,82.6111,4963.303,105.167,100.0,0.0,0,0,100.0,FULL,636.45
2480,82.6444,4964.281,106.042,100.0,0.0,0,0,100.0,FULL,636.45
2481,82.6778,4965.268,107.138,100.0,0.0,0,0,100.0,FULL,636.45
2482,82.7111,4966.266,108.324,100.0,0.0,0,0,100.0,FULL,636.45
2483,82.7444,4967.274,109.606,100.0,0.0,0,0,100.0,FULL,636.45
2484,82.7777,4968.295,110.894,100.0,0.0,0,0,100.0,FULL,636.45
2485,82.8111,4969.327,112.189,100.0,0.0,0,0,100.0,FULL,636.45
2486,82.8444,4970.371,113.421,100.0,0.0,0,0,100.0,FULL,636.45
2487,82.8777,4971.426,114.605,100.0,0.0,0,0,100.0,FULL,636.45
2488,82.911,4972.492,115.638,100.0,0.0,0,0,100.0,FULL,636.45
2489,82.9444,4973.565,116.594,100.0,0.0,0,0,100.0,FULL,636.45
2490,82.9777,4974.649,117.31,100.0,0.0,0,0,100.0,FULL,636.45
2491,83.011,4975.735,117.97,100.0,0.0,0,0,100.0,FULL,636.45
2492,83.0443,4976.831,118.43,100.0,0.0,0,0,100.0,FULL,636.45
2493,83.0777,4977.929,118.919,100.0,0.0,0,0,100.0,DRS,636.45
2494,83.111,4979.034,119.593,100.0,0.0,0,0,100.0,DRS,636.45
2495,83.1443,4980.144,120.352,100.0,0.0,0,0,100.0,DRS,636.45
2496,83.1776,4981.263,121.27,100.0,0.0,0,0,100.0,DRS,636.45
2497,83.211,4982.391,122.268,100.0,0.0,0,0,100.0,DRS,636.45
2498,83.2443,4983.526,123.329,100.0,0.0,0,0,100.0,DRS,636.45
2499,83.2776,4984.675,124.426,100.0,0.0,0,0,100.0,DRS,636.45
2500,83.3109,4985.828,125.533,100.0,0.0,0,0,100.0,DRS,636.45
2501,83.3443,4986.998,126.648,100.0,0.0,0,0,100.0,DRS,636.45
2502,83.3776,4988.175,127.764,100.0,0.0,0,0,100.0,DRS,636.45
2503,83.4109,4989.363,128.881,100.0,0.0,0,0,100.0,DRS,636.45
2504,83.4442,4990.562,130.002,100.0,0.0,0,0,100.0,DRS,636.45
2505,83.4776,4991.767,131.125,100.0,0.0,0,0,100.0,DRS,636.45
2506,83.5109,4992.99,132.276,100.0,0.0,0,0,100.0,DRS,636.45
2507,83.5442,4994.219,133.454,100.0,0.0,0,0,100.0,DRS,636.45
2508,83.5775,4995.459,134.678,100.0,0.0,0,0,100.0,DRS,636.45
2509,83.6109,4996.713,135.879,100.0,0.0,0,0,100.0,DRS,636.45
2510,83.6442,4997.974,137.101,100.0,0.0,0,0,100.0,DRS,636.45
2511,83.6775,4999.251,138.48,100.0,0.0,0,0,100.0,DRS,636.45
2512,83.7108,5000.54,139.912,100.0,0.0,0,0,100.0,DRS,636.45
2513,83.7442,5001.839,141.381,100.0,0.0,0,0,100.0,DRS,636.45
2514,83.7775,5003.157,142.856,100.0,0.0,0,0,100.0,DRS,636.45
2515,83.8108,5004.487,144.331,100.0,0.0,0,0,100.0,DRS,636.45
2516,83.8441,5005.826,145.808,100.0,0.0,0,0,100.0,DRS,636.45
2517,83.8775,5007.186,147.306,100.0,0.0,0,0,100.0,DRS,636.45
2518,83.9108,5008.557,148.832,100.0,0.0,0,0,100.0,DRS,636.45
2519,83.9441,5009.939,150.386,100.0,0.0,0,0,100.0,DRS,636.45
2520,83.9774,5011.34,151.985,100.0,0.0,0,0,100.0,DRS,636.45
2521,84.0107,5012.756,153.613,100.0,0.0,0,0,100.0,DRS,636.45
2522,84.0441,5014.184,155.264,100.0,0.0,0,0,100.0,DRS,636.45
2523,84.0774,5015.628,156.938,100.0,0.0,0,0,100.0,DRS,636.45
2524,84.1107,5017.091,158.629,100.0,0.0,0,0,100.0,DRS,636.45
2525,84.144,5018.567,160.332,100.0,0.0,0,0,100.0,DRS,636.45
2526,84.1774,5020.057,162.044,100.0,0.0,0,0,100.0,DRS,636.45
2527,84.2107,5021.565,163.769,100.0,0.0,0,0,100.0,DRS,636.45
2528,84.244,5023.091,165.505,100.0,0.0,0,0,100.0,DRS,636.45
2529,84.2773,5024.631,167.251,100.0,0.0,0,0,100.0,DRS,636.45
2530,84.3107,5026.186,169.007,100.0,0.0,0,0,100.0,DRS,636.45
2531,84.344,5027.757,170.773,100.0,0.0,0,0,100.0,DRS,636.45
2532,84.3773,5029.348,172.543,100.0,0.0,0,0,100.0,DRS,636.45
2533,84.4106,5030.953,174.199,100.0,0.0,0,0,100.0,DRS,636.45
2534,84.444,5032.573,175.801,100.0,0.0,0,0,100.0,DRS,636.45
2535,84.4773,5034.207,177.399,100.0,0.0,0,0,100.0,DRS,636.45
2536,84.5106,5035.855,178.992,100.0,0.0,0,0,100.0,DRS,636.45
2537,84.5439,5037.521,180.579,100.0,0.0,0,0,100.0,DRS,636.45
2538,84.5773,5039.2,182.159,100.0,0.0,0,0,100.0,DRS,636.45
2539,84.6106,5040.894,183.732,100.0,0.0,0,0,100.0,DRS,636.45
2540,84.6439,5042.602,185.297,100.0,0.0,0,0,100.0,DRS,636.45
2541,84.6772,5044.324,186.852,100.0,0.0,0,0,100.0,DRS,636.45
2542,84.7106,5046.059,188.398,100.0,0.0,0,0,100.0,DRS,636.45
2543,84.7439,5047.81,189.933,100.0,0.0,0,0,100.0,DRS,636.45
2544,84.7772,5049.576,191.455,100.0,0.0,0,0,100.0,DRS,636.45
2545,84.8105,5051.356,192.966,100.0,0.0,0,0,100.0,DRS,636.45
2546,84.8439,5053.149,194.464,100.0,0.0,0,0,100.0,DRS,636.45
2547,84.8772,5054.956,195.949,100.0,0.0,0,0,100.0,DRS,636.45
2548,84.9105,5056.777,197.42,100.0,0.0,0,0,100.0,DRS,636.45
2549,84.9438,5058.611,198.878,100.0,0.0,0,0,100.0,DRS,636.45
2550,84.9772,5060.459,200.322,100.0,0.0,0,0,100.0,DRS,636.45
2551,85.0105,5062.319,201.75,100.0,0.0,0,0,100.0,DRS,636.45
2552,85.0438,5064.193,203.164,100.0,0.0,0,0,100.0,DRS,636.45
2553,85.0771,5066.08,204.563,100.0,0.0,0,0,100.0,DRS,636.45
2554,85.1105,5067.979,205.947,100.0,0.0,0,0,100.0,DRS,636.45
2555,85.1438,5069.892,207.315,100.0,0.0,0,0,100.0,DRS,636.45
2556,85.1771,5071.817,208.667,100.0,0.0,0,0,100.0,DRS,636.45
2557,85.2104,5073.755,210.003,100.0,0.0,0,0,100.0,DRS,636.45
2558,85.2437,5075.706,211.324,100.0,0.0,0,0,100.0,DRS,636.45
2559,85.2771,5077.668,212.63,100.0,0.0,0,0,100.0,DRS,636.45
2560,85.3104,5079.642,213.92,100.0,0.0,0,0,100.0,DRS,636.45
2561,85.3437,5081.628,215.195,100.0,0.0,0,0,100.0,DRS,636.45
2562,85.377,5083.626,216.455,100.0,0.0,0,0,100.0,DRS,636.45
2563,85.4104,5085.636,217.7,100.0,0.0,0,0,100.0,DRS,636.45
2564,85.4437,5087.656,218.93,100.0,0.0,0,0,100.0,DRS,636.45
2565,85.477,5089.689,220.145,100.0,0.0,0,0,100.0,DRS,636.45
2566,85.5103,5091.732,221.346,100.0,0.0,0,0,100.0,DRS,636.45
2567,85.5437,5093.786,222.532,100.0,0.0,0,0,100.0,DRS,636.45
2568,85.577,5095.851,223.703,100.0,0.0,0,0,100.0,DRS,636.45
2569,85.6103,5097.927,224.861,100.0,0.0,0,0,100.0,DRS,636.45
2570,85.6436,5100.014,226.004,100.0,0.0,0,0,100.0,DRS,636.45
2571,85.677,5102.112,227.134,100.0,0.0,0,0,100.0,DRS,636.45
2572,85.7103,5104.22,228.251,100.0,0.0,0,0,100.0,DRS,636.45
2573,85.7436,5106.338,229.353,100.0,0.0,0,0,100.0,DRS,636.45
2574,85.7769,5108.466,230.443,100.0,0.0,0,0,100.0,DRS,636.45
2575,85.8103,5110.604,231.52,100.0,0.0,0,0,100.0,DRS,636.45
2576,85.8436,5112.753,232.585,100.0,0.0,0,0,100.0,DRS,636.45
2577,85.8769,5114.91,233.636,100.0,0.0,0,0,100.0,DRS,636.45
2578,85.9102,5117.078,234.676,100.0,0.0,0,0,100.0,DRS,636.45
2579,85.9436,5119.255,235.704,100.0,0.0,0,0,100.0,DRS,636.45
2580,85.9769,5121.441,236.719,100.0,0.0,0,0,100.0,DRS,636.45
2581,86.0102,5123.637,237.723,100.0,0.0,0,0,100.0,DRS,636.45
2582,86.0435,5125.842,238.715,100.0,0.0,0,0,100.0,DRS,636.45
2583,86.0769,5128.056,239.695,100.0,0.0,0,0,100.0,DRS,636.45
2584,86.1102,5130.28,240.664,100.0,0.0,0,0,100.0,DRS,636.45
2585,86.1435,5132.512,241.622,100.0,0.0,0,0,100.0,DRS,636.45
2586,86.1768,5134.753,242.569,100.0,0.0,0,0,100.0,DRS,636.45
2587,86.2102,5137.003,243.505,100.0,0.0,0,0,100.0,DRS,636.45
2588,86.2435,5139.261,244.431,100.0,0.0,0,0,100.0,DRS,636.45
2589,86.2768,5141.528,245.346,100.0,0.0,0,0,100.0,DRS,636.45
2590,86.3101,5143.803,246.251,100.0,0.0,0,0,100.0,DRS,636.45
2591,86.3435,5146.087,247.145,100.0,0.0,0,0,100.0,DRS,636.45
2592,86.3768,5148.379,248.029,100.0,0.0,0,0,100.0,DRS,636.45
2593,86.4101,5150.679,248.903,100.0,0.0,0,0,100.0,DRS,636.45
2594,86.4434,5152.987,249.768,100.0,0.0,0,0,100.0,DRS,636.45
2595,86.4768,5155.303,250.623,100.0,0.0,0,0,100.0,DRS,636.45
2596,86.5101,5157.627,251.468,100.0,0.0,0,0,100.0,DRS,636.45
2597,86.5434,5159.958,252.305,100.0,0.0,0,0,100.0,DRS,636.45
2598,86.5767,5162.298,253.131,100.0,0.0,0,0,100.0,DRS,636.45
2599,86.61,5164.645,253.948,100.0,0.0,0,0,100.0,DRS,636.45
2600,86.6434,5166.999,254.756,100.0,0.0,0,0,100.0,DRS,636.45
2601,86.6767,5169.361,255.556,100.0,0.0,0,0,100.0,DRS,636.45
2602,86.71,5171.73,256.347,100.0,0.0,0,0,100.0,DRS,636.45
2603,86.7433,5174.107,257.129,100.0,0.0,0,0,100.0,DRS,636.45
2604,86.7767,5176.491,257.902,100.0,0.0,0,0,100.0,DRS,636.45
2605,86.81,5178.882,258.667,100.0,0.0,0,0,100.0,DRS,636.45
2606,86.8433,5181.28,259.423,100.0,0.0,0,0,100.0,DRS,636.45
2607,86.8766,5183.684,260.172,100.0,0.0,0,0,100.0,DRS,636.45
2608,86.91,5186.096,260.912,100.0,0.0,0,0,100.0,DRS,636.45
2609,86.9433,5188.515,261.643,100.0,0.0,0,0,100.0,DRS,636.45
2610,86.9766,5190.94,262.367,100.0,0.0,0,0,100.0,DRS,636.45
2611,87.0099,5193.372,263.084,100.0,0.0,0,0,100.0,DRS,636.45
2612,87.0433,5195.81,263.792,100.0,0.0,0,0,100.0,DRS,636.45
2613,87.0766,5198.256,264.493,100.0,0.0,0,0,100.0,DRS,636.45
2614,87.1099,5200.707,265.186,100.0,0.0,0,0,100.0,DRS,636.45
2615,87.1432,5203.165,265.871,100.0,0.0,0,0,100.0,DRS,636.45
2616,87.1766,5205.629,266.55,100.0,0.0,0,0,100.0,DRS,636.45
2617,87.2099,5208.1,267.221,100.0,0.0,0,0,100.0,DRS,636.45
2618,87.2432,5210.577,267.884,100.0,0.0,0,0,100.0,DRS,636.45
2619,87.2765,5213.06,268.54,100.0,0.0,0,0,100.0,DRS,636.45
2620,87.3099,5215.548,269.19,100.0,0.0,0,0,100.0,DRS,636.45
2621,87.3432,5218.043,269.833,100.0,0.0,0,0,100.0,DRS,636.45
2622,87.3765,5220.544,270.468,100.0,0.0,0,0,100.0,DRS,636.45
2623,87.4098,5223.05,271.097,100.0,0.0,0,0,100.0,DRS,636.45
2624,87.4432,5225.563,271.719,100.0,0.0,0,0,100.0,DRS,636.45
2625,87.4765,5228.081,272.335,100.0,0.0,0,0,100.0,DRS,636.45
2626,87.5098,5230.605,272.943,100.0,0.0,0,0,100.0,DRS,636.45
2627,87.5431,5233.134,273.546,100.0,0.0,0,0,100.0,DRS,636.45
2628,87.5765,5235.669,274.142,100.0,0.0,0,0,100.0,DRS,636.45
2629,87.6098,5238.209,274.732,100.0,0.0,0,0,100.0,DRS,636.45
2630,87.6431,5240.755,275.315,100.0,0.0,0,0,100.0,DRS,636.45
2631,87.6764,5243.306,275.892,100.0,0.0,0,0,100.0,DRS,636.45
2632,87.7098,5245.863,276.463,100.0,0.0,0,0,100.0,DRS,636.45
2633,87.7431,5248.425,277.028,100.0,0.0,0,0,100.0,DRS,636.45
2634,87.7764,5250.992,277.587,100.0,0.0,0,0,100.0,DRS,636.45
2635,87.8097,5253.564,278.14,100.0,0.0,0,0,100.0,DRS,636.45
2636,87.8431,5256.141,278.687,100.0,0.0,0,0,100.0,DRS,636.45
2637,87.8764,5258.723,279.229,100.0,0.0,0,0,100.0,DRS,636.45
2638,87.9097,5261.31,279.764,100.0,0.0,0,0,100.0,DRS,636.45
2639,87.943,5263.902,280.295,100.0,0.0,0,0,100.0,DRS,636.45
2640,87.9763,5266.5,280.819,100.0,0.0,0,0,100.0,DRS,636.45
2641,88.0097,5269.102,281.338,100.0,0.0,0,0,100.0,DRS,636.45
2642,88.043,5271.708,281.852,100.0,0.0,0,0,100.0,DRS,636.45
2643,88.0763,5274.319,282.36,100.0,0.0,0,0,100.0,DRS,636.45
2644,88.1096,5276.936,282.862,100.0,0.0,0,0,100.0,DRS,636.45
2645,88.143,5279.556,283.36,100.0,0.0,0,0,100.0,DRS,636.45
2646,88.1763,5282.181,283.852,100.0,0.0,0,0,100.0,DRS,636.45
2647,88.2096,5284.811,284.339,100.0,0.0,0,0,100.0,DRS,636.45
2648,88.2429,5287.446,284.821,100.0,0.0,0,0,100.0,DRS,636.45
2649,88.2763,5290.084,285.298,100.0,0.0,0,0,100.0,DRS,636.45
2650,88.3096,5292.728,285.77,100.0,0.0,0,0,100.0,DRS,636.45
2651,88.3429,5295.375,286.237,100.0,0.0,0,0,100.0,DRS,636.45
2652,88.3762,5298.027,286.699,100.0,0.0,0,0,100.0,DRS,636.45
2653,88.4096,5300.683,287.156,100.0,0.0,0,0,100.0,DRS,636.45
2654,88.4429,5303.343,287.608,100.0,0.0,0,0,100.0,DRS,636.45
2655,88.4762,5306.007,288.056,100.0,0.0,0,0,100.0,DRS,636.45
2656,88.5095,5308.676,288.499,100.0,0.0,0,0,100.0,DRS,636.45
2657,88.5429,5311.348,288.937,100.0,0.0,0,0,100.0,DRS,636.45
2658,88.5762,5314.025,289.371,100.0,0.0,0,0,100.0,DRS,636.45
2659,88.6095,5316.706,289.8,100.0,0.0,0,0,100.0,DRS,636.45
2660,88.6428,5319.39,290.225,100.0,0.0,0,0,100.0,DRS,636.45
2661,88.6762,5322.079,290.645,100.0,0.0,0,0,100.0,DRS,636.45
2662,88.7095,5324.771,291.061,100.0,0.0,0,0,100.0,DRS,636.45
2663,88.7428,5327.467,291.472,100.0,0.0,0,0,100.0,DRS,636.45
2664,88.7761,5330.167,291.879,100.0,0.0,0,0,100.0,DRS,636.45
2665,88.8095,5332.871,292.281,100.0,0.0,0,0,100.0,DRS,636.45
2666,88.8428,5335.578,292.68,100.0,0.0,0,0,100.0,DRS,636.45
2667,88.8761,5338.29,293.074,100.0,0.0,0,0,100.0,DRS,636.45
2668,88.9094,5341.004,293.463,100.0,0.0,0,0,100.0,DRS,636.45
2669,88.9428,5343.722,293.848,100.0,0.0,0,0,100.0,DRS,636.45
2670,88.9761,5346.444,294.229,100.0,0.0,0,0,100.0,DRS,636.45
2671,89.0094,5349.17,294.606,100.0,0.0,0,0,100.0,DRS,636.45
2672,89.0427,5351.898,294.978,100.0,0.0,0,0,100.0,DRS,636.45
2673,89.0761,5354.631,295.346,100.0,0.0,0,0,100.0,DRS,636.45
2674,89.1094,5357.366,295.709,100.0,0.0,0,0,100.0,DRS,636.45
2675,89.1427,5360.105,296.068,100.0,0.0,0,0,100.0,DRS,636.45
2676,89.176,5362.848,296.421,100.0,0.0,0,0,100.0,DRS,636.45
2677,89.2094,5365.593,296.771,100.0,0.0,0,0,100.0,DRS,636.45
2678,89.2427,5368.342,297.115,100.0,0.0,0,0,100.0,DRS,636.45
2679,89.276,5371.094,297.454,100.0,0.0,0,0,100.0,DRS,636.45
2680,89.3093,5373.849,297.789,100.0,0.0,0,0,100.0,DRS,636.45
2681,89.3426,5376.607,298.117,100.0,0.0,0,0,100.0,DRS,636.45
2682,89.376,5379.368,298.441,100.0,0.0,0,0,100.0,DRS,636.45
2683,89.4093,5382.132,298.758,100.0,0.0,0,0,100.0,DRS,636.45
2684,89.4426,5384.899,299.07,100.0,0.0,0,0,100.0,DRS,636.45
2685,89.4759,5387.669,299.376,100.0,0.0,0,0,100.0,DRS,636.45
2686,89.5093,5390.442,299.674,100.0,0.0,0,0,100.0,DRS,636.45
2687,89.5426,5393.217,299.967,100.0,0.0,0,0,100.0,DRS,636.45
2688,89.5759,5395.995,300.253,100.0,0.0,0,0,100.0,DRS,636.45
2689,89.6092,5398.776,300.53,100.0,0.0,0,0,100.0,DRS,636.45
2690,89.6426,5401.559,300.801,100.0,0.0,0,0,100.0,DRS,636.45
2691,89.6759,5404.345,301.064,100.0,0.0,0,0,100.0,DRS,636.45
2692,89.7092,5407.133,301.319,100.0,0.0,0,0,100.0,DRS,636.45
2693,89.7425,5409.923,301.566,100.0,0.0,0,0,100.0,DRS,636.45
2694,89.7759,5412.716,301.803,100.0,0.0,0,0,100.0,DRS,636.45
2695,89.8092,5415.51,302.033,100.0,0.0,0,0,100.0,DRS,636.45
2696,89.8425,5418.307,302.253,100.0,0.0,0,0,100.0,DRS,636.45
2697,89.8758,5421.106,302.464,100.0,0.0,0,0,100.0,DRS,636.45
2698,89.9092,5423.907,302.666,100.0,0.0,0,0,100.0,DRS,636.45
2699,89.9425,5426.71,302.858,100.0,0.0,0,0,100.0,DRS,636.45
2700,89.9758,5429.514,303.041,100.0,0.0,0,0,100.0,DRS,636.45
2701,90.0091,5432.32,303.214,100.0,0.0,0,0,100.0,DRS,636.45
2702,90.0425,5435.127,303.378,100.0,0.0,0,0,100.0,DRS,636.45
