frame,time_s,distance,speed,throttle,brake,gear,rpm,soc_pct,mode,power_kw
0,0.0,0.0,305.718,100.0,0.0,0,0,100.0,DRS,636.45
1,0.0333,2.831,305.886,100.0,0.0,0,0,100.0,DRS,636.45
2,0.0667,5.665,306.145,100.0,0.0,0,0,100.0,DRS,636.45
3,0.1,8.5,306.4,100.0,0.0,0,0,100.0,DRS,636.45
4,0.1333,11.338,306.653,100.0,0.0,0,0,100.0,DRS,636.45
5,0.1667,14.178,306.904,100.0,0.0,0,0,100.0,DRS,636.45
6,0.2,17.021,307.151,100.0,0.0,0,0,100.0,DRS,636.45
7,0.2333,19.866,307.397,100.0,0.0,0,0,100.0,DRS,636.45
8,0.2666,22.713,307.64,100.0,0.0,0,0,100.0,DRS,636.45
9,0.3,25.563,307.88,100.0,0.0,0,0,100.0,DRS,636.45
10,0.3333,28.414,308.118,100.0,0.0,0,0,100.0,DRS,636.45
11,0.3666,31.268,308.353,100.0,0.0,0,0,100.0,DRS,636.45
12,0.4,34.124,308.586,100.0,0.0,0,0,100.0,DRS,636.45
13,0.4333,36.982,308.816,100.0,0.0,0,0,100.0,DRS,636.45
14,0.4666,39.842,309.045,100.0,0.0,0,0,100.0,DRS,636.45
15,0.5,42.705,309.27,100.0,0.0,0,0,100.0,DRS,636.45
16,0.5333,45.569,309.494,100.0,0.0,0,0,100.0,DRS,636.45
17,0.5666,48.436,309.703,100.0,0.0,0,0,100.0,DRS,636.45
18,0.6,51.304,309.895,100.0,0.0,0,0,100.0,DRS,636.45
19,0.6333,54.174,310.089,100.0,0.0,0,0,100.0,DRS,636.45
20,0.6666,57.046,310.284,100.0,0.0,0,0,100.0,DRS,636.45
21,0.6999,59.92,310.479,100.0,0.0,0,0,100.0,DRS,636.45
22,0.7333,62.795,310.675,100.0,0.0,0,0,100.0,DRS,636.45
23,0.7666,65.673,310.87,100.0,0.0,0,0,100.0,DRS,636.45
24,0.7999,68.552,311.066,100.0,0.0,0,0,100.0,DRS,636.45
25,0.8333,71.433,311.261,100.0,0.0,0,0,100.0,DRS,636.45
26,0.8666,74.315,311.456,100.0,0.0,0,0,100.0,DRS,636.45
27,0.8999,77.2,311.65,100.0,0.0,0,0,100.0,DRS,636.45
28,0.9333,80.086,311.843,100.0,0.0,0,0,100.0,DRS,636.45
29,0.9666,82.974,312.035,100.0,0.0,0,0,100.0,DRS,636.45
30,0.9999,85.864,312.226,100.0,0.0,0,0,100.0,DRS,636.45
31,1.0333,88.756,312.416,100.0,0.0,0,0,100.0,DRS,636.45
32,1.0666,91.649,312.604,100.0,0.0,0,0,100.0,DRS,636.45
33,1.0999,94.544,312.791,100.0,0.0,0,0,100.0,DRS,636.45
34,1.1332,97.441,312.976,100.0,0.0,0,0,100.0,DRS,636.45
35,1.1666,100.34,313.16,100.0,0.0,0,0,100.0,DRS,636.45
36,1.1999,103.24,313.342,100.0,0.0,0,0,100.0,DRS,636.45
37,1.2332,106.142,313.522,100.0,0.0,0,0,100.0,DRS,636.45
38,1.2666,109.046,313.701,100.0,0.0,0,0,100.0,DRS,636.45
39,1.2999,111.951,313.878,100.0,0.0,0,0,100.0,DRS,636.45
40,1.3332,114.858,314.054,100.0,0.0,0,0,100.0,DRS,636.45
41,1.3666,117.766,314.227,100.0,0.0,0,0,100.0,DRS,636.45
42,1.3999,120.676,314.399,100.0,0.0,0,0,100.0,DRS,636.45
43,1.4332,123.588,314.57,100.0,0.0,0,0,100.0,DRS,636.45
44,1.4666,126.501,314.738,100.0,0.0,0,0,100.0,DRS,636.45
45,1.4999,129.416,314.905,100.0,0.0,0,0,100.0,DRS,636.45
46,1.5332,132.332,315.071,100.0,0.0,0,0,100.0,DRS,636.45
47,1.5666,135.25,315.234,100.0,0.0,0,0,100.0,DRS,636.45
48,1.5999,138.17,315.396,100.0,0.0,0,0,100.0,DRS,636.45
49,1.6332,141.09,315.557,100.0,0.0,0,0,100.0,DRS,636.45
50,1.6665,144.013,315.715,100.0,0.0,0,0,100.0,DRS,636.45
51,1.6999,146.937,315.872,100.0,0.0,0,0,100.0,DRS,636.45
52,1.7332,149.862,316.028,100.0,0.0,0,0,100.0,DRS,636.45
53,1.7665,152.789,316.182,100.0,0.0,0,0,100.0,DRS,636.45
54,1.7999,155.717,316.334,100.0,0.0,0,0,100.0,DRS,636.45
55,1.8332,158.646,316.485,100.0,0.0,0,0,100.0,DRS,636.45
56,1.8665,161.577,316.634,100.0,0.0,0,0,100.0,DRS,636.45
57,1.8999,164.509,316.781,100.0,0.0,0,0,100.0,DRS,636.45
58,1.9332,167.443,316.928,100.0,0.0,0,0,100.0,DRS,636.45
59,1.9665,170.378,317.072,100.0,0.0,0,0,100.0,DRS,636.45
60,1.9999,173.314,317.215,100.0,0.0,0,0,100.0,DRS,636.45
61,2.0332,176.252,317.357,100.0,0.0,0,0,100.0,DRS,636.45
62,2.0665,179.191,317.497,100.0,0.0,0,0,100.0,DRS,636.45
63,2.0998,182.131,317.636,100.0,0.0,0,0,100.0,DRS,636.45
64,2.1332,185.072,317.773,100.0,0.0,0,0,100.0,DRS,636.45
65,2.1665,188.015,317.909,100.0,0.0,0,0,100.0,DRS,636.45
66,2.1998,190.959,318.044,100.0,0.0,0,0,100.0,DRS,636.45
67,2.2332,193.904,318.177,100.0,0.0,0,0,100.0,DRS,636.45
68,2.2665,196.851,318.309,100.0,0.0,0,0,100.0,DRS,636.45
69,2.2998,199.799,318.439,100.0,0.0,0,0,100.0,DRS,636.45
70,2.3332,202.747,318.568,100.0,0.0,0,0,100.0,DRS,636.45
71,2.3665,205.698,318.696,100.0,0.0,0,0,100.0,DRS,636.45
72,2.3998,208.649,318.823,100.0,0.0,0,0,100.0,DRS,636.45
73,2.4332,211.601,318.948,100.0,0.0,0,0,100.0,DRS,636.45
74,2.4665,214.555,319.072,100.0,0.0,0,0,100.0,DRS,636.45
75,2.4998,217.51,319.194,100.0,0.0,0,0,100.0,DRS,636.45
76,2.5331,220.465,319.316,100.0,0.0,0,0,100.0,DRS,636.45
77,2.5665,223.422,319.436,100.0,0.0,0,0,100.0,DRS,636.45
78,2.5998,226.38,319.555,100.0,0.0,0,0,100.0,DRS,636.45
79,2.6331,229.34,319.672,100.0,0.0,0,0,100.0,DRS,636.45
80,2.6665,232.3,319.788,100.0,0.0,0,0,100.0,DRS,636.45
81,2.6998,235.261,319.904,100.0,0.0,0,0,100.0,DRS,636.45
82,2.7331,238.224,320.018,100.0,0.0,0,0,100.0,DRS,636.45
83,2.7665,241.187,320.13,100.0,0.0,0,0,100.0,DRS,636.45
84,2.7998,244.151,320.242,100.0,0.0,0,0,100.0,DRS,636.45
85,2.8331,247.117,320.352,100.0,0.0,0,0,100.0,DRS,636.45
86,2.8665,250.083,320.461,100.0,0.0,0,0,100.0,DRS,636.45
87,2.8998,253.051,320.568,100.0,0.0,0,0,100.0,DRS,636.45
88,2.9331,256.019,320.674,100.0,0.0,0,0,100.0,DRS,636.45
89,2.9664,258.989,320.778,100.0,0.0,0,0,100.0,DRS,636.45
90,2.9998,261.959,320.881,100.0,0.0,0,0,100.0,DRS,636.45
91,3.0331,264.931,320.981,100.0,0.0,0,0,100.0,DRS,636.45
92,3.0664,267.903,321.08,100.0,0.0,0,0,100.0,DRS,636.45
93,3.0998,270.876,321.176,100.0,0.0,0,0,100.0,DRS,636.45
94,3.1331,273.85,321.27,100.0,0.0,0,0,100.0,DRS,636.45
95,3.1664,276.825,321.361,100.0,0.0,0,0,100.0,DRS,636.45
96,3.1998,279.801,321.449,100.0,0.0,0,0,100.0,DRS,636.45
97,3.2331,282.777,321.532,100.0,0.0,0,0,100.0,DRS,636.45
98,3.2664,285.755,321.611,100.0,0.0,0,0,100.0,DRS,636.45
99,3.2998,288.733,321.685,100.0,0.0,0,0,100.0,DRS,636.45
100,3.3331,291.711,321.753,100.0,0.0,0,0,100.0,DRS,636.45
101,3.3664,294.691,321.813,100.0,0.0,0,0,100.0,DRS,636.45
102,3.3997,297.67,321.865,100.0,0.0,0,0,100.0,DRS,636.45
103,3.4331,300.651,321.907,100.0,0.0,0,0,100.0,DRS,636.45
104,3.4664,303.631,321.937,100.0,0.0,0,0,100.0,DRS,636.45
105,3.4997,306.612,321.953,100.0,0.0,0,0,100.0,DRS,636.45
106,3.5331,309.593,321.954,100.0,0.0,0,0,100.0,DRS,636.45
107,3.5664,312.574,321.936,100.0,0.0,0,0,100.0,DRS,636.45
108,3.5997,315.554,321.896,100.0,0.0,0,0,100.0,DRS,636.45
109,3.6331,318.534,321.832,100.0,0.0,0,0,100.0,DRS,636.45
110,3.6664,321.513,321.739,100.0,0.0,0,0,100.0,DRS,636.45
111,3.6997,324.492,321.615,100.0,0.0,0,0,100.0,DRS,636.45
112,3.7331,327.469,321.452,100.0,0.0,0,0,100.0,DRS,636.45
113,3.7664,330.444,321.25,100.0,0.0,0,0,100.0,DRS,636.45
114,3.7997,333.417,320.999,100.0,0.0,0,0,100.0,DRS,636.45
115,3.8331,336.388,320.699,100.0,0.0,0,0,100.0,DRS,636.45
116,3.8664,339.355,320.338,100.0,0.0,0,0,100.0,DRS,636.45
117,3.8997,342.319,319.917,100.0,0.0,0,0,100.0,DRS,636.45
118,3.933,345.279,319.42,100.0,0.0,0,0,100.0,DRS,636.45
119,3.9664,348.234,318.853,100.0,0.0,0,0,100.0,DRS,636.45
120,3.9997,351.183,318.195,100.0,0.0,0,0,100.0,DRS,636.45
121,4.033,354.126,317.456,100.0,0.0,0,0,100.0,DRS,636.45
122,4.0664,357.061,316.612,100.0,0.0,0,0,100.0,DRS,636.45
123,4.0997,359.988,315.673,100.0,0.0,0,0,100.0,DRS,636.45
124,4.133,362.906,314.621,100.0,0.0,0,0,100.0,DRS,636.45
125,4.1664,365.813,313.46,100.0,0.0,0,0,100.0,DRS,636.45
126,4.1997,368.71,312.179,100.0,0.0,0,0,100.0,FULL,636.45
127,4.233,371.593,310.775,100.0,0.0,0,0,100.0,FULL,636.45
128,4.2664,374.464,309.249,100.0,0.0,0,0,100.0,FULL,636.45
129,4.2997,377.319,307.587,100.0,0.0,0,0,100.0,FULL,636.45
130,4.333,380.16,305.809,100.0,0.0,0,0,100.0,FULL,636.45
131,4.3663,382.981,303.883,100.0,0.0,0,0,100.0,FULL,636.45
132,4.3997,385.786,301.839,100.0,0.0,0,0,100.0,FULL,636.45
133,4.433,388.57,299.664,100.0,0.0,0,0,100.0,FULL,636.45
134,4.4663,391.334,297.362,100.0,0.0,0,0,100.0,FULL,636.45
135,4.4997,394.077,294.949,100.0,0.0,0,0,100.0,FULL,636.45
136,4.533,396.795,292.408,100.0,0.0,0,0,100.0,FULL,636.45
137,4.5663,399.49,289.764,100.0,0.0,0,0,100.0,FULL,636.45
138,4.5997,402.161,287.02,100.0,0.0,0,0,100.0,FULL,636.45
139,4.633,404.804,284.143,100.0,0.0,0,0,100.0,FULL,403.32
140,4.6663,407.421,281.118,0.0,100.0,0,0,100.0,REGEN,0.0
141,4.6997,410.011,277.944,0.0,100.0,0,0,100.0,REGEN,0.0
142,4.733,412.567,274.596,0.0,100.0,0,0,100.0,REGEN,0.0
143,4.7663,415.092,271.102,0.0,100.0,0,0,100.0,REGEN,0.0
144,4.7996,417.586,267.469,0.0,100.0,0,0,100.0,REGEN,0.0
145,4.833,420.047,263.699,0.0,100.0,0,0,100.0,REGEN,0.0
146,4.8663,422.468,259.788,0.0,100.0,0,0,100.0,REGEN,0.0
147,4.8996,424.854,255.762,0.0,100.0,0,0,100.0,REGEN,0.0
148,4.933,427.203,251.632,0.0,100.0,0,0,100.0,REGEN,0.0
149,4.9663,429.511,246.576,0.0,100.0,0,0,100.0,REGEN,0.0
150,4.9996,431.769,240.693,0.0,100.0,0,0,100.0,REGEN,0.0
151,5.033,433.971,234.899,0.0,100.0,0,0,100.0,REGEN,0.0
152,5.0663,436.118,229.319,0.0,100.0,0,0,100.0,REGEN,0.0
153,5.0996,438.215,223.931,0.0,100.0,0,0,100.0,REGEN,0.0
154,5.133,440.264,218.722,0.0,100.0,0,0,100.0,REGEN,0.0
155,5.1663,442.265,213.678,0.0,100.0,0,0,100.0,REGEN,0.0
156,5.1996,444.221,208.78,0.0,100.0,0,0,100.0,REGEN,0.0
157,5.2329,446.132,204.016,0.0,100.0,0,0,100.0,REGEN,0.0
158,5.2663,448.0,199.374,0.0,100.0,0,0,100.0,REGEN,0.0
159,5.2996,449.827,194.848,0.0,100.0,0,0,100.0,REGEN,0.0
160,5.3329,451.611,190.439,0.0,100.0,0,0,100.0,REGEN,0.0
161,5.3663,453.352,186.156,0.0,100.0,0,0,100.0,REGEN,0.0
162,5.3996,455.054,181.988,0.0,100.0,0,0,100.0,REGEN,0.0
163,5.4329,456.719,177.924,0.0,100.0,0,0,100.0,REGEN,0.0
164,5.4663,458.348,173.947,0.0,100.0,0,0,100.0,REGEN,0.0
165,5.4996,459.942,170.044,0.0,100.0,0,0,100.0,REGEN,0.0
166,5.5329,461.502,166.203,0.0,100.0,0,0,100.0,REGEN,0.0
167,5.5663,463.02,162.532,0.0,100.0,0,0,100.0,REGEN,0.0
168,5.5996,464.506,158.965,0.0,100.0,0,0,100.0,REGEN,0.0
169,5.6329,465.963,155.507,0.0,100.0,0,0,100.0,REGEN,0.0
170,5.6662,467.392,152.162,0.0,100.0,0,0,100.0,REGEN,0.0
171,5.6996,468.782,149.023,0.0,100.0,0,0,100.0,REGEN,0.0
172,5.7329,470.146,146.053,0.0,100.0,0,0,100.0,REGEN,0.0
173,5.7662,471.488,143.249,0.0,100.0,0,0,100.0,REGEN,0.0
174,5.7996,472.804,140.65,0.0,100.0,0,0,100.0,REGEN,0.0
175,5.8329,474.094,138.601,0.0,100.0,0,0,100.0,REGEN,0.0
176,5.8662,475.371,137.061,0.0,100.0,0,0,100.0,REGEN,0.0
177,5.8996,476.636,135.853,0.0,100.0,0,0,100.0,REGEN,0.0
178,5.9329,477.883,133.853,0.0,100.0,0,0,100.0,REGEN,0.0
179,5.9662,479.113,132.077,0.0,100.0,0,0,100.0,REGEN,0.0
180,5.9996,480.329,130.376,0.0,100.0,0,0,100.0,REGEN,0.0
181,6.0329,481.53,128.676,0.0,100.0,0,0,100.0,REGEN,0.0
182,6.0662,482.71,126.909,0.0,100.0,0,0,100.0,REGEN,0.0
183,6.0995,483.877,125.101,0.0,100.0,0,0,100.0,REGEN,0.0
184,6.1329,485.03,123.252,0.0,100.0,0,0,100.0,REGEN,0.0
185,6.1662,486.159,121.335,0.0,100.0,0,0,100.0,REGEN,0.0
186,6.1995,487.272,119.389,0.0,100.0,0,0,100.0,REGEN,0.0
187,6.2329,488.372,117.429,0.0,100.0,0,0,100.0,REGEN,0.0
188,6.2662,489.447,115.516,0.0,100.0,0,0,100.0,REGEN,0.0
189,6.2995,490.508,113.708,0.0,100.0,0,0,100.0,REGEN,0.0
190,6.3329,491.557,111.989,0.0,100.0,0,0,100.0,REGEN,0.0
191,6.3662,492.584,110.563,0.0,100.0,0,0,100.0,REGEN,0.0
192,6.3995,493.603,109.319,0.0,100.0,0,0,100.0,REGEN,0.0
193,6.4329,494.612,108.322,0.0,100.0,0,0,100.0,REGEN,0.0
194,6.4662,495.614,108.071,0.0,100.0,0,0,100.0,REGEN,0.0
195,6.4995,496.614,107.981,0.0,100.0,0,0,100.0,REGEN,0.0
196,6.5329,497.614,107.981,0.0,100.0,0,0,100.0,REGEN,0.0
197,6.5662,498.614,107.981,0.0,100.0,0,0,100.0,REGEN,0.0
198,6.5995,499.61,107.529,0.0,100.0,0,0,100.0,REGEN,0.0
199,6.6328,500.603,106.656,0.0,100.0,0,0,100.0,REGEN,0.0
200,6.6662,501.585,105.532,0.0,100.0,0,0,100.0,REGEN,0.0
201,6.6995,502.555,104.445,0.0,100.0,0,0,100.0,REGEN,0.0
202,6.7328,503.519,103.375,0.0,100.0,0,0,100.0,REGEN,0.0
203,6.7662,504.469,102.329,0.0,100.0,0,0,100.0,REGEN,0.0
204,6.7995,505.409,100.942,0.0,100.0,0,0,100.0,REGEN,0.0
205,6.8328,506.337,99.182,0.0,100.0,0,0,100.0,REGEN,0.0
206,6.8662,507.247,97.639,0.0,100.0,0,0,100.0,REGEN,0.0
207,6.8995,508.149,96.189,0.0,100.0,0,0,100.0,REGEN,0.0
208,6.9328,509.032,95.266,0.0,100.0,0,0,100.0,REGEN,0.0
209,6.9662,509.911,94.38,0.0,100.0,0,0,100.0,REGEN,0.0
210,6.9995,510.782,93.535,0.0,100.0,0,0,100.0,REGEN,0.0
211,7.0328,511.64,92.357,0.0,100.0,0,0,100.0,REGEN,0.0
212,7.0661,512.492,91.051,0.0,100.0,0,0,100.0,REGEN,0.0
213,7.0995,513.325,89.626,0.0,100.0,0,0,100.0,REGEN,0.0
214,7.1328,514.149,88.239,0.0,100.0,0,0,100.0,REGEN,0.0
215,7.1661,514.96,86.918,0.0,100.0,0,0,100.0,REGEN,0.0
216,7.1995,515.759,85.731,0.0,100.0,0,0,100.0,REGEN,0.0
217,7.2328,516.55,84.636,0.0,100.0,0,0,100.0,REGEN,0.0
218,7.2661,517.328,83.818,100.0,100.0,0,0,100.0,REGEN,323.89
219,7.2995,518.103,83.145,100.0,0.0,0,0,100.0,FULL,636.45
220,7.3328,518.871,82.9,100.0,0.0,0,0,100.0,FULL,636.45
221,7.3661,519.638,82.749,100.0,0.0,0,0,100.0,FULL,636.45
222,7.3995,520.404,82.662,100.0,0.0,0,0,100.0,FULL,636.45
223,7.4328,521.169,82.576,100.0,0.0,0,0,100.0,FULL,636.45
224,7.4661,521.933,82.489,100.0,0.0,0,0,100.0,FULL,636.45
225,7.4994,522.697,82.402,100.0,0.0,0,0,100.0,FULL,636.45
226,7.5328,523.459,82.316,100.0,0.0,0,0,100.0,FULL,636.45
227,7.5661,524.221,82.23,100.0,0.0,0,0,100.0,FULL,636.45
228,7.5994,524.982,82.144,100.0,0.0,0,0,100.0,FULL,636.45
229,7.6328,525.742,82.058,100.0,0.0,0,0,100.0,FULL,636.45
230,7.6661,526.503,82.156,100.0,0.0,0,0,100.0,FULL,636.45
231,7.6994,527.264,82.399,100.0,0.0,0,0,100.0,FULL,636.45
232,7.7328,528.029,82.638,100.0,0.0,0,0,100.0,FULL,636.45
233,7.7661,528.794,82.876,100.0,0.0,0,0,100.0,FULL,636.45
234,7.7994,529.563,83.125,100.0,0.0,0,0,100.0,FULL,636.45
235,7.8328,530.334,83.378,100.0,0.0,0,0,100.0,FULL,636.45
236,7.8661,531.107,83.641,100.0,0.0,0,0,100.0,FULL,636.45
237,7.8994,531.883,83.9,100.0,0.0,0,0,100.0,FULL,636.45
238,7.9327,532.66,84.156,100.0,0.0,0,0,100.0,FULL,636.45
239,7.9661,533.441,84.393,100.0,0.0,0,0,100.0,FULL,636.45
240,7.9994,534.223,84.627,100.0,0.0,0,0,100.0,FULL,636.45
241,8.0327,535.008,84.846,100.0,0.0,0,0,100.0,FULL,636.45
242,8.0661,535.794,85.065,100.0,0.0,0,0,100.0,FULL,636.45
243,8.0994,536.583,85.281,100.0,0.0,0,0,100.0,FULL,636.45
244,8.1327,537.373,85.498,100.0,0.0,0,0,100.0,FULL,636.45
245,8.1661,538.166,85.724,100.0,0.0,0,0,100.0,FULL,636.45
246,8.1994,538.961,85.954,100.0,0.0,0,0,100.0,FULL,636.45
247,8.2327,539.758,86.192,100.0,0.0,0,0,100.0,FULL,636.45
248,8.2661,540.557,86.43,100.0,0.0,0,0,100.0,FULL,636.45
249,8.2994,541.358,86.667,100.0,0.0,0,0,100.0,FULL,636.45
250,8.3327,542.162,86.896,100.0,0.0,0,0,100.0,FULL,636.45
251,8.366,542.967,87.122,100.0,0.0,0,0,100.0,FULL,636.45
252,8.3994,543.775,87.339,100.0,0.0,0,0,100.0,FULL,636.45
253,8.4327,544.584,87.553,100.0,0.0,0,0,100.0,FULL,636.45
254,8.466,545.397,87.785,100.0,0.0,0,0,100.0,FULL,636.45
255,8.4994,546.21,88.023,100.0,0.0,0,0,100.0,FULL,636.45
256,8.5327,547.03,88.603,100.0,0.0,0,0,100.0,FULL,636.45
257,8.566,547.853,89.342,100.0,0.0,0,0,100.0,FULL,636.45
258,8.5994,548.685,90.162,100.0,0.0,0,0,100.0,FULL,636.45
259,8.6327,549.524,91.044,100.0,0.0,0,0,100.0,FULL,636.45
260,8.666,550.37,91.96,100.0,0.0,0,0,100.0,FULL,636.45
261,8.6994,551.227,92.915,100.0,0.0,0,0,100.0,FULL,636.45
262,8.7327,552.09,93.87,100.0,0.0,0,0,100.0,FULL,636.45
263,8.766,552.966,94.826,100.0,0.0,0,0,100.0,FULL,636.45
264,8.7994,553.845,95.754,100.0,0.0,0,0,100.0,FULL,636.45
265,8.8327,554.738,96.609,100.0,0.0,0,0,100.0,FULL,636.45
266,8.866,555.634,97.426,100.0,0.0,0,0,100.0,FULL,636.45
267,8.8993,556.541,98.116,100.0,0.0,0,0,100.0,FULL,636.45
268,8.9327,557.45,98.792,100.0,0.0,0,0,100.0,FULL,636.45
269,8.966,558.37,99.409,100.0,0.0,0,0,100.0,FULL,636.45
270,8.9993,559.291,100.031,100.0,0.0,0,0,100.0,FULL,636.45
271,9.0327,560.222,100.668,100.0,0.0,0,0,100.0,FULL,636.45
272,9.066,561.155,101.297,100.0,0.0,0,0,100.0,FULL,636.45
273,9.0993,562.097,101.892,100.0,0.0,0,0,100.0,FULL,636.45
274,9.1327,563.042,102.492,100.0,0.0,0,0,100.0,FULL,636.45
275,9.166,563.995,103.113,100.0,0.0,0,0,100.0,FULL,636.45
276,9.1993,564.951,103.735,100.0,0.0,0,0,100.0,FULL,636.45
277,9.2327,565.916,104.357,100.0,0.0,0,0,100.0,FULL,636.45
278,9.266,566.884,104.951,100.0,0.0,0,0,100.0,FULL,636.45
279,9.2993,567.859,105.464,100.0,0.0,0,0,100.0,FULL,636.45
280,9.3326,568.836,105.902,100.0,0.0,0,0,100.0,FULL,636.45
281,9.366,569.818,106.176,100.0,0.0,0,0,100.0,FULL,636.45
282,9.3993,570.802,106.468,100.0,0.0,0,0,100.0,FULL,636.45
283,9.4326,571.79,106.789,100.0,0.0,0,0,100.0,FULL,636.45
284,9.466,572.781,107.274,100.0,0.0,0,0,100.0,FULL,636.45
285,9.4993,573.778,107.968,100.0,0.0,0,0,100.0,FULL,636.45
286,9.5326,574.782,108.791,100.0,0.0,0,0,100.0,FULL,636.45
287,9.566,575.793,109.738,100.0,0.0,0,0,100.0,FULL,636.45
288,9.5993,576.813,110.538,100.0,0.0,0,0,100.0,FULL,636.45
289,9.6326,577.839,111.242,100.0,0.0,0,0,100.0,FULL,636.45
290,9.666,578.877,112.373,100.0,0.0,0,0,100.0,FULL,636.45
291,9.6993,579.92,113.673,100.0,0.0,0,0,100.0,FULL,636.45
292,9.7326,580.981,114.911,100.0,0.0,0,0,100.0,FULL,636.45
293,9.7659,582.046,116.135,100.0,0.0,0,0,100.0,FULL,636.45
294,9.7993,583.126,116.706,100.0,0.0,0,0,100.0,FULL,636.45
295,9.8326,584.208,117.249,100.0,0.0,0,0,100.0,FULL,636.45
296,9.8659,585.296,117.718,100.0,0.0,0,0,100.0,FULL,636.45
297,9.8993,586.388,118.158,100.0,0.0,0,0,100.0,FULL,636.45
298,9.9326,587.484,118.531,100.0,0.0,0,0,100.0,FULL,636.45
299,9.9659,588.582,118.854,100.0,0.0,0,0,100.0,FULL,636.45
300,9.9993,589.684,119.124,100.0,0.0,0,0,100.0,FULL,636.45
301,10.0326,590.788,119.321,100.0,0.0,0,0,100.0,FULL,636.45
302,10.0659,591.893,119.483,100.0,0.0,0,0,100.0,FULL,636.45
303,10.0993,592.999,119.55,100.0,0.0,0,0,100.0,FULL,332.82
304,10.1326,594.106,119.597,0.0,100.0,0,0,100.0,REGEN,0.0
305,10.1659,595.213,119.54,0.0,100.0,0,0,100.0,REGEN,0.0
306,10.1992,596.32,119.456,0.0,100.0,0,0,100.0,REGEN,0.0
307,10.2326,597.425,119.288,0.0,100.0,0,0,100.0,REGEN,0.0
308,10.2659,598.528,119.075,0.0,100.0,0,0,100.0,REGEN,0.0
309,10.2992,599.629,118.796,0.0,100.0,0,0,100.0,REGEN,0.0
310,10.3326,600.727,118.454,0.0,100.0,0,0,100.0,REGEN,0.0
311,10.3659,601.822,118.065,0.0,100.0,0,0,100.0,REGEN,0.0
312,10.3992,602.912,117.594,0.0,100.0,0,0,100.0,REGEN,0.0
313,10.4326,604.0,117.09,0.0,100.0,0,0,100.0,REGEN,0.0
314,10.4659,605.079,116.487,0.0,100.0,0,0,100.0,REGEN,0.0
315,10.4992,606.157,115.867,0.0,100.0,0,0,100.0,REGEN,0.0
316,10.5326,607.224,115.141,0.0,100.0,0,0,100.0,REGEN,0.0
317,10.5659,608.289,114.406,0.0,100.0,0,0,100.0,REGEN,0.0
318,10.5992,609.342,113.581,0.0,100.0,0,0,100.0,REGEN,0.0
319,10.6325,610.392,112.747,0.0,100.0,0,0,100.0,REGEN,0.0
320,10.6659,611.429,111.841,0.0,100.0,0,0,100.0,REGEN,0.0
321,10.6992,612.462,110.885,0.0,100.0,0,0,100.0,REGEN,0.0
322,10.7325,613.479,109.617,0.0,100.0,0,0,100.0,REGEN,0.0
323,10.7659,614.492,108.299,0.0,100.0,0,0,100.0,REGEN,0.0
324,10.7992,615.481,106.649,0.0,100.0,0,0,100.0,REGEN,0.0
325,10.8325,616.467,104.991,0.0,100.0,0,0,100.0,REGEN,0.0
326,10.8659,617.423,103.226,0.0,100.0,0,0,100.0,REGEN,0.0
327,10.8992,618.379,101.46,0.0,100.0,0,0,100.0,REGEN,0.0
328,10.9325,619.301,99.661,0.0,100.0,0,0,100.0,REGEN,0.0
329,10.9659,620.221,97.86,0.0,100.0,0,0,100.0,REGEN,0.0
330,10.9992,621.115,96.18,0.0,100.0,0,0,100.0,REGEN,0.0
331,11.0325,621.999,94.539,0.0,100.0,0,0,100.0,REGEN,0.0
332,11.0659,622.869,93.072,100.0,100.0,0,0,100.0,REGEN,122.03
333,11.0992,623.722,91.811,100.0,100.0,0,0,100.0,REGEN,388.97
334,11.1325,624.574,90.634,100.0,0.0,0,0,100.0,FULL,636.45
335,11.1658,625.412,90.531,100.0,0.0,0,0,100.0,FULL,636.45
336,11.1992,626.251,90.427,100.0,0.0,0,0,100.0,FULL,636.45
337,11.2325,627.087,90.323,100.0,0.0,0,0,100.0,FULL,636.45
338,11.2658,627.923,90.219,100.0,0.0,0,0,100.0,FULL,636.45
339,11.2992,628.758,90.116,100.0,0.0,0,0,100.0,FULL,636.45
340,11.3325,629.591,90.012,100.0,0.0,0,0,100.0,FULL,636.45
341,11.3658,630.425,89.909,100.0,0.0,0,0,100.0,FULL,636.45
342,11.3992,631.256,89.807,100.0,0.0,0,0,100.0,FULL,636.45
343,11.4325,632.087,89.704,100.0,0.0,0,0,100.0,FULL,636.45
344,11.4658,632.918,89.602,100.0,0.0,0,0,100.0,FULL,636.45
345,11.4992,633.746,89.499,100.0,0.0,0,0,100.0,FULL,636.45
346,11.5325,634.575,89.398,100.0,0.0,0,0,100.0,FULL,636.45
347,11.5658,635.402,89.299,100.0,0.0,0,0,100.0,FULL,636.45
348,11.5991,636.228,89.201,100.0,0.0,0,0,100.0,FULL,636.45
349,11.6325,637.054,89.102,100.0,0.0,0,0,100.0,FULL,636.45
350,11.6658,637.878,89.004,100.0,0.0,0,0,100.0,FULL,636.45
351,11.6991,638.702,88.906,100.0,0.0,0,0,100.0,FULL,636.45
352,11.7325,639.524,88.808,100.0,0.0,0,0,100.0,FULL,636.45
353,11.7658,640.347,88.709,100.0,0.0,0,0,100.0,FULL,636.45
354,11.7991,641.167,88.61,100.0,0.0,0,0,100.0,FULL,636.45
355,11.8325,641.987,88.511,100.0,0.0,0,0,100.0,FULL,636.45
356,11.8658,642.806,88.407,100.0,0.0,0,0,100.0,FULL,636.45
357,11.8991,643.624,88.292,100.0,0.0,0,0,100.0,FULL,636.45
358,11.9325,644.442,88.178,100.0,0.0,0,0,100.0,FULL,636.45
359,11.9658,645.257,88.079,100.0,0.0,0,0,100.0,FULL,636.45
360,11.9991,646.072,87.981,100.0,0.0,0,0,100.0,FULL,636.45
361,12.0324,646.886,87.883,100.0,0.0,0,0,100.0,FULL,636.45
362,12.0658,647.699,87.785,100.0,0.0,0,0,100.0,FULL,636.45
363,12.0991,648.512,87.687,100.0,0.0,0,0,100.0,FULL,636.45
364,12.1324,649.323,87.589,100.0,0.0,0,0,100.0,FULL,636.45
365,12.1658,650.134,87.491,100.0,0.0,0,0,100.0,FULL,636.45
366,12.1991,650.943,87.394,100.0,0.0,0,0,100.0,FULL,636.45
367,12.2324,651.752,87.297,100.0,0.0,0,0,100.0,FULL,636.45
368,12.2658,652.561,87.324,100.0,0.0,0,0,100.0,FULL,636.45
369,12.2991,653.37,87.459,100.0,0.0,0,0,100.0,FULL,636.45
370,12.3324,654.181,87.661,100.0,0.0,0,0,100.0,FULL,636.45
371,12.3658,654.998,88.197,100.0,0.0,0,0,100.0,FULL,636.45
372,12.3991,655.814,88.733,100.0,0.0,0,0,100.0,FULL,636.45
373,12.4324,656.641,89.381,100.0,0.0,0,0,100.0,FULL,636.45
374,12.4657,657.471,90.054,100.0,0.0,0,0,100.0,FULL,636.45
375,12.4991,658.308,90.761,100.0,0.0,0,0,100.0,FULL,636.45
376,12.5324,659.153,91.504,100.0,0.0,0,0,100.0,FULL,636.45
377,12.5657,660.001,92.258,100.0,0.0,0,0,100.0,FULL,636.45
378,12.5991,660.862,93.052,100.0,0.0,0,0,100.0,FULL,636.45
379,12.6324,661.723,93.846,100.0,0.0,0,0,100.0,FULL,636.45
380,12.6657,662.6,94.694,100.0,0.0,0,0,100.0,FULL,636.45
381,12.6991,663.478,95.545,100.0,0.0,0,0,100.0,FULL,636.45
382,12.7324,664.369,96.445,100.0,0.0,0,0,100.0,FULL,636.45
383,12.7657,665.265,97.36,100.0,0.0,0,0,100.0,FULL,636.45
384,12.7991,666.172,98.321,100.0,0.0,0,0,100.0,FULL,636.45
385,12.8324,667.087,99.312,100.0,0.0,0,0,100.0,FULL,636.45
386,12.8657,668.011,100.335,100.0,0.0,0,0,100.0,FULL,636.45
387,12.899,668.945,101.394,100.0,0.0,0,0,100.0,FULL,636.45
388,12.9324,669.888,102.477,100.0,0.0,0,0,100.0,FULL,636.45
389,12.9657,670.843,103.601,100.0,0.0,0,0,100.0,FULL,636.45
390,12.999,671.806,104.745,100.0,0.0,0,0,100.0,FULL,636.45
391,13.0324,672.783,105.931,100.0,0.0,0,0,100.0,FULL,636.45
392,13.0657,673.767,107.133,100.0,0.0,0,0,100.0,FULL,636.45
393,13.099,674.767,108.379,100.0,0.0,0,0,100.0,FULL,636.45
394,13.1324,675.774,109.643,100.0,0.0,0,0,100.0,FULL,636.45
395,13.1657,676.798,110.955,100.0,0.0,0,0,100.0,FULL,636.45
396,13.199,677.829,112.244,100.0,0.0,0,0,100.0,FULL,636.45
397,13.2324,678.875,113.491,100.0,0.0,0,0,100.0,FULL,636.45
398,13.2657,679.932,114.812,100.0,0.0,0,0,100.0,FULL,636.45
399,13.299,681.001,116.226,100.0,0.0,0,0,100.0,FULL,636.45
400,13.3323,682.085,117.749,100.0,0.0,0,0,100.0,FULL,636.45
401,13.3657,683.181,119.351,100.0,0.0,0,0,100.0,FULL,636.45
402,13.399,684.296,120.971,100.0,0.0,0,0,100.0,FULL,636.45
403,13.4323,685.418,122.597,100.0,0.0,0,0,100.0,FULL,636.45
404,13.4657,686.566,124.239,100.0,0.0,0,0,100.0,FULL,636.45
405,13.499,687.721,125.888,100.0,0.0,0,0,100.0,FULL,636.45
406,13.5323,688.896,127.553,100.0,0.0,0,0,100.0,FULL,636.45
407,13.5657,690.085,129.218,100.0,0.0,0,0,100.0,FULL,636.45
408,13.599,691.286,130.882,100.0,0.0,0,0,100.0,FULL,636.45
409,13.6323,692.509,132.57,100.0,0.0,0,0,100.0,FULL,636.45
410,13.6657,693.741,134.267,100.0,0.0,0,0,100.0,FULL,636.45
411,13.699,694.994,135.984,100.0,0.0,0,0,100.0,FULL,636.45
412,13.7323,696.262,137.714,100.0,0.0,0,0,100.0,FULL,636.45
413,13.7657,697.541,139.452,100.0,0.0,0,0,100.0,FULL,636.45
414,13.799,698.844,141.209,100.0,0.0,0,0,100.0,FULL,636.45
415,13.8323,700.159,142.975,100.0,0.0,0,0,100.0,FULL,636.45
416,13.8656,701.487,144.751,100.0,0.0,0,0,100.0,FULL,636.45
417,13.899,702.839,146.546,100.0,0.0,0,0,100.0,FULL,636.45
418,13.9323,704.205,148.351,100.0,0.0,0,0,100.0,FULL,636.45
419,13.9656,705.583,150.167,100.0,0.0,0,0,100.0,FULL,636.45
420,13.999,706.985,152.0,100.0,0.0,0,0,100.0,FULL,636.45
421,14.0323,708.401,153.842,100.0,0.0,0,0,100.0,FULL,636.45
422,14.0656,709.833,155.693,100.0,0.0,0,0,100.0,FULL,636.45
423,14.099,711.282,157.551,100.0,0.0,0,0,100.0,FULL,636.45
424,14.1323,712.751,159.316,100.0,0.0,0,0,100.0,FULL,636.45
425,14.1656,714.234,161.046,100.0,0.0,0,0,100.0,FULL,636.45
426,14.199,715.731,162.756,100.0,0.0,0,0,100.0,FULL,636.45
427,14.2323,717.245,164.46,100.0,0.0,0,0,100.0,FULL,636.45
428,14.2656,718.777,166.155,100.0,0.0,0,0,100.0,FULL,636.45
429,14.2989,720.324,167.843,100.0,0.0,0,0,100.0,FULL,636.45
430,14.3323,721.885,169.522,100.0,0.0,0,0,100.0,FULL,636.45
431,14.3656,723.46,171.191,100.0,0.0,0,0,100.0,FULL,636.45
432,14.3989,725.054,172.847,100.0,0.0,0,0,100.0,FULL,636.45
433,14.4323,726.663,174.492,100.0,0.0,0,0,100.0,FULL,636.45
434,14.4656,728.286,176.125,100.0,0.0,0,0,100.0,FULL,636.45
435,14.4989,729.924,177.745,100.0,0.0,0,0,100.0,FULL,636.45
436,14.5323,731.576,179.352,100.0,0.0,0,0,100.0,FULL,636.45
437,14.5656,733.243,180.945,100.0,0.0,0,0,100.0,FULL,636.45
438,14.5989,734.927,182.52,100.0,0.0,0,0,100.0,FULL,636.45
439,14.6323,736.625,184.081,100.0,0.0,0,0,100.0,FULL,636.45
440,14.6656,738.336,185.627,100.0,0.0,0,0,100.0,FULL,636.45
441,14.6989,740.062,187.157,100.0,0.0,0,0,100.0,FULL,636.45
442,14.7322,741.801,188.67,100.0,0.0,0,0,100.0,FULL,636.45
443,14.7656,743.554,190.167,100.0,0.0,0,0,100.0,FULL,636.45
444,14.7989,745.321,191.647,100.0,0.0,0,0,100.0,FULL,636.45
445,14.8322,747.103,193.107,100.0,0.0,0,0,100.0,FULL,636.45
446,14.8656,748.898,194.55,100.0,0.0,0,0,100.0,FULL,636.45
447,14.8989,750.706,195.975,100.0,0.0,0,0,100.0,FULL,636.45
448,14.9322,752.527,197.383,100.0,0.0,0,0,100.0,FULL,636.45
449,14.9656,754.361,198.773,100.0,0.0,0,0,100.0,FULL,636.45
450,14.9989,756.208,200.146,100.0,0.0,0,0,100.0,FULL,636.45
451,15.0322,758.067,201.5,100.0,0.0,0,0,100.0,FULL,636.45
452,15.0656,759.939,202.838,100.0,0.0,0,0,100.0,FULL,636.45
453,15.0989,761.823,204.157,100.0,0.0,0,0,100.0,FULL,636.45
454,15.1322,763.719,205.459,100.0,0.0,0,0,100.0,FULL,636.45
455,15.1655,765.627,206.743,100.0,0.0,0,0,100.0,FULL,636.45
456,15.1989,767.547,208.011,100.0,0.0,0,0,100.0,FULL,636.45
457,15.2322,769.478,209.261,100.0,0.0,0,0,100.0,FULL,636.45
458,15.2655,771.421,210.494,100.0,0.0,0,0,100.0,FULL,636.45
459,15.2989,773.376,211.711,100.0,0.0,0,0,100.0,FULL,636.45
460,15.3322,775.341,212.911,100.0,0.0,0,0,100.0,FULL,636.45
461,15.3655,777.318,214.095,100.0,0.0,0,0,100.0,FULL,636.45
462,15.3989,779.306,215.263,100.0,0.0,0,0,100.0,FULL,636.45
463,15.4322,781.304,216.415,100.0,0.0,0,0,100.0,FULL,636.45
464,15.4655,783.313,217.551,100.0,0.0,0,0,100.0,FULL,636.45
465,15.4989,785.333,218.673,100.0,0.0,0,0,100.0,FULL,636.45
466,15.5322,787.362,219.779,100.0,0.0,0,0,100.0,FULL,636.45
467,15.5655,789.402,220.871,100.0,0.0,0,0,100.0,FULL,636.45
468,15.5988,791.452,221.948,100.0,0.0,0,0,100.0,FULL,636.45
469,15.6322,793.512,223.01,100.0,0.0,0,0,100.0,FULL,636.45
470,15.6655,795.582,224.059,100.0,0.0,0,0,100.0,FULL,636.45
471,15.6988,797.661,225.094,100.0,0.0,0,0,100.0,FULL,636.45
472,15.7322,799.75,226.115,100.0,0.0,0,0,100.0,FULL,636.45
473,15.7655,801.848,227.123,100.0,0.0,0,0,100.0,FULL,636.45
474,15.7988,803.956,228.118,100.0,0.0,0,0,100.0,FULL,636.45
475,15.8322,806.072,229.099,100.0,0.0,0,0,100.0,FULL,636.45
476,15.8655,808.198,230.068,100.0,0.0,0,0,100.0,FULL,636.45
477,15.8988,810.332,231.025,100.0,0.0,0,0,100.0,FULL,636.45
478,15.9322,812.475,231.969,100.0,0.0,0,0,100.0,FULL,636.45
479,15.9655,814.627,232.901,100.0,0.0,0,0,100.0,FULL,636.45
480,15.9988,816.788,233.82,100.0,0.0,0,0,100.0,FULL,636.45
481,16.0322,818.957,234.728,100.0,0.0,0,0,100.0,FULL,636.45
482,16.0655,821.135,235.624,100.0,0.0,0,0,100.0,FULL,636.45
483,16.0988,823.32,236.509,100.0,0.0,0,0,100.0,FULL,636.45
484,16.1321,825.514,237.383,100.0,0.0,0,0,100.0,FULL,636.45
485,16.1655,827.716,238.246,100.0,0.0,0,0,100.0,FULL,636.45
486,16.1988,829.925,239.098,100.0,0.0,0,0,100.0,FULL,636.45
487,16.2321,832.143,239.938,100.0,0.0,0,0,100.0,FULL,636.45
488,16.2655,834.368,240.768,100.0,0.0,0,0,100.0,FULL,636.45
489,16.2988,836.601,241.588,100.0,0.0,0,0,100.0,FULL,636.45
490,16.3321,838.842,242.397,100.0,0.0,0,0,100.0,FULL,636.45
491,16.3655,841.09,243.196,100.0,0.0,0,0,100.0,FULL,636.45
492,16.3988,843.345,243.986,100.0,0.0,0,0,100.0,FULL,636.45
493,16.4321,845.607,244.766,100.0,0.0,0,0,100.0,FULL,636.45
494,16.4655,847.877,245.535,100.0,0.0,0,0,100.0,FULL,636.45
495,16.4988,850.154,246.295,100.0,0.0,0,0,100.0,FULL,636.45
496,16.5321,852.438,247.045,100.0,0.0,0,0,100.0,FULL,636.45
497,16.5654,854.729,247.787,100.0,0.0,0,0,100.0,FULL,636.45
498,16.5988,857.026,248.519,100.0,0.0,0,0,100.0,FULL,636.45
499,16.6321,859.33,249.243,100.0,0.0,0,0,100.0,FULL,636.45
500,16.6654,861.642,249.956,100.0,0.0,0,0,100.0,FULL,636.45
501,16.6988,863.959,250.661,100.0,0.0,0,0,100.0,FULL,636.45
502,16.7321,866.283,251.358,100.0,0.0,0,0,100.0,FULL,636.45
503,16.7654,868.613,252.046,100.0,0.0,0,0,100.0,FULL,636.45
504,16.7988,870.95,252.726,100.0,0.0,0,0,100.0,FULL,636.45
505,16.8321,873.293,253.397,100.0,0.0,0,0,100.0,FULL,636.45
506,16.8654,875.642,254.06,100.0,0.0,0,0,100.0,FULL,636.45
507,16.8988,877.998,254.715,100.0,0.0,0,0,100.0,FULL,636.45
508,16.9321,880.359,255.362,100.0,0.0,0,0,100.0,FULL,636.45
509,16.9654,882.726,256.001,100.0,0.0,0,0,100.0,FULL,636.45
510,16.9987,885.099,256.632,100.0,0.0,0,0,100.0,FULL,636.45
511,17.0321,887.478,257.256,100.0,0.0,0,0,100.0,FULL,636.45
512,17.0654,889.863,257.871,100.0,0.0,0,0,100.0,FULL,636.45
513,17.0987,892.253,258.48,100.0,0.0,0,0,100.0,FULL,636.45
514,17.1321,894.649,259.082,100.0,0.0,0,0,100.0,FULL,636.45
515,17.1654,897.051,259.675,100.0,0.0,0,0,100.0,FULL,636.45
516,17.1987,899.458,260.261,100.0,0.0,0,0,100.0,FULL,636.45
517,17.2321,901.87,260.841,100.0,0.0,0,0,100.0,FULL,636.45
518,17.2654,904.287,261.413,100.0,0.0,0,0,100.0,FULL,636.45
519,17.2987,906.71,261.979,100.0,0.0,0,0,100.0,FULL,636.45
520,17.3321,909.139,262.537,100.0,0.0,0,0,100.0,FULL,636.45
521,17.3654,911.572,263.089,100.0,0.0,0,0,100.0,FULL,636.45
522,17.3987,914.01,263.634,100.0,0.0,0,0,100.0,FULL,636.45
523,17.432,916.453,264.173,100.0,0.0,0,0,100.0,FULL,636.45
524,17.4654,918.902,264.705,100.0,0.0,0,0,100.0,FULL,636.45
525,17.4987,921.355,265.231,100.0,0.0,0,0,100.0,FULL,636.45
526,17.532,923.813,265.75,100.0,0.0,0,0,100.0,FULL,636.45
527,17.5654,926.276,266.264,100.0,0.0,0,0,100.0,FULL,636.45
528,17.5987,928.744,266.771,100.0,0.0,0,0,100.0,FULL,636.45
529,17.632,931.216,267.271,100.0,0.0,0,0,100.0,FULL,636.45
530,17.6654,933.693,267.766,100.0,0.0,0,0,100.0,FULL,636.45
531,17.6987,936.174,268.255,100.0,0.0,0,0,100.0,FULL,636.45
532,17.732,938.66,268.738,100.0,0.0,0,0,100.0,FULL,636.45
533,17.7654,941.15,269.215,100.0,0.0,0,0,100.0,FULL,636.45
534,17.7987,943.645,269.687,100.0,0.0,0,0,100.0,FULL,636.45
535,17.832,946.144,270.153,100.0,0.0,0,0,100.0,FULL,636.45
536,17.8653,948.647,270.613,100.0,0.0,0,0,100.0,FULL,636.45
537,17.8987,951.155,271.068,100.0,0.0,0,0,100.0,FULL,636.45
538,17.932,953.667,271.517,100.0,0.0,0,0,100.0,FULL,636.45
539,17.9653,956.183,271.962,100.0,0.0,0,0,100.0,FULL,636.45
540,17.9987,958.703,272.4,100.0,0.0,0,0,100.0,FULL,636.45
541,18.032,961.227,272.834,100.0,0.0,0,0,100.0,FULL,636.45
542,18.0653,963.755,273.262,100.0,0.0,0,0,100.0,FULL,636.45
543,18.0987,966.287,273.685,100.0,0.0,0,0,100.0,FULL,636.45
544,18.132,968.823,274.103,100.0,0.0,0,0,100.0,FULL,636.45
545,18.1653,971.363,274.516,100.0,0.0,0,0,100.0,FULL,636.45
546,18.1987,973.906,274.925,100.0,0.0,0,0,100.0,FULL,636.45
547,18.232,976.453,275.328,100.0,0.0,0,0,100.0,FULL,636.45
548,18.2653,979.004,275.727,100.0,0.0,0,0,100.0,FULL,636.45
549,18.2986,981.559,276.12,100.0,0.0,0,0,100.0,FULL,636.45
550,18.332,984.117,276.51,100.0,0.0,0,0,100.0,FULL,636.45
551,18.3653,986.679,276.894,100.0,0.0,0,0,100.0,FULL,636.45
552,18.3986,989.245,277.274,100.0,0.0,0,0,100.0,FULL,636.45
553,18.432,991.813,277.65,100.0,0.0,0,0,100.0,FULL,636.45
554,18.4653,994.386,278.02,100.0,0.0,0,0,100.0,FULL,636.45
555,18.4986,996.962,278.387,100.0,0.0,0,0,100.0,FULL,636.45
556,18.532,999.541,278.749,100.0,0.0,0,0,100.0,FULL,636.45
557,18.5653,1002.123,279.107,100.0,0.0,0,0,100.0,FULL,636.45
558,18.5986,1004.709,279.461,100.0,0.0,0,0,100.0,FULL,636.45
559,18.632,1007.298,279.81,100.0,0.0,0,0,100.0,FULL,636.45
560,18.6653,1009.89,280.156,100.0,0.0,0,0,100.0,FULL,636.45
561,18.6986,1012.486,280.497,100.0,0.0,0,0,100.0,FULL,636.45
562,18.732,1015.084,280.834,100.0,0.0,0,0,100.0,FULL,636.45
563,18.7653,1017.686,281.167,100.0,0.0,0,0,100.0,FULL,636.45
564,18.7986,1020.291,281.496,100.0,0.0,0,0,100.0,FULL,636.45
565,18.8319,1022.898,281.821,100.0,0.0,0,0,100.0,FULL,636.45
566,18.8653,1025.509,282.143,100.0,0.0,0,0,100.0,FULL,636.45
567,18.8986,1028.123,282.46,100.0,0.0,0,0,100.0,FULL,636.45
568,18.9319,1030.74,282.774,100.0,0.0,0,0,100.0,FULL,636.45
569,18.9653,1033.359,283.085,100.0,0.0,0,0,100.0,FULL,636.45
570,18.9986,1035.981,283.391,100.0,0.0,0,0,100.0,FULL,636.45
571,19.0319,1038.607,283.694,100.0,0.0,0,0,100.0,FULL,636.45
572,19.0653,1041.235,283.993,100.0,0.0,0,0,100.0,FULL,636.45
573,19.0986,1043.865,284.289,100.0,0.0,0,0,100.0,FULL,636.45
574,19.1319,1046.499,284.581,100.0,0.0,0,0,100.0,FULL,636.45
575,19.1653,1049.135,284.87,100.0,0.0,0,0,100.0,FULL,636.45
576,19.1986,1051.774,285.155,100.0,0.0,0,0,100.0,FULL,636.45
577,19.2319,1054.415,285.437,100.0,0.0,0,0,100.0,FULL,636.45
578,19.2652,1057.059,285.716,100.0,0.0,0,0,100.0,FULL,636.45
579,19.2986,1059.706,285.991,100.0,0.0,0,0,100.0,FULL,636.45
580,19.3319,1062.355,286.263,100.0,0.0,0,0,100.0,FULL,636.45
581,19.3652,1065.007,286.532,100.0,0.0,0,0,100.0,FULL,636.45
582,19.3986,1067.661,286.798,100.0,0.0,0,0,100.0,FULL,636.45
583,19.4319,1070.317,287.06,100.0,0.0,0,0,100.0,FULL,636.45
584,19.4652,1072.976,287.32,100.0,0.0,0,0,100.0,FULL,636.45
585,19.4986,1075.638,287.576,100.0,0.0,0,0,100.0,FULL,636.45
586,19.5319,1078.301,287.83,100.0,0.0,0,0,100.0,FULL,636.45
587,19.5652,1080.967,288.08,100.0,0.0,0,0,100.0,FULL,636.45
588,19.5986,1083.636,288.328,100.0,0.0,0,0,100.0,FULL,636.45
589,19.6319,1086.306,288.572,100.0,0.0,0,0,100.0,FULL,636.45
590,19.6652,1088.979,288.814,100.0,0.0,0,0,100.0,FULL,636.45
591,19.6985,1091.654,289.053,100.0,0.0,0,0,100.0,FULL,636.45
592,19.7319,1094.332,289.288,100.0,0.0,0,0,100.0,FULL,636.45
593,19.7652,1097.011,289.522,100.0,0.0,0,0,100.0,FULL,636.45
594,19.7985,1099.693,289.752,100.0,0.0,0,0,100.0,FULL,636.45
595,19.8319,1102.377,289.98,100.0,0.0,0,0,100.0,FULL,636.45
596,19.8652,1105.062,290.205,100.0,0.0,0,0,100.0,FULL,636.45
597,19.8985,1107.75,290.427,100.0,0.0,0,0,100.0,FULL,636.45
598,19.9319,1110.44,290.647,100.0,0.0,0,0,100.0,FULL,636.45
599,19.9652,1113.132,290.864,100.0,0.0,0,0,100.0,FULL,636.45
600,19.9985,1115.826,291.079,100.0,0.0,0,0,100.0,FULL,636.45
601,20.0319,1118.522,291.291,100.0,0.0,0,0,100.0,FULL,636.45
602,20.0652,1121.22,291.5,100.0,0.0,0,0,100.0,FULL,636.45
603,20.0985,1123.92,291.707,100.0,0.0,0,0,100.0,FULL,636.45
604,20.1318,1126.622,291.912,100.0,0.0,0,0,100.0,FULL,636.45
605,20.1652,1129.325,292.114,100.0,0.0,0,0,100.0,FULL,636.45
606,20.1985,1132.031,292.314,100.0,0.0,0,0,100.0,FULL,636.45
607,20.2318,1134.738,292.512,100.0,0.0,0,0,100.0,FULL,636.45
608,20.2652,1137.447,292.707,100.0,0.0,0,0,100.0,FULL,636.45
609,20.2985,1140.158,292.9,100.0,0.0,0,0,100.0,FULL,636.45
610,20.3318,1142.871,293.09,100.0,0.0,0,0,100.0,FULL,636.45
611,20.3652,1145.585,293.279,100.0,0.0,0,0,100.0,FULL,636.45
612,20.3985,1148.302,293.465,100.0,0.0,0,0,100.0,FULL,636.45
613,20.4318,1151.019,293.649,100.0,0.0,0,0,100.0,FULL,636.45
614,20.4652,1153.739,293.831,100.0,0.0,0,0,100.0,FULL,636.45
615,20.4985,1156.46,294.01,100.0,0.0,0,0,100.0,FULL,636.45
616,20.5318,1159.183,294.188,100.0,0.0,0,0,100.0,FULL,636.45
617,20.5651,1161.908,294.363,100.0,0.0,0,0,100.0,FULL,636.45
618,20.5985,1164.634,294.536,100.0,0.0,0,0,100.0,FULL,636.45
619,20.6318,1167.362,294.708,100.0,0.0,0,0,100.0,FULL,636.45
620,20.6651,1170.091,294.877,100.0,0.0,0,0,100.0,FULL,636.45
621,20.6985,1172.822,295.044,100.0,0.0,0,0,100.0,FULL,636.45
622,20.7318,1175.555,295.21,100.0,0.0,0,0,100.0,FULL,636.45
623,20.7651,1178.289,295.373,100.0,0.0,0,0,100.0,FULL,636.45
624,20.7985,1181.024,295.534,100.0,0.0,0,0,100.0,FULL,636.45
625,20.8318,1183.761,295.694,100.0,0.0,0,0,100.0,FULL,636.45
626,20.8651,1186.499,295.851,100.0,0.0,0,0,100.0,FULL,636.45
627,20.8985,1189.239,296.006,100.0,0.0,0,0,100.0,FULL,636.45
628,20.9318,1191.981,296.158,100.0,0.0,0,0,100.0,FULL,636.45
629,20.9651,1194.723,296.309,100.0,0.0,0,0,100.0,FULL,636.45
630,20.9985,1197.467,296.457,100.0,0.0,0,0,100.0,FULL,636.45
631,21.0318,1200.213,296.603,100.0,0.0,0,0,100.0,FULL,636.45
632,21.0651,1202.96,296.746,100.0,0.0,0,0,100.0,FULL,636.45
633,21.0984,1205.708,296.886,100.0,0.0,0,0,100.0,FULL,636.45
634,21.1318,1208.457,297.023,100.0,0.0,0,0,100.0,FULL,636.45
635,21.1651,1211.208,297.157,100.0,0.0,0,0,100.0,FULL,636.45
636,21.1984,1213.96,297.286,100.0,0.0,0,0,100.0,FULL,636.45
637,21.2318,1216.713,297.411,100.0,0.0,0,0,100.0,FULL,636.45
638,21.2651,1219.467,297.531,100.0,0.0,0,0,100.0,FULL,636.45
639,21.2984,1222.222,297.645,100.0,0.0,0,0,100.0,FULL,636.45
640,21.3318,1224.978,297.752,100.0,0.0,0,0,100.0,FULL,636.45
641,21.3651,1227.736,297.851,100.0,0.0,0,0,100.0,FULL,636.45
642,21.3984,1230.494,297.941,100.0,0.0,0,0,100.0,FULL,636.45
643,21.4318,1233.252,298.02,100.0,0.0,0,0,100.0,FULL,636.45
644,21.4651,1236.012,298.086,100.0,0.0,0,0,100.0,FULL,636.45
645,21.4984,1238.772,298.138,100.0,0.0,0,0,100.0,FULL,636.45
646,21.5317,1241.533,298.173,100.0,0.0,0,0,100.0,FULL,636.45
647,21.5651,1244.293,298.187,100.0,0.0,0,0,100.0,FULL,636.45
648,21.5984,1247.054,298.18,100.0,0.0,0,0,100.0,FULL,636.45
649,21.6317,1249.815,298.145,100.0,0.0,0,0,100.0,FULL,636.45
650,21.6651,1252.575,298.081,100.0,0.0,0,0,100.0,FULL,636.45
651,21.6984,1255.334,297.985,100.0,0.0,0,0,100.0,FULL,636.45
652,21.7317,1258.092,297.847,100.0,0.0,0,0,100.0,FULL,636.45
653,21.7651,1260.849,297.668,100.0,0.0,0,0,100.0,FULL,636.45
654,21.7984,1263.604,297.442,100.0,0.0,0,0,100.0,FULL,636.45
655,21.8317,1266.357,297.158,100.0,0.0,0,0,100.0,FULL,636.45
656,21.8651,1269.107,296.819,100.0,0.0,0,0,100.0,FULL,636.45
657,21.8984,1271.853,296.411,100.0,0.0,0,0,100.0,FULL,636.45
658,21.9317,1274.595,295.931,100.0,0.0,0,0,100.0,FULL,636.45
659,21.965,1277.333,295.379,100.0,0.0,0,0,100.0,FULL,636.45
660,21.9984,1280.064,294.734,100.0,0.0,0,0,100.0,FULL,636.45
661,22.0317,1282.79,294.004,100.0,0.0,0,0,100.0,FULL,636.45
662,22.065,1285.508,293.181,100.0,0.0,0,0,100.0,FULL,636.45
663,22.0984,1288.218,292.249,100.0,0.0,0,0,100.0,FULL,636.45
664,22.1317,1290.919,291.217,100.0,0.0,0,0,100.0,FULL,636.45
665,22.165,1293.61,290.077,100.0,0.0,0,0,100.0,FULL,636.45
666,22.1984,1296.29,288.814,100.0,0.0,0,0,100.0,FULL,636.45
667,22.2317,1298.958,287.442,100.0,0.0,0,0,100.0,FULL,636.45
668,22.265,1301.612,285.952,100.0,0.0,0,0,100.0,FULL,636.45
669,22.2984,1304.252,284.335,100.0,0.0,0,0,100.0,FULL,636.45
670,22.3317,1306.877,282.605,100.0,0.0,0,0,100.0,FULL,636.45
671,22.365,1309.485,280.761,100.0,0.0,0,0,100.0,FULL,636.45
672,22.3983,1312.075,278.789,100.0,0.0,0,0,100.0,FULL,636.45
673,22.4317,1314.646,276.71,100.0,0.0,0,0,100.0,FULL,636.45
674,22.465,1317.199,274.528,100.0,0.0,0,0,100.0,FULL,636.45
675,22.4983,1319.73,272.236,100.0,0.0,0,0,100.0,FULL,636.45
676,22.5317,1322.239,269.846,100.0,0.0,0,0,100.0,FULL,370.03
677,22.565,1324.726,267.36,0.0,100.0,0,0,100.0,REGEN,0.0
678,22.5983,1327.19,264.753,0.0,100.0,0,0,100.0,REGEN,0.0
679,22.6317,1329.628,261.997,0.0,100.0,0,0,100.0,REGEN,0.0
680,22.665,1332.04,259.092,0.0,100.0,0,0,100.0,REGEN,0.0
681,22.6983,1334.424,256.051,0.0,100.0,0,0,100.0,REGEN,0.0
682,22.7317,1336.78,252.879,0.0,100.0,0,0,100.0,REGEN,0.0
683,22.765,1339.107,249.583,0.0,100.0,0,0,100.0,REGEN,0.0
684,22.7983,1341.404,246.169,0.0,100.0,0,0,100.0,REGEN,0.0
685,22.8316,1343.665,242.635,0.0,100.0,0,0,100.0,REGEN,0.0
686,22.865,1345.894,239.004,0.0,100.0,0,0,100.0,REGEN,0.0
687,22.8983,1348.087,234.793,0.0,100.0,0,0,100.0,REGEN,0.0
688,22.9316,1350.235,229.377,0.0,100.0,0,0,100.0,REGEN,0.0
689,22.965,1352.333,223.959,0.0,100.0,0,0,100.0,REGEN,0.0
690,22.9983,1354.382,218.737,0.0,100.0,0,0,100.0,REGEN,0.0
691,23.0316,1356.384,213.707,0.0,100.0,0,0,100.0,REGEN,0.0
692,23.065,1358.34,208.855,0.0,100.0,0,0,100.0,REGEN,0.0
693,23.0983,1360.252,204.162,0.0,100.0,0,0,100.0,REGEN,0.0
694,23.1316,1362.121,199.617,0.0,100.0,0,0,100.0,REGEN,0.0
695,23.165,1363.949,195.184,0.0,100.0,0,0,100.0,REGEN,0.0
696,23.1983,1365.738,190.831,0.0,100.0,0,0,100.0,REGEN,0.0
697,23.2316,1367.488,186.661,0.0,100.0,0,0,100.0,REGEN,0.0
698,23.265,1369.195,182.638,0.0,100.0,0,0,100.0,REGEN,0.0
699,23.2983,1370.865,178.744,0.0,100.0,0,0,100.0,REGEN,0.0
700,23.3316,1372.501,174.971,0.0,100.0,0,0,100.0,REGEN,0.0
701,23.3649,1374.105,171.322,0.0,100.0,0,0,100.0,REGEN,0.0
702,23.3983,1375.678,167.796,0.0,100.0,0,0,100.0,REGEN,0.0
703,23.4316,1377.216,164.429,0.0,100.0,0,0,100.0,REGEN,0.0
704,23.4649,1378.72,161.217,0.0,100.0,0,0,100.0,REGEN,0.0
705,23.4983,1380.201,158.483,0.0,100.0,0,0,100.0,REGEN,0.0
706,23.5316,1381.661,156.247,0.0,100.0,0,0,100.0,REGEN,0.0
707,23.5649,1383.096,154.124,0.0,100.0,0,0,100.0,REGEN,0.0
708,23.5983,1384.51,151.842,0.0,100.0,0,0,100.0,REGEN,0.0
709,23.6316,1385.907,149.565,0.0,100.0,0,0,100.0,REGEN,0.0
710,23.6649,1387.283,147.476,0.0,100.0,0,0,100.0,REGEN,0.0
711,23.6983,1388.638,145.654,0.0,100.0,0,0,100.0,REGEN,0.0
712,23.7316,1389.98,144.033,0.0,100.0,0,0,100.0,REGEN,0.0
713,23.7649,1391.309,142.692,0.0,100.0,0,0,100.0,REGEN,0.0
714,23.7982,1392.625,141.795,0.0,100.0,0,0,100.0,REGEN,0.0
715,23.8316,1393.934,140.984,0.0,100.0,0,0,100.0,REGEN,0.0
716,23.8649,1395.236,140.17,0.0,100.0,0,0,100.0,REGEN,0.0
717,23.8982,1396.526,138.955,0.0,100.0,0,0,100.0,REGEN,0.0
718,23.9316,1397.808,137.551,0.0,100.0,0,0,100.0,REGEN,0.0
719,23.9649,1399.073,135.896,0.0,100.0,0,0,100.0,REGEN,0.0
720,23.9982,1400.322,134.302,0.0,100.0,0,0,100.0,REGEN,0.0
721,24.0316,1401.563,132.88,0.0,100.0,0,0,100.0,REGEN,0.0
722,24.0649,1402.793,132.88,0.0,100.0,0,0,100.0,REGEN,0.0
723,24.0982,1404.024,132.88,0.0,100.0,0,0,100.0,REGEN,0.0
724,24.1316,1405.254,132.88,0.0,100.0,0,0,100.0,REGEN,0.0
725,24.1649,1406.484,132.88,0.0,100.0,0,0,100.0,REGEN,0.0
726,24.1982,1407.715,132.88,0.0,100.0,0,0,100.0,REGEN,0.0
727,24.2315,1408.945,132.88,0.0,100.0,0,0,100.0,REGEN,0.0
728,24.2649,1410.175,132.815,100.0,100.0,0,0,100.0,REGEN,285.61
729,24.2982,1411.402,132.474,100.0,0.0,0,0,100.0,FULL,636.45
730,24.3315,1412.614,130.234,100.0,0.0,0,0,100.0,FULL,636.45
731,24.3649,1413.81,128.079,100.0,0.0,0,0,100.0,FULL,636.45
732,24.3982,1414.989,126.023,100.0,0.0,0,0,100.0,FULL,636.45
733,24.4315,1416.154,125.4,100.0,0.0,0,0,100.0,FULL,636.45
734,24.4649,1417.314,125.201,100.0,0.0,0,0,100.0,FULL,636.45
735,24.4982,1418.472,125.002,100.0,0.0,0,0,100.0,FULL,636.45
736,24.5315,1419.629,124.803,100.0,0.0,0,0,100.0,FULL,636.45
737,24.5649,1420.784,124.605,100.0,0.0,0,0,100.0,FULL,636.45
738,24.5982,1421.946,125.732,100.0,0.0,0,0,100.0,FULL,636.45
739,24.6315,1423.113,127.205,100.0,0.0,0,0,100.0,FULL,636.45
740,24.6648,1424.302,128.772,100.0,0.0,0,0,100.0,FULL,636.45
741,24.6982,1425.5,130.22,100.0,0.0,0,0,100.0,FULL,636.45
742,24.7315,1426.71,131.515,100.0,0.0,0,0,100.0,FULL,636.45
743,24.7648,1427.933,132.381,100.0,0.0,0,0,100.0,FULL,636.45
744,24.7982,1429.16,133.093,100.0,0.0,0,0,100.0,FULL,636.45
745,24.8315,1430.395,133.604,100.0,0.0,0,0,100.0,FULL,636.45
746,24.8648,1431.635,134.173,100.0,0.0,0,0,100.0,FULL,636.45
747,24.8982,1432.879,134.783,100.0,0.0,0,0,100.0,FULL,636.45
748,24.9315,1434.132,135.475,100.0,0.0,0,0,100.0,FULL,636.45
749,24.9648,1435.389,136.161,100.0,0.0,0,0,100.0,FULL,636.45
750,24.9982,1436.652,136.841,100.0,0.0,0,0,100.0,FULL,636.45
751,25.0315,1437.923,137.462,100.0,0.0,0,0,100.0,FULL,636.45
752,25.0648,1439.197,138.05,100.0,0.0,0,0,100.0,FULL,636.45
753,25.0981,1440.478,138.585,100.0,0.0,0,0,100.0,FULL,636.45
754,25.1315,1441.764,139.106,100.0,0.0,0,0,100.0,FULL,636.45
755,25.1648,1443.054,139.637,100.0,0.0,0,0,100.0,FULL,636.45
756,25.1981,1444.349,140.221,100.0,0.0,0,0,100.0,FULL,636.45
757,25.2315,1445.651,140.865,100.0,0.0,0,0,100.0,FULL,636.45
758,25.2648,1446.957,141.549,100.0,0.0,0,0,100.0,FULL,636.45
759,25.2981,1448.272,142.302,100.0,0.0,0,0,100.0,FULL,636.45
760,25.3315,1449.594,143.099,100.0,0.0,0,0,100.0,FULL,636.45
761,25.3648,1450.921,143.93,100.0,0.0,0,0,100.0,FULL,636.45
762,25.3981,1452.259,144.822,100.0,0.0,0,0,100.0,FULL,636.45
763,25.4315,1453.605,145.758,100.0,0.0,0,0,100.0,FULL,636.45
764,25.4648,1454.957,146.733,100.0,0.0,0,0,100.0,FULL,636.45
765,25.4981,1456.322,147.788,100.0,0.0,0,0,100.0,FULL,636.45
766,25.5314,1457.694,148.659,100.0,0.0,0,0,100.0,FULL,636.45
767,25.5648,1459.074,149.512,100.0,0.0,0,0,100.0,FULL,636.45
768,25.5981,1460.465,150.803,100.0,0.0,0,0,100.0,FULL,636.45
769,25.6314,1461.868,152.158,100.0,0.0,0,0,100.0,FULL,636.45
770,25.6648,1463.283,153.558,100.0,0.0,0,0,100.0,FULL,636.45
771,25.6981,1464.71,155.004,100.0,0.0,0,0,100.0,FULL,636.45
772,25.7314,1466.154,156.505,100.0,0.0,0,0,100.0,FULL,636.45
773,25.7648,1467.61,158.042,100.0,0.0,0,0,100.0,FULL,636.45
774,25.7981,1469.079,159.614,100.0,0.0,0,0,100.0,FULL,636.45
775,25.8314,1470.565,161.234,100.0,0.0,0,0,100.0,FULL,636.45
776,25.8648,1472.066,162.893,100.0,0.0,0,0,100.0,FULL,636.45
777,25.8981,1473.582,164.584,100.0,0.0,0,0,100.0,FULL,636.45
778,25.9314,1475.112,166.307,100.0,0.0,0,0,100.0,FULL,636.45
779,25.9648,1476.66,168.073,100.0,0.0,0,0,100.0,FULL,636.45
780,25.9981,1478.226,169.878,100.0,0.0,0,0,100.0,FULL,636.45
781,26.0314,1479.808,171.698,100.0,0.0,0,0,100.0,FULL,636.45
782,26.0647,1481.405,173.513,100.0,0.0,0,0,100.0,FULL,636.45
783,26.0981,1483.018,175.288,100.0,0.0,0,0,100.0,FULL,636.45
784,26.1314,1484.649,176.775,100.0,0.0,0,0,100.0,FULL,636.45
785,26.1647,1486.293,178.256,100.0,0.0,0,0,100.0,FULL,636.45
786,26.1981,1487.95,179.736,100.0,0.0,0,0,100.0,FULL,636.45
787,26.2314,1489.621,181.216,100.0,0.0,0,0,100.0,FULL,636.45
788,26.2647,1491.305,182.692,100.0,0.0,0,0,100.0,FULL,636.45
789,26.2981,1493.002,184.165,100.0,0.0,0,0,100.0,FULL,636.45
790,26.3314,1494.715,185.632,100.0,0.0,0,0,100.0,FULL,636.45
791,26.3647,1496.441,187.092,100.0,0.0,0,0,100.0,FULL,636.45
792,26.3981,1498.18,188.544,100.0,0.0,0,0,100.0,FULL,636.45
793,26.4314,1499.933,189.987,100.0,0.0,0,0,100.0,FULL,636.45
794,26.4647,1501.698,191.421,100.0,0.0,0,0,100.0,FULL,636.45
795,26.498,1503.476,192.844,100.0,0.0,0,0,100.0,FULL,636.45
796,26.5314,1505.268,194.256,100.0,0.0,0,0,100.0,FULL,636.45
797,26.5647,1507.072,195.655,100.0,0.0,0,0,100.0,FULL,636.45
798,26.598,1508.89,197.04,100.0,0.0,0,0,100.0,FULL,636.45
799,26.6314,1510.722,198.411,100.0,0.0,0,0,100.0,FULL,636.45
800,26.6647,1512.565,199.768,100.0,0.0,0,0,100.0,FULL,636.45
801,26.698,1514.421,201.11,100.0,0.0,0,0,100.0,FULL,636.45
802,26.7314,1516.289,202.437,100.0,0.0,0,0,100.0,FULL,636.45
803,26.7647,1518.17,203.75,100.0,0.0,0,0,100.0,FULL,636.45
804,26.798,1520.062,205.047,100.0,0.0,0,0,100.0,FULL,636.45
805,26.8314,1521.967,206.328,100.0,0.0,0,0,100.0,FULL,636.45
806,26.8647,1523.883,207.593,100.0,0.0,0,0,100.0,FULL,636.45
807,26.898,1525.81,208.843,100.0,0.0,0,0,100.0,FULL,636.45
808,26.9313,1527.75,210.077,100.0,0.0,0,0,100.0,FULL,636.45
809,26.9647,1529.7,211.296,100.0,0.0,0,0,100.0,FULL,636.45
810,26.998,1531.662,212.498,100.0,0.0,0,0,100.0,FULL,636.45
811,27.0313,1533.635,213.685,100.0,0.0,0,0,100.0,FULL,636.45
812,27.0647,1535.619,214.856,100.0,0.0,0,0,100.0,FULL,636.45
813,27.098,1537.613,216.012,100.0,0.0,0,0,100.0,FULL,636.45
814,27.1313,1539.619,217.153,100.0,0.0,0,0,100.0,FULL,636.45
815,27.1647,1541.634,218.279,100.0,0.0,0,0,100.0,FULL,636.45
816,27.198,1543.66,219.39,100.0,0.0,0,0,100.0,FULL,636.45
817,27.2313,1545.697,220.486,100.0,0.0,0,0,100.0,FULL,636.45
818,27.2647,1547.743,221.568,100.0,0.0,0,0,100.0,FULL,636.45
819,27.298,1549.8,222.635,100.0,0.0,0,0,100.0,FULL,636.45
820,27.3313,1551.866,223.688,100.0,0.0,0,0,100.0,FULL,636.45
821,27.3646,1553.942,224.728,100.0,0.0,0,0,100.0,FULL,636.45
822,27.398,1556.027,225.754,100.0,0.0,0,0,100.0,FULL,636.45
823,27.4313,1558.122,226.766,100.0,0.0,0,0,100.0,FULL,636.45
824,27.4646,1560.226,227.766,100.0,0.0,0,0,100.0,FULL,636.45
825,27.498,1562.339,228.752,100.0,0.0,0,0,100.0,FULL,636.45
826,27.5313,1564.462,229.726,100.0,0.0,0,0,100.0,FULL,636.45
827,27.5646,1566.593,230.687,100.0,0.0,0,0,100.0,FULL,636.45
828,27.598,1568.733,231.635,100.0,0.0,0,0,100.0,FULL,636.45
829,27.6313,1570.882,232.572,100.0,0.0,0,0,100.0,FULL,636.45
830,27.6646,1573.039,233.496,100.0,0.0,0,0,100.0,FULL,636.45
831,27.698,1575.205,234.408,100.0,0.0,0,0,100.0,FULL,636.45
832,27.7313,1577.38,235.308,100.0,0.0,0,0,100.0,FULL,636.45
833,27.7646,1579.563,236.197,100.0,0.0,0,0,100.0,FULL,636.45
834,27.7979,1581.754,237.074,100.0,0.0,0,0,100.0,FULL,636.45
835,27.8313,1583.953,237.941,100.0,0.0,0,0,100.0,FULL,636.45
836,27.8646,1586.16,238.796,100.0,0.0,0,0,100.0,FULL,636.45
837,27.8979,1588.375,239.641,100.0,0.0,0,0,100.0,FULL,636.45
838,27.9313,1590.597,240.476,100.0,0.0,0,0,100.0,FULL,636.45
839,27.9646,1592.827,241.299,100.0,0.0,0,0,100.0,FULL,636.45
840,27.9979,1595.065,242.112,100.0,0.0,0,0,100.0,FULL,636.45
841,28.0313,1597.311,242.915,100.0,0.0,0,0,100.0,FULL,636.45
842,28.0646,1599.563,243.708,100.0,0.0,0,0,100.0,FULL,636.45
843,28.0979,1601.823,244.49,100.0,0.0,0,0,100.0,FULL,636.45
844,28.1313,1604.091,245.264,100.0,0.0,0,0,100.0,FULL,636.45
845,28.1646,1606.365,246.028,100.0,0.0,0,0,100.0,FULL,636.45
846,28.1979,1608.646,246.782,100.0,0.0,0,0,100.0,FULL,636.45
847,28.2313,1610.934,247.526,100.0,0.0,0,0,100.0,FULL,636.45
848,28.2646,1613.23,248.261,100.0,0.0,0,0,100.0,FULL,636.45
849,28.2979,1615.532,248.988,100.0,0.0,0,0,100.0,FULL,636.45
850,28.3312,1617.84,249.705,100.0,0.0,0,0,100.0,FULL,636.45
851,28.3646,1620.155,250.414,100.0,0.0,0,0,100.0,FULL,636.45
852,28.3979,1622.477,251.114,100.0,0.0,0,0,100.0,FULL,636.45
853,28.4312,1624.805,251.804,100.0,0.0,0,0,100.0,FULL,636.45
854,28.4646,1627.14,252.487,100.0,0.0,0,0,100.0,FULL,636.45
855,28.4979,1629.481,253.161,100.0,0.0,0,0,100.0,FULL,636.45
856,28.5312,1631.827,253.827,100.0,0.0,0,0,100.0,FULL,636.45
857,28.5646,1634.18,254.485,100.0,0.0,0,0,100.0,FULL,636.45
858,28.5979,1636.54,255.135,100.0,0.0,0,0,100.0,FULL,636.45
859,28.6312,1638.905,255.776,100.0,0.0,0,0,100.0,FULL,636.45
860,28.6646,1641.276,256.41,100.0,0.0,0,0,100.0,FULL,636.45
861,28.6979,1643.653,257.037,100.0,0.0,0,0,100.0,FULL,636.45
862,28.7312,1646.035,257.655,100.0,0.0,0,0,100.0,FULL,636.45
863,28.7645,1648.424,258.266,100.0,0.0,0,0,100.0,FULL,636.45
864,28.7979,1650.818,258.87,100.0,0.0,0,0,100.0,FULL,636.45
865,28.8312,1653.217,259.466,100.0,0.0,0,0,100.0,FULL,636.45
866,28.8645,1655.622,260.055,100.0,0.0,0,0,100.0,FULL,636.45
867,28.8979,1658.033,260.637,100.0,0.0,0,0,100.0,FULL,636.45
868,28.9312,1660.448,261.212,100.0,0.0,0,0,100.0,FULL,636.45
869,28.9645,1662.87,261.78,100.0,0.0,0,0,100.0,FULL,636.45
870,28.9979,1665.296,262.34,100.0,0.0,0,0,100.0,FULL,636.45
871,29.0312,1667.727,262.895,100.0,0.0,0,0,100.0,FULL,636.45
872,29.0645,1670.164,263.442,100.0,0.0,0,0,100.0,FULL,636.45
873,29.0979,1672.606,263.983,100.0,0.0,0,0,100.0,FULL,636.45
874,29.1312,1675.052,264.517,100.0,0.0,0,0,100.0,FULL,636.45
875,29.1645,1677.504,265.045,100.0,0.0,0,0,100.0,FULL,636.45
876,29.1978,1679.96,265.566,100.0,0.0,0,0,100.0,FULL,636.45
877,29.2312,1682.421,266.081,100.0,0.0,0,0,100.0,FULL,636.45
878,29.2645,1684.887,266.59,100.0,0.0,0,0,100.0,FULL,636.45
879,29.2978,1687.358,267.092,100.0,0.0,0,0,100.0,FULL,636.45
880,29.3312,1689.833,267.589,100.0,0.0,0,0,100.0,FULL,636.45
881,29.3645,1692.312,268.079,100.0,0.0,0,0,100.0,FULL,636.45
882,29.3978,1694.797,268.563,100.0,0.0,0,0,100.0,FULL,636.45
883,29.4312,1697.286,269.041,100.0,0.0,0,0,100.0,FULL,636.45
884,29.4645,1699.779,269.513,100.0,0.0,0,0,100.0,FULL,636.45
885,29.4978,1702.276,269.979,100.0,0.0,0,0,100.0,FULL,636.45
886,29.5312,1704.778,270.438,100.0,0.0,0,0,100.0,FULL,636.45
887,29.5645,1707.284,270.892,100.0,0.0,0,0,100.0,FULL,636.45
888,29.5978,1709.794,271.34,100.0,0.0,0,0,100.0,FULL,636.45
889,29.6311,1712.308,271.782,100.0,0.0,0,0,100.0,FULL,636.45
890,29.6645,1714.827,272.217,100.0,0.0,0,0,100.0,FULL,636.45
891,29.6978,1717.349,272.647,100.0,0.0,0,0,100.0,FULL,636.45
892,29.7311,1719.875,273.07,100.0,0.0,0,0,100.0,FULL,636.45
893,29.7645,1722.405,273.487,100.0,0.0,0,0,100.0,FULL,636.45
894,29.7978,1724.939,273.897,100.0,0.0,0,0,100.0,FULL,636.45
895,29.8311,1727.477,274.3,100.0,0.0,0,0,100.0,FULL,636.45
896,29.8645,1730.018,274.698,100.0,0.0,0,0,100.0,FULL,636.45
897,29.8978,1732.564,275.087,100.0,0.0,0,0,100.0,FULL,636.45
898,29.9311,1735.113,275.469,100.0,0.0,0,0,100.0,FULL,636.45
899,29.9645,1737.665,275.845,100.0,0.0,0,0,100.0,FULL,636.45
900,29.9978,1740.22,276.213,100.0,0.0,0,0,100.0,FULL,636.45
901,30.0311,1742.779,276.573,100.0,0.0,0,0,100.0,FULL,636.45
902,30.0644,1745.342,276.925,100.0,0.0,0,0,100.0,FULL,636.45
903,30.0978,1747.907,277.269,100.0,0.0,0,0,100.0,FULL,636.45
904,30.1311,1750.476,277.605,100.0,0.0,0,0,100.0,FULL,636.45
905,30.1644,1753.048,277.932,100.0,0.0,0,0,100.0,FULL,636.45
906,30.1978,1755.622,278.25,100.0,0.0,0,0,100.0,FULL,636.45
907,30.2311,1758.2,278.56,100.0,0.0,0,0,100.0,FULL,636.45
908,30.2644,1760.78,278.861,100.0,0.0,0,0,100.0,FULL,636.45
909,30.2978,1763.364,279.153,100.0,0.0,0,0,100.0,FULL,636.45
910,30.3311,1765.949,279.437,100.0,0.0,0,0,100.0,FULL,636.45
911,30.3644,1768.538,279.71,100.0,0.0,0,0,100.0,FULL,636.45
912,30.3978,1771.129,279.975,100.0,0.0,0,0,100.0,FULL,636.45
913,30.4311,1773.722,280.232,100.0,0.0,0,0,100.0,FULL,636.45
914,30.4644,1776.318,280.48,100.0,0.0,0,0,100.0,FULL,636.45
915,30.4977,1778.916,280.719,100.0,0.0,0,0,100.0,FULL,636.45
916,30.5311,1781.516,280.951,100.0,0.0,0,0,100.0,FULL,636.45
917,30.5644,1784.118,281.176,100.0,0.0,0,0,100.0,FULL,636.45
918,30.5977,1786.723,281.392,100.0,0.0,0,0,100.0,FULL,636.45
919,30.6311,1789.329,281.602,100.0,0.0,0,0,100.0,FULL,636.45
920,30.6644,1791.937,281.807,100.0,0.0,0,0,100.0,FULL,636.45
921,30.6977,1794.547,282.005,100.0,0.0,0,0,100.0,FULL,636.45
922,30.7311,1797.159,282.198,100.0,0.0,0,0,100.0,FULL,636.45
923,30.7644,1799.772,282.388,100.0,0.0,0,0,100.0,FULL,636.45
924,30.7977,1802.385,281.989,100.0,0.0,0,0,100.0,FULL,636.45
925,30.8311,1804.994,281.652,100.0,0.0,0,0,100.0,FULL,636.45
926,30.8644,1807.603,281.866,100.0,0.0,0,0,100.0,FULL,636.45
927,30.8977,1810.213,282.073,100.0,0.0,0,0,100.0,FULL,636.45
928,30.9311,1812.826,282.261,100.0,0.0,0,0,100.0,FULL,636.45
929,30.9644,1815.44,282.449,100.0,0.0,0,0,100.0,FULL,636.45
930,30.9977,1818.056,282.637,100.0,0.0,0,0,100.0,FULL,636.45
931,31.031,1820.674,282.824,100.0,0.0,0,0,100.0,FULL,636.45
932,31.0644,1823.293,283.013,100.0,0.0,0,0,100.0,FULL,636.45
933,31.0977,1825.914,283.201,100.0,0.0,0,0,100.0,FULL,636.45
934,31.131,1828.537,283.389,100.0,0.0,0,0,100.0,FULL,636.45
935,31.1644,1831.162,283.573,100.0,0.0,0,0,100.0,FULL,636.45
936,31.1977,1833.788,283.835,100.0,0.0,0,0,100.0,FULL,636.45
937,31.231,1836.418,284.132,100.0,0.0,0,0,100.0,FULL,636.45
938,31.2644,1839.05,284.427,100.0,0.0,0,0,100.0,FULL,636.45
939,31.2977,1841.684,284.718,100.0,0.0,0,0,100.0,FULL,636.45
940,31.331,1844.322,285.005,100.0,0.0,0,0,100.0,FULL,636.45
941,31.3644,1846.962,285.289,100.0,0.0,0,0,100.0,FULL,636.45
942,31.3977,1849.604,285.57,100.0,0.0,0,0,100.0,FULL,636.45
943,31.431,1852.25,285.847,100.0,0.0,0,0,100.0,FULL,636.45
944,31.4643,1854.898,286.121,100.0,0.0,0,0,100.0,FULL,636.45
945,31.4977,1857.548,286.392,100.0,0.0,0,0,100.0,FULL,636.45
946,31.531,1860.201,286.66,100.0,0.0,0,0,100.0,FULL,636.45
947,31.5643,1862.856,286.915,100.0,0.0,0,0,100.0,FULL,636.45
948,31.5977,1865.513,287.13,100.0,0.0,0,0,100.0,FULL,636.45
949,31.631,1868.173,287.33,100.0,0.0,0,0,100.0,FULL,636.45
950,31.6643,1870.834,287.525,100.0,0.0,0,0,100.0,FULL,636.45
951,31.6977,1873.497,287.717,100.0,0.0,0,0,100.0,FULL,636.45
952,31.731,1876.161,287.903,100.0,0.0,0,0,100.0,FULL,636.45
953,31.7643,1878.828,288.081,100.0,0.0,0,0,100.0,FULL,636.45
954,31.7977,1881.496,288.251,100.0,0.0,0,0,100.0,FULL,636.45
955,31.831,1884.165,288.412,100.0,0.0,0,0,100.0,FULL,636.45
956,31.8643,1886.836,288.559,100.0,0.0,0,0,100.0,FULL,636.45
957,31.8976,1889.509,288.693,100.0,0.0,0,0,100.0,FULL,636.45
958,31.931,1892.182,288.813,100.0,0.0,0,0,100.0,FULL,636.45
959,31.9643,1894.857,288.912,100.0,0.0,0,0,100.0,FULL,636.45
960,31.9976,1897.532,288.993,100.0,0.0,0,0,100.0,FULL,636.45
961,32.031,1900.208,289.054,100.0,0.0,0,0,100.0,FULL,636.45
962,32.0643,1902.884,289.087,100.0,0.0,0,0,100.0,FULL,636.45
963,32.0976,1905.561,289.096,100.0,0.0,0,0,100.0,FULL,636.45
964,32.131,1908.237,289.077,100.0,0.0,0,0,100.0,FULL,636.45
965,32.1643,1910.914,289.025,100.0,0.0,0,0,100.0,FULL,636.45
966,32.1976,1913.589,288.941,100.0,0.0,0,0,100.0,FULL,636.45
967,32.231,1916.264,288.824,100.0,0.0,0,0,100.0,FULL,636.45
968,32.2643,1918.937,288.665,100.0,0.0,0,0,100.0,FULL,636.45
969,32.2976,1921.609,288.471,100.0,0.0,0,0,100.0,FULL,636.45
970,32.3309,1924.279,288.239,100.0,0.0,0,0,100.0,FULL,636.45
971,32.3643,1926.946,287.961,100.0,0.0,0,0,100.0,FULL,636.45
972,32.3976,1929.611,287.644,100.0,0.0,0,0,100.0,FULL,636.45
973,32.4309,1932.272,287.286,100.0,0.0,0,0,100.0,FULL,636.45
974,32.4643,1934.93,286.882,100.0,0.0,0,0,100.0,FULL,636.45
975,32.4976,1937.584,286.438,100.0,0.0,0,0,100.0,FULL,636.45
976,32.5309,1940.234,285.955,100.0,0.0,0,0,100.0,FULL,636.45
977,32.5643,1942.879,285.428,100.0,0.0,0,0,100.0,FULL,636.45
978,32.5976,1945.519,284.865,100.0,0.0,0,0,100.0,FULL,636.45
979,32.6309,1948.154,284.268,100.0,0.0,0,0,100.0,FULL,636.45
980,32.6643,1950.783,283.634,100.0,0.0,0,0,100.0,FULL,636.45
981,32.6976,1953.406,282.971,100.0,0.0,0,0,100.0,FULL,248.8
982,32.7309,1956.023,282.282,0.0,100.0,0,0,100.0,REGEN,0.0
983,32.7642,1958.633,281.562,0.0,100.0,0,0,100.0,REGEN,0.0
984,32.7976,1961.236,280.814,0.0,100.0,0,0,100.0,REGEN,0.0
985,32.8309,1963.833,280.046,0.0,100.0,0,0,100.0,REGEN,0.0
986,32.8642,1966.422,279.258,0.0,100.0,0,0,100.0,REGEN,0.0
987,32.8976,1969.001,277.835,0.0,100.0,0,0,100.0,REGEN,0.0
988,32.9309,1971.558,274.194,0.0,100.0,0,0,100.0,REGEN,0.0
989,32.9642,1974.08,270.302,0.0,100.0,0,0,100.0,REGEN,0.0
990,32.9976,1976.571,267.918,0.0,100.0,0,0,100.0,REGEN,0.0
991,33.0309,1979.047,267.071,0.0,100.0,0,0,100.0,REGEN,0.0
992,33.0642,1981.518,266.736,0.0,100.0,0,0,100.0,REGEN,0.0
993,33.0976,1983.987,266.736,0.0,100.0,0,0,100.0,REGEN,0.0
994,33.1309,1986.457,266.736,0.0,100.0,0,0,100.0,REGEN,0.0
995,33.1642,1988.926,266.736,0.0,100.0,0,0,100.0,REGEN,0.0
996,33.1976,1991.396,266.708,100.0,100.0,0,0,100.0,REGEN,387.58
997,33.2309,1993.863,266.111,100.0,0.0,0,0,100.0,FULL,636.45
998,33.2642,1996.323,265.261,0.0,100.0,0,0,100.0,REGEN,0.0
999,33.2975,1998.776,264.542,0.0,100.0,0,0,100.0,REGEN,0.0
1000,33.3309,2001.213,261.98,0.0,100.0,0,0,100.0,REGEN,0.0
1001,33.3642,2003.631,260.327,0.0,100.0,0,0,100.0,REGEN,0.0
1002,33.3975,2006.04,260.133,0.0,100.0,0,0,100.0,REGEN,0.0
1003,33.4309,2008.448,260.13,100.0,100.0,0,0,100.0,REGEN,87.03
1004,33.4642,2010.856,260.035,100.0,0.0,0,0,100.0,FULL,636.45
1005,33.4975,2013.264,260.117,100.0,0.0,0,0,100.0,FULL,636.45
1006,33.5309,2015.675,260.675,100.0,0.0,0,0,100.0,FULL,636.45
1007,33.5642,2018.09,261.191,100.0,0.0,0,0,100.0,FULL,636.45
1008,33.5975,2020.511,261.64,100.0,0.0,0,0,100.0,FULL,636.45
1009,33.6309,2022.936,262.203,100.0,0.0,0,0,100.0,FULL,636.45
1010,33.6642,2025.366,262.76,100.0,0.0,0,0,100.0,FULL,636.45
1011,33.6975,2027.801,263.31,100.0,0.0,0,0,100.0,FULL,636.45
1012,33.7308,2030.242,263.854,100.0,0.0,0,0,100.0,FULL,636.45
1013,33.7642,2032.687,264.39,100.0,0.0,0,0,100.0,FULL,636.45
1014,33.7975,2035.138,264.92,100.0,0.0,0,0,100.0,FULL,636.45
1015,33.8308,2037.593,265.444,100.0,0.0,0,0,100.0,FULL,636.45
1016,33.8642,2040.053,265.962,100.0,0.0,0,0,100.0,FULL,636.45
1017,33.8975,2042.518,266.473,100.0,0.0,0,0,100.0,FULL,636.45
1018,33.9308,2044.987,266.978,100.0,0.0,0,0,100.0,FULL,636.45
1019,33.9642,2047.461,267.477,100.0,0.0,0,0,100.0,FULL,636.45
1020,33.9975,2049.94,267.971,100.0,0.0,0,0,100.0,FULL,636.45
1021,34.0308,2052.423,268.458,100.0,0.0,0,0,100.0,FULL,636.45
1022,34.0642,2054.911,268.939,100.0,0.0,0,0,100.0,FULL,636.45
1023,34.0975,2057.403,269.414,100.0,0.0,0,0,100.0,FULL,636.45
1024,34.1308,2059.9,269.884,100.0,0.0,0,0,100.0,FULL,636.45
1025,34.1641,2062.401,270.344,100.0,0.0,0,0,100.0,FULL,636.45
1026,34.1975,2064.906,270.746,100.0,0.0,0,0,100.0,FULL,636.45
1027,34.2308,2067.414,271.132,100.0,0.0,0,0,100.0,FULL,636.45
1028,34.2641,2069.926,271.522,100.0,0.0,0,0,100.0,FULL,636.45
1029,34.2975,2072.442,271.917,100.0,0.0,0,0,100.0,FULL,636.45
1030,34.3308,2074.961,272.315,100.0,0.0,0,0,100.0,FULL,636.45
1031,34.3641,2077.485,272.714,100.0,0.0,0,0,100.0,FULL,636.45
1032,34.3975,2080.011,273.115,100.0,0.0,0,0,100.0,FULL,636.45
1033,34.4308,2082.542,273.515,100.0,0.0,0,0,100.0,FULL,636.45
1034,34.4641,2085.076,273.915,100.0,0.0,0,0,100.0,FULL,636.45
1035,34.4975,2087.614,274.314,100.0,0.0,0,0,100.0,FULL,636.45
1036,34.5308,2090.155,274.711,100.0,0.0,0,0,100.0,FULL,636.45
1037,34.5641,2092.701,275.105,100.0,0.0,0,0,100.0,FULL,636.45
1038,34.5974,2095.25,275.497,100.0,0.0,0,0,100.0,FULL,636.45
1039,34.6308,2097.802,275.887,100.0,0.0,0,0,100.0,FULL,636.45
1040,34.6641,2100.358,276.273,100.0,0.0,0,0,100.0,FULL,636.45
1041,34.6974,2102.918,276.655,100.0,0.0,0,0,100.0,FULL,636.45
1042,34.7308,2105.481,277.034,100.0,0.0,0,0,100.0,FULL,636.45
1043,34.7641,2108.048,277.41,100.0,0.0,0,0,100.0,FULL,636.45
1044,34.7974,2110.618,277.781,100.0,0.0,0,0,100.0,FULL,636.45
1045,34.8308,2113.192,278.148,100.0,0.0,0,0,100.0,FULL,636.45
1046,34.8641,2115.768,278.512,100.0,0.0,0,0,100.0,FULL,636.45
1047,34.8974,2118.349,278.872,100.0,0.0,0,0,100.0,FULL,636.45
1048,34.9308,2120.932,279.227,100.0,0.0,0,0,100.0,FULL,636.45
1049,34.9641,2123.519,279.579,100.0,0.0,0,0,100.0,FULL,636.45
1050,34.9974,2126.109,279.927,100.0,0.0,0,0,100.0,FULL,636.45
1051,35.0307,2128.703,280.27,100.0,0.0,0,0,100.0,FULL,636.45
1052,35.0641,2131.299,280.609,100.0,0.0,0,0,100.0,FULL,636.45
1053,35.0974,2133.899,280.945,100.0,0.0,0,0,100.0,FULL,636.45
1054,35.1307,2136.501,281.277,100.0,0.0,0,0,100.0,FULL,636.45
1055,35.1641,2139.107,281.605,100.0,0.0,0,0,100.0,FULL,636.45
1056,35.1974,2141.716,281.929,100.0,0.0,0,0,100.0,FULL,636.45
1057,35.2307,2144.328,282.249,100.0,0.0,0,0,100.0,FULL,636.45
1058,35.2641,2146.942,282.565,100.0,0.0,0,0,100.0,FULL,636.45
1059,35.2974,2149.56,282.878,100.0,0.0,0,0,100.0,FULL,636.45
1060,35.3307,2152.18,283.187,100.0,0.0,0,0,100.0,FULL,636.45
1061,35.3641,2154.804,283.492,100.0,0.0,0,0,100.0,FULL,636.45
1062,35.3974,2157.43,283.794,100.0,0.0,0,0,100.0,FULL,636.45
1063,35.4307,2160.059,284.092,100.0,0.0,0,0,100.0,FULL,636.45
1064,35.4641,2162.69,284.386,100.0,0.0,0,0,100.0,FULL,636.45
1065,35.4974,2165.325,284.677,100.0,0.0,0,0,100.0,FULL,636.45
1066,35.5307,2167.962,284.965,100.0,0.0,0,0,100.0,FULL,636.45
1067,35.564,2170.602,285.249,100.0,0.0,0,0,100.0,FULL,636.45
1068,35.5974,2173.244,285.53,100.0,0.0,0,0,100.0,FULL,636.45
1069,35.6307,2175.889,285.808,100.0,0.0,0,0,100.0,FULL,636.45
1070,35.664,2178.536,286.082,100.0,0.0,0,0,100.0,FULL,636.45
1071,35.6974,2181.186,286.353,100.0,0.0,0,0,100.0,FULL,636.45
1072,35.7307,2183.839,286.621,100.0,0.0,0,0,100.0,FULL,636.45
1073,35.764,2186.493,286.885,100.0,0.0,0,0,100.0,FULL,636.45
1074,35.7974,2189.151,287.147,100.0,0.0,0,0,100.0,FULL,636.45
1075,35.8307,2191.811,287.405,100.0,0.0,0,0,100.0,FULL,636.45
1076,35.864,2194.473,287.66,100.0,0.0,0,0,100.0,FULL,636.45
1077,35.8974,2197.137,287.911,100.0,0.0,0,0,100.0,FULL,636.45
1078,35.9307,2199.804,288.16,100.0,0.0,0,0,100.0,FULL,636.45
1079,35.964,2202.473,288.405,100.0,0.0,0,0,100.0,FULL,636.45
1080,35.9973,2205.145,288.647,100.0,0.0,0,0,100.0,FULL,636.45
1081,36.0307,2207.818,288.885,100.0,0.0,0,0,100.0,FULL,636.45
1082,36.064,2210.494,289.12,100.0,0.0,0,0,100.0,FULL,636.45
1083,36.0973,2213.172,289.351,100.0,0.0,0,0,100.0,FULL,636.45
1084,36.1307,2215.852,289.578,100.0,0.0,0,0,100.0,FULL,636.45
1085,36.164,2218.534,289.801,100.0,0.0,0,0,100.0,FULL,636.45
1086,36.1973,2221.218,290.02,100.0,0.0,0,0,100.0,FULL,636.45
1087,36.2307,2223.904,290.234,100.0,0.0,0,0,100.0,FULL,636.45
1088,36.264,2226.592,290.442,100.0,0.0,0,0,100.0,FULL,636.45
1089,36.2973,2229.282,290.645,100.0,0.0,0,0,100.0,FULL,636.45
1090,36.3307,2231.974,290.841,100.0,0.0,0,0,100.0,FULL,636.45
1091,36.364,2234.668,291.029,100.0,0.0,0,0,100.0,FULL,636.45
1092,36.3973,2237.363,291.21,100.0,0.0,0,0,100.0,FULL,636.45
1093,36.4306,2240.06,291.381,100.0,0.0,0,0,100.0,FULL,636.45
1094,36.464,2242.759,291.541,100.0,0.0,0,0,100.0,FULL,636.45
1095,36.4973,2245.459,291.69,100.0,0.0,0,0,100.0,FULL,636.45
1096,36.5306,2248.16,291.825,100.0,0.0,0,0,100.0,FULL,636.45
1097,36.564,2250.862,291.943,100.0,0.0,0,0,100.0,FULL,636.45
1098,36.5973,2253.566,292.045,100.0,0.0,0,0,100.0,FULL,636.45
1099,36.6306,2256.27,292.128,100.0,0.0,0,0,100.0,FULL,636.45
1100,36.664,2258.975,292.186,100.0,0.0,0,0,100.0,FULL,636.45
1101,36.6973,2261.68,292.221,100.0,0.0,0,0,100.0,FULL,636.45
1102,36.7306,2264.386,292.227,100.0,0.0,0,0,100.0,FULL,636.45
1103,36.764,2267.092,292.2,100.0,0.0,0,0,100.0,FULL,636.45
1104,36.7973,2269.797,292.141,100.0,0.0,0,0,100.0,FULL,636.45
1105,36.8306,2272.501,292.041,100.0,0.0,0,0,100.0,FULL,636.45
1106,36.8639,2275.204,291.899,100.0,0.0,0,0,100.0,FULL,636.45
1107,36.8973,2277.906,291.714,100.0,0.0,0,0,100.0,FULL,636.45
1108,36.9306,2280.606,291.475,100.0,0.0,0,0,100.0,FULL,636.45
1109,36.9639,2283.303,291.183,100.0,0.0,0,0,100.0,FULL,636.45
1110,36.9973,2285.997,290.836,100.0,0.0,0,0,100.0,FULL,636.45
1111,37.0306,2288.688,290.422,100.0,0.0,0,0,100.0,FULL,636.45
1112,37.0639,2291.375,289.945,100.0,0.0,0,0,100.0,FULL,636.45
1113,37.0973,2294.057,289.404,100.0,0.0,0,0,100.0,FULL,636.45
1114,37.1306,2296.733,288.783,100.0,0.0,0,0,100.0,FULL,636.45
1115,37.1639,2299.404,288.092,100.0,0.0,0,0,100.0,FULL,636.45
1116,37.1973,2302.068,287.329,100.0,0.0,0,0,100.0,FULL,636.45
1117,37.2306,2304.724,286.48,100.0,0.0,0,0,100.0,FULL,636.45
1118,37.2639,2307.372,285.554,100.0,0.0,0,0,100.0,FULL,636.45
1119,37.2972,2310.012,284.554,100.0,0.0,0,0,100.0,FULL,636.45
1120,37.3306,2312.641,283.468,100.0,0.0,0,0,100.0,FULL,636.45
1121,37.3639,2315.26,282.305,100.0,0.0,0,0,100.0,FULL,636.45
1122,37.3972,2317.868,281.068,100.0,0.0,0,0,100.0,FULL,636.45
1123,37.4306,2320.465,279.755,100.0,0.0,0,0,100.0,FULL,636.45
1124,37.4639,2323.048,278.367,100.0,0.0,0,0,100.0,FULL,636.45
1125,37.4972,2325.619,276.914,100.0,0.0,0,0,100.0,FULL,203.67
1126,37.5306,2328.176,275.396,0.0,100.0,0,0,100.0,REGEN,0.0
1127,37.5639,2330.718,273.791,0.0,100.0,0,0,100.0,REGEN,0.0
1128,37.5972,2333.245,272.101,0.0,100.0,0,0,100.0,REGEN,0.0
1129,37.6306,2335.756,270.331,0.0,100.0,0,0,100.0,REGEN,0.0
1130,37.6639,2338.251,268.483,0.0,100.0,0,0,100.0,REGEN,0.0
1131,37.6972,2340.728,266.554,0.0,100.0,0,0,100.0,REGEN,0.0
1132,37.7305,2343.186,264.556,0.0,100.0,0,0,100.0,REGEN,0.0
1133,37.7639,2345.625,262.499,0.0,100.0,0,0,100.0,REGEN,0.0
1134,37.7972,2348.046,260.163,0.0,100.0,0,0,100.0,REGEN,0.0
1135,37.8305,2350.441,256.794,0.0,100.0,0,0,100.0,REGEN,0.0
1136,37.8639,2352.8,253.214,0.0,100.0,0,0,100.0,REGEN,0.0
1137,37.8972,2355.128,249.932,0.0,100.0,0,0,100.0,REGEN,0.0
1138,37.9305,2357.431,247.507,0.0,100.0,0,0,100.0,REGEN,0.0
1139,37.9639,2359.716,246.277,0.0,100.0,0,0,100.0,REGEN,0.0
1140,37.9972,2361.993,245.511,0.0,100.0,0,0,100.0,REGEN,0.0
1141,38.0305,2364.263,244.74,0.0,100.0,0,0,100.0,REGEN,0.0
1142,38.0639,2366.52,242.665,0.0,100.0,0,0,100.0,REGEN,0.0
1143,38.0972,2368.746,238.277,0.0,100.0,0,0,100.0,REGEN,0.0
1144,38.1305,2370.925,232.674,0.0,100.0,0,0,100.0,REGEN,0.0
1145,38.1639,2373.052,227.068,0.0,100.0,0,0,100.0,REGEN,0.0
1146,38.1972,2375.13,221.84,0.0,100.0,0,0,100.0,REGEN,0.0
1147,38.2305,2377.167,218.417,0.0,100.0,0,0,100.0,REGEN,0.0
1148,38.2638,2379.187,217.972,0.0,100.0,0,0,100.0,REGEN,0.0
1149,38.2972,2381.206,217.972,0.0,100.0,0,0,100.0,REGEN,0.0
1150,38.3305,2383.224,217.972,0.0,100.0,0,0,100.0,REGEN,0.0
1151,38.3638,2385.242,217.972,0.0,100.0,0,0,100.0,REGEN,0.0
1152,38.3972,2387.26,217.972,0.0,100.0,0,0,100.0,REGEN,0.0
1153,38.4305,2389.278,217.968,0.0,100.0,0,0,100.0,REGEN,0.0
1154,38.4638,2391.295,217.691,0.0,100.0,0,0,100.0,REGEN,0.0
1155,38.4972,2393.301,215.6,0.0,100.0,0,0,100.0,REGEN,0.0
1156,38.5305,2395.278,211.472,0.0,100.0,0,0,100.0,REGEN,0.0
1157,38.5638,2397.222,208.558,0.0,100.0,0,0,100.0,REGEN,0.0
1158,38.5972,2399.147,207.146,0.0,100.0,0,0,100.0,REGEN,0.0
1159,38.6305,2401.062,206.581,0.0,100.0,0,0,100.0,REGEN,0.0
1160,38.6638,2402.97,205.684,0.0,100.0,0,0,100.0,REGEN,0.0
1161,38.6971,2404.866,203.77,0.0,100.0,0,0,100.0,REGEN,0.0
1162,38.7305,2406.745,202.003,0.0,100.0,0,0,100.0,REGEN,0.0
1163,38.7638,2408.613,201.493,0.0,100.0,0,0,100.0,REGEN,0.0
1164,38.7971,2410.479,201.493,0.0,100.0,0,0,100.0,REGEN,0.0
1165,38.8305,2412.344,201.493,0.0,100.0,0,0,100.0,REGEN,0.0
1166,38.8638,2414.21,201.484,100.0,100.0,0,0,100.0,REGEN,502.18
1167,38.8971,2416.074,201.276,100.0,0.0,0,0,100.0,FULL,636.45
1168,38.9305,2417.938,201.273,100.0,0.0,0,0,100.0,FULL,636.45
1169,38.9638,2419.802,201.389,100.0,0.0,0,0,100.0,FULL,636.45
1170,38.9971,2421.667,201.505,100.0,0.0,0,0,100.0,FULL,636.45
1171,39.0305,2423.533,201.62,100.0,0.0,0,0,100.0,FULL,636.45
1172,39.0638,2425.4,201.736,100.0,0.0,0,0,100.0,FULL,636.45
1173,39.0971,2427.269,201.852,100.0,0.0,0,0,100.0,FULL,636.45
1174,39.1304,2429.138,201.967,100.0,0.0,0,0,100.0,FULL,636.45
1175,39.1638,2431.009,202.083,100.0,0.0,0,0,100.0,FULL,636.45
1176,39.1971,2432.88,202.199,100.0,0.0,0,0,100.0,FULL,636.45
1177,39.2304,2434.753,202.315,100.0,0.0,0,0,100.0,FULL,636.45
1178,39.2638,2436.626,202.432,100.0,0.0,0,0,100.0,FULL,636.45
1179,39.2971,2438.501,202.548,100.0,0.0,0,0,100.0,FULL,109.76
1180,39.3304,2440.377,202.664,0.0,100.0,0,0,100.0,REGEN,0.0
1181,39.3638,2442.254,202.781,0.0,100.0,0,0,100.0,REGEN,0.0
1182,39.3971,2444.132,202.897,0.0,100.0,0,0,100.0,REGEN,0.0
1183,39.4304,2446.011,203.014,0.0,100.0,0,0,100.0,REGEN,0.0
1184,39.4638,2447.891,203.13,0.0,100.0,0,0,100.0,REGEN,0.0
1185,39.4971,2449.773,203.247,0.0,100.0,0,0,100.0,REGEN,0.0
1186,39.5304,2451.655,203.364,0.0,100.0,0,0,100.0,REGEN,0.0
1187,39.5637,2453.538,203.481,100.0,100.0,0,0,100.0,REGEN,181.11
1188,39.5971,2455.423,203.648,100.0,0.0,0,0,100.0,FULL,636.45
1189,39.6304,2457.31,203.998,100.0,0.0,0,0,100.0,FULL,636.45
1190,39.6637,2459.201,204.466,100.0,0.0,0,0,100.0,FULL,636.45
1191,39.6971,2461.096,205.046,100.0,0.0,0,0,100.0,FULL,636.45
1192,39.7304,2462.997,205.506,100.0,0.0,0,0,100.0,FULL,636.45
1193,39.7637,2464.902,205.967,100.0,0.0,0,0,100.0,FULL,636.45
1194,39.7971,2466.811,206.43,100.0,0.0,0,0,100.0,FULL,636.45
1195,39.8304,2468.724,206.893,100.0,0.0,0,0,100.0,FULL,636.45
1196,39.8637,2470.642,207.358,100.0,0.0,0,0,100.0,FULL,636.45
1197,39.8971,2472.564,207.824,100.0,0.0,0,0,100.0,FULL,636.45
1198,39.9304,2474.491,208.291,100.0,0.0,0,0,100.0,FULL,636.45
1199,39.9637,2476.421,208.759,100.0,0.0,0,0,100.0,FULL,636.45
1200,39.997,2478.356,209.228,100.0,0.0,0,0,100.0,FULL,195.68
1201,40.0304,2480.296,209.697,0.0,100.0,0,0,100.0,REGEN,0.0
1202,40.0637,2482.239,210.168,0.0,100.0,0,0,100.0,REGEN,0.0
1203,40.097,2484.187,210.64,0.0,100.0,0,0,100.0,REGEN,0.0
1204,40.1304,2486.14,211.112,0.0,100.0,0,0,100.0,REGEN,0.0
1205,40.1637,2488.097,211.584,0.0,100.0,0,0,100.0,REGEN,0.0
1206,40.197,2490.058,212.057,0.0,100.0,0,0,100.0,REGEN,0.0
1207,40.2304,2492.023,212.529,100.0,100.0,0,0,100.0,REGEN,328.85
1208,40.2637,2493.995,213.364,100.0,0.0,0,0,100.0,FULL,636.45
1209,40.297,2495.976,214.543,100.0,0.0,0,0,100.0,FULL,636.45
1210,40.3304,2497.967,215.707,100.0,0.0,0,0,100.0,FULL,636.45
1211,40.3637,2499.97,216.855,100.0,0.0,0,0,100.0,FULL,636.45
1212,40.397,2501.983,217.988,100.0,0.0,0,0,100.0,FULL,636.45
1213,40.4304,2504.006,219.105,100.0,0.0,0,0,100.0,FULL,636.45
1214,40.4637,2506.04,220.207,100.0,0.0,0,0,100.0,FULL,636.45
1215,40.497,2508.084,221.294,100.0,0.0,0,0,100.0,FULL,636.45
1216,40.5303,2510.138,222.365,100.0,0.0,0,0,100.0,FULL,636.45
1217,40.5637,2512.201,223.385,100.0,0.0,0,0,100.0,FULL,636.45
1218,40.597,2514.274,224.339,100.0,0.0,0,0,100.0,FULL,636.45
1219,40.6303,2516.355,225.292,100.0,0.0,0,0,100.0,FULL,636.45
1220,40.6637,2518.446,226.288,100.0,0.0,0,0,100.0,FULL,636.45
1221,40.697,2520.545,227.295,100.0,0.0,0,0,100.0,FULL,636.45
1222,40.7303,2522.654,228.289,100.0,0.0,0,0,100.0,FULL,636.45
1223,40.7637,2524.772,229.203,100.0,0.0,0,0,100.0,FULL,636.45
1224,40.797,2526.898,230.053,100.0,0.0,0,0,100.0,FULL,636.45
1225,40.8303,2529.032,230.893,100.0,0.0,0,0,100.0,FULL,636.45
1226,40.8637,2531.173,231.736,100.0,0.0,0,0,100.0,FULL,636.45
1227,40.897,2533.323,232.58,100.0,0.0,0,0,100.0,FULL,636.45
1228,40.9303,2535.48,233.423,100.0,0.0,0,0,100.0,FULL,636.45
1229,40.9636,2537.645,234.266,100.0,0.0,0,0,100.0,FULL,636.45
1230,40.997,2539.818,235.106,100.0,0.0,0,0,100.0,FULL,636.45
1231,41.0303,2541.999,235.944,100.0,0.0,0,0,100.0,FULL,636.45
1232,41.0636,2544.187,236.778,100.0,0.0,0,0,100.0,FULL,636.45
1233,41.097,2546.384,237.609,100.0,0.0,0,0,100.0,FULL,636.45
1234,41.1303,2548.587,238.434,100.0,0.0,0,0,100.0,FULL,636.45
1235,41.1636,2550.799,239.254,100.0,0.0,0,0,100.0,FULL,636.45
1236,41.197,2553.017,240.068,100.0,0.0,0,0,100.0,FULL,636.45
1237,41.2303,2555.243,240.876,100.0,0.0,0,0,100.0,FULL,636.45
1238,41.2636,2557.477,241.677,100.0,0.0,0,0,100.0,FULL,636.45
1239,41.297,2559.719,242.47,100.0,0.0,0,0,100.0,FULL,636.45
1240,41.3303,2561.967,243.256,100.0,0.0,0,0,100.0,FULL,636.45
1241,41.3636,2564.223,244.034,100.0,0.0,0,0,100.0,FULL,636.45
1242,41.3969,2566.486,244.804,100.0,0.0,0,0,100.0,FULL,636.45
1243,41.4303,2568.756,245.567,100.0,0.0,0,0,100.0,FULL,636.45
1244,41.4636,2571.033,246.321,100.0,0.0,0,0,100.0,FULL,636.45
1245,41.4969,2573.317,247.067,100.0,0.0,0,0,100.0,FULL,636.45
1246,41.5303,2575.608,247.804,100.0,0.0,0,0,100.0,FULL,636.45
1247,41.5636,2577.906,248.533,100.0,0.0,0,0,100.0,FULL,636.45
1248,41.5969,2580.21,249.253,100.0,0.0,0,0,100.0,FULL,636.45
1249,41.6303,2582.522,249.965,100.0,0.0,0,0,100.0,FULL,636.45
1250,41.6636,2584.839,250.669,100.0,0.0,0,0,100.0,FULL,636.45
1251,41.6969,2587.163,251.364,100.0,0.0,0,0,100.0,FULL,636.45
1252,41.7303,2589.493,252.052,100.0,0.0,0,0,100.0,FULL,636.45
1253,41.7636,2591.83,252.73,100.0,0.0,0,0,100.0,FULL,636.45
1254,41.7969,2594.173,253.401,100.0,0.0,0,0,100.0,FULL,636.45
1255,41.8302,2596.523,254.063,100.0,0.0,0,0,100.0,FULL,636.45
1256,41.8636,2598.878,254.718,100.0,0.0,0,0,100.0,FULL,636.45
1257,41.8969,2601.239,255.365,100.0,0.0,0,0,100.0,FULL,636.45
1258,41.9302,2603.606,256.004,100.0,0.0,0,0,100.0,FULL,636.45
1259,41.9636,2605.98,256.635,100.0,0.0,0,0,100.0,FULL,636.45
1260,41.9969,2608.359,257.258,100.0,0.0,0,0,100.0,FULL,636.45
1261,42.0302,2610.743,257.874,100.0,0.0,0,0,100.0,FULL,636.45
1262,42.0636,2613.133,258.482,100.0,0.0,0,0,100.0,FULL,636.45
1263,42.0969,2615.529,259.084,100.0,0.0,0,0,100.0,FULL,636.45
1264,42.1302,2617.931,259.677,100.0,0.0,0,0,100.0,FULL,636.45
1265,42.1636,2620.338,260.263,100.0,0.0,0,0,100.0,FULL,636.45
1266,42.1969,2622.75,260.843,100.0,0.0,0,0,100.0,FULL,636.45
1267,42.2302,2625.168,261.415,100.0,0.0,0,0,100.0,FULL,636.45
1268,42.2635,2627.591,261.981,100.0,0.0,0,0,100.0,FULL,636.45
1269,42.2969,2630.019,262.539,100.0,0.0,0,0,100.0,FULL,636.45
1270,42.3302,2632.452,263.091,100.0,0.0,0,0,100.0,FULL,636.45
1271,42.3635,2634.891,263.636,100.0,0.0,0,0,100.0,FULL,636.45
1272,42.3969,2637.334,264.175,100.0,0.0,0,0,100.0,FULL,636.45
1273,42.4302,2639.782,264.707,100.0,0.0,0,0,100.0,FULL,636.45
1274,42.4635,2642.236,265.233,100.0,0.0,0,0,100.0,FULL,636.45
1275,42.4969,2644.694,265.752,100.0,0.0,0,0,100.0,FULL,636.45
1276,42.5302,2647.157,266.266,100.0,0.0,0,0,100.0,FULL,636.45
1277,42.5635,2649.624,266.773,100.0,0.0,0,0,100.0,FULL,636.45
1278,42.5969,2652.097,267.273,100.0,0.0,0,0,100.0,FULL,636.45
1279,42.6302,2654.573,267.768,100.0,0.0,0,0,100.0,FULL,636.45
1280,42.6635,2657.055,268.257,100.0,0.0,0,0,100.0,FULL,636.45
1281,42.6968,2659.54,268.741,100.0,0.0,0,0,100.0,FULL,636.45
1282,42.7302,2662.031,269.218,100.0,0.0,0,0,100.0,FULL,636.45
1283,42.7635,2664.526,269.689,100.0,0.0,0,0,100.0,FULL,636.45
1284,42.7968,2667.025,270.155,100.0,0.0,0,0,100.0,FULL,636.45
1285,42.8302,2669.528,270.616,100.0,0.0,0,0,100.0,FULL,636.45
1286,42.8635,2672.036,271.07,100.0,0.0,0,0,100.0,FULL,636.45
1287,42.8968,2674.548,271.519,100.0,0.0,0,0,100.0,FULL,636.45
1288,42.9302,2677.064,271.964,100.0,0.0,0,0,100.0,FULL,636.45
1289,42.9635,2679.584,272.403,100.0,0.0,0,0,100.0,FULL,636.45
1290,42.9968,2682.108,272.836,100.0,0.0,0,0,100.0,FULL,636.45
1291,43.0302,2684.636,273.264,100.0,0.0,0,0,100.0,FULL,636.45
1292,43.0635,2687.168,273.687,100.0,0.0,0,0,100.0,FULL,636.45
1293,43.0968,2689.704,274.105,100.0,0.0,0,0,100.0,FULL,636.45
1294,43.1302,2692.244,274.518,100.0,0.0,0,0,100.0,FULL,636.45
1295,43.1635,2694.787,274.927,100.0,0.0,0,0,100.0,FULL,636.45
1296,43.1968,2697.334,275.33,100.0,0.0,0,0,100.0,FULL,636.45
1297,43.2301,2699.885,275.729,100.0,0.0,0,0,100.0,FULL,636.45
1298,43.2635,2702.44,276.122,100.0,0.0,0,0,100.0,FULL,636.45
1299,43.2968,2704.998,276.512,100.0,0.0,0,0,100.0,FULL,636.45
1300,43.3301,2707.56,276.896,100.0,0.0,0,0,100.0,FULL,636.45
1301,43.3635,2710.126,277.276,100.0,0.0,0,0,100.0,FULL,636.45
1302,43.3968,2712.695,277.651,100.0,0.0,0,0,100.0,FULL,636.45
1303,43.4301,2715.267,278.022,100.0,0.0,0,0,100.0,FULL,636.45
1304,43.4635,2717.843,278.389,100.0,0.0,0,0,100.0,FULL,636.45
1305,43.4968,2720.422,278.751,100.0,0.0,0,0,100.0,FULL,636.45
1306,43.5301,2723.004,279.109,100.0,0.0,0,0,100.0,FULL,636.45
1307,43.5635,2725.59,279.463,100.0,0.0,0,0,100.0,FULL,636.45
1308,43.5968,2728.179,279.812,100.0,0.0,0,0,100.0,FULL,636.45
1309,43.6301,2730.771,280.157,100.0,0.0,0,0,100.0,FULL,636.45
1310,43.6634,2733.367,280.498,100.0,0.0,0,0,100.0,FULL,636.45
1311,43.6968,2735.965,280.834,100.0,0.0,0,0,100.0,FULL,636.45
1312,43.7301,2738.567,281.166,100.0,0.0,0,0,100.0,FULL,636.45
1313,43.7634,2741.172,281.495,100.0,0.0,0,0,100.0,FULL,636.45
1314,43.7968,2743.779,281.818,100.0,0.0,0,0,100.0,FULL,636.45
1315,43.8301,2746.39,282.137,100.0,0.0,0,0,100.0,FULL,636.45
1316,43.8634,2749.004,282.452,100.0,0.0,0,0,100.0,FULL,636.45
1317,43.8968,2751.62,282.762,100.0,0.0,0,0,100.0,FULL,636.45
1318,43.9301,2754.24,283.067,100.0,0.0,0,0,100.0,FULL,636.45
1319,43.9634,2756.862,283.367,100.0,0.0,0,0,100.0,FULL,636.45
1320,43.9968,2759.487,283.662,100.0,0.0,0,0,100.0,FULL,636.45
1321,44.0301,2762.115,283.95,100.0,0.0,0,0,100.0,FULL,636.45
1322,44.0634,2764.745,284.232,100.0,0.0,0,0,100.0,FULL,636.45
1323,44.0967,2767.378,284.507,100.0,0.0,0,0,100.0,FULL,636.45
1324,44.1301,2770.013,284.774,100.0,0.0,0,0,100.0,FULL,636.45
1325,44.1634,2772.651,285.033,100.0,0.0,0,0,100.0,FULL,636.45
1326,44.1967,2775.291,285.282,100.0,0.0,0,0,100.0,FULL,636.45
1327,44.2301,2777.933,285.519,100.0,0.0,0,0,100.0,FULL,636.45
1328,44.2634,2780.578,285.743,100.0,0.0,0,0,100.0,FULL,636.45
1329,44.2967,2783.225,285.954,100.0,0.0,0,0,100.0,FULL,636.45
1330,44.3301,2785.873,286.148,100.0,0.0,0,0,100.0,FULL,636.45
1331,44.3634,2788.523,286.322,100.0,0.0,0,0,100.0,FULL,636.45
1332,44.3967,2791.175,286.476,100.0,0.0,0,0,100.0,FULL,636.45
1333,44.4301,2793.828,286.605,100.0,0.0,0,0,100.0,FULL,636.45
1334,44.4634,2796.482,286.705,100.0,0.0,0,0,100.0,FULL,636.45
1335,44.4967,2799.137,286.776,100.0,0.0,0,0,100.0,FULL,636.45
1336,44.53,2801.792,286.81,100.0,0.0,0,0,100.0,FULL,636.45
1337,44.5634,2804.447,286.802,100.0,0.0,0,0,100.0,FULL,636.45
1338,44.5967,2807.102,286.752,100.0,0.0,0,0,100.0,FULL,636.45
1339,44.63,2809.757,286.652,100.0,0.0,0,0,100.0,FULL,636.45
1340,44.6634,2812.41,286.492,100.0,0.0,0,0,100.0,FULL,636.45
1341,44.6967,2815.062,286.275,100.0,0.0,0,0,100.0,FULL,636.45
1342,44.73,2817.711,285.992,100.0,0.0,0,0,100.0,FULL,636.45
1343,44.7634,2820.357,285.629,100.0,0.0,0,0,100.0,FULL,636.45
1344,44.7967,2823.0,285.191,100.0,0.0,0,0,100.0,FULL,636.45
1345,44.83,2825.638,284.672,100.0,0.0,0,0,100.0,FULL,636.45
1346,44.8634,2828.27,284.051,100.0,0.0,0,0,100.0,FULL,636.45
1347,44.8967,2830.897,283.338,100.0,0.0,0,0,100.0,FULL,636.45
1348,44.93,2833.517,282.529,100.0,0.0,0,0,100.0,FULL,636.45
1349,44.9633,2836.128,281.6,100.0,0.0,0,0,100.0,FULL,636.45
1350,44.9967,2838.731,280.563,100.0,0.0,0,0,100.0,FULL,636.45
1351,45.03,2841.323,279.417,100.0,0.0,0,0,100.0,FULL,636.45
1352,45.0633,2843.904,278.147,100.0,0.0,0,0,100.0,FULL,636.45
1353,45.0967,2846.473,276.753,100.0,0.0,0,0,100.0,FULL,636.45
1354,45.13,2849.028,275.244,100.0,0.0,0,0,100.0,FULL,636.45
1355,45.1633,2851.57,273.62,100.0,0.0,0,0,100.0,FULL,636.45
1356,45.1967,2854.094,271.861,100.0,0.0,0,0,100.0,FULL,636.45
1357,45.23,2856.603,269.988,100.0,0.0,0,0,100.0,FULL,636.45
1358,45.2633,2859.093,268.005,100.0,0.0,0,0,100.0,FULL,636.45
1359,45.2967,2861.566,265.915,100.0,0.0,0,0,100.0,FULL,636.45
1360,45.33,2864.017,263.707,100.0,0.0,0,0,100.0,FULL,636.45
1361,45.3633,2866.447,261.402,100.0,0.0,0,0,100.0,FULL,368.18
1362,45.3967,2868.856,258.996,0.0,100.0,0,0,100.0,REGEN,0.0
1363,45.43,2871.243,256.46,0.0,100.0,0,0,100.0,REGEN,0.0
1364,45.4633,2873.607,253.782,0.0,100.0,0,0,100.0,REGEN,0.0
1365,45.4966,2875.942,250.942,0.0,100.0,0,0,100.0,REGEN,0.0
1366,45.53,2878.251,247.963,0.0,100.0,0,0,100.0,REGEN,0.0
1367,45.5633,2880.532,244.847,0.0,100.0,0,0,100.0,REGEN,0.0
1368,45.5966,2882.784,241.6,0.0,100.0,0,0,100.0,REGEN,0.0
1369,45.63,2885.005,238.229,0.0,100.0,0,0,100.0,REGEN,0.0
1370,45.6633,2887.195,234.742,0.0,100.0,0,0,100.0,REGEN,0.0
1371,45.6966,2889.353,231.147,0.0,100.0,0,0,100.0,REGEN,0.0
1372,45.73,2891.476,227.455,0.0,100.0,0,0,100.0,REGEN,0.0
1373,45.7633,2893.562,223.03,0.0,100.0,0,0,100.0,REGEN,0.0
1374,45.7966,2895.603,217.719,0.0,100.0,0,0,100.0,REGEN,0.0
1375,45.83,2897.595,212.524,0.0,100.0,0,0,100.0,REGEN,0.0
1376,45.8633,2899.538,207.475,0.0,100.0,0,0,100.0,REGEN,0.0
1377,45.8966,2901.435,202.568,0.0,100.0,0,0,100.0,REGEN,0.0
1378,45.9299,2903.287,197.799,0.0,100.0,0,0,100.0,REGEN,0.0
1379,45.9633,2905.096,193.168,0.0,100.0,0,0,100.0,REGEN,0.0
1380,45.9966,2906.862,188.676,0.0,100.0,0,0,100.0,REGEN,0.0
1381,46.0299,2908.588,184.301,0.0,100.0,0,0,100.0,REGEN,0.0
1382,46.0633,2910.275,180.047,0.0,100.0,0,0,100.0,REGEN,0.0
1383,46.0966,2911.926,175.934,0.0,100.0,0,0,100.0,REGEN,0.0
1384,46.1299,2913.538,171.973,0.0,100.0,0,0,100.0,REGEN,0.0
1385,46.1633,2915.108,168.164,0.0,100.0,0,0,100.0,REGEN,0.0
1386,46.1966,2916.647,164.468,0.0,100.0,0,0,100.0,REGEN,0.0
1387,46.2299,2918.155,160.878,0.0,100.0,0,0,100.0,REGEN,0.0
1388,46.2633,2919.632,157.398,0.0,100.0,0,0,100.0,REGEN,0.0
1389,46.2966,2921.068,154.058,0.0,100.0,0,0,100.0,REGEN,0.0
1390,46.3299,2922.479,150.821,0.0,100.0,0,0,100.0,REGEN,0.0
1391,46.3632,2923.867,147.682,0.0,100.0,0,0,100.0,REGEN,0.0
1392,46.3966,2925.215,144.739,0.0,100.0,0,0,100.0,REGEN,0.0
1393,46.4299,2926.541,141.896,0.0,100.0,0,0,100.0,REGEN,0.0
1394,46.4632,2927.849,139.14,0.0,100.0,0,0,100.0,REGEN,0.0
1395,46.4966,2929.12,136.84,0.0,100.0,0,0,100.0,REGEN,0.0
1396,46.5299,2930.379,134.588,0.0,100.0,0,0,100.0,REGEN,0.0
1397,46.5632,2931.615,132.402,0.0,100.0,0,0,100.0,REGEN,0.0
1398,46.5966,2932.828,130.209,0.0,100.0,0,0,100.0,REGEN,0.0
1399,46.6299,2934.03,128.014,0.0,100.0,0,0,100.0,REGEN,0.0
1400,46.6632,2935.199,125.977,0.0,100.0,0,0,100.0,REGEN,0.0
1401,46.6966,2936.36,123.979,0.0,100.0,0,0,100.0,REGEN,0.0
1402,46.7299,2937.496,122.101,0.0,100.0,0,0,100.0,REGEN,0.0
1403,46.7632,2938.619,120.289,0.0,100.0,0,0,100.0,REGEN,0.0
1404,46.7965,2939.725,118.566,0.0,100.0,0,0,100.0,REGEN,0.0
1405,46.8299,2940.815,116.937,0.0,100.0,0,0,100.0,REGEN,0.0
1406,46.8632,2941.891,115.382,0.0,100.0,0,0,100.0,REGEN,0.0
1407,46.8965,2942.952,113.948,0.0,100.0,0,0,100.0,REGEN,0.0
1408,46.9299,2944.002,112.583,0.0,100.0,0,0,100.0,REGEN,0.0
1409,46.9632,2945.038,111.381,0.0,100.0,0,0,100.0,REGEN,0.0
1410,46.9965,2946.065,110.264,0.0,100.0,0,0,100.0,REGEN,0.0
1411,47.0299,2947.081,109.282,0.0,100.0,0,0,100.0,REGEN,0.0
1412,47.0632,2948.089,108.383,0.0,100.0,0,0,100.0,REGEN,0.0
1413,47.0965,2949.087,107.422,0.0,100.0,0,0,100.0,REGEN,0.0
1414,47.1299,2950.077,106.407,0.0,100.0,0,0,100.0,REGEN,0.0
1415,47.1632,2951.057,105.266,0.0,100.0,0,0,100.0,REGEN,0.0
1416,47.1965,2952.023,103.958,0.0,100.0,0,0,100.0,REGEN,0.0
1417,47.2298,2952.982,102.585,0.0,100.0,0,0,100.0,REGEN,0.0
1418,47.2632,2953.92,101.043,0.0,100.0,0,0,100.0,REGEN,0.0
1419,47.2965,2954.856,99.495,0.0,100.0,0,0,100.0,REGEN,0.0
1420,47.3298,2955.761,97.856,0.0,100.0,0,0,100.0,REGEN,0.0
1421,47.3632,2956.665,96.217,0.0,100.0,0,0,100.0,REGEN,0.0
1422,47.3965,2957.544,94.621,0.0,100.0,0,0,100.0,REGEN,0.0
1423,47.4298,2958.413,93.038,0.0,100.0,0,0,100.0,REGEN,0.0
1424,47.4632,2959.271,91.548,0.0,100.0,0,0,100.0,REGEN,0.0
1425,47.4965,2960.107,90.218,0.0,100.0,0,0,100.0,REGEN,0.0
1426,47.5298,2960.944,88.889,0.0,100.0,0,0,100.0,REGEN,0.0
1427,47.5632,2961.76,88.057,100.0,100.0,0,0,100.0,REGEN,214.57
1428,47.5965,2962.572,87.299,100.0,100.0,0,0,100.0,REGEN,461.02
1429,47.6298,2963.381,86.732,100.0,0.0,0,0,100.0,FULL,636.45
1430,47.6632,2964.184,86.637,100.0,0.0,0,0,100.0,FULL,636.45
1431,47.6965,2964.986,86.542,100.0,0.0,0,0,100.0,FULL,636.45
1432,47.7298,2965.786,86.447,100.0,0.0,0,0,100.0,FULL,636.45
1433,47.7631,2966.586,86.352,100.0,0.0,0,0,100.0,FULL,636.45
1434,47.7965,2967.386,86.257,100.0,0.0,0,0,100.0,FULL,636.45
1435,47.8298,2968.183,86.162,100.0,0.0,0,0,100.0,FULL,636.45
1436,47.8631,2968.981,86.068,100.0,0.0,0,0,100.0,FULL,636.45
1437,47.8965,2969.777,85.973,100.0,0.0,0,0,100.0,FULL,636.45
1438,47.9298,2970.572,85.879,100.0,0.0,0,0,100.0,FULL,636.45
1439,47.9631,2971.368,85.785,100.0,0.0,0,0,100.0,FULL,636.45
1440,47.9965,2972.166,86.089,100.0,0.0,0,0,100.0,FULL,636.45
1441,48.0298,2972.965,86.487,100.0,0.0,0,0,100.0,FULL,636.45
1442,48.0631,2973.766,86.885,100.0,0.0,0,0,100.0,FULL,636.45
1443,48.0965,2974.574,87.289,100.0,0.0,0,0,100.0,FULL,636.45
1444,48.1298,2975.382,87.693,100.0,0.0,0,0,100.0,FULL,636.45
1445,48.1631,2976.197,88.101,100.0,0.0,0,0,100.0,FULL,636.45
1446,48.1964,2977.015,88.512,100.0,0.0,0,0,100.0,FULL,636.45
1447,48.2298,2977.835,88.924,100.0,0.0,0,0,100.0,FULL,636.45
1448,48.2631,2978.662,89.343,100.0,0.0,0,0,100.0,FULL,636.45
1449,48.2964,2979.49,89.761,100.0,0.0,0,0,100.0,FULL,636.45
1450,48.3298,2980.324,90.184,100.0,0.0,0,0,100.0,FULL,636.45
1451,48.3631,2981.161,90.61,100.0,0.0,0,0,100.0,FULL,636.45
1452,48.3964,2982.0,91.037,100.0,0.0,0,0,100.0,FULL,636.45
1453,48.4298,2982.847,91.47,100.0,0.0,0,0,100.0,FULL,636.45
1454,48.4631,2983.693,91.902,100.0,0.0,0,0,100.0,FULL,636.45
1455,48.4964,2984.548,92.34,100.0,0.0,0,0,100.0,FULL,636.45
1456,48.5298,2985.404,92.778,100.0,0.0,0,0,100.0,FULL,636.45
1457,48.5631,2986.266,93.219,100.0,0.0,0,0,100.0,FULL,636.45
1458,48.5964,2987.131,93.662,100.0,0.0,0,0,100.0,FULL,636.45
1459,48.6297,2987.999,94.069,100.0,0.0,0,0,100.0,FULL,636.45
1460,48.6631,2988.872,94.34,100.0,0.0,0,0,100.0,FULL,636.45
1461,48.6964,2989.745,94.611,100.0,0.0,0,0,100.0,FULL,636.45
1462,48.7297,2990.627,95.182,100.0,0.0,0,0,100.0,FULL,636.45
1463,48.7631,2991.509,95.785,100.0,0.0,0,0,100.0,FULL,636.45
1464,48.7964,2992.401,96.479,100.0,0.0,0,0,100.0,FULL,636.45
1465,48.8297,2993.298,97.229,100.0,0.0,0,0,100.0,FULL,636.45
1466,48.8631,2994.2,98.003,100.0,0.0,0,0,100.0,FULL,636.45
1467,48.8964,2995.113,98.816,100.0,0.0,0,0,100.0,FULL,636.45
1468,48.9297,2996.029,99.638,100.0,0.0,0,0,100.0,FULL,636.45
1469,48.9631,2996.959,100.507,100.0,0.0,0,0,100.0,FULL,636.45
1470,48.9964,2997.889,101.377,100.0,0.0,0,0,100.0,FULL,636.45
1471,49.0297,2998.837,102.32,100.0,0.0,0,0,100.0,FULL,636.45
1472,49.063,2999.784,103.262,100.0,0.0,0,0,100.0,FULL,636.45
1473,49.0964,3000.749,104.278,100.0,0.0,0,0,100.0,FULL,636.45
1474,49.1297,3001.716,105.3,100.0,0.0,0,0,100.0,FULL,636.45
1475,49.163,3002.699,106.376,100.0,0.0,0,0,100.0,FULL,636.45
1476,49.1964,3003.686,107.463,100.0,0.0,0,0,100.0,FULL,636.45
1477,49.2297,3004.689,108.578,100.0,0.0,0,0,100.0,FULL,636.45
1478,49.263,3005.696,109.7,100.0,0.0,0,0,100.0,FULL,636.45
1479,49.2964,3006.72,110.834,100.0,0.0,0,0,100.0,FULL,636.45
1480,49.3297,3007.748,111.97,100.0,0.0,0,0,100.0,FULL,636.45
1481,49.363,3008.794,113.126,100.0,0.0,0,0,100.0,FULL,636.45
1482,49.3964,3009.842,114.284,100.0,0.0,0,0,100.0,FULL,636.45
1483,49.4297,3010.91,115.462,100.0,0.0,0,0,100.0,FULL,636.45
1484,49.463,3011.981,116.637,100.0,0.0,0,0,100.0,FULL,636.45
1485,49.4963,3013.069,117.781,100.0,0.0,0,0,100.0,FULL,636.45
1486,49.5297,3014.164,119.038,100.0,0.0,0,0,100.0,FULL,636.45
1487,49.563,3015.276,120.654,100.0,0.0,0,0,100.0,FULL,636.45
1488,49.5963,3016.399,122.282,100.0,0.0,0,0,100.0,FULL,636.45
1489,49.6297,3017.538,123.923,100.0,0.0,0,0,100.0,FULL,636.45
1490,49.663,3018.695,125.57,100.0,0.0,0,0,100.0,FULL,636.45
1491,49.6963,3019.86,127.218,100.0,0.0,0,0,100.0,FULL,636.45
1492,49.7297,3021.051,128.874,100.0,0.0,0,0,100.0,FULL,636.45
1493,49.763,3022.249,130.538,100.0,0.0,0,0,100.0,FULL,636.45
1494,49.7963,3023.466,132.225,100.0,0.0,0,0,100.0,FULL,636.45
1495,49.8297,3024.7,133.918,100.0,0.0,0,0,100.0,FULL,636.45
1496,49.863,3025.943,135.615,100.0,0.0,0,0,100.0,FULL,636.45
1497,49.8963,3027.211,137.337,100.0,0.0,0,0,100.0,FULL,636.45
1498,49.9296,3028.49,139.071,100.0,0.0,0,0,100.0,FULL,636.45
1499,49.963,3029.783,140.819,100.0,0.0,0,0,100.0,FULL,636.45
1500,49.9963,3031.098,142.588,100.0,0.0,0,0,100.0,FULL,636.45
1501,50.0296,3032.425,144.367,100.0,0.0,0,0,100.0,FULL,636.45
1502,50.063,3033.768,146.158,100.0,0.0,0,0,100.0,FULL,636.45
1503,50.0963,3035.132,147.964,100.0,0.0,0,0,100.0,FULL,636.45
1504,50.1296,3036.51,149.778,100.0,0.0,0,0,100.0,FULL,636.45
1505,50.163,3037.902,151.601,100.0,0.0,0,0,100.0,FULL,636.45
1506,50.1963,3039.317,153.437,100.0,0.0,0,0,100.0,FULL,636.45
1507,50.2296,3040.747,155.248,100.0,0.0,0,0,100.0,FULL,636.45
1508,50.263,3042.19,157.018,100.0,0.0,0,0,100.0,FULL,636.45
1509,50.2963,3043.652,158.691,100.0,0.0,0,0,100.0,FULL,636.45
1510,50.3296,3045.13,160.356,100.0,0.0,0,0,100.0,FULL,636.45
1511,50.363,3046.622,162.016,100.0,0.0,0,0,100.0,FULL,636.45
1512,50.3963,3048.128,163.669,100.0,0.0,0,0,100.0,FULL,636.45
1513,50.4296,3049.651,165.311,100.0,0.0,0,0,100.0,FULL,636.45
1514,50.4629,3051.191,166.941,100.0,0.0,0,0,100.0,FULL,636.45
1515,50.4963,3052.744,168.56,100.0,0.0,0,0,100.0,FULL,636.45
1516,50.5296,3054.311,170.167,100.0,0.0,0,0,100.0,FULL,636.45
1517,50.5629,3055.892,171.761,100.0,0.0,0,0,100.0,FULL,636.45
1518,50.5963,3057.492,173.337,100.0,0.0,0,0,100.0,FULL,636.45
1519,50.6296,3059.104,174.898,100.0,0.0,0,0,100.0,FULL,636.45
1520,50.6629,3060.731,176.444,100.0,0.0,0,0,100.0,FULL,636.45
1521,50.6963,3062.371,177.974,100.0,0.0,0,0,100.0,FULL,636.45
1522,50.7296,3064.025,179.489,100.0,0.0,0,0,100.0,FULL,636.45
1523,50.7629,3065.693,180.984,100.0,0.0,0,0,100.0,FULL,636.45
1524,50.7963,3067.377,182.462,100.0,0.0,0,0,100.0,FULL,636.45
1525,50.8296,3069.073,183.923,100.0,0.0,0,0,100.0,FULL,636.45
1526,50.8629,3070.783,185.369,100.0,0.0,0,0,100.0,FULL,636.45
1527,50.8962,3072.506,186.798,100.0,0.0,0,0,100.0,FULL,636.45
1528,50.9296,3074.241,188.21,100.0,0.0,0,0,100.0,FULL,636.45
1529,50.9629,3075.989,189.606,100.0,0.0,0,0,100.0,FULL,636.45
1530,50.9962,3077.751,190.982,100.0,0.0,0,0,100.0,FULL,636.45
1531,51.0296,3079.526,192.339,100.0,0.0,0,0,100.0,FULL,636.45
1532,51.0629,3081.314,193.68,100.0,0.0,0,0,100.0,FULL,636.45
1533,51.0962,3083.113,195.006,100.0,0.0,0,0,100.0,FULL,636.45
1534,51.1296,3084.925,196.32,100.0,0.0,0,0,100.0,FULL,636.45
1535,51.1629,3086.748,197.619,100.0,0.0,0,0,100.0,FULL,636.45
1536,51.1962,3088.584,198.903,100.0,0.0,0,0,100.0,FULL,636.45
1537,51.2296,3090.431,200.171,100.0,0.0,0,0,100.0,FULL,636.45
1538,51.2629,3092.29,201.423,100.0,0.0,0,0,100.0,FULL,636.45
1539,51.2962,3094.161,202.66,100.0,0.0,0,0,100.0,FULL,636.45
1540,51.3295,3096.042,203.883,100.0,0.0,0,0,100.0,FULL,636.45
1541,51.3629,3097.935,205.094,100.0,0.0,0,0,100.0,FULL,636.45
1542,51.3962,3099.84,206.291,100.0,0.0,0,0,100.0,FULL,636.45
1543,51.4295,3101.755,207.476,100.0,0.0,0,0,100.0,FULL,636.45
1544,51.4629,3103.681,208.649,100.0,0.0,0,0,100.0,FULL,636.45
1545,51.4962,3105.618,209.809,100.0,0.0,0,0,100.0,FULL,636.45
1546,51.5295,3107.566,210.957,100.0,0.0,0,0,100.0,FULL,636.45
1547,51.5629,3109.525,212.093,100.0,0.0,0,0,100.0,FULL,636.45
1548,51.5962,3111.494,213.219,100.0,0.0,0,0,100.0,FULL,636.45
1549,51.6295,3113.473,214.334,100.0,0.0,0,0,100.0,FULL,636.45
1550,51.6629,3115.463,215.437,100.0,0.0,0,0,100.0,FULL,636.45
1551,51.6962,3117.462,216.53,100.0,0.0,0,0,100.0,FULL,636.45
1552,51.7295,3119.472,217.612,100.0,0.0,0,0,100.0,FULL,636.45
1553,51.7628,3121.492,218.683,100.0,0.0,0,0,100.0,FULL,636.45
1554,51.7962,3123.521,219.744,100.0,0.0,0,0,100.0,FULL,636.45
1555,51.8295,3125.561,220.794,100.0,0.0,0,0,100.0,FULL,636.45
1556,51.8628,3127.61,221.833,100.0,0.0,0,0,100.0,FULL,636.45
1557,51.8962,3129.668,222.861,100.0,0.0,0,0,100.0,FULL,636.45
1558,51.9295,3131.736,223.879,100.0,0.0,0,0,100.0,FULL,636.45
1559,51.9628,3133.814,224.886,100.0,0.0,0,0,100.0,FULL,636.45
1560,51.9962,3135.901,225.882,100.0,0.0,0,0,100.0,FULL,636.45
1561,52.0295,3137.997,226.867,100.0,0.0,0,0,100.0,FULL,636.45
1562,52.0628,3140.102,227.84,100.0,0.0,0,0,100.0,FULL,636.45
1563,52.0962,3142.216,228.803,100.0,0.0,0,0,100.0,FULL,636.45
1564,52.1295,3144.339,229.753,100.0,0.0,0,0,100.0,FULL,636.45
1565,52.1628,3146.47,230.693,100.0,0.0,0,0,100.0,FULL,636.45
1566,52.1961,3148.611,231.62,100.0,0.0,0,0,100.0,FULL,636.45
1567,52.2295,3150.759,232.534,100.0,0.0,0,0,100.0,FULL,636.45
1568,52.2628,3152.916,233.435,100.0,0.0,0,0,100.0,FULL,636.45
1569,52.2961,3155.082,234.323,100.0,0.0,0,0,100.0,FULL,636.45
1570,52.3295,3157.255,235.197,100.0,0.0,0,0,100.0,FULL,636.45
1571,52.3628,3159.436,236.056,100.0,0.0,0,0,100.0,FULL,636.45
1572,52.3961,3161.626,236.899,100.0,0.0,0,0,100.0,FULL,636.45
1573,52.4295,3163.823,237.723,100.0,0.0,0,0,100.0,FULL,636.45
1574,52.4628,3166.028,238.53,100.0,0.0,0,0,100.0,FULL,636.45
1575,52.4961,3168.24,239.317,100.0,0.0,0,0,100.0,FULL,636.45
1576,52.5295,3170.46,240.083,100.0,0.0,0,0,100.0,FULL,636.45
1577,52.5628,3172.686,240.826,100.0,0.0,0,0,100.0,FULL,636.45
1578,52.5961,3174.919,241.544,100.0,0.0,0,0,100.0,FULL,636.45
1579,52.6295,3177.158,242.235,100.0,0.0,0,0,100.0,FULL,636.45
1580,52.6628,3179.404,242.897,100.0,0.0,0,0,100.0,FULL,636.45
1581,52.6961,3181.656,243.526,100.0,0.0,0,0,100.0,FULL,636.45
1582,52.7294,3183.913,244.118,100.0,0.0,0,0,100.0,FULL,636.45
1583,52.7628,3186.176,244.671,100.0,0.0,0,0,100.0,FULL,636.45
1584,52.7961,3188.444,245.182,100.0,0.0,0,0,100.0,FULL,636.45
1585,52.8294,3190.716,245.648,100.0,0.0,0,0,100.0,FULL,636.45
1586,52.8628,3192.992,246.065,100.0,0.0,0,0,100.0,FULL,636.45
1587,52.8961,3195.272,246.43,100.0,0.0,0,0,100.0,FULL,636.45
1588,52.9294,3197.555,246.739,100.0,0.0,0,0,100.0,FULL,636.45
1589,52.9628,3199.841,246.98,100.0,0.0,0,0,100.0,FULL,636.45
1590,52.9961,3202.128,247.158,100.0,0.0,0,0,100.0,FULL,636.45
1591,53.0294,3204.417,247.266,100.0,0.0,0,0,100.0,FULL,636.45
1592,53.0628,3206.707,247.303,100.0,0.0,0,0,100.0,FULL,636.45
1593,53.0961,3208.996,247.264,100.0,0.0,0,0,100.0,FULL,636.45
1594,53.1294,3211.285,247.148,100.0,0.0,0,0,100.0,FULL,636.45
1595,53.1627,3213.572,246.95,100.0,0.0,0,0,100.0,FULL,636.45
1596,53.1961,3215.857,246.661,100.0,0.0,0,0,100.0,FULL,636.45
1597,53.2294,3218.139,246.286,100.0,0.0,0,0,100.0,FULL,636.45
1598,53.2627,3220.417,245.826,100.0,0.0,0,0,100.0,FULL,636.45
1599,53.2961,3222.691,245.278,100.0,0.0,0,0,100.0,FULL,636.45
1600,53.3294,3224.959,244.644,100.0,0.0,0,0,100.0,FULL,636.45
1601,53.3627,3227.221,243.925,100.0,0.0,0,0,100.0,FULL,636.45
1602,53.3961,3229.476,243.12,100.0,0.0,0,0,100.0,FULL,636.45
1603,53.4294,3231.723,242.23,100.0,0.0,0,0,100.0,FULL,636.45
1604,53.4627,3233.96,241.256,100.0,0.0,0,0,100.0,FULL,529.76
1605,53.4961,3236.189,240.206,0.0,100.0,0,0,100.0,REGEN,0.0
1606,53.5294,3238.408,239.082,0.0,100.0,0,0,100.0,REGEN,0.0
1607,53.5627,3240.616,237.881,0.0,100.0,0,0,100.0,REGEN,0.0
1608,53.596,3242.812,236.593,0.0,100.0,0,0,100.0,REGEN,0.0
1609,53.6294,3244.996,235.217,0.0,100.0,0,0,100.0,REGEN,0.0
1610,53.6627,3247.167,233.755,0.0,100.0,0,0,100.0,REGEN,0.0
1611,53.696,3249.325,232.212,0.0,100.0,0,0,100.0,REGEN,0.0
1612,53.7294,3251.467,230.593,0.0,100.0,0,0,100.0,REGEN,0.0
1613,53.7627,3253.595,228.906,0.0,100.0,0,0,100.0,REGEN,0.0
1614,53.796,3255.706,227.157,0.0,100.0,0,0,100.0,REGEN,0.0
1615,53.8294,3257.801,225.356,0.0,100.0,0,0,100.0,REGEN,0.0
1616,53.8627,3259.879,223.327,0.0,100.0,0,0,100.0,REGEN,0.0
1617,53.896,3261.932,220.176,0.0,100.0,0,0,100.0,REGEN,0.0
1618,53.9294,3263.956,217.041,0.0,100.0,0,0,100.0,REGEN,0.0
1619,53.9627,3265.951,213.943,0.0,100.0,0,0,100.0,REGEN,0.0
1620,53.996,3267.918,210.935,0.0,100.0,0,0,100.0,REGEN,0.0
1621,54.0293,3269.857,208.126,0.0,100.0,0,0,100.0,REGEN,0.0
1622,54.0627,3271.772,205.626,0.0,100.0,0,0,100.0,REGEN,0.0
1623,54.096,3273.665,203.496,0.0,100.0,0,0,100.0,REGEN,0.0
1624,54.1293,3275.54,201.631,0.0,100.0,0,0,100.0,REGEN,0.0
1625,54.1627,3277.398,199.748,0.0,100.0,0,0,100.0,REGEN,0.0
1626,54.196,3279.237,197.642,0.0,100.0,0,0,100.0,REGEN,0.0
1627,54.2293,3281.056,195.285,0.0,100.0,0,0,100.0,REGEN,0.0
1628,54.2627,3282.853,192.813,0.0,100.0,0,0,100.0,REGEN,0.0
1629,54.296,3284.629,190.619,0.0,100.0,0,0,100.0,REGEN,0.0
1630,54.3293,3286.389,189.328,0.0,100.0,0,0,100.0,REGEN,0.0
1631,54.3627,3288.139,188.875,0.0,100.0,0,0,100.0,REGEN,0.0
1632,54.396,3289.887,188.569,0.0,100.0,0,0,100.0,REGEN,0.0
1633,54.4293,3291.63,188.146,100.0,100.0,0,0,100.0,REGEN,425.71
1634,54.4626,3293.366,187.025,100.0,0.0,0,0,100.0,FULL,636.45
1635,54.496,3295.09,185.25,100.0,0.0,0,0,100.0,FULL,636.45
1636,54.5293,3296.796,183.174,100.0,0.0,0,0,100.0,FULL,636.45
1637,54.5626,3298.484,181.129,100.0,0.0,0,0,100.0,FULL,636.45
1638,54.596,3300.154,179.613,100.0,0.0,0,0,100.0,FULL,636.45
1639,54.6293,3301.814,179.065,100.0,0.0,0,0,100.0,FULL,636.45
1640,54.6626,3303.47,178.659,100.0,0.0,0,0,100.0,FULL,636.45
1641,54.696,3305.122,178.253,100.0,0.0,0,0,100.0,FULL,636.45
1642,54.7293,3306.771,177.849,100.0,0.0,0,0,100.0,FULL,636.45
1643,54.7626,3308.416,177.446,100.0,0.0,0,0,100.0,FULL,636.45
1644,54.796,3310.056,176.971,100.0,0.0,0,0,100.0,FULL,636.45
1645,54.8293,3311.692,176.498,100.0,0.0,0,0,100.0,FULL,636.45
1646,54.8626,3313.324,176.025,100.0,0.0,0,0,100.0,FULL,636.45
1647,54.8959,3314.952,175.553,100.0,0.0,0,0,100.0,FULL,636.45
1648,54.9293,3316.575,175.081,100.0,0.0,0,0,100.0,FULL,636.45
1649,54.9626,3318.194,174.611,100.0,0.0,0,0,100.0,FULL,636.45
1650,54.9959,3319.808,174.142,100.0,0.0,0,0,100.0,FULL,636.45
1651,55.0293,3321.418,173.673,100.0,0.0,0,0,100.0,FULL,636.45
1652,55.0626,3323.024,173.205,100.0,0.0,0,0,100.0,FULL,636.45
1653,55.0959,3324.625,172.656,100.0,0.0,0,0,100.0,FULL,636.45
1654,55.1293,3326.221,171.821,100.0,0.0,0,0,100.0,FULL,636.45
1655,55.1626,3327.81,171.441,100.0,0.0,0,0,100.0,FULL,636.45
1656,55.1959,3329.395,171.068,100.0,0.0,0,0,100.0,FULL,636.45
1657,55.2293,3330.977,170.696,100.0,0.0,0,0,100.0,FULL,636.45
1658,55.2626,3332.556,170.326,100.0,0.0,0,0,100.0,FULL,636.45
1659,55.2959,3334.132,169.958,100.0,0.0,0,0,100.0,FULL,636.45
1660,55.3293,3335.707,170.201,100.0,0.0,0,0,100.0,FULL,636.45
1661,55.3626,3337.284,170.444,100.0,0.0,0,0,100.0,FULL,636.45
1662,55.3959,3338.863,170.687,100.0,0.0,0,0,100.0,FULL,636.45
1663,55.4292,3340.444,170.93,100.0,0.0,0,0,100.0,FULL,636.45
1664,55.4626,3342.028,171.173,100.0,0.0,0,0,100.0,FULL,636.45
1665,55.4959,3343.614,171.417,100.0,0.0,0,0,100.0,FULL,636.45
1666,55.5292,3345.202,171.66,100.0,0.0,0,0,100.0,FULL,636.45
1667,55.5626,3346.793,171.903,100.0,0.0,0,0,100.0,FULL,636.45
1668,55.5959,3348.385,172.147,100.0,0.0,0,0,100.0,FULL,636.45
1669,55.6292,3349.98,172.39,100.0,0.0,0,0,100.0,FULL,636.45
1670,55.6626,3351.577,172.634,100.0,0.0,0,0,100.0,FULL,636.45
1671,55.6959,3353.177,172.878,100.0,0.0,0,0,100.0,FULL,636.45
1672,55.7292,3354.779,173.122,100.0,0.0,0,0,100.0,FULL,636.45
1673,55.7626,3356.383,173.416,100.0,0.0,0,0,100.0,FULL,636.45
1674,55.7959,3357.99,173.903,100.0,0.0,0,0,100.0,FULL,636.45
1675,55.8292,3359.605,174.738,100.0,0.0,0,0,100.0,FULL,636.45
1676,55.8625,3361.227,175.621,100.0,0.0,0,0,100.0,FULL,636.45
1677,55.8959,3362.859,176.739,100.0,0.0,0,0,100.0,FULL,636.45
1678,55.9292,3364.501,178.081,100.0,0.0,0,0,100.0,FULL,636.45
1679,55.9625,3366.154,179.371,100.0,0.0,0,0,100.0,FULL,636.45
1680,55.9959,3367.82,180.334,100.0,0.0,0,0,100.0,FULL,636.45
1681,56.0292,3369.493,181.006,100.0,0.0,0,0,100.0,FULL,636.45
1682,56.0625,3371.172,181.702,100.0,0.0,0,0,100.0,FULL,636.45
1683,56.0959,3372.859,182.571,100.0,0.0,0,0,100.0,FULL,636.45
1684,56.1292,3374.554,183.656,100.0,0.0,0,0,100.0,FULL,636.45
1685,56.1625,3376.259,184.916,100.0,0.0,0,0,100.0,FULL,636.45
1686,56.1959,3377.978,186.309,100.0,0.0,0,0,100.0,FULL,636.45
1687,56.2292,3379.71,187.779,100.0,0.0,0,0,100.0,FULL,636.45
1688,56.2625,3381.456,189.304,100.0,0.0,0,0,100.0,FULL,636.45
1689,56.2958,3383.216,190.831,100.0,0.0,0,0,100.0,FULL,636.45
1690,56.3292,3384.99,192.335,100.0,0.0,0,0,100.0,FULL,636.45
1691,56.3625,3386.777,193.818,100.0,0.0,0,0,100.0,FULL,636.45
1692,56.3958,3388.578,195.278,100.0,0.0,0,0,100.0,FULL,636.45
1693,56.4292,3390.392,196.717,100.0,0.0,0,0,100.0,FULL,636.45
1694,56.4625,3392.219,198.133,100.0,0.0,0,0,100.0,FULL,636.45
1695,56.4958,3394.061,199.445,100.0,0.0,0,0,100.0,FULL,636.45
1696,56.5292,3395.913,200.634,100.0,0.0,0,0,100.0,FULL,636.45
1697,56.5625,3397.776,201.81,100.0,0.0,0,0,100.0,FULL,636.45
1698,56.5958,3399.65,202.989,100.0,0.0,0,0,100.0,FULL,636.45
1699,56.6292,3401.535,204.17,100.0,0.0,0,0,100.0,FULL,636.45
1700,56.6625,3403.431,205.351,100.0,0.0,0,0,100.0,FULL,636.45
1701,56.6958,3405.338,206.53,100.0,0.0,0,0,100.0,FULL,636.45
1702,56.7291,3407.255,207.706,100.0,0.0,0,0,100.0,FULL,636.45
1703,56.7625,3409.184,208.879,100.0,0.0,0,0,100.0,FULL,636.45
1704,56.7958,3411.123,210.046,100.0,0.0,0,0,100.0,FULL,636.45
1705,56.8291,3413.073,211.207,100.0,0.0,0,0,100.0,FULL,636.45
1706,56.8625,3415.034,212.36,100.0,0.0,0,0,100.0,FULL,636.45
1707,56.8958,3417.005,213.506,100.0,0.0,0,0,100.0,FULL,636.45
1708,56.9291,3418.987,214.642,100.0,0.0,0,0,100.0,FULL,636.45
1709,56.9625,3420.98,215.77,100.0,0.0,0,0,100.0,FULL,636.45
1710,56.9958,3422.983,216.887,100.0,0.0,0,0,100.0,FULL,636.45
1711,57.0291,3424.996,217.993,100.0,0.0,0,0,100.0,FULL,636.45
1712,57.0625,3427.019,219.088,100.0,0.0,0,0,100.0,FULL,636.45
1713,57.0958,3429.053,220.172,100.0,0.0,0,0,100.0,FULL,636.45
1714,57.1291,3431.096,221.245,100.0,0.0,0,0,100.0,FULL,636.45
1715,57.1624,3433.149,222.305,100.0,0.0,0,0,100.0,FULL,636.45
1716,57.1958,3435.213,223.354,100.0,0.0,0,0,100.0,FULL,636.45
1717,57.2291,3437.285,224.39,100.0,0.0,0,0,100.0,FULL,636.45
1718,57.2624,3439.368,225.414,100.0,0.0,0,0,100.0,FULL,636.45
1719,57.2958,3441.459,226.426,100.0,0.0,0,0,100.0,FULL,636.45
1720,57.3291,3443.56,227.426,100.0,0.0,0,0,100.0,FULL,636.45
1721,57.3624,3445.67,228.413,100.0,0.0,0,0,100.0,FULL,636.45
1722,57.3958,3447.79,229.389,100.0,0.0,0,0,100.0,FULL,636.45
1723,57.4291,3449.918,230.352,100.0,0.0,0,0,100.0,FULL,636.45
1724,57.4624,3452.055,231.303,100.0,0.0,0,0,100.0,FULL,636.45
1725,57.4958,3454.2,232.242,100.0,0.0,0,0,100.0,FULL,636.45
1726,57.5291,3456.355,233.17,100.0,0.0,0,0,100.0,FULL,636.45
1727,57.5624,3458.518,234.085,100.0,0.0,0,0,100.0,FULL,636.45
1728,57.5958,3460.69,234.989,100.0,0.0,0,0,100.0,FULL,636.45
1729,57.6291,3462.87,235.882,100.0,0.0,0,0,100.0,FULL,636.45
1730,57.6624,3465.058,236.763,100.0,0.0,0,0,100.0,FULL,636.45
1731,57.6957,3467.254,237.633,100.0,0.0,0,0,100.0,FULL,636.45
1732,57.7291,3469.458,238.492,100.0,0.0,0,0,100.0,FULL,636.45
1733,57.7624,3471.67,239.341,100.0,0.0,0,0,100.0,FULL,636.45
1734,57.7957,3473.89,240.178,100.0,0.0,0,0,100.0,FULL,636.45
1735,57.8291,3476.117,241.006,100.0,0.0,0,0,100.0,FULL,636.45
1736,57.8624,3478.352,241.823,100.0,0.0,0,0,100.0,FULL,636.45
1737,57.8957,3480.595,242.629,100.0,0.0,0,0,100.0,FULL,636.45
1738,57.9291,3482.845,243.426,100.0,0.0,0,0,100.0,FULL,636.45
1739,57.9624,3485.103,244.212,100.0,0.0,0,0,100.0,FULL,636.45
1740,57.9957,3487.367,244.988,100.0,0.0,0,0,100.0,FULL,636.45
1741,58.0291,3489.639,245.755,100.0,0.0,0,0,100.0,FULL,636.45
1742,58.0624,3491.918,246.513,100.0,0.0,0,0,100.0,FULL,636.45
1743,58.0957,3494.203,247.261,100.0,0.0,0,0,100.0,FULL,636.45
1744,58.129,3496.496,248.0,100.0,0.0,0,0,100.0,FULL,636.45
1745,58.1624,3498.796,248.73,100.0,0.0,0,0,100.0,FULL,636.45
1746,58.1957,3501.102,249.45,100.0,0.0,0,0,100.0,FULL,636.45
1747,58.229,3503.415,250.161,100.0,0.0,0,0,100.0,FULL,636.45
1748,58.2624,3505.734,250.864,100.0,0.0,0,0,100.0,FULL,636.45
1749,58.2957,3508.06,251.559,100.0,0.0,0,0,100.0,FULL,636.45
1750,58.329,3510.392,252.245,100.0,0.0,0,0,100.0,FULL,636.45
1751,58.3624,3512.731,252.922,100.0,0.0,0,0,100.0,FULL,636.45
1752,58.3957,3515.076,253.59,100.0,0.0,0,0,100.0,FULL,636.45
1753,58.429,3517.427,254.251,100.0,0.0,0,0,100.0,FULL,636.45
1754,58.4624,3519.784,254.903,100.0,0.0,0,0,100.0,FULL,636.45
1755,58.4957,3522.147,255.548,100.0,0.0,0,0,100.0,FULL,636.45
1756,58.529,3524.515,256.185,100.0,0.0,0,0,100.0,FULL,636.45
1757,58.5623,3526.891,256.813,100.0,0.0,0,0,100.0,FULL,636.45
1758,58.5957,3529.271,257.434,100.0,0.0,0,0,100.0,FULL,636.45
1759,58.629,3531.658,258.048,100.0,0.0,0,0,100.0,FULL,636.45
1760,58.6623,3534.049,258.654,100.0,0.0,0,0,100.0,FULL,636.45
1761,58.6957,3536.447,259.252,100.0,0.0,0,0,100.0,FULL,636.45
1762,58.729,3538.85,259.843,100.0,0.0,0,0,100.0,FULL,636.45
1763,58.7623,3541.259,260.426,100.0,0.0,0,0,100.0,FULL,636.45
1764,58.7957,3543.672,261.002,100.0,0.0,0,0,100.0,FULL,636.45
1765,58.829,3546.091,261.571,100.0,0.0,0,0,100.0,FULL,636.45
1766,58.8623,3548.516,262.133,100.0,0.0,0,0,100.0,FULL,636.45
1767,58.8957,3550.945,262.686,100.0,0.0,0,0,100.0,FULL,636.45
1768,58.929,3553.38,263.233,100.0,0.0,0,0,100.0,FULL,636.45
1769,58.9623,3555.82,263.773,100.0,0.0,0,0,100.0,FULL,636.45
1770,58.9956,3558.264,264.305,100.0,0.0,0,0,100.0,FULL,636.45
1771,59.029,3560.714,264.83,100.0,0.0,0,0,100.0,FULL,636.45
1772,59.0623,3563.168,265.347,100.0,0.0,0,0,100.0,FULL,636.45
1773,59.0956,3565.627,265.857,100.0,0.0,0,0,100.0,FULL,636.45
1774,59.129,3568.091,266.359,100.0,0.0,0,0,100.0,FULL,636.45
1775,59.1623,3570.559,266.854,100.0,0.0,0,0,100.0,FULL,636.45
1776,59.1956,3573.032,267.34,100.0,0.0,0,0,100.0,FULL,636.45
1777,59.229,3575.51,267.818,100.0,0.0,0,0,100.0,FULL,636.45
1778,59.2623,3577.992,268.288,100.0,0.0,0,0,100.0,FULL,636.45
1779,59.2956,3580.477,268.75,100.0,0.0,0,0,100.0,FULL,636.45
1780,59.329,3582.968,269.203,100.0,0.0,0,0,100.0,FULL,636.45
1781,59.3623,3585.463,269.646,100.0,0.0,0,0,100.0,FULL,636.45
1782,59.3956,3587.961,270.081,100.0,0.0,0,0,100.0,FULL,636.45
1783,59.4289,3590.463,270.507,100.0,0.0,0,0,100.0,FULL,636.45
1784,59.4623,3592.97,270.923,100.0,0.0,0,0,100.0,FULL,636.45
1785,59.4956,3595.48,271.328,100.0,0.0,0,0,100.0,FULL,636.45
1786,59.5289,3597.994,271.724,100.0,0.0,0,0,100.0,FULL,636.45
1787,59.5623,3600.512,272.11,100.0,0.0,0,0,100.0,FULL,636.45
1788,59.5956,3603.033,272.485,100.0,0.0,0,0,100.0,FULL,636.45
1789,59.6289,3605.557,272.849,100.0,0.0,0,0,100.0,FULL,636.45
1790,59.6623,3608.085,273.203,100.0,0.0,0,0,100.0,FULL,636.45
1791,59.6956,3610.616,273.546,100.0,0.0,0,0,100.0,FULL,636.45
1792,59.7289,3613.15,273.878,100.0,0.0,0,0,100.0,FULL,636.45
1793,59.7623,3615.688,274.199,100.0,0.0,0,0,100.0,FULL,636.45
1794,59.7956,3618.228,274.509,100.0,0.0,0,0,100.0,FULL,636.45
1795,59.8289,3620.771,274.809,100.0,0.0,0,0,100.0,FULL,636.45
1796,59.8622,3623.316,275.098,100.0,0.0,0,0,100.0,FULL,636.45
1797,59.8956,3625.865,275.377,100.0,0.0,0,0,100.0,FULL,636.45
1798,59.9289,3628.415,275.646,100.0,0.0,0,0,100.0,FULL,636.45
1799,59.9622,3630.969,275.905,100.0,0.0,0,0,100.0,FULL,636.45
1800,59.9956,3633.525,276.156,100.0,0.0,0,0,100.0,FULL,636.45
1801,60.0289,3636.082,276.398,100.0,0.0,0,0,100.0,FULL,636.45
1802,60.0622,3638.643,276.632,100.0,0.0,0,0,100.0,FULL,636.45
1803,60.0956,3641.205,276.859,100.0,0.0,0,0,100.0,FULL,636.45
1804,60.1289,3643.768,276.679,100.0,0.0,0,0,100.0,FULL,636.45
1805,60.1622,3646.329,276.662,100.0,0.0,0,0,100.0,FULL,636.45
1806,60.1956,3648.891,276.796,100.0,0.0,0,0,100.0,FULL,636.45
1807,60.2289,3651.455,276.929,100.0,0.0,0,0,100.0,FULL,636.45
1808,60.2622,3654.019,277.062,100.0,0.0,0,0,100.0,FULL,636.45
1809,60.2956,3656.585,277.195,100.0,0.0,0,0,100.0,FULL,636.45
1810,60.3289,3659.152,277.329,100.0,0.0,0,0,100.0,FULL,636.45
1811,60.3622,3661.72,277.464,100.0,0.0,0,0,100.0,FULL,636.45
1812,60.3955,3664.29,277.598,0.0,100.0,0,0,100.0,REGEN,0.0
1813,60.4289,3666.861,277.732,0.0,100.0,0,0,100.0,REGEN,0.0
1814,60.4622,3669.433,277.867,0.0,100.0,0,0,100.0,REGEN,0.0
1815,60.4955,3672.006,278.001,0.0,100.0,0,0,100.0,REGEN,0.0
1816,60.5289,3674.581,278.135,100.0,100.0,0,0,100.0,REGEN,155.9
1817,60.5622,3677.157,278.365,100.0,0.0,0,0,100.0,FULL,636.45
1818,60.5955,3679.736,278.728,100.0,0.0,0,0,100.0,FULL,636.45
1819,60.6289,3682.318,279.086,100.0,0.0,0,0,100.0,FULL,636.45
1820,60.6622,3684.903,279.44,100.0,0.0,0,0,100.0,FULL,636.45
1821,60.6955,3687.492,279.79,100.0,0.0,0,0,100.0,FULL,636.45
1822,60.7289,3690.084,280.137,100.0,0.0,0,0,100.0,FULL,636.45
1823,60.7622,3692.679,280.389,100.0,0.0,0,0,100.0,FULL,636.45
1824,60.7955,3695.276,280.493,100.0,0.0,0,0,100.0,FULL,636.45
1825,60.8288,3697.874,280.798,100.0,0.0,0,0,100.0,FULL,636.45
1826,60.8622,3700.475,281.132,100.0,0.0,0,0,100.0,FULL,636.45
1827,60.8955,3703.08,281.462,100.0,0.0,0,0,100.0,FULL,636.45
1828,60.9288,3705.687,281.788,100.0,0.0,0,0,100.0,FULL,636.45
1829,60.9622,3708.297,282.11,100.0,0.0,0,0,100.0,FULL,636.45
1830,60.9955,3710.911,282.428,100.0,0.0,0,0,100.0,FULL,636.45
1831,61.0288,3713.527,282.743,100.0,0.0,0,0,100.0,FULL,636.45
1832,61.0622,3716.146,283.054,100.0,0.0,0,0,100.0,FULL,636.45
1833,61.0955,3718.769,283.361,100.0,0.0,0,0,100.0,FULL,636.45
1834,61.1288,3721.394,283.656,100.0,0.0,0,0,100.0,FULL,636.45
1835,61.1622,3724.021,283.924,100.0,0.0,0,0,100.0,FULL,636.45
1836,61.1955,3726.651,284.185,100.0,0.0,0,0,100.0,FULL,636.45
1837,61.2288,3729.283,284.448,100.0,0.0,0,0,100.0,FULL,636.45
1838,61.2621,3731.918,284.711,100.0,0.0,0,0,100.0,FULL,636.45
1839,61.2955,3734.555,284.974,100.0,0.0,0,0,100.0,FULL,636.45
1840,61.3288,3737.195,285.237,100.0,0.0,0,0,100.0,FULL,636.45
1841,61.3621,3739.837,285.499,100.0,0.0,0,0,100.0,FULL,636.45
1842,61.3955,3742.481,285.761,100.0,0.0,0,0,100.0,FULL,636.45
1843,61.4288,3745.129,286.022,100.0,0.0,0,0,100.0,FULL,636.45
1844,61.4621,3747.778,286.282,100.0,0.0,0,0,100.0,FULL,636.45
1845,61.4955,3750.43,286.54,100.0,0.0,0,0,100.0,FULL,636.45
1846,61.5288,3753.084,286.796,100.0,0.0,0,0,100.0,FULL,636.45
1847,61.5621,3755.74,287.051,100.0,0.0,0,0,100.0,FULL,636.45
1848,61.5955,3758.399,287.304,100.0,0.0,0,0,100.0,FULL,636.45
1849,61.6288,3761.06,287.554,100.0,0.0,0,0,100.0,FULL,636.45
1850,61.6621,3763.724,287.802,100.0,0.0,0,0,100.0,FULL,636.45
1851,61.6954,3766.39,288.048,100.0,0.0,0,0,100.0,FULL,636.45
1852,61.7288,3769.058,288.291,100.0,0.0,0,0,100.0,FULL,636.45
1853,61.7621,3771.728,288.53,100.0,0.0,0,0,100.0,FULL,636.45
1854,61.7954,3774.4,288.767,100.0,0.0,0,0,100.0,FULL,636.45
1855,61.8288,3777.075,288.999,100.0,0.0,0,0,100.0,FULL,636.45
1856,61.8621,3779.752,289.228,100.0,0.0,0,0,100.0,FULL,636.45
1857,61.8954,3782.431,289.453,100.0,0.0,0,0,100.0,FULL,636.45
1858,61.9288,3785.112,289.674,100.0,0.0,0,0,100.0,FULL,636.45
1859,61.9621,3787.795,289.889,100.0,0.0,0,0,100.0,FULL,636.45
1860,61.9954,3790.479,290.099,100.0,0.0,0,0,100.0,FULL,636.45
1861,62.0288,3793.166,290.302,100.0,0.0,0,0,100.0,FULL,636.45
1862,62.0621,3795.855,290.498,100.0,0.0,0,0,100.0,FULL,636.45
1863,62.0954,3798.545,290.686,100.0,0.0,0,0,100.0,FULL,636.45
1864,62.1287,3801.238,290.865,100.0,0.0,0,0,100.0,FULL,636.45
1865,62.1621,3803.932,291.033,100.0,0.0,0,0,100.0,FULL,636.45
1866,62.1954,3806.627,291.19,100.0,0.0,0,0,100.0,FULL,636.45
1867,62.2287,3809.323,291.332,100.0,0.0,0,0,100.0,FULL,636.45
1868,62.2621,3812.021,291.459,100.0,0.0,0,0,100.0,FULL,636.45
1869,62.2954,3814.72,291.569,100.0,0.0,0,0,100.0,FULL,636.45
1870,62.3287,3817.42,291.657,100.0,0.0,0,0,100.0,FULL,636.45
1871,62.3621,3820.121,291.724,100.0,0.0,0,0,100.0,FULL,636.45
1872,62.3954,3822.822,291.764,100.0,0.0,0,0,100.0,FULL,636.45
1873,62.4287,3825.523,291.775,100.0,0.0,0,0,100.0,FULL,636.45
1874,62.4621,3828.225,291.755,100.0,0.0,0,0,100.0,FULL,636.45
1875,62.4954,3830.926,291.695,100.0,0.0,0,0,100.0,FULL,636.45
1876,62.5287,3833.626,291.596,100.0,0.0,0,0,100.0,FULL,636.45
1877,62.5621,3836.325,291.455,100.0,0.0,0,0,100.0,FULL,636.45
1878,62.5954,3839.023,291.259,100.0,0.0,0,0,100.0,FULL,636.45
1879,62.6287,3841.718,291.013,100.0,0.0,0,0,100.0,FULL,636.45
1880,62.662,3844.411,290.709,100.0,0.0,0,0,100.0,FULL,636.45
1881,62.6954,3847.101,290.337,100.0,0.0,0,0,100.0,FULL,636.45
1882,62.7287,3849.787,289.901,100.0,0.0,0,0,100.0,FULL,636.45
1883,62.762,3852.469,289.393,100.0,0.0,0,0,100.0,FULL,636.45
1884,62.7954,3855.145,288.803,100.0,0.0,0,0,100.0,FULL,636.45
1885,62.8287,3857.816,288.138,100.0,0.0,0,0,100.0,FULL,636.45
1886,62.862,3860.481,287.387,100.0,0.0,0,0,100.0,FULL,636.45
1887,62.8954,3863.137,286.544,100.0,0.0,0,0,100.0,FULL,636.45
1888,62.9287,3865.786,285.616,100.0,0.0,0,0,100.0,FULL,636.45
1889,62.962,3868.426,284.595,100.0,0.0,0,0,100.0,FULL,636.45
1890,62.9954,3871.056,283.473,100.0,0.0,0,0,100.0,FULL,636.45
1891,63.0287,3873.675,282.263,100.0,0.0,0,0,100.0,FULL,636.45
1892,63.062,3876.283,280.96,100.0,0.0,0,0,100.0,FULL,636.45
1893,63.0953,3878.877,279.555,100.0,0.0,0,0,100.0,FULL,636.45
1894,63.1287,3881.458,278.061,100.0,0.0,0,0,100.0,FULL,636.45
1895,63.162,3884.026,276.483,100.0,0.0,0,0,100.0,FULL,636.45
1896,63.1953,3886.578,274.811,100.0,0.0,0,0,100.0,FULL,636.45
1897,63.2287,3889.113,273.053,100.0,0.0,0,0,100.0,FULL,349.28
1898,63.262,3891.633,271.21,0.0,100.0,0,0,100.0,REGEN,0.0
1899,63.2953,3894.136,269.27,0.0,100.0,0,0,100.0,REGEN,0.0
1900,63.3287,3896.619,267.215,0.0,100.0,0,0,100.0,REGEN,0.0
1901,63.362,3899.083,265.057,0.0,100.0,0,0,100.0,REGEN,0.0
1902,63.3953,3901.526,262.797,0.0,100.0,0,0,100.0,REGEN,0.0
1903,63.4287,3903.949,260.438,0.0,100.0,0,0,100.0,REGEN,0.0
1904,63.462,3906.35,257.979,0.0,100.0,0,0,100.0,REGEN,0.0
1905,63.4953,3908.725,255.427,0.0,100.0,0,0,100.0,REGEN,0.0
1906,63.5286,3911.078,252.798,0.0,100.0,0,0,100.0,REGEN,0.0
1907,63.562,3913.406,250.099,0.0,100.0,0,0,100.0,REGEN,0.0
1908,63.5953,3915.709,247.336,0.0,100.0,0,0,100.0,REGEN,0.0
1909,63.6286,3917.985,244.052,0.0,100.0,0,0,100.0,REGEN,0.0
1910,63.662,3920.226,239.88,0.0,100.0,0,0,100.0,REGEN,0.0
1911,63.6953,3922.426,235.687,0.0,100.0,0,0,100.0,REGEN,0.0
1912,63.7286,3924.589,231.645,0.0,100.0,0,0,100.0,REGEN,0.0
1913,63.762,3926.715,227.886,0.0,100.0,0,0,100.0,REGEN,0.0
1914,63.7953,3928.809,224.522,0.0,100.0,0,0,100.0,REGEN,0.0
1915,63.8286,3930.874,221.553,0.0,100.0,0,0,100.0,REGEN,0.0
1916,63.862,3932.912,218.769,0.0,100.0,0,0,100.0,REGEN,0.0
1917,63.8953,3934.925,215.922,0.0,100.0,0,0,100.0,REGEN,0.0
1918,63.9286,3936.91,212.956,0.0,100.0,0,0,100.0,REGEN,0.0
1919,63.9619,3938.868,209.979,0.0,100.0,0,0,100.0,REGEN,0.0
1920,63.9953,3940.799,207.161,0.0,100.0,0,0,100.0,REGEN,0.0
1921,64.0286,3942.705,204.627,0.0,100.0,0,0,100.0,REGEN,0.0
1922,64.0619,3944.59,202.386,0.0,100.0,0,0,100.0,REGEN,0.0
1923,64.0953,3946.454,200.292,0.0,100.0,0,0,100.0,REGEN,0.0
1924,64.1286,3948.299,198.121,0.0,100.0,0,0,100.0,REGEN,0.0
1925,64.1619,3950.124,195.773,0.0,100.0,0,0,100.0,REGEN,0.0
1926,64.1953,3951.923,193.14,0.0,100.0,0,0,100.0,REGEN,0.0
1927,64.2286,3953.697,190.445,0.0,100.0,0,0,100.0,REGEN,0.0
1928,64.2619,3955.447,187.759,0.0,100.0,0,0,100.0,REGEN,0.0
1929,64.2953,3957.173,185.103,0.0,100.0,0,0,100.0,REGEN,0.0
1930,64.3286,3958.874,182.477,0.0,100.0,0,0,100.0,REGEN,0.0
1931,64.3619,3960.553,179.87,0.0,100.0,0,0,100.0,REGEN,0.0
1932,64.3952,3962.208,177.272,0.0,100.0,0,0,100.0,REGEN,0.0
1933,64.4286,3963.836,174.681,0.0,100.0,0,0,100.0,REGEN,0.0
1934,64.4619,3965.44,172.123,0.0,100.0,0,0,100.0,REGEN,0.0
1935,64.4952,3967.021,169.657,0.0,100.0,0,0,100.0,REGEN,0.0
1936,64.5286,3968.582,167.322,0.0,100.0,0,0,100.0,REGEN,0.0
1937,64.5619,3970.124,165.14,0.0,100.0,0,0,100.0,REGEN,0.0
1938,64.5952,3971.641,163.022,0.0,100.0,0,0,100.0,REGEN,0.0
1939,64.6286,3973.138,160.806,0.0,100.0,0,0,100.0,REGEN,0.0
1940,64.6619,3974.617,158.489,0.0,100.0,0,0,100.0,REGEN,0.0
1941,64.6952,3976.077,156.068,0.0,100.0,0,0,100.0,REGEN,0.0
1942,64.7286,3977.507,153.642,0.0,100.0,0,0,100.0,REGEN,0.0
1943,64.7619,3978.918,151.372,0.0,100.0,0,0,100.0,REGEN,0.0
1944,64.7952,3980.313,149.302,0.0,100.0,0,0,100.0,REGEN,0.0
1945,64.8286,3981.687,147.697,0.0,100.0,0,0,100.0,REGEN,0.0
1946,64.8619,3983.052,147.048,0.0,100.0,0,0,100.0,REGEN,0.0
1947,64.8952,3984.412,146.774,0.0,100.0,0,0,100.0,REGEN,0.0
1948,64.9285,3985.77,146.502,0.0,100.0,0,0,100.0,REGEN,0.0
1949,64.9619,3987.126,146.44,0.0,100.0,0,0,100.0,REGEN,0.0
1950,64.9952,3988.482,146.432,0.0,100.0,0,0,100.0,REGEN,0.0
1951,65.0285,3989.838,146.405,0.0,100.0,0,0,100.0,REGEN,0.0
1952,65.0619,3991.188,145.708,100.0,100.0,0,0,100.0,REGEN,349.73
1953,65.0952,3992.532,144.594,100.0,0.0,0,0,100.0,FULL,636.45
1954,65.1285,3993.865,142.944,100.0,0.0,0,0,100.0,FULL,636.45
1955,65.1619,3995.176,141.016,100.0,0.0,0,0,100.0,FULL,636.45
1956,65.1952,3996.474,138.994,100.0,0.0,0,0,100.0,FULL,636.45
1957,65.2285,3997.751,136.888,100.0,0.0,0,0,100.0,FULL,636.45
1958,65.2619,3999.007,134.946,100.0,0.0,0,0,100.0,FULL,636.45
1959,65.2952,4000.253,133.166,100.0,0.0,0,0,100.0,FULL,636.45
1960,65.3285,4001.479,132.085,100.0,0.0,0,0,100.0,FULL,636.45
1961,65.3618,4002.7,131.431,100.0,0.0,0,0,100.0,FULL,636.45
1962,65.3952,4003.916,131.212,100.0,0.0,0,0,100.0,FULL,636.45
1963,65.4285,4005.129,130.993,100.0,0.0,0,0,100.0,FULL,636.45
1964,65.4618,4006.342,130.775,100.0,0.0,0,0,100.0,FULL,636.45
1965,65.4952,4007.551,130.558,100.0,0.0,0,0,100.0,FULL,636.45
1966,65.5285,4008.759,130.341,100.0,0.0,0,0,100.0,FULL,636.45
1967,65.5618,4009.965,130.125,100.0,0.0,0,0,100.0,FULL,636.45
1968,65.5952,4011.169,129.98,100.0,0.0,0,0,100.0,FULL,636.45
1969,65.6285,4012.373,129.947,100.0,0.0,0,0,100.0,FULL,636.45
1970,65.6618,4013.577,130.223,100.0,0.0,0,0,100.0,FULL,636.45
1971,65.6952,4014.784,130.499,100.0,0.0,0,0,100.0,FULL,636.45
1972,65.7285,4015.993,130.776,100.0,0.0,0,0,100.0,FULL,636.45
1973,65.7618,4017.206,131.055,100.0,0.0,0,0,100.0,FULL,636.45
1974,65.7951,4018.42,131.334,100.0,0.0,0,0,100.0,FULL,636.45
1975,65.8285,4019.638,131.614,100.0,0.0,0,0,100.0,FULL,636.45
1976,65.8618,4020.858,131.895,100.0,0.0,0,0,100.0,FULL,636.45
1977,65.8951,4022.08,132.176,100.0,0.0,0,0,100.0,FULL,636.45
1978,65.9285,4023.305,132.458,100.0,0.0,0,0,100.0,FULL,636.45
1979,65.9618,4024.533,132.741,100.0,0.0,0,0,100.0,FULL,636.45
1980,65.9951,4025.763,133.025,100.0,0.0,0,0,100.0,FULL,636.45
1981,66.0285,4026.996,133.31,100.0,0.0,0,0,100.0,FULL,636.45
1982,66.0618,4028.232,133.596,100.0,0.0,0,0,100.0,FULL,636.45
1983,66.0951,4029.47,133.883,100.0,0.0,0,0,100.0,FULL,636.45
1984,66.1285,4030.711,134.171,100.0,0.0,0,0,100.0,FULL,636.45
1985,66.1618,4031.954,134.46,100.0,0.0,0,0,100.0,FULL,636.45
1986,66.1951,4033.201,134.75,100.0,0.0,0,0,100.0,FULL,636.45
1987,66.2284,4034.45,135.041,100.0,0.0,0,0,100.0,FULL,636.45
1988,66.2618,4035.701,135.333,100.0,0.0,0,0,100.0,FULL,636.45
1989,66.2951,4036.956,135.625,100.0,0.0,0,0,100.0,FULL,636.45
1990,66.3284,4038.213,135.911,100.0,0.0,0,0,100.0,FULL,636.45
1991,66.3618,4039.472,136.189,100.0,0.0,0,0,100.0,FULL,636.45
1992,66.3951,4040.737,136.831,100.0,0.0,0,0,100.0,FULL,636.45
1993,66.4284,4042.007,137.617,100.0,0.0,0,0,100.0,FULL,636.45
1994,66.4618,4043.285,138.59,100.0,0.0,0,0,100.0,FULL,636.45
1995,66.4951,4044.575,139.709,100.0,0.0,0,0,100.0,FULL,636.45
1996,66.5284,4045.873,140.897,100.0,0.0,0,0,100.0,FULL,636.45
1997,66.5618,4047.183,142.174,100.0,0.0,0,0,100.0,FULL,636.45
1998,66.5951,4048.508,143.519,100.0,0.0,0,0,100.0,FULL,636.45
1999,66.6284,4049.841,144.887,100.0,0.0,0,0,100.0,FULL,636.45
2000,66.6617,4051.189,146.267,100.0,0.0,0,0,100.0,FULL,636.45
2001,66.6951,4052.551,147.655,100.0,0.0,0,0,100.0,FULL,636.45
2002,66.7284,4053.924,149.052,100.0,0.0,0,0,100.0,FULL,636.45
2003,66.7617,4055.309,150.46,100.0,0.0,0,0,100.0,FULL,636.45
2004,66.7951,4056.71,151.785,100.0,0.0,0,0,100.0,FULL,636.45
2005,66.8284,4058.121,153.037,100.0,0.0,0,0,100.0,FULL,636.45
2006,66.8617,4059.541,154.239,100.0,0.0,0,0,100.0,FULL,636.45
2007,66.8951,4060.978,155.692,100.0,0.0,0,0,100.0,FULL,636.45
2008,66.9284,4062.427,157.121,100.0,0.0,0,0,100.0,FULL,636.45
2009,66.9617,4063.887,158.525,100.0,0.0,0,0,100.0,FULL,636.45
2010,66.9951,4065.359,159.898,100.0,0.0,0,0,100.0,FULL,636.45
2011,67.0284,4066.848,161.216,100.0,0.0,0,0,100.0,FULL,636.45
2012,67.0617,4068.346,162.492,100.0,0.0,0,0,100.0,FULL,636.45
2013,67.095,4069.856,163.721,100.0,0.0,0,0,100.0,FULL,636.45
2014,67.1284,4071.376,164.889,100.0,0.0,0,0,100.0,FULL,636.45
2015,67.1617,4072.909,166.005,100.0,0.0,0,0,100.0,FULL,636.45
2016,67.195,4074.452,167.181,100.0,0.0,0,0,100.0,FULL,636.45
2017,67.2284,4076.005,168.442,100.0,0.0,0,0,100.0,FULL,636.45
2018,67.2617,4077.569,169.8,100.0,0.0,0,0,100.0,FULL,636.45
2019,67.295,4079.15,171.279,100.0,0.0,0,0,100.0,FULL,636.45
2020,67.3284,4080.744,172.835,100.0,0.0,0,0,100.0,FULL,636.45
2021,67.3617,4082.352,174.512,100.0,0.0,0,0,100.0,DRS,636.45
2022,67.395,4083.974,176.3,100.0,0.0,0,0,100.0,DRS,636.45
2023,67.4284,4085.613,178.111,100.0,0.0,0,0,100.0,DRS,636.45
2024,67.4617,4087.272,179.889,100.0,0.0,0,0,100.0,DRS,636.45
2025,67.495,4088.947,181.641,100.0,0.0,0,0,100.0,DRS,636.45
2026,67.5284,4090.636,183.313,100.0,0.0,0,0,100.0,DRS,636.45
2027,67.5617,4092.34,184.872,100.0,0.0,0,0,100.0,DRS,636.45
2028,67.595,4094.058,186.338,100.0,0.0,0,0,100.0,DRS,636.45
2029,67.6283,4095.789,187.803,100.0,0.0,0,0,100.0,DRS,636.45
2030,67.6617,4097.535,189.265,100.0,0.0,0,0,100.0,DRS,636.45
2031,67.695,4099.295,190.723,100.0,0.0,0,0,100.0,DRS,636.45
2032,67.7283,4101.068,192.175,100.0,0.0,0,0,100.0,DRS,636.45
2033,67.7617,4102.854,193.622,100.0,0.0,0,0,100.0,DRS,636.45
2034,67.795,4104.653,195.062,100.0,0.0,0,0,100.0,DRS,636.45
2035,67.8283,4106.466,196.495,100.0,0.0,0,0,100.0,DRS,636.45
2036,67.8617,4108.292,197.919,100.0,0.0,0,0,100.0,DRS,636.45
2037,67.895,4110.13,199.335,100.0,0.0,0,0,100.0,DRS,636.45
2038,67.9283,4111.982,200.74,100.0,0.0,0,0,100.0,DRS,636.45
2039,67.9617,4113.847,202.135,100.0,0.0,0,0,100.0,DRS,636.45
2040,67.995,4115.724,203.519,100.0,0.0,0,0,100.0,DRS,636.45
2041,68.0283,4117.615,204.892,100.0,0.0,0,0,100.0,DRS,636.45
2042,68.0616,4119.518,206.251,100.0,0.0,0,0,100.0,DRS,636.45
2043,68.095,4121.434,207.599,100.0,0.0,0,0,100.0,DRS,636.45
2044,68.1283,4123.363,208.933,100.0,0.0,0,0,100.0,DRS,636.45
2045,68.1616,4125.303,210.254,100.0,0.0,0,0,100.0,DRS,636.45
2046,68.195,4127.256,211.562,100.0,0.0,0,0,100.0,DRS,636.45
2047,68.2283,4129.221,212.856,100.0,0.0,0,0,100.0,DRS,636.45
2048,68.2616,4131.198,214.136,100.0,0.0,0,0,100.0,DRS,636.45
2049,68.295,4133.186,215.402,100.0,0.0,0,0,100.0,DRS,636.45
2050,68.3283,4135.186,216.654,100.0,0.0,0,0,100.0,DRS,636.45
2051,68.3616,4137.198,217.892,100.0,0.0,0,0,100.0,DRS,636.45
2052,68.395,4139.221,219.116,100.0,0.0,0,0,100.0,DRS,636.45
2053,68.4283,4141.255,220.326,100.0,0.0,0,0,100.0,DRS,636.45
2054,68.4616,4143.3,221.522,100.0,0.0,0,0,100.0,DRS,636.45
2055,68.4949,4145.357,222.704,100.0,0.0,0,0,100.0,DRS,636.45
2056,68.5283,4147.424,223.873,100.0,0.0,0,0,100.0,DRS,636.45
2057,68.5616,4149.502,225.027,100.0,0.0,0,0,100.0,DRS,636.45
2058,68.5949,4151.59,226.168,100.0,0.0,0,0,100.0,DRS,636.45
2059,68.6283,4153.69,227.296,100.0,0.0,0,0,100.0,DRS,636.45
2060,68.6616,4155.799,228.41,100.0,0.0,0,0,100.0,DRS,636.45
2061,68.6949,4157.919,229.51,100.0,0.0,0,0,100.0,DRS,636.45
2062,68.7283,4160.05,230.598,100.0,0.0,0,0,100.0,DRS,636.45
2063,68.7616,4162.19,231.673,100.0,0.0,0,0,100.0,DRS,636.45
2064,68.7949,4164.34,232.735,100.0,0.0,0,0,100.0,DRS,636.45
2065,68.8283,4166.499,233.785,100.0,0.0,0,0,100.0,DRS,636.45
2066,68.8616,4168.669,234.823,100.0,0.0,0,0,100.0,DRS,636.45
2067,68.8949,4170.848,235.849,100.0,0.0,0,0,100.0,DRS,636.45
2068,68.9282,4173.036,236.863,100.0,0.0,0,0,100.0,DRS,636.45
2069,68.9616,4175.233,237.865,100.0,0.0,0,0,100.0,DRS,636.45
2070,68.9949,4177.44,238.856,100.0,0.0,0,0,100.0,DRS,636.45
2071,69.0282,4179.656,239.835,100.0,0.0,0,0,100.0,DRS,636.45
2072,69.0616,4181.881,240.802,100.0,0.0,0,0,100.0,DRS,636.45
2073,69.0949,4184.115,241.759,100.0,0.0,0,0,100.0,DRS,636.45
2074,69.1282,4186.358,242.704,100.0,0.0,0,0,100.0,DRS,636.45
2075,69.1616,4188.609,243.639,100.0,0.0,0,0,100.0,DRS,636.45
2076,69.1949,4190.869,244.563,100.0,0.0,0,0,100.0,DRS,636.45
2077,69.2282,4193.138,245.477,100.0,0.0,0,0,100.0,DRS,636.45
2078,69.2616,4195.415,246.381,100.0,0.0,0,0,100.0,DRS,636.45
2079,69.2949,4197.7,247.274,100.0,0.0,0,0,100.0,DRS,636.45
2080,69.3282,4199.993,248.157,100.0,0.0,0,0,100.0,DRS,636.45
2081,69.3615,4202.295,249.029,100.0,0.0,0,0,100.0,DRS,636.45
2082,69.3949,4204.605,249.893,100.0,0.0,0,0,100.0,DRS,636.45
2083,69.4282,4206.923,250.746,100.0,0.0,0,0,100.0,DRS,636.45
2084,69.4615,4209.248,251.591,100.0,0.0,0,0,100.0,DRS,636.45
2085,69.4949,4211.581,252.426,100.0,0.0,0,0,100.0,DRS,636.45
2086,69.5282,4213.922,253.251,100.0,0.0,0,0,100.0,DRS,636.45
2087,69.5615,4216.271,254.067,100.0,0.0,0,0,100.0,DRS,636.45
2088,69.5949,4218.627,254.874,100.0,0.0,0,0,100.0,DRS,636.45
2089,69.6282,4220.99,255.672,100.0,0.0,0,0,100.0,DRS,636.45
2090,69.6615,4223.361,256.462,100.0,0.0,0,0,100.0,DRS,636.45
2091,69.6949,4225.739,257.243,100.0,0.0,0,0,100.0,DRS,636.45
2092,69.7282,4228.124,258.015,100.0,0.0,0,0,100.0,DRS,636.45
2093,69.7615,4230.517,258.779,100.0,0.0,0,0,100.0,DRS,636.45
2094,69.7949,4232.916,259.534,100.0,0.0,0,0,100.0,DRS,636.45
2095,69.8282,4235.322,260.282,100.0,0.0,0,0,100.0,DRS,636.45
2096,69.8615,4237.735,261.021,100.0,0.0,0,0,100.0,DRS,636.45
2097,69.8948,4240.156,261.751,100.0,0.0,0,0,100.0,DRS,636.45
2098,69.9282,4242.583,262.474,100.0,0.0,0,0,100.0,DRS,636.45
2099,69.9615,4245.016,263.189,100.0,0.0,0,0,100.0,DRS,636.45
2100,69.9948,4247.456,263.897,100.0,0.0,0,0,100.0,DRS,636.45
2101,70.0282,4249.902,264.597,100.0,0.0,0,0,100.0,DRS,636.45
2102,70.0615,4252.356,265.288,100.0,0.0,0,0,100.0,DRS,636.45
2103,70.0948,4254.815,265.973,100.0,0.0,0,0,100.0,DRS,636.45
2104,70.1282,4257.28,266.65,100.0,0.0,0,0,100.0,DRS,636.45
2105,70.1615,4259.752,267.321,100.0,0.0,0,0,100.0,DRS,636.45
2106,70.1948,4262.231,267.983,100.0,0.0,0,0,100.0,DRS,636.45
2107,70.2282,4264.715,268.638,100.0,0.0,0,0,100.0,DRS,636.45
2108,70.2615,4267.205,269.287,100.0,0.0,0,0,100.0,DRS,636.45
2109,70.2948,4269.701,269.929,100.0,0.0,0,0,100.0,DRS,636.45
2110,70.3281,4272.203,270.563,100.0,0.0,0,0,100.0,DRS,636.45
2111,70.3615,4274.711,271.191,100.0,0.0,0,0,100.0,DRS,636.45
2112,70.3948,4277.225,271.813,100.0,0.0,0,0,100.0,DRS,636.45
2113,70.4281,4279.744,272.427,100.0,0.0,0,0,100.0,DRS,636.45
2114,70.4615,4282.269,273.035,100.0,0.0,0,0,100.0,DRS,636.45
2115,70.4948,4284.8,273.637,100.0,0.0,0,0,100.0,DRS,636.45
2116,70.5281,4287.336,274.232,100.0,0.0,0,0,100.0,DRS,636.45
2117,70.5615,4289.878,274.821,100.0,0.0,0,0,100.0,DRS,636.45
2118,70.5948,4292.425,275.403,100.0,0.0,0,0,100.0,DRS,636.45
2119,70.6281,4294.978,275.979,100.0,0.0,0,0,100.0,DRS,636.45
2120,70.6615,4297.535,276.55,100.0,0.0,0,0,100.0,DRS,636.45
2121,70.6948,4300.099,277.114,100.0,0.0,0,0,100.0,DRS,636.45
2122,70.7281,4302.667,277.672,100.0,0.0,0,0,100.0,DRS,636.45
2123,70.7614,4305.24,278.224,100.0,0.0,0,0,100.0,DRS,636.45
2124,70.7948,4307.819,278.771,100.0,0.0,0,0,100.0,DRS,636.45
2125,70.8281,4310.402,279.311,100.0,0.0,0,0,100.0,DRS,636.45
2126,70.8614,4312.991,279.846,100.0,0.0,0,0,100.0,DRS,636.45
2127,70.8948,4315.584,280.376,100.0,0.0,0,0,100.0,DRS,636.45
2128,70.9281,4318.183,280.899,100.0,0.0,0,0,100.0,DRS,636.45
2129,70.9614,4320.786,281.418,100.0,0.0,0,0,100.0,DRS,636.45
2130,70.9948,4323.393,281.93,100.0,0.0,0,0,100.0,DRS,636.45
2131,71.0281,4326.006,282.438,100.0,0.0,0,0,100.0,DRS,636.45
2132,71.0614,4328.624,282.94,100.0,0.0,0,0,100.0,DRS,636.45
2133,71.0948,4331.245,283.436,100.0,0.0,0,0,100.0,DRS,636.45
2134,71.1281,4333.872,283.928,100.0,0.0,0,0,100.0,DRS,636.45
2135,71.1614,4336.503,284.414,100.0,0.0,0,0,100.0,DRS,636.45
2136,71.1947,4339.138,284.896,100.0,0.0,0,0,100.0,DRS,636.45
2137,71.2281,4341.778,285.372,100.0,0.0,0,0,100.0,DRS,636.45
2138,71.2614,4344.423,285.843,100.0,0.0,0,0,100.0,DRS,636.45
2139,71.2947,4347.071,286.309,100.0,0.0,0,0,100.0,DRS,636.45
2140,71.3281,4349.724,286.771,100.0,0.0,0,0,100.0,DRS,636.45
2141,71.3614,4352.382,287.227,100.0,0.0,0,0,100.0,DRS,636.45
2142,71.3947,4355.043,287.679,100.0,0.0,0,0,100.0,DRS,636.45
2143,71.4281,4357.708,288.126,100.0,0.0,0,0,100.0,DRS,636.45
2144,71.4614,4360.378,288.568,100.0,0.0,0,0,100.0,DRS,636.45
2145,71.4947,4363.052,289.006,100.0,0.0,0,0,100.0,DRS,636.45
2146,71.5281,4365.729,289.439,100.0,0.0,0,0,100.0,DRS,636.45
2147,71.5614,4368.412,289.868,100.0,0.0,0,0,100.0,DRS,636.45
2148,71.5947,4371.097,290.292,100.0,0.0,0,0,100.0,DRS,636.45
2149,71.628,4373.787,290.712,100.0,0.0,0,0,100.0,DRS,636.45
2150,71.6614,4376.48,291.127,100.0,0.0,0,0,100.0,DRS,636.45
2151,71.6947,4379.178,291.538,100.0,0.0,0,0,100.0,DRS,636.45
2152,71.728,4381.879,291.945,100.0,0.0,0,0,100.0,DRS,636.45
2153,71.7614,4384.584,292.348,100.0,0.0,0,0,100.0,DRS,636.45
2154,71.7947,4387.292,292.746,100.0,0.0,0,0,100.0,DRS,636.45
2155,71.828,4390.004,293.14,100.0,0.0,0,0,100.0,DRS,636.45
2156,71.8614,4392.72,293.53,100.0,0.0,0,0,100.0,DRS,636.45
2157,71.8947,4395.44,293.916,100.0,0.0,0,0,100.0,DRS,636.45
2158,71.928,4398.163,294.298,100.0,0.0,0,0,100.0,DRS,636.45
2159,71.9614,4400.889,294.676,100.0,0.0,0,0,100.0,DRS,636.45
2160,71.9947,4403.619,295.051,100.0,0.0,0,0,100.0,DRS,636.45
2161,72.028,4406.353,295.421,100.0,0.0,0,0,100.0,DRS,636.45
2162,72.0613,4409.09,295.787,100.0,0.0,0,0,100.0,DRS,636.45
2163,72.0947,4411.83,296.15,100.0,0.0,0,0,100.0,DRS,636.45
2164,72.128,4414.574,296.509,100.0,0.0,0,0,100.0,DRS,636.45
2165,72.1613,4417.32,296.864,100.0,0.0,0,0,100.0,DRS,636.45
2166,72.1947,4420.071,297.215,100.0,0.0,0,0,100.0,DRS,636.45
2167,72.228,4422.824,297.563,100.0,0.0,0,0,100.0,DRS,636.45
2168,72.2613,4425.58,297.907,100.0,0.0,0,0,100.0,DRS,636.45
2169,72.2947,4428.34,298.248,100.0,0.0,0,0,100.0,DRS,636.45
2170,72.328,4431.103,298.585,100.0,0.0,0,0,100.0,DRS,636.45
2171,72.3613,4433.869,298.919,100.0,0.0,0,0,100.0,DRS,636.45
2172,72.3947,4436.638,299.249,100.0,0.0,0,0,100.0,DRS,636.45
2173,72.428,4439.41,299.576,100.0,0.0,0,0,100.0,DRS,636.45
2174,72.4613,4442.186,299.899,100.0,0.0,0,0,100.0,DRS,636.45
2175,72.4947,4444.964,300.219,100.0,0.0,0,0,100.0,DRS,636.45
2176,72.528,4447.745,300.536,100.0,0.0,0,0,100.0,DRS,636.45
2177,72.5613,4450.529,300.849,100.0,0.0,0,0,100.0,DRS,636.45
2178,72.5946,4453.316,301.159,100.0,0.0,0,0,100.0,DRS,636.45
2179,72.628,4456.105,301.466,100.0,0.0,0,0,100.0,DRS,636.45
2180,72.6613,4458.898,301.77,100.0,0.0,0,0,100.0,DRS,636.45
2181,72.6946,4461.693,302.071,100.0,0.0,0,0,100.0,DRS,636.45
2182,72.728,4464.491,302.368,100.0,0.0,0,0,100.0,DRS,636.45
2183,72.7613,4467.292,302.663,100.0,0.0,0,0,100.0,DRS,636.45
2184,72.7946,4470.096,302.954,100.0,0.0,0,0,100.0,DRS,636.45
2185,72.828,4472.902,303.242,100.0,0.0,0,0,100.0,DRS,636.45
2186,72.8613,4475.711,303.528,100.0,0.0,0,0,100.0,DRS,636.45
2187,72.8946,4478.523,303.81,100.0,0.0,0,0,100.0,DRS,636.45
2188,72.928,4481.337,304.09,100.0,0.0,0,0,100.0,DRS,636.45
2189,72.9613,4484.153,304.367,100.0,0.0,0,0,100.0,DRS,636.45
2190,72.9946,4486.973,304.64,100.0,0.0,0,0,100.0,DRS,636.45
2191,73.0279,4489.794,304.912,100.0,0.0,0,0,100.0,DRS,636.45
2192,73.0613,4492.619,305.18,100.0,0.0,0,0,100.0,DRS,636.45
2193,73.0946,4495.446,305.445,100.0,0.0,0,0,100.0,DRS,636.45
2194,73.1279,4498.275,305.708,100.0,0.0,0,0,100.0,DRS,636.45
2195,73.1613,4501.106,305.968,100.0,0.0,0,0,100.0,DRS,636.45
2196,73.1946,4503.94,306.225,100.0,0.0,0,0,100.0,DRS,636.45
2197,73.2279,4506.777,306.48,100.0,0.0,0,0,100.0,DRS,636.45
2198,73.2613,4509.615,306.732,100.0,0.0,0,0,100.0,DRS,636.45
2199,73.2946,4512.457,306.981,100.0,0.0,0,0,100.0,DRS,636.45
2200,73.3279,4515.3,307.228,100.0,0.0,0,0,100.0,DRS,636.45
2201,73.3613,4518.146,307.473,100.0,0.0,0,0,100.0,DRS,636.45
2202,73.3946,4520.993,307.715,100.0,0.0,0,0,100.0,DRS,636.45
2203,73.4279,4523.844,307.954,100.0,0.0,0,0,100.0,DRS,636.45
2204,73.4612,4526.696,308.191,100.0,0.0,0,0,100.0,DRS,636.45
2205,73.4946,4529.55,308.425,100.0,0.0,0,0,100.0,DRS,636.45
2206,73.5279,4532.407,308.657,100.0,0.0,0,0,100.0,DRS,636.45
2207,73.5612,4535.266,308.887,100.0,0.0,0,0,100.0,DRS,636.45
2208,73.5946,4538.127,309.114,100.0,0.0,0,0,100.0,DRS,636.45
2209,73.6279,4540.99,309.339,100.0,0.0,0,0,100.0,DRS,636.45
2210,73.6612,4543.855,309.562,100.0,0.0,0,0,100.0,DRS,636.45
2211,73.6946,4546.722,309.782,100.0,0.0,0,0,100.0,DRS,636.45
2212,73.7279,4549.591,310.0,100.0,0.0,0,0,100.0,DRS,636.45
2213,73.7612,4552.462,310.216,100.0,0.0,0,0,100.0,DRS,636.45
2214,73.7946,4555.335,310.429,100.0,0.0,0,0,100.0,DRS,636.45
2215,73.8279,4558.21,310.641,100.0,0.0,0,0,100.0,DRS,636.45
2216,73.8612,4561.088,310.85,100.0,0.0,0,0,100.0,DRS,636.45
2217,73.8945,4563.966,311.057,100.0,0.0,0,0,100.0,DRS,636.45
2218,73.9279,4566.847,311.262,100.0,0.0,0,0,100.0,DRS,636.45
2219,73.9612,4569.73,311.465,100.0,0.0,0,0,100.0,DRS,636.45
2220,73.9945,4572.615,311.666,100.0,0.0,0,0,100.0,DRS,636.45
2221,74.0279,4575.501,311.864,100.0,0.0,0,0,100.0,DRS,636.45
2222,74.0612,4578.39,312.061,100.0,0.0,0,0,100.0,DRS,636.45
2223,74.0945,4581.28,312.256,100.0,0.0,0,0,100.0,DRS,636.45
2224,74.1279,4584.172,312.448,100.0,0.0,0,0,100.0,DRS,636.45
2225,74.1612,4587.065,312.639,100.0,0.0,0,0,100.0,DRS,636.45
2226,74.1945,4589.961,312.828,100.0,0.0,0,0,100.0,DRS,636.45
2227,74.2279,4592.858,313.014,100.0,0.0,0,0,100.0,DRS,636.45
2228,74.2612,4595.757,313.199,100.0,0.0,0,0,100.0,DRS,636.45
2229,74.2945,4598.658,313.382,100.0,0.0,0,0,100.0,DRS,636.45
2230,74.3278,4601.56,313.563,100.0,0.0,0,0,100.0,DRS,636.45
2231,74.3612,4604.464,313.742,100.0,0.0,0,0,100.0,DRS,636.45
2232,74.3945,4607.37,313.92,100.0,0.0,0,0,100.0,DRS,636.45
2233,74.4278,4610.277,314.095,100.0,0.0,0,0,100.0,DRS,636.45
2234,74.4612,4613.186,314.269,100.0,0.0,0,0,100.0,DRS,636.45
2235,74.4945,4616.096,314.441,100.0,0.0,0,0,100.0,DRS,636.45
2236,74.5278,4619.008,314.611,100.0,0.0,0,0,100.0,DRS,636.45
2237,74.5612,4621.922,314.779,100.0,0.0,0,0,100.0,DRS,636.45
2238,74.5945,4624.837,314.946,100.0,0.0,0,0,100.0,DRS,636.45
2239,74.6278,4627.754,315.111,100.0,0.0,0,0,100.0,DRS,636.45
2240,74.6612,4630.672,315.274,100.0,0.0,0,0,100.0,DRS,636.45
2241,74.6945,4633.592,315.436,100.0,0.0,0,0,100.0,DRS,636.45
2242,74.7278,4636.513,315.596,100.0,0.0,0,0,100.0,DRS,636.45
2243,74.7612,4639.436,315.754,100.0,0.0,0,0,100.0,DRS,636.45
2244,74.7945,4642.36,315.91,100.0,0.0,0,0,100.0,DRS,636.45
2245,74.8278,4645.285,316.065,100.0,0.0,0,0,100.0,DRS,636.45
2246,74.8611,4648.212,316.219,100.0,0.0,0,0,100.0,DRS,636.45
2247,74.8945,4651.141,316.371,100.0,0.0,0,0,100.0,DRS,636.45
2248,74.9278,4654.071,316.521,100.0,0.0,0,0,100.0,DRS,636.45
2249,74.9611,4657.002,316.669,100.0,0.0,0,0,100.0,DRS,636.45
2250,74.9945,4659.935,316.816,100.0,0.0,0,0,100.0,DRS,636.45
2251,75.0278,4662.869,316.961,100.0,0.0,0,0,100.0,DRS,636.45
2252,75.0611,4665.804,317.105,100.0,0.0,0,0,100.0,DRS,636.45
2253,75.0945,4668.74,317.247,100.0,0.0,0,0,100.0,DRS,636.45
2254,75.1278,4671.678,317.387,100.0,0.0,0,0,100.0,DRS,636.45
2255,75.1611,4674.617,317.526,100.0,0.0,0,0,100.0,DRS,636.45
2256,75.1945,4677.558,317.662,100.0,0.0,0,0,100.0,DRS,636.45
2257,75.2278,4680.5,317.796,100.0,0.0,0,0,100.0,DRS,636.45
2258,75.2611,4683.443,317.928,100.0,0.0,0,0,100.0,DRS,636.45
2259,75.2944,4686.387,318.058,100.0,0.0,0,0,100.0,DRS,636.45
2260,75.3278,4689.332,318.185,100.0,0.0,0,0,100.0,DRS,636.45
2261,75.3611,4692.279,318.31,100.0,0.0,0,0,100.0,DRS,636.45
2262,75.3944,4695.226,318.431,100.0,0.0,0,0,100.0,DRS,636.45
2263,75.4278,4698.175,318.549,100.0,0.0,0,0,100.0,DRS,636.45
2264,75.4611,4701.125,318.662,100.0,0.0,0,0,100.0,DRS,636.45
2265,75.4944,4704.076,318.772,100.0,0.0,0,0,100.0,DRS,636.45
2266,75.5278,4707.028,318.875,100.0,0.0,0,0,100.0,DRS,636.45
2267,75.5611,4709.98,318.973,100.0,0.0,0,0,100.0,DRS,636.45
2268,75.5944,4712.934,319.063,100.0,0.0,0,0,100.0,DRS,636.45
2269,75.6278,4715.889,319.146,100.0,0.0,0,0,100.0,DRS,636.45
2270,75.6611,4718.844,319.219,100.0,0.0,0,0,100.0,DRS,636.45
2271,75.6944,4721.8,319.281,100.0,0.0,0,0,100.0,DRS,636.45
2272,75.7277,4724.756,319.33,100.0,0.0,0,0,100.0,DRS,636.45
2273,75.7611,4727.713,319.365,100.0,0.0,0,0,100.0,DRS,636.45
2274,75.7944,4730.669,319.381,100.0,0.0,0,0,100.0,DRS,636.45
2275,75.8277,4733.627,319.38,100.0,0.0,0,0,100.0,DRS,636.45
2276,75.8611,4736.583,319.354,100.0,0.0,0,0,100.0,DRS,636.45
2277,75.8944,4739.54,319.305,100.0,0.0,0,0,100.0,DRS,636.45
2278,75.9277,4742.496,319.224,100.0,0.0,0,0,100.0,DRS,636.45
2279,75.9611,4745.451,319.112,100.0,0.0,0,0,100.0,DRS,636.45
2280,75.9944,4748.405,318.96,100.0,0.0,0,0,100.0,DRS,636.45
2281,76.0277,4751.357,318.768,100.0,0.0,0,0,100.0,DRS,636.45
2282,76.0611,4754.307,318.527,100.0,0.0,0,0,100.0,DRS,636.45
2283,76.0944,4757.255,318.234,100.0,0.0,0,0,100.0,DRS,636.45
2284,76.1277,4760.2,317.883,100.0,0.0,0,0,100.0,DRS,636.45
2285,76.161,4763.141,317.468,100.0,0.0,0,0,100.0,DRS,636.45
2286,76.1944,4766.078,316.983,100.0,0.0,0,0,100.0,DRS,636.45
2287,76.2277,4769.01,316.421,100.0,0.0,0,0,100.0,DRS,636.45
2288,76.261,4771.937,315.779,100.0,0.0,0,0,100.0,DRS,636.45
2289,76.2944,4774.857,315.044,100.0,0.0,0,0,100.0,DRS,636.45
2290,76.3277,4777.771,314.222,100.0,0.0,0,0,100.0,FULL,636.45
2291,76.361,4780.675,313.29,100.0,0.0,0,0,100.0,FULL,636.45
2292,76.3944,4783.572,312.261,100.0,0.0,0,0,100.0,FULL,636.45
2293,76.4277,4786.457,311.113,100.0,0.0,0,0,100.0,FULL,636.45
2294,76.461,4789.332,309.855,100.0,0.0,0,0,100.0,FULL,636.45
2295,76.4944,4792.194,308.475,100.0,0.0,0,0,100.0,FULL,636.45
2296,76.5277,4795.043,306.973,100.0,0.0,0,0,100.0,FULL,636.45
2297,76.561,4797.878,305.352,100.0,0.0,0,0,100.0,FULL,636.45
2298,76.5943,4800.697,303.596,100.0,0.0,0,0,100.0,FULL,636.45
2299,76.6277,4803.5,301.725,100.0,0.0,0,0,100.0,FULL,636.45
2300,76.661,4806.284,299.723,100.0,0.0,0,0,100.0,FULL,636.45
2301,76.6943,4809.049,297.601,100.0,0.0,0,0,100.0,FULL,636.45
2302,76.7277,4811.795,295.367,100.0,0.0,0,0,100.0,FULL,636.45
2303,76.761,4814.517,293.008,100.0,0.0,0,0,100.0,FULL,636.45
2304,76.7943,4817.219,290.547,100.0,0.0,0,0,100.0,FULL,636.45
2305,76.8277,4819.898,287.985,100.0,0.0,0,0,100.0,FULL,636.45
2306,76.861,4822.551,285.317,100.0,0.0,0,0,100.0,FULL,636.45
2307,76.8943,4825.18,282.536,100.0,0.0,0,0,100.0,FULL,636.45
2308,76.9277,4827.784,279.615,0.0,100.0,0,0,100.0,REGEN,0.0
2309,76.961,4830.357,276.526,0.0,100.0,0,0,100.0,REGEN,0.0
2310,76.9943,4832.902,273.296,0.0,100.0,0,0,100.0,REGEN,0.0
2311,77.0277,4835.418,269.93,0.0,100.0,0,0,100.0,REGEN,0.0
2312,77.061,4837.901,266.425,0.0,100.0,0,0,100.0,REGEN,0.0
2313,77.0943,4840.349,262.783,0.0,100.0,0,0,100.0,REGEN,0.0
2314,77.1276,4842.764,259.028,0.0,100.0,0,0,100.0,REGEN,0.0
2315,77.161,4845.145,255.168,0.0,100.0,0,0,100.0,REGEN,0.0
2316,77.1943,4847.487,250.393,0.0,100.0,0,0,100.0,REGEN,0.0
2317,77.2276,4849.781,244.599,0.0,100.0,0,0,100.0,REGEN,0.0
2318,77.261,4852.017,238.93,0.0,100.0,0,0,100.0,REGEN,0.0
2319,77.2943,4854.203,233.427,0.0,100.0,0,0,100.0,REGEN,0.0
2320,77.3276,4856.339,228.183,0.0,100.0,0,0,100.0,REGEN,0.0
2321,77.361,4858.427,223.161,0.0,100.0,0,0,100.0,REGEN,0.0
2322,77.3943,4860.471,218.357,0.0,100.0,0,0,100.0,REGEN,0.0
2323,77.4276,4862.471,213.764,0.0,100.0,0,0,100.0,REGEN,0.0
2324,77.461,4864.43,209.36,0.0,100.0,0,0,100.0,REGEN,0.0
2325,77.4943,4866.349,205.113,0.0,100.0,0,0,100.0,REGEN,0.0
2326,77.5276,4868.23,201.012,0.0,100.0,0,0,100.0,REGEN,0.0
2327,77.5609,4870.073,197.052,0.0,100.0,0,0,100.0,REGEN,0.0
2328,77.5943,4871.882,193.227,0.0,100.0,0,0,100.0,REGEN,0.0
2329,77.6276,4873.653,189.541,0.0,100.0,0,0,100.0,REGEN,0.0
2330,77.6609,4875.389,185.973,0.0,100.0,0,0,100.0,REGEN,0.0
2331,77.6943,4877.093,182.504,0.0,100.0,0,0,100.0,REGEN,0.0
2332,77.7276,4878.767,179.123,0.0,100.0,0,0,100.0,REGEN,0.0
2333,77.7609,4880.411,175.816,0.0,100.0,0,0,100.0,REGEN,0.0
2334,77.7943,4882.026,172.57,0.0,100.0,0,0,100.0,REGEN,0.0
2335,77.8276,4883.609,169.383,0.0,100.0,0,0,100.0,REGEN,0.0
2336,77.8609,4885.16,166.395,0.0,100.0,0,0,100.0,REGEN,0.0
2337,77.8943,4886.687,163.525,0.0,100.0,0,0,100.0,REGEN,0.0
2338,77.9276,4888.19,160.694,0.0,100.0,0,0,100.0,REGEN,0.0
2339,77.9609,4889.666,157.764,0.0,100.0,0,0,100.0,REGEN,0.0
2340,77.9942,4891.109,154.933,0.0,100.0,0,0,100.0,REGEN,0.0
2341,78.0276,4892.531,152.181,0.0,100.0,0,0,100.0,REGEN,0.0
2342,78.0609,4893.932,149.508,0.0,100.0,0,0,100.0,REGEN,0.0
2343,78.0942,4895.301,147.005,0.0,100.0,0,0,100.0,REGEN,0.0
2344,78.1276,4896.65,144.6,0.0,100.0,0,0,100.0,REGEN,0.0
2345,78.1609,4897.982,142.276,0.0,100.0,0,0,100.0,REGEN,0.0
2346,78.1942,4899.286,140.08,0.0,100.0,0,0,100.0,REGEN,0.0
2347,78.2276,4900.572,137.953,0.0,100.0,0,0,100.0,REGEN,0.0
2348,78.2609,4901.845,135.881,0.0,100.0,0,0,100.0,REGEN,0.0
2349,78.2942,4903.089,133.92,0.0,100.0,0,0,100.0,REGEN,0.0
2350,78.3276,4904.321,132.001,0.0,100.0,0,0,100.0,REGEN,0.0
2351,78.3609,4905.536,130.149,0.0,100.0,0,0,100.0,REGEN,0.0
2352,78.3942,4906.73,128.388,0.0,100.0,0,0,100.0,REGEN,0.0
2353,78.4275,4907.916,126.669,0.0,100.0,0,0,100.0,REGEN,0.0
2354,78.4609,4909.077,125.123,0.0,100.0,0,0,100.0,REGEN,0.0
2355,78.4942,4910.231,123.658,0.0,100.0,0,0,100.0,REGEN,0.0
2356,78.5275,4911.369,122.359,0.0,100.0,0,0,100.0,REGEN,0.0
2357,78.5609,4912.496,121.133,0.0,100.0,0,0,100.0,REGEN,0.0
2358,78.5942,4913.614,119.963,0.0,100.0,0,0,100.0,REGEN,0.0
2359,78.6275,4914.715,118.584,0.0,100.0,0,0,100.0,REGEN,0.0
2360,78.6609,4915.811,117.147,0.0,100.0,0,0,100.0,REGEN,0.0
2361,78.6942,4916.881,115.393,0.0,100.0,0,0,100.0,REGEN,0.0
2362,78.7275,4917.946,113.61,0.0,100.0,0,0,100.0,REGEN,0.0
2363,78.7609,4918.983,111.687,0.0,100.0,0,0,100.0,REGEN,0.0
2364,78.7942,4920.014,109.771,0.0,100.0,0,0,100.0,REGEN,0.0
2365,78.8275,4921.015,107.904,0.0,100.0,0,0,100.0,REGEN,0.0
2366,78.8608,4922.012,106.071,0.0,100.0,0,0,100.0,REGEN,0.0
2367,78.8942,4922.981,104.427,0.0,100.0,0,0,100.0,REGEN,0.0
2368,78.9275,4923.947,102.81,0.0,100.0,0,0,100.0,REGEN,0.0
2369,78.9608,4924.887,101.498,0.0,100.0,0,0,100.0,REGEN,0.0
2370,78.9942,4925.827,100.186,0.0,100.0,0,0,100.0,REGEN,0.0
2371,79.0275,4926.746,99.294,100.0,100.0,0,0,100.0,REGEN,276.89
2372,79.0608,4927.664,98.425,100.0,100.0,0,0,100.0,REGEN,568.68
2373,79.0942,4928.575,98.13,100.0,0.0,0,0,100.0,FULL,636.45
2374,79.1275,4929.483,98.008,100.0,0.0,0,0,100.0,FULL,636.45
2375,79.1608,4930.39,97.886,100.0,0.0,0,0,100.0,FULL,636.45
2376,79.1942,4931.295,97.764,100.0,0.0,0,0,100.0,FULL,636.45
2377,79.2275,4932.2,97.643,100.0,0.0,0,0,100.0,FULL,636.45
2378,79.2608,4933.103,97.521,100.0,0.0,0,0,100.0,FULL,636.45
2379,79.2941,4934.006,97.4,100.0,0.0,0,0,100.0,FULL,636.45
2380,79.3275,4934.907,97.28,100.0,0.0,0,0,100.0,FULL,636.45
2381,79.3608,4935.807,97.159,100.0,0.0,0,0,100.0,FULL,636.45
2382,79.3941,4936.706,97.039,100.0,0.0,0,0,100.0,FULL,636.45
2383,79.4275,4937.604,96.919,100.0,0.0,0,0,100.0,FULL,636.45
2384,79.4608,4938.501,96.8,100.0,0.0,0,0,100.0,FULL,636.45
2385,79.4941,4939.396,96.681,100.0,0.0,0,0,100.0,FULL,636.45
2386,79.5275,4940.293,96.715,100.0,0.0,0,0,100.0,FULL,636.45
2387,79.5608,4941.19,96.947,100.0,0.0,0,0,100.0,FULL,636.45
2388,79.5941,4942.088,97.228,100.0,0.0,0,0,100.0,FULL,636.45
2389,79.6275,4942.992,97.69,100.0,0.0,0,0,100.0,FULL,636.45
2390,79.6608,4943.896,98.153,100.0,0.0,0,0,100.0,FULL,636.45
2391,79.6941,4944.81,98.649,100.0,0.0,0,0,100.0,FULL,636.45
2392,79.7275,4945.723,99.146,100.0,0.0,0,0,100.0,FULL,636.45
2393,79.7608,4946.645,99.566,100.0,0.0,0,0,100.0,FULL,636.45
2394,79.7941,4947.567,99.971,100.0,0.0,0,0,100.0,FULL,636.45
2395,79.8274,4948.496,100.377,100.0,0.0,0,0,100.0,FULL,636.45
2396,79.8608,4949.427,100.785,100.0,0.0,0,0,100.0,FULL,636.45
2397,79.8941,4950.362,101.194,100.0,0.0,0,0,100.0,FULL,636.45
2398,79.9274,4951.301,101.605,100.0,0.0,0,0,100.0,FULL,636.45
2399,79.9608,4952.243,102.017,100.0,0.0,0,0,100.0,FULL,636.45
2400,79.9941,4953.19,102.432,100.0,0.0,0,0,100.0,FULL,636.45
2401,80.0274,4954.139,102.849,100.0,0.0,0,0,100.0,FULL,636.45
2402,80.0608,4955.094,103.269,100.0,0.0,0,0,100.0,FULL,636.45
2403,80.0941,4956.051,103.69,100.0,0.0,0,0,100.0,FULL,636.45
2404,80.1274,4957.014,104.116,100.0,0.0,0,0,100.0,FULL,636.45
2405,80.1608,4957.979,104.542,100.0,0.0,0,0,100.0,FULL,636.45
2406,80.1941,4958.95,104.972,100.0,0.0,0,0,100.0,FULL,636.45
2407,80.2274,4959.923,105.401,100.0,0.0,0,0,100.0,FULL,636.45
2408,80.2607,4960.902,105.832,100.0,0.0,0,0,100.0,FULL,636.45
2409,80.2941,4961.883,106.287,100.0,0.0,0,0,100.0,FULL,636.45
2410,80.3274,4962.872,106.957,100.0,0.0,0,0,100.0,FULL,636.45
2411,80.3607,4963.863,107.666,100.0,0.0,0,0,100.0,FULL,636.45
2412,80.3941,4964.87,108.807,100.0,0.0,0,0,100.0,FULL,636.45
2413,80.4274,4965.878,109.967,100.0,0.0,0,0,100.0,FULL,636.45
2414,80.4607,4966.907,111.304,100.0,0.0,0,0,100.0,FULL,636.45
2415,80.4941,4967.94,112.644,100.0,0.0,0,0,100.0,FULL,636.45
2416,80.5274,4968.993,113.997,100.0,0.0,0,0,100.0,FULL,636.45
2417,80.5607,4970.051,115.322,100.0,0.0,0,0,100.0,FULL,636.45
2418,80.5941,4971.127,116.565,100.0,0.0,0,0,100.0,FULL,636.45
2419,80.6274,4972.21,117.715,100.0,0.0,0,0,100.0,FULL,636.45
2420,80.6607,4973.305,118.725,100.0,0.0,0,0,100.0,FULL,636.45
2421,80.694,4974.408,119.56,100.0,0.0,0,0,100.0,FULL,636.45
2422,80.7274,4975.517,120.265,100.0,0.0,0,0,100.0,FULL,636.45
2423,80.7607,4976.634,120.819,100.0,0.0,0,0,100.0,FULL,636.45
2424,80.794,4977.753,121.329,100.0,0.0,0,0,100.0,FULL,636.45
2425,80.8274,4978.882,122.056,100.0,0.0,0,0,100.0,DRS,636.45
2426,80.8607,4980.015,122.84,100.0,0.0,0,0,100.0,DRS,636.45
2427,80.894,4981.158,123.817,100.0,0.0,0,0,100.0,DRS,636.45
2428,80.9274,4982.309,124.866,100.0,0.0,0,0,100.0,DRS,636.45
2429,80.9607,4983.469,125.994,100.0,0.0,0,0,100.0,DRS,636.45
2430,80.994,4984.643,127.158,100.0,0.0,0,0,100.0,DRS,636.45
2431,81.0274,4985.822,128.335,100.0,0.0,0,0,100.0,DRS,636.45
2432,81.0607,4987.019,129.524,100.0,0.0,0,0,100.0,DRS,636.45
2433,81.094,4988.223,130.714,100.0,0.0,0,0,100.0,DRS,636.45
2434,81.1273,4989.438,131.908,100.0,0.0,0,0,100.0,DRS,636.45
2435,81.1607,4990.666,133.108,100.0,0.0,0,0,100.0,DRS,636.45
2436,81.194,4991.902,134.314,100.0,0.0,0,0,100.0,DRS,636.45
2437,81.2273,4993.153,135.549,100.0,0.0,0,0,100.0,DRS,636.45
2438,81.2607,4994.414,136.823,100.0,0.0,0,0,100.0,DRS,636.45
2439,81.294,4995.684,138.137,100.0,0.0,0,0,100.0,DRS,636.45
2440,81.3273,4996.972,139.422,100.0,0.0,0,0,100.0,DRS,636.45
2441,81.3607,4998.269,140.779,100.0,0.0,0,0,100.0,DRS,636.45
2442,81.394,4999.577,142.257,100.0,0.0,0,0,100.0,DRS,636.45
2443,81.4273,5000.904,143.817,100.0,0.0,0,0,100.0,DRS,636.45
2444,81.4607,5002.242,145.394,100.0,0.0,0,0,100.0,DRS,636.45
2445,81.494,5003.594,146.979,100.0,0.0,0,0,100.0,DRS,636.45
2446,81.5273,5004.964,148.567,100.0,0.0,0,0,100.0,DRS,636.45
2447,81.5606,5006.347,150.168,100.0,0.0,0,0,100.0,DRS,636.45
2448,81.594,5007.742,151.784,100.0,0.0,0,0,100.0,DRS,636.45
2449,81.6273,5009.158,153.453,100.0,0.0,0,0,100.0,DRS,636.45
2450,81.6606,5010.587,155.156,100.0,0.0,0,0,100.0,DRS,636.45
2451,81.694,5012.029,156.892,100.0,0.0,0,0,100.0,DRS,636.45
2452,81.7273,5013.49,158.669,100.0,0.0,0,0,100.0,DRS,636.45
2453,81.7606,5014.969,160.475,100.0,0.0,0,0,100.0,DRS,636.45
2454,81.794,5016.463,162.299,100.0,0.0,0,0,100.0,DRS,636.45
2455,81.8273,5017.972,164.141,100.0,0.0,0,0,100.0,DRS,636.45
2456,81.8606,5019.501,166.001,100.0,0.0,0,0,100.0,DRS,636.45
2457,81.894,5021.048,167.876,100.0,0.0,0,0,100.0,DRS,636.45
2458,81.9273,5022.611,169.708,100.0,0.0,0,0,100.0,DRS,636.45
2459,81.9606,5024.189,171.457,100.0,0.0,0,0,100.0,DRS,636.45
2460,81.994,5025.783,173.091,100.0,0.0,0,0,100.0,DRS,636.45
2461,82.0273,5027.394,174.722,100.0,0.0,0,0,100.0,DRS,636.45
2462,82.0606,5029.02,176.348,100.0,0.0,0,0,100.0,DRS,636.45
2463,82.0939,5030.66,177.97,100.0,0.0,0,0,100.0,DRS,636.45
2464,82.1273,5032.315,179.586,100.0,0.0,0,0,100.0,DRS,636.45
2465,82.1606,5033.984,181.195,100.0,0.0,0,0,100.0,DRS,636.45
2466,82.1939,5035.669,182.794,100.0,0.0,0,0,100.0,DRS,636.45
2467,82.2273,5037.37,184.384,100.0,0.0,0,0,100.0,DRS,636.45
2468,82.2606,5039.085,185.965,100.0,0.0,0,0,100.0,DRS,636.45
2469,82.2939,5040.814,187.534,100.0,0.0,0,0,100.0,DRS,636.45
2470,82.3273,5042.557,189.092,100.0,0.0,0,0,100.0,DRS,636.45
2471,82.3606,5044.314,190.638,100.0,0.0,0,0,100.0,DRS,636.45
2472,82.3939,5046.086,192.172,100.0,0.0,0,0,100.0,DRS,636.45
2473,82.4273,5047.871,193.691,100.0,0.0,0,0,100.0,DRS,636.45
2474,82.4606,5049.672,195.195,100.0,0.0,0,0,100.0,DRS,636.45
2475,82.4939,5051.487,196.685,100.0,0.0,0,0,100.0,DRS,636.45
2476,82.5272,5053.315,198.159,100.0,0.0,0,0,100.0,DRS,636.45
2477,82.5606,5055.157,199.619,100.0,0.0,0,0,100.0,DRS,636.45
2478,82.5939,5057.012,201.063,100.0,0.0,0,0,100.0,DRS,636.45
2479,82.6272,5058.88,202.491,100.0,0.0,0,0,100.0,DRS,636.45
2480,82.6606,5060.761,203.904,100.0,0.0,0,0,100.0,DRS,636.45
2481,82.6939,5062.656,205.3,100.0,0.0,0,0,100.0,DRS,636.45
2482,82.7272,5064.563,206.681,100.0,0.0,0,0,100.0,DRS,636.45
2483,82.7606,5066.482,208.045,100.0,0.0,0,0,100.0,DRS,636.45
2484,82.7939,5068.415,209.393,100.0,0.0,0,0,100.0,DRS,636.45
2485,82.8272,5070.359,210.725,100.0,0.0,0,0,100.0,DRS,636.45
2486,82.8606,5072.316,212.041,100.0,0.0,0,0,100.0,DRS,636.45
2487,82.8939,5074.286,213.342,100.0,0.0,0,0,100.0,DRS,636.45
2488,82.9272,5076.267,214.626,100.0,0.0,0,0,100.0,DRS,636.45
2489,82.9605,5078.26,215.895,100.0,0.0,0,0,100.0,DRS,636.45
2490,82.9939,5080.264,217.148,100.0,0.0,0,0,100.0,DRS,636.45
2491,83.0272,5082.281,218.386,100.0,0.0,0,0,100.0,DRS,636.45
2492,83.0605,5084.308,219.608,100.0,0.0,0,0,100.0,DRS,636.45
2493,83.0939,5086.347,220.816,100.0,0.0,0,0,100.0,DRS,636.45
2494,83.1272,5088.397,222.009,100.0,0.0,0,0,100.0,DRS,636.45
2495,83.1605,5090.458,223.188,100.0,0.0,0,0,100.0,DRS,636.45
2496,83.1939,5092.53,224.352,100.0,0.0,0,0,100.0,DRS,636.45
2497,83.2272,5094.613,225.503,100.0,0.0,0,0,100.0,DRS,636.45
2498,83.2605,5096.706,226.639,100.0,0.0,0,0,100.0,DRS,636.45
2499,83.2939,5098.809,227.762,100.0,0.0,0,0,100.0,DRS,636.45
2500,83.3272,5100.923,228.872,100.0,0.0,0,0,100.0,DRS,636.45
2501,83.3605,5103.047,229.968,100.0,0.0,0,0,100.0,DRS,636.45
2502,83.3938,5105.181,231.051,100.0,0.0,0,0,100.0,DRS,636.45
2503,83.4272,5107.325,232.121,100.0,0.0,0,0,100.0,DRS,636.45
2504,83.4605,5109.479,233.179,100.0,0.0,0,0,100.0,DRS,636.45
2505,83.4938,5111.643,234.225,100.0,0.0,0,0,100.0,DRS,636.45
2506,83.5272,5113.816,235.258,100.0,0.0,0,0,100.0,DRS,636.45
2507,83.5605,5115.999,236.279,100.0,0.0,0,0,100.0,DRS,636.45
2508,83.5938,5118.191,237.287,100.0,0.0,0,0,100.0,DRS,636.45
2509,83.6272,5120.393,238.284,100.0,0.0,0,0,100.0,DRS,636.45
2510,83.6605,5122.604,239.269,100.0,0.0,0,0,100.0,DRS,636.45
2511,83.6938,5124.824,240.243,100.0,0.0,0,0,100.0,DRS,636.45
2512,83.7272,5127.053,241.207,100.0,0.0,0,0,100.0,DRS,636.45
2513,83.7605,5129.29,242.159,100.0,0.0,0,0,100.0,DRS,636.45
2514,83.7938,5131.536,243.1,100.0,0.0,0,0,100.0,DRS,636.45
2515,83.8271,5133.791,244.031,100.0,0.0,0,0,100.0,DRS,636.45
2516,83.8605,5136.055,244.95,100.0,0.0,0,0,100.0,DRS,636.45
2517,83.8938,5138.327,245.859,100.0,0.0,0,0,100.0,DRS,636.45
2518,83.9271,5140.608,246.758,100.0,0.0,0,0,100.0,DRS,636.45
2519,83.9605,5142.897,247.647,100.0,0.0,0,0,100.0,DRS,636.45
2520,83.9938,5145.194,248.526,100.0,0.0,0,0,100.0,DRS,636.45
2521,84.0271,5147.498,249.395,100.0,0.0,0,0,100.0,DRS,636.45
2522,84.0605,5149.811,250.254,100.0,0.0,0,0,100.0,DRS,636.45
2523,84.0938,5152.132,251.104,100.0,0.0,0,0,100.0,DRS,636.45
2524,84.1271,5154.461,251.944,100.0,0.0,0,0,100.0,DRS,636.45
2525,84.1605,5156.798,252.774,100.0,0.0,0,0,100.0,DRS,636.45
2526,84.1938,5159.142,253.596,100.0,0.0,0,0,100.0,DRS,636.45
2527,84.2271,5161.493,254.409,100.0,0.0,0,0,100.0,DRS,636.45
2528,84.2604,5163.852,255.213,100.0,0.0,0,0,100.0,DRS,636.45
2529,84.2938,5166.219,256.007,100.0,0.0,0,0,100.0,DRS,636.45
2530,84.3271,5168.593,256.792,100.0,0.0,0,0,100.0,DRS,636.45
2531,84.3604,5170.974,257.569,100.0,0.0,0,0,100.0,DRS,636.45
2532,84.3938,5173.362,258.338,100.0,0.0,0,0,100.0,DRS,636.45
2533,84.4271,5175.758,259.099,100.0,0.0,0,0,100.0,DRS,636.45
2534,84.4604,5178.16,259.851,100.0,0.0,0,0,100.0,DRS,636.45
2535,84.4938,5180.57,260.594,100.0,0.0,0,0,100.0,DRS,636.45
2536,84.5271,5182.986,261.329,100.0,0.0,0,0,100.0,DRS,636.45
2537,84.5604,5185.409,262.057,100.0,0.0,0,0,100.0,DRS,636.45
2538,84.5938,5187.838,262.777,100.0,0.0,0,0,100.0,DRS,636.45
2539,84.6271,5190.274,263.489,100.0,0.0,0,0,100.0,DRS,636.45
2540,84.6604,5192.717,264.192,100.0,0.0,0,0,100.0,DRS,636.45
2541,84.6938,5195.167,264.889,100.0,0.0,0,0,100.0,DRS,636.45
2542,84.7271,5197.622,265.578,100.0,0.0,0,0,100.0,DRS,636.45
2543,84.7604,5200.084,266.26,100.0,0.0,0,0,100.0,DRS,636.45
2544,84.7937,5202.552,266.934,100.0,0.0,0,0,100.0,DRS,636.45
2545,84.8271,5205.027,267.6,100.0,0.0,0,0,100.0,DRS,636.45
2546,84.8604,5207.508,268.26,100.0,0.0,0,0,100.0,DRS,636.45
2547,84.8937,5209.994,268.913,100.0,0.0,0,0,100.0,DRS,636.45
2548,84.9271,5212.487,269.558,100.0,0.0,0,0,100.0,DRS,636.45
2549,84.9604,5214.986,270.197,100.0,0.0,0,0,100.0,DRS,636.45
2550,84.9937,5217.49,270.829,100.0,0.0,0,0,100.0,DRS,636.45
2551,85.0271,5220.0,271.454,100.0,0.0,0,0,100.0,DRS,636.45
2552,85.0604,5222.517,272.072,100.0,0.0,0,0,100.0,DRS,636.45
2553,85.0937,5225.039,272.684,100.0,0.0,0,0,100.0,DRS,636.45
2554,85.1271,5227.566,273.29,100.0,0.0,0,0,100.0,DRS,636.45
2555,85.1604,5230.099,273.889,100.0,0.0,0,0,100.0,DRS,636.45
2556,85.1937,5232.638,274.481,100.0,0.0,0,0,100.0,DRS,636.45
2557,85.227,5235.182,275.067,100.0,0.0,0,0,100.0,DRS,636.45
2558,85.2604,5237.731,275.647,100.0,0.0,0,0,100.0,DRS,636.45
2559,85.2937,5240.286,276.221,100.0,0.0,0,0,100.0,DRS,636.45
2560,85.327,5242.846,276.788,100.0,0.0,0,0,100.0,DRS,636.45
2561,85.3604,5245.411,277.35,100.0,0.0,0,0,100.0,DRS,636.45
2562,85.3937,5247.981,277.906,100.0,0.0,0,0,100.0,DRS,636.45
2563,85.427,5250.557,278.455,100.0,0.0,0,0,100.0,DRS,636.45
2564,85.4604,5253.138,278.999,100.0,0.0,0,0,100.0,DRS,636.45
2565,85.4937,5255.723,279.538,100.0,0.0,0,0,100.0,DRS,636.45
2566,85.527,5258.314,280.07,100.0,0.0,0,0,100.0,DRS,636.45
2567,85.5604,5260.91,280.597,100.0,0.0,0,0,100.0,DRS,636.45
2568,85.5937,5263.51,281.119,100.0,0.0,0,0,100.0,DRS,636.45
2569,85.627,5266.115,281.635,100.0,0.0,0,0,100.0,DRS,636.45
2570,85.6603,5268.725,282.145,100.0,0.0,0,0,100.0,DRS,636.45
2571,85.6937,5271.34,282.65,100.0,0.0,0,0,100.0,DRS,636.45
2572,85.727,5273.959,283.15,100.0,0.0,0,0,100.0,DRS,636.45
2573,85.7603,5276.583,283.644,100.0,0.0,0,0,100.0,DRS,636.45
2574,85.7937,5279.211,284.134,100.0,0.0,0,0,100.0,DRS,636.45
2575,85.827,5281.844,284.618,100.0,0.0,0,0,100.0,DRS,636.45
2576,85.8603,5284.481,285.097,100.0,0.0,0,0,100.0,DRS,636.45
2577,85.8937,5287.123,285.571,100.0,0.0,0,0,100.0,DRS,636.45
2578,85.927,5289.769,286.04,100.0,0.0,0,0,100.0,DRS,636.45
2579,85.9603,5292.42,286.504,100.0,0.0,0,0,100.0,DRS,636.45
2580,85.9937,5295.075,286.964,100.0,0.0,0,0,100.0,DRS,636.45
2581,86.027,5297.733,287.418,100.0,0.0,0,0,100.0,DRS,636.45
2582,86.0603,5300.397,287.868,100.0,0.0,0,0,100.0,DRS,636.45
2583,86.0936,5303.064,288.313,100.0,0.0,0,0,100.0,DRS,636.45
2584,86.127,5305.735,288.754,100.0,0.0,0,0,100.0,DRS,636.45
2585,86.1603,5308.411,289.189,100.0,0.0,0,0,100.0,DRS,636.45
2586,86.1936,5311.09,289.62,100.0,0.0,0,0,100.0,DRS,636.45
2587,86.227,5313.774,290.047,100.0,0.0,0,0,100.0,DRS,636.45
2588,86.2603,5316.461,290.469,100.0,0.0,0,0,100.0,DRS,636.45
2589,86.2936,5319.152,290.887,100.0,0.0,0,0,100.0,DRS,636.45
2590,86.327,5321.847,291.301,100.0,0.0,0,0,100.0,DRS,636.45
2591,86.3603,5324.546,291.709,100.0,0.0,0,0,100.0,DRS,636.45
2592,86.3936,5327.249,292.114,100.0,0.0,0,0,100.0,DRS,636.45
2593,86.427,5329.955,292.514,100.0,0.0,0,0,100.0,DRS,636.45
2594,86.4603,5332.666,292.91,100.0,0.0,0,0,100.0,DRS,636.45
2595,86.4936,5335.379,293.302,100.0,0.0,0,0,100.0,DRS,636.45
2596,86.5269,5338.097,293.69,100.0,0.0,0,0,100.0,DRS,636.45
2597,86.5603,5340.818,294.073,100.0,0.0,0,0,100.0,DRS,636.45
2598,86.5936,5343.542,294.452,100.0,0.0,0,0,100.0,DRS,636.45
2599,86.6269,5346.27,294.827,100.0,0.0,0,0,100.0,DRS,636.45
2600,86.6603,5349.002,295.197,100.0,0.0,0,0,100.0,DRS,636.45
2601,86.6936,5351.736,295.563,100.0,0.0,0,0,100.0,DRS,636.45
2602,86.7269,5354.474,295.925,100.0,0.0,0,0,100.0,DRS,636.45
2603,86.7603,5357.216,296.282,100.0,0.0,0,0,100.0,DRS,636.45
2604,86.7936,5359.961,296.635,100.0,0.0,0,0,100.0,DRS,636.45
2605,86.8269,5362.709,296.983,100.0,0.0,0,0,100.0,DRS,636.45
2606,86.8603,5365.46,297.327,100.0,0.0,0,0,100.0,DRS,636.45
2607,86.8936,5368.214,297.666,100.0,0.0,0,0,100.0,DRS,636.45
2608,86.9269,5370.972,297.999,100.0,0.0,0,0,100.0,DRS,636.45
2609,86.9603,5373.732,298.328,100.0,0.0,0,0,100.0,DRS,636.45
2610,86.9936,5376.496,298.652,100.0,0.0,0,0,100.0,DRS,636.45
2611,87.0269,5379.263,298.97,100.0,0.0,0,0,100.0,DRS,636.45
2612,87.0602,5382.032,299.283,100.0,0.0,0,0,100.0,DRS,636.45
2613,87.0936,5384.805,299.589,100.0,0.0,0,0,100.0,DRS,636.45
2614,87.1269,5387.58,299.89,100.0,0.0,0,0,100.0,DRS,636.45
2615,87.1602,5390.358,300.184,100.0,0.0,0,0,100.0,DRS,636.45
2616,87.1936,5393.138,300.472,100.0,0.0,0,0,100.0,DRS,636.45
2617,87.2269,5395.921,300.753,100.0,0.0,0,0,100.0,DRS,636.45
2618,87.2602,5398.707,301.026,100.0,0.0,0,0,100.0,DRS,636.45
2619,87.2936,5401.496,301.293,100.0,0.0,0,0,100.0,DRS,636.45
2620,87.3269,5404.286,301.551,100.0,0.0,0,0,100.0,DRS,636.45
2621,87.3602,5407.079,301.802,100.0,0.0,0,0,100.0,DRS,636.45
2622,87.3936,5409.875,302.045,100.0,0.0,0,0,100.0,DRS,636.45
2623,87.4269,5412.672,302.279,100.0,0.0,0,0,100.0,DRS,636.45
2624,87.4602,5415.472,302.504,100.0,0.0,0,0,100.0,DRS,636.45
2625,87.4935,5418.274,302.721,100.0,0.0,0,0,100.0,DRS,636.45
2626,87.5269,5421.078,302.928,100.0,0.0,0,0,100.0,DRS,636.45
2627,87.5602,5423.883,303.127,100.0,0.0,0,0,100.0,DRS,636.45
2628,87.5935,5426.691,303.316,100.0,0.0,0,0,100.0,DRS,636.45
2629,87.6269,5429.5,303.496,100.0,0.0,0,0,100.0,DRS,636.45
2630,87.6602,5432.31,303.667,100.0,0.0,0,0,100.0,DRS,636.45
2631,87.6935,5435.123,303.828,100.0,0.0,0,0,100.0,DRS,636.45
