frame,time_s,distance,speed,throttle,brake,gear,rpm,soc_pct,mode,power_kw
0,0.0,0.0,308.219,100.0,0.0,0,0,100.0,DEPLOY,400.0
1,0.0333,2.854,308.41,100.0,0.0,0,0,100.0,DEPLOY,400.0
2,0.0666,5.71,308.71,100.0,0.0,0,0,100.0,DEPLOY,400.0
3,0.1,8.569,309.008,100.0,0.0,0,0,100.0,DEPLOY,400.0
4,0.1333,11.43,309.304,100.0,0.0,0,0,100.0,DEPLOY,400.0
5,0.1666,14.294,309.6,100.0,0.0,0,0,100.0,DEPLOY,400.0
6,0.1999,17.161,309.893,100.0,0.0,0,0,100.0,DEPLOY,400.0
7,0.2333,20.031,310.185,100.0,0.0,0,0,100.0,DEPLOY,400.0
8,0.2666,22.904,310.476,100.0,0.0,0,0,100.0,DEPLOY,400.0
9,0.2999,25.779,310.765,100.0,0.0,0,0,100.0,DEPLOY,400.0
10,0.3332,28.656,311.052,100.0,0.0,0,0,100.0,DEPLOY,400.0
11,0.3665,31.537,311.339,100.0,0.0,0,0,100.0,DEPLOY,400.0
12,0.3999,34.42,311.623,100.0,0.0,0,0,100.0,DEPLOY,400.0
13,0.4332,37.306,311.906,100.0,0.0,0,0,100.0,DEPLOY,400.0
14,0.4665,40.194,312.188,100.0,0.0,0,0,100.0,DEPLOY,400.0
15,0.4998,43.085,312.468,100.0,0.0,0,0,100.0,DEPLOY,400.0
16,0.5331,45.978,312.747,100.0,0.0,0,0,100.0,DEPLOY,400.0
17,0.5665,48.874,313.025,100.0,0.0,0,0,100.0,DEPLOY,400.0
18,0.5998,51.773,313.301,100.0,0.0,0,0,100.0,DEPLOY,400.0
19,0.6331,54.674,313.575,100.0,0.0,0,0,100.0,DEPLOY,400.0
20,0.6664,57.578,313.848,100.0,0.0,0,0,100.0,DEPLOY,400.0
21,0.6998,60.484,314.104,100.0,0.0,0,0,100.0,DEPLOY,400.0
22,0.7331,63.392,314.356,100.0,0.0,0,0,100.0,DEPLOY,400.0
23,0.7664,66.303,314.608,100.0,0.0,0,0,100.0,DEPLOY,400.0
24,0.7997,69.216,314.861,100.0,0.0,0,0,100.0,DEPLOY,400.0
25,0.833,72.132,315.115,100.0,0.0,0,0,100.0,DEPLOY,400.0
26,0.8664,75.05,315.368,100.0,0.0,0,0,100.0,DEPLOY,400.0
27,0.8997,77.97,315.621,100.0,0.0,0,0,100.0,DEPLOY,400.0
28,0.933,80.893,315.874,100.0,0.0,0,0,100.0,DEPLOY,400.0
29,0.9663,83.817,316.125,100.0,0.0,0,0,100.0,DEPLOY,400.0
30,0.9996,86.745,316.376,100.0,0.0,0,0,100.0,DEPLOY,400.0
31,1.033,89.674,316.625,100.0,0.0,0,0,100.0,DEPLOY,400.0
32,1.0663,92.606,316.873,100.0,0.0,0,0,100.0,DEPLOY,400.0
33,1.0996,95.54,317.119,100.0,0.0,0,0,100.0,DEPLOY,400.0
34,1.1329,98.476,317.363,100.0,0.0,0,0,100.0,DEPLOY,400.0
35,1.1663,101.415,317.605,100.0,0.0,0,0,100.0,DEPLOY,400.0
36,1.1996,104.356,317.845,100.0,0.0,0,0,100.0,DEPLOY,400.0
37,1.2329,107.299,318.082,100.0,0.0,0,0,100.0,DEPLOY,400.0
38,1.2662,110.244,318.317,100.0,0.0,0,0,100.0,DEPLOY,400.0
39,1.2995,113.192,318.549,100.0,0.0,0,0,100.0,DEPLOY,400.0
40,1.3329,116.141,318.777,100.0,0.0,0,0,100.0,DEPLOY,400.0
41,1.3662,119.093,319.003,100.0,0.0,0,0,100.0,DEPLOY,400.0
42,1.3995,122.046,319.225,100.0,0.0,0,0,100.0,DEPLOY,400.0
43,1.4328,125.002,319.444,100.0,0.0,0,0,100.0,DEPLOY,400.0
44,1.4661,127.96,319.659,100.0,0.0,0,0,100.0,DEPLOY,400.0
45,1.4995,130.92,319.87,100.0,0.0,0,0,100.0,DEPLOY,400.0
46,1.5328,133.881,320.077,100.0,0.0,0,0,100.0,DEPLOY,400.0
47,1.5661,136.845,320.281,100.0,0.0,0,0,100.0,DEPLOY,400.0
48,1.5994,139.81,320.48,100.0,0.0,0,0,100.0,DEPLOY,400.0
49,1.6328,142.778,320.675,100.0,0.0,0,0,100.0,DEPLOY,400.0
50,1.6661,145.747,320.866,100.0,0.0,0,0,100.0,DEPLOY,400.0
51,1.6994,148.718,321.053,100.0,0.0,0,0,100.0,DEPLOY,400.0
52,1.7327,151.69,321.236,100.0,0.0,0,0,100.0,DEPLOY,400.0
53,1.766,154.664,321.414,100.0,0.0,0,0,100.0,SUPERCLIP,335.0
54,1.7994,157.64,321.588,100.0,0.0,0,0,100.0,SUPERCLIP,335.0
55,1.8327,160.617,321.758,100.0,0.0,0,0,100.0,SUPERCLIP,335.0
56,1.866,163.596,321.924,100.0,0.0,0,0,100.0,SUPERCLIP,335.0
57,1.8993,166.577,322.086,100.0,0.0,0,0,100.0,SUPERCLIP,335.0
58,1.9326,169.559,322.243,100.0,0.0,0,0,100.0,SUPERCLIP,335.0
59,1.966,172.542,322.397,100.0,0.0,0,0,100.0,SUPERCLIP,335.0
60,1.9993,175.527,322.548,100.0,0.0,0,0,100.0,SUPERCLIP,335.0
61,2.0326,178.513,322.694,100.0,0.0,0,0,100.0,SUPERCLIP,335.0
62,2.0659,181.501,322.837,100.0,0.0,0,0,100.0,SUPERCLIP,335.0
63,2.0993,184.489,322.977,100.0,0.0,0,0,100.0,SUPERCLIP,335.0
64,2.1326,187.48,323.114,100.0,0.0,0,0,100.0,SUPERCLIP,335.0
65,2.1659,190.471,323.248,100.0,0.0,0,0,100.0,SUPERCLIP,335.0
66,2.1992,193.464,323.378,100.0,0.0,0,0,100.0,SUPERCLIP,335.0
67,2.2325,196.457,323.506,100.0,0.0,0,0,100.0,SUPERCLIP,335.0
68,2.2659,199.452,323.632,100.0,0.0,0,0,100.0,SUPERCLIP,335.0
69,2.2992,202.448,323.755,100.0,0.0,0,0,100.0,SUPERCLIP,335.0
70,2.3325,205.446,323.876,100.0,0.0,0,0,100.0,SUPERCLIP,335.0
71,2.3658,208.444,323.995,100.0,0.0,0,0,100.0,SUPERCLIP,335.0
72,2.3991,211.443,324.112,100.0,0.0,0,0,100.0,SUPERCLIP,335.0
73,2.4325,214.444,324.227,100.0,0.0,0,0,100.0,SUPERCLIP,335.0
74,2.4658,217.445,324.34,100.0,0.0,0,0,100.0,SUPERCLIP,335.0
75,2.4991,220.448,324.452,100.0,0.0,0,0,100.0,SUPERCLIP,335.0
76,2.5324,223.452,324.563,100.0,0.0,0,0,100.0,SUPERCLIP,335.0
77,2.5658,226.456,324.672,100.0,0.0,0,0,100.0,SUPERCLIP,335.0
78,2.5991,229.462,324.779,100.0,0.0,0,0,100.0,SUPERCLIP,335.0
79,2.6324,232.469,324.886,100.0,0.0,0,0,100.0,SUPERCLIP,335.0
80,2.6657,235.476,324.991,100.0,0.0,0,0,100.0,SUPERCLIP,335.0
81,2.699,238.485,325.094,100.0,0.0,0,0,100.0,SUPERCLIP,335.0
82,2.7324,241.494,325.196,100.0,0.0,0,0,100.0,SUPERCLIP,335.0
83,2.7657,244.505,325.297,100.0,0.0,0,0,100.0,SUPERCLIP,335.0
84,2.799,247.516,325.397,100.0,0.0,0,0,100.0,SUPERCLIP,335.0
85,2.8323,250.528,325.494,100.0,0.0,0,0,100.0,SUPERCLIP,335.0
86,2.8656,253.542,325.59,100.0,0.0,0,0,100.0,SUPERCLIP,335.0
87,2.899,256.556,325.683,100.0,0.0,0,0,100.0,SUPERCLIP,335.0
88,2.9323,259.571,325.773,100.0,0.0,0,0,100.0,SUPERCLIP,335.0
89,2.9656,262.586,325.861,100.0,0.0,0,0,100.0,SUPERCLIP,335.0
90,2.9989,265.603,325.944,100.0,0.0,0,0,100.0,SUPERCLIP,335.0
91,3.0323,268.62,326.023,100.0,0.0,0,0,100.0,SUPERCLIP,335.0
92,3.0656,271.638,326.097,100.0,0.0,0,0,100.0,SUPERCLIP,335.0
93,3.0989,274.657,326.165,100.0,0.0,0,0,100.0,SUPERCLIP,335.0
94,3.1322,277.676,326.225,100.0,0.0,0,0,100.0,SUPERCLIP,335.0
95,3.1655,280.696,326.275,100.0,0.0,0,0,100.0,SUPERCLIP,335.0
96,3.1989,283.716,326.316,100.0,0.0,0,0,100.0,SUPERCLIP,335.0
97,3.2322,286.737,326.343,100.0,0.0,0,0,100.0,SUPERCLIP,335.0
98,3.2655,289.757,326.356,100.0,0.0,0,0,100.0,SUPERCLIP,335.0
99,3.2988,292.778,326.352,100.0,0.0,0,0,100.0,SUPERCLIP,335.0
100,3.3321,295.799,326.328,100.0,0.0,0,0,100.0,SUPERCLIP,335.0
101,3.3655,298.819,326.279,100.0,0.0,0,0,100.0,SUPERCLIP,335.0
102,3.3988,301.839,326.205,100.0,0.0,0,0,100.0,SUPERCLIP,335.0
103,3.4321,304.857,326.097,100.0,0.0,0,0,100.0,SUPERCLIP,335.0
104,3.4654,307.875,325.958,100.0,0.0,0,0,100.0,SUPERCLIP,335.0
105,3.4988,310.891,325.775,100.0,0.0,0,0,100.0,SUPERCLIP,335.0
106,3.5321,313.906,325.55,100.0,0.0,0,0,100.0,SUPERCLIP,335.0
107,3.5654,316.918,325.272,100.0,0.0,0,0,100.0,SUPERCLIP,335.0
108,3.5987,319.927,324.941,100.0,0.0,0,0,100.0,SUPERCLIP,335.0
109,3.632,322.933,324.544,100.0,0.0,0,0,100.0,SUPERCLIP,335.0
110,3.6654,325.935,324.084,100.0,0.0,0,0,100.0,SUPERCLIP,335.0
111,3.6987,328.932,323.543,100.0,0.0,0,0,100.0,SUPERCLIP,335.0
112,3.732,331.924,322.928,100.0,0.0,0,0,100.0,SUPERCLIP,335.0
113,3.7653,334.909,322.22,100.0,0.0,0,0,100.0,SUPERCLIP,335.0
114,3.7986,337.889,321.424,100.0,0.0,0,0,100.0,SUPERCLIP,335.0
115,3.832,340.859,320.524,100.0,0.0,0,0,100.0,SUPERCLIP,335.0
116,3.8653,343.822,319.525,100.0,0.0,0,0,100.0,SUPERCLIP,335.0
117,3.8986,346.774,318.413,100.0,0.0,0,0,100.0,SUPERCLIP,335.0
118,3.9319,349.716,317.19,100.0,0.0,0,0,100.0,SUPERCLIP,335.0
119,3.9653,352.645,315.849,100.0,0.0,0,0,100.0,SUPERCLIP,335.0
120,3.9986,355.562,314.389,100.0,0.0,0,0,100.0,SUPERCLIP,335.0
121,4.0319,358.465,312.808,100.0,0.0,0,0,100.0,SUPERCLIP,335.0
122,4.0652,361.352,311.103,0.0,0.0,0,0,100.0,SUPERCLIP,-91.64
123,4.0985,364.224,309.282,0.0,100.0,0,0,100.0,REGEN,-350.0
124,4.1319,367.077,307.33,0.0,100.0,0,0,100.0,REGEN,-350.0
125,4.1652,369.913,305.269,0.0,100.0,0,0,100.0,REGEN,-350.0
126,4.1985,372.728,303.086,0.0,100.0,0,0,100.0,REGEN,-350.0
127,4.2318,375.522,300.794,0.0,100.0,0,0,100.0,REGEN,-350.0
128,4.2652,378.296,298.401,0.0,100.0,0,0,100.0,REGEN,-350.0
129,4.2985,381.046,295.898,0.0,100.0,0,0,100.0,REGEN,-350.0
130,4.3318,383.773,293.294,0.0,100.0,0,0,100.0,REGEN,-350.0
131,4.3651,386.475,290.543,0.0,100.0,0,0,100.0,REGEN,-350.0
132,4.3984,389.15,287.643,0.0,100.0,0,0,100.0,REGEN,-350.0
133,4.4318,391.799,284.608,0.0,100.0,0,0,100.0,REGEN,-350.0
134,4.4651,394.419,281.43,0.0,100.0,0,0,100.0,REGEN,-350.0
135,4.4984,397.008,278.114,0.0,100.0,0,0,100.0,REGEN,-350.0
136,4.5317,399.566,274.68,0.0,100.0,0,0,100.0,REGEN,-350.0
137,4.565,402.094,271.135,0.0,100.0,0,0,100.0,REGEN,-350.0
138,4.5984,404.585,267.471,0.0,100.0,0,0,100.0,REGEN,-350.0
139,4.6317,407.043,263.689,0.0,100.0,0,0,100.0,REGEN,-350.0
140,4.665,409.462,258.9,0.0,100.0,0,0,100.0,REGEN,-350.0
141,4.6983,411.834,253.339,0.0,100.0,0,0,100.0,REGEN,-350.0
142,4.7317,414.156,247.892,0.0,100.0,0,0,100.0,REGEN,-350.0
143,4.765,416.424,242.623,0.0,100.0,0,0,100.0,REGEN,-350.0
144,4.7983,418.644,237.51,0.0,100.0,0,0,100.0,REGEN,-350.0
145,4.8316,420.819,232.578,0.0,100.0,0,0,100.0,REGEN,-350.0
146,4.8649,422.95,227.862,0.0,100.0,0,0,100.0,REGEN,-350.0
147,4.8983,425.037,223.344,0.0,100.0,0,0,100.0,REGEN,-350.0
148,4.9316,427.084,219.009,0.0,100.0,0,0,100.0,REGEN,-350.0
149,4.9649,429.092,214.846,0.0,100.0,0,0,100.0,REGEN,-350.0
150,4.9982,431.062,210.842,0.0,100.0,0,0,100.0,REGEN,-350.0
151,5.0315,432.996,206.988,0.0,100.0,0,0,100.0,REGEN,-350.0
152,5.0649,434.894,203.271,0.0,100.0,0,0,100.0,REGEN,-350.0
153,5.0982,436.759,199.684,0.0,100.0,0,0,100.0,REGEN,-350.0
154,5.1315,438.592,196.221,0.0,100.0,0,0,100.0,REGEN,-350.0
155,5.1648,440.394,192.88,0.0,100.0,0,0,100.0,REGEN,-350.0
156,5.1982,442.166,189.661,0.0,100.0,0,0,100.0,REGEN,-350.0
157,5.2315,443.906,186.577,0.0,100.0,0,0,100.0,REGEN,-350.0
158,5.2648,445.617,183.58,0.0,100.0,0,0,100.0,REGEN,-350.0
159,5.2981,447.302,180.692,0.0,100.0,0,0,100.0,REGEN,-350.0
160,5.3314,448.962,177.911,0.0,100.0,0,0,100.0,REGEN,-350.0
161,5.3648,450.597,175.228,0.0,100.0,0,0,100.0,REGEN,-350.0
162,5.3981,452.21,172.637,0.0,100.0,0,0,100.0,REGEN,-350.0
163,5.4314,453.794,170.164,0.0,100.0,0,0,100.0,REGEN,-350.0
164,5.4647,455.356,167.791,0.0,100.0,0,0,100.0,REGEN,-350.0
165,5.498,456.899,165.51,0.0,100.0,0,0,100.0,REGEN,-350.0
166,5.5314,458.423,163.316,0.0,100.0,0,0,100.0,REGEN,-350.0
167,5.5647,459.925,161.224,0.0,100.0,0,0,100.0,REGEN,-350.0
168,5.598,461.406,159.251,0.0,100.0,0,0,100.0,REGEN,-350.0
169,5.6313,462.872,157.513,0.0,100.0,0,0,100.0,REGEN,-350.0
170,5.6647,464.325,156.011,0.0,100.0,0,0,100.0,REGEN,-350.0
171,5.698,465.762,154.679,0.0,100.0,0,0,100.0,REGEN,-350.0
172,5.7313,467.187,153.348,0.0,100.0,0,0,100.0,REGEN,-350.0
173,5.7646,468.601,152.066,0.0,100.0,0,0,100.0,REGEN,-350.0
174,5.7979,470.004,150.88,0.0,100.0,0,0,100.0,REGEN,-350.0
175,5.8313,471.393,149.667,0.0,100.0,0,0,100.0,REGEN,-350.0
176,5.8646,472.773,148.409,0.0,100.0,0,0,100.0,REGEN,-350.0
177,5.8979,474.143,147.101,0.0,100.0,0,0,100.0,REGEN,-350.0
178,5.9312,475.495,145.711,0.0,100.0,0,0,100.0,REGEN,-350.0
179,5.9645,476.837,144.283,0.0,100.0,0,0,100.0,REGEN,-350.0
180,5.9979,478.169,142.823,0.0,100.0,0,0,100.0,REGEN,-350.0
181,6.0312,479.481,141.412,0.0,100.0,0,0,100.0,REGEN,-350.0
182,6.0645,480.783,139.931,0.0,100.0,0,0,100.0,REGEN,-350.0
183,6.0978,482.074,138.378,0.0,100.0,0,0,100.0,REGEN,-350.0
184,6.1312,483.343,136.717,0.0,100.0,0,0,100.0,REGEN,-350.0
185,6.1645,484.602,135.04,0.0,100.0,0,0,100.0,REGEN,-350.0
186,6.1978,485.845,133.346,0.0,100.0,0,0,100.0,REGEN,-350.0
187,6.2311,487.069,131.65,0.0,100.0,0,0,100.0,REGEN,-350.0
188,6.2644,488.283,129.956,0.0,100.0,0,0,100.0,REGEN,-350.0
189,6.2978,489.475,128.285,0.0,100.0,0,0,100.0,REGEN,-350.0
190,6.3311,490.655,126.649,0.0,100.0,0,0,100.0,REGEN,-350.0
191,6.3644,491.822,125.059,0.0,100.0,0,0,100.0,REGEN,-350.0
192,6.3977,492.971,123.645,0.0,100.0,0,0,100.0,REGEN,-350.0
193,6.431,494.113,122.298,0.0,100.0,0,0,100.0,REGEN,-350.0
194,6.4644,495.237,121.296,0.0,100.0,0,0,100.0,REGEN,-350.0
195,6.4977,496.357,120.25,0.0,100.0,0,0,100.0,REGEN,-350.0
196,6.531,497.462,118.987,0.0,100.0,0,0,100.0,REGEN,-350.0
197,6.5643,498.558,117.686,0.0,100.0,0,0,100.0,REGEN,-350.0
198,6.5977,499.64,116.322,0.0,100.0,0,0,100.0,REGEN,-350.0
199,6.631,500.71,114.959,0.0,100.0,0,0,100.0,REGEN,-350.0
200,6.6643,501.769,113.595,0.0,100.0,0,0,100.0,REGEN,-350.0
201,6.6976,502.813,112.271,0.0,100.0,0,0,100.0,REGEN,-350.0
202,6.7309,503.848,110.967,0.0,100.0,0,0,100.0,REGEN,-350.0
203,6.7643,504.867,109.725,0.0,100.0,0,0,100.0,REGEN,-350.0
204,6.7976,505.88,108.508,0.0,100.0,0,0,100.0,REGEN,-350.0
205,6.8309,506.876,107.364,0.0,100.0,0,0,100.0,REGEN,-350.0
206,6.8642,507.867,106.245,0.0,100.0,0,0,100.0,REGEN,-350.0
207,6.8975,508.844,105.201,0.0,100.0,0,0,100.0,REGEN,-350.0
208,6.9309,509.815,104.186,0.0,100.0,0,0,100.0,REGEN,-350.0
209,6.9642,510.773,103.245,0.0,100.0,0,0,100.0,REGEN,-350.0
210,6.9975,511.726,102.342,0.0,100.0,0,0,100.0,REGEN,-350.0
211,7.0308,512.669,101.492,0.0,100.0,0,0,100.0,REGEN,-350.0
212,7.0642,513.604,100.686,0.0,100.0,0,0,100.0,REGEN,-350.0
213,7.0975,514.533,99.872,0.0,100.0,0,0,100.0,REGEN,-350.0
214,7.1308,515.452,99.047,0.0,100.0,0,0,100.0,REGEN,-350.0
215,7.1641,516.367,98.202,0.0,100.0,0,0,100.0,REGEN,-350.0
216,7.1974,517.269,97.294,0.0,100.0,0,0,100.0,REGEN,-350.0
217,7.2308,518.17,96.385,0.0,100.0,0,0,100.0,REGEN,-350.0
218,7.2641,519.053,95.49,0.0,100.0,0,0,100.0,REGEN,-350.0
219,7.2974,519.936,94.596,0.0,100.0,0,0,100.0,REGEN,-350.0
220,7.3307,520.806,93.806,0.0,100.0,0,0,100.0,REGEN,-350.0
221,7.364,521.671,93.049,0.0,100.0,0,0,100.0,REGEN,-350.0
222,7.3974,522.53,92.352,0.0,100.0,0,0,100.0,REGEN,-350.0
223,7.4307,523.381,91.73,0.0,100.0,0,0,100.0,REGEN,-350.0
224,7.464,524.23,91.1,0.0,100.0,0,0,100.0,REGEN,-350.0
225,7.4973,525.066,90.397,0.0,100.0,0,0,100.0,REGEN,-350.0
226,7.5307,525.902,89.693,0.0,100.0,0,0,100.0,REGEN,-350.0
227,7.564,526.726,88.938,0.0,100.0,0,0,100.0,REGEN,-350.0
228,7.5973,527.546,88.16,0.0,100.0,0,0,100.0,REGEN,-350.0
229,7.6306,528.361,87.42,0.0,100.0,0,0,100.0,REGEN,-234.61
230,7.6639,529.164,86.784,100.0,100.0,0,0,100.0,REGEN,206.15
231,7.6973,529.968,86.148,100.0,100.0,0,0,100.0,REGEN,646.9
232,7.7306,530.765,85.925,100.0,0.0,0,0,99.78,DEPLOY,750.0
233,7.7639,531.56,85.829,100.0,0.0,0,0,99.49,DEPLOY,750.0
234,7.7972,532.354,85.732,100.0,0.0,0,0,99.19,DEPLOY,750.0
235,7.8305,533.147,85.635,100.0,0.0,0,0,98.9,DEPLOY,750.0
236,7.8639,533.939,85.538,100.0,0.0,0,0,98.61,DEPLOY,750.0
237,7.8972,534.73,85.442,100.0,0.0,0,0,98.32,DEPLOY,750.0
238,7.9305,535.52,85.346,100.0,0.0,0,0,98.03,DEPLOY,750.0
239,7.9638,536.31,85.249,100.0,0.0,0,0,97.74,DEPLOY,750.0
240,7.9972,537.099,85.154,100.0,0.0,0,0,97.44,DEPLOY,750.0
241,8.0305,537.887,85.058,100.0,0.0,0,0,97.15,DEPLOY,750.0
242,8.0638,538.676,85.161,100.0,0.0,0,0,96.86,DEPLOY,750.0
243,8.0971,539.465,85.363,100.0,0.0,0,0,96.57,DEPLOY,750.0
244,8.1304,540.255,85.565,100.0,0.0,0,0,96.28,DEPLOY,750.0
245,8.1638,541.049,85.768,100.0,0.0,0,0,95.99,DEPLOY,750.0
246,8.1971,541.843,85.972,100.0,0.0,0,0,95.7,DEPLOY,750.0
247,8.2304,542.64,86.176,100.0,0.0,0,0,95.41,DEPLOY,750.0
248,8.2637,543.439,86.381,100.0,0.0,0,0,95.13,DEPLOY,750.0
249,8.2971,544.238,86.586,100.0,0.0,0,0,94.84,DEPLOY,750.0
250,8.3304,545.042,86.793,100.0,0.0,0,0,94.56,DEPLOY,750.0
251,8.3637,545.846,86.999,100.0,0.0,0,0,94.27,DEPLOY,750.0
252,8.397,546.652,87.206,100.0,0.0,0,0,93.99,DEPLOY,750.0
253,8.4303,547.461,87.413,100.0,0.0,0,0,93.7,DEPLOY,750.0
254,8.4637,548.27,87.62,100.0,0.0,0,0,93.42,DEPLOY,750.0
255,8.497,549.083,87.829,100.0,0.0,0,0,93.13,DEPLOY,750.0
256,8.5303,549.896,88.037,100.0,0.0,0,0,92.85,DEPLOY,750.0
257,8.5636,550.712,88.246,100.0,0.0,0,0,92.57,DEPLOY,750.0
258,8.5969,551.53,88.456,100.0,0.0,0,0,92.29,DEPLOY,750.0
259,8.6303,552.349,88.666,100.0,0.0,0,0,92.0,DEPLOY,750.0
260,8.6636,553.172,88.877,100.0,0.0,0,0,91.72,DEPLOY,750.0
261,8.6969,553.994,89.088,100.0,0.0,0,0,91.44,DEPLOY,750.0
262,8.7302,554.821,89.3,100.0,0.0,0,0,91.16,DEPLOY,750.0
263,8.7636,555.648,89.512,100.0,0.0,0,0,90.88,DEPLOY,750.0
264,8.7969,556.477,89.725,100.0,0.0,0,0,90.59,DEPLOY,750.0
265,8.8302,557.309,89.938,100.0,0.0,0,0,90.31,DEPLOY,750.0
266,8.8635,558.141,90.151,100.0,0.0,0,0,90.02,DEPLOY,750.0
267,8.8968,558.978,90.366,100.0,0.0,0,0,89.73,DEPLOY,750.0
268,8.9302,559.815,90.581,100.0,0.0,0,0,89.45,DEPLOY,750.0
269,8.9635,560.655,90.796,100.0,0.0,0,0,89.16,DEPLOY,750.0
270,8.9968,561.496,91.012,100.0,0.0,0,0,88.87,DEPLOY,750.0
271,9.0301,562.339,91.285,100.0,0.0,0,0,88.58,DEPLOY,750.0
272,9.0634,563.189,91.771,100.0,0.0,0,0,88.28,DEPLOY,750.0
273,9.0968,564.038,92.257,100.0,0.0,0,0,87.99,DEPLOY,750.0
274,9.1301,564.896,92.748,100.0,0.0,0,0,87.7,DEPLOY,750.0
275,9.1634,565.756,93.24,100.0,0.0,0,0,87.41,DEPLOY,750.0
276,9.1967,566.622,93.735,100.0,0.0,0,0,87.13,DEPLOY,750.0
277,9.2301,567.492,94.233,100.0,0.0,0,0,86.84,DEPLOY,750.0
278,9.2634,568.365,94.733,100.0,0.0,0,0,86.55,DEPLOY,750.0
279,9.2967,569.246,95.237,100.0,0.0,0,0,86.26,DEPLOY,750.0
280,9.33,570.127,95.742,100.0,0.0,0,0,85.98,DEPLOY,750.0
281,9.3633,571.019,96.252,100.0,0.0,0,0,85.69,DEPLOY,750.0
282,9.3967,571.91,96.762,100.0,0.0,0,0,85.4,DEPLOY,750.0
283,9.43,572.809,97.276,100.0,0.0,0,0,85.11,DEPLOY,750.0
284,9.4633,573.712,97.792,100.0,0.0,0,0,84.82,DEPLOY,750.0
285,9.4966,574.619,98.311,100.0,0.0,0,0,84.53,DEPLOY,750.0
286,9.5299,575.532,98.834,100.0,0.0,0,0,84.24,DEPLOY,750.0
287,9.5633,576.448,99.358,100.0,0.0,0,0,83.95,DEPLOY,750.0
288,9.5966,577.372,99.886,100.0,0.0,0,0,83.67,DEPLOY,750.0
289,9.6299,578.297,100.415,100.0,0.0,0,0,83.38,DEPLOY,750.0
290,9.6632,579.231,100.95,100.0,0.0,0,0,83.1,DEPLOY,750.0
291,9.6966,580.165,101.484,100.0,0.0,0,0,82.81,DEPLOY,750.0
292,9.7299,581.109,102.025,100.0,0.0,0,0,82.53,DEPLOY,750.0
293,9.7632,582.054,102.566,100.0,0.0,0,0,82.24,DEPLOY,750.0
294,9.7965,583.008,103.112,100.0,0.0,0,0,81.96,DEPLOY,750.0
295,9.8298,583.963,103.659,100.0,0.0,0,0,81.67,DEPLOY,750.0
296,9.8632,584.927,104.211,100.0,0.0,0,0,81.38,DEPLOY,750.0
297,9.8965,585.893,104.763,100.0,0.0,0,0,81.1,DEPLOY,750.0
298,9.9298,586.864,105.133,100.0,0.0,0,0,80.8,DEPLOY,750.0
299,9.9631,587.838,105.431,100.0,0.0,0,0,80.51,DEPLOY,750.0
300,9.9964,588.817,105.864,100.0,0.0,0,0,80.22,DEPLOY,750.0
301,10.0298,589.799,106.365,100.0,0.0,0,0,79.93,DEPLOY,750.0
302,10.0631,590.787,107.012,100.0,0.0,0,0,79.64,DEPLOY,750.0
303,10.0964,591.781,107.747,100.0,0.0,0,0,79.35,DEPLOY,750.0
304,10.1297,592.784,108.742,100.0,0.0,0,0,79.05,DEPLOY,750.0
305,10.1631,593.795,109.901,100.0,0.0,0,0,78.76,DEPLOY,750.0
306,10.1964,594.818,110.97,100.0,0.0,0,0,78.47,DEPLOY,750.0
307,10.2297,595.848,111.987,100.0,0.0,0,0,78.18,DEPLOY,750.0
308,10.263,596.888,112.594,100.0,0.0,0,0,77.89,DEPLOY,750.0
309,10.2963,597.931,113.019,100.0,0.0,0,0,77.61,DEPLOY,750.0
310,10.3297,598.979,113.392,100.0,0.0,0,0,77.32,DEPLOY,750.0
311,10.363,600.029,113.749,100.0,0.0,0,0,77.04,DEPLOY,750.0
312,10.3963,601.084,114.042,100.0,0.0,0,0,76.76,DEPLOY,750.0
313,10.4296,602.14,114.325,100.0,0.0,0,0,76.48,DEPLOY,750.0
314,10.4629,603.2,114.529,100.0,0.0,0,0,76.2,DEPLOY,750.0
315,10.4963,604.26,114.724,100.0,0.0,0,0,75.93,DEPLOY,697.29
316,10.5296,605.323,114.843,100.0,0.0,0,0,75.66,DEPLOY,112.74
317,10.5629,606.386,114.943,0.0,100.0,0,0,75.5,REGEN,-350.0
318,10.5962,607.45,114.976,0.0,100.0,0,0,75.77,REGEN,-350.0
319,10.6296,608.515,114.98,0.0,100.0,0,0,76.04,REGEN,-350.0
320,10.6629,609.578,114.925,0.0,100.0,0,0,76.31,REGEN,-350.0
321,10.6962,610.642,114.829,0.0,100.0,0,0,76.57,REGEN,-350.0
322,10.7295,611.704,114.685,0.0,100.0,0,0,76.84,REGEN,-350.0
323,10.7628,612.764,114.491,0.0,100.0,0,0,77.11,REGEN,-350.0
324,10.7962,613.823,114.258,0.0,100.0,0,0,77.38,REGEN,-350.0
325,10.8295,614.879,113.964,0.0,100.0,0,0,77.65,REGEN,-350.0
326,10.8628,615.933,113.641,0.0,100.0,0,0,77.93,REGEN,-350.0
327,10.8961,616.982,113.248,0.0,100.0,0,0,78.2,REGEN,-350.0
328,10.9294,618.029,112.836,0.0,100.0,0,0,78.48,REGEN,-350.0
329,10.9628,619.07,112.352,0.0,100.0,0,0,78.76,REGEN,-350.0
330,10.9961,620.109,111.857,0.0,100.0,0,0,79.04,REGEN,-350.0
331,11.0294,621.14,111.291,0.0,100.0,0,0,79.32,REGEN,-350.0
332,11.0627,622.17,110.72,0.0,100.0,0,0,79.61,REGEN,-350.0
333,11.0961,623.189,110.086,0.0,100.0,0,0,79.89,REGEN,-350.0
334,11.1294,624.207,109.45,0.0,100.0,0,0,80.18,REGEN,-350.0
335,11.1627,625.214,108.764,0.0,100.0,0,0,80.47,REGEN,-350.0
336,11.196,626.221,108.058,0.0,100.0,0,0,80.76,REGEN,-350.0
337,11.2293,627.211,106.997,0.0,100.0,0,0,81.05,REGEN,-350.0
338,11.2627,628.201,105.931,0.0,100.0,0,0,81.34,REGEN,-350.0
339,11.296,629.171,104.735,0.0,100.0,0,0,81.63,REGEN,-350.0
340,11.3293,630.14,103.538,0.0,100.0,0,0,81.92,REGEN,-350.0
341,11.3626,631.088,102.412,0.0,100.0,0,0,82.21,REGEN,-350.0
342,11.3959,632.035,101.289,0.0,100.0,0,0,82.51,REGEN,-350.0
343,11.4293,632.964,100.256,0.0,100.0,0,0,82.8,REGEN,-350.0
344,11.4626,633.89,99.239,0.0,100.0,0,0,83.09,REGEN,-350.0
345,11.4959,634.802,98.311,0.0,100.0,0,0,83.38,REGEN,-350.0
346,11.5292,635.709,97.422,0.0,100.0,0,0,83.67,REGEN,-350.0
347,11.5626,636.607,96.599,0.0,100.0,0,0,83.96,REGEN,-350.0
348,11.5959,637.497,95.848,0.0,100.0,0,0,84.26,REGEN,-350.0
349,11.6292,638.383,95.127,0.0,100.0,0,0,84.55,REGEN,-350.0
350,11.6625,639.258,94.504,0.0,100.0,0,0,84.84,REGEN,-350.0
351,11.6958,640.134,93.881,0.0,100.0,0,0,85.13,REGEN,-350.0
352,11.7292,640.998,93.386,100.0,100.0,0,0,85.42,REGEN,97.2
353,11.7625,641.861,92.9,100.0,100.0,0,0,85.71,REGEN,571.39
354,11.7958,642.72,92.581,100.0,0.0,0,0,85.64,DEPLOY,750.0
355,11.8291,643.576,92.362,100.0,0.0,0,0,85.35,DEPLOY,750.0
356,11.8624,644.43,92.174,100.0,0.0,0,0,85.06,DEPLOY,750.0
357,11.8958,645.283,92.063,100.0,0.0,0,0,84.77,DEPLOY,750.0
358,11.9291,646.135,91.952,100.0,0.0,0,0,84.47,DEPLOY,750.0
359,11.9624,646.985,91.84,100.0,0.0,0,0,84.18,DEPLOY,750.0
360,11.9957,647.835,91.729,100.0,0.0,0,0,83.89,DEPLOY,750.0
361,12.0291,648.683,91.618,100.0,0.0,0,0,83.6,DEPLOY,750.0
362,12.0624,649.531,91.508,100.0,0.0,0,0,83.31,DEPLOY,750.0
363,12.0957,650.377,91.397,100.0,0.0,0,0,83.02,DEPLOY,750.0
364,12.129,651.222,91.287,100.0,0.0,0,0,82.73,DEPLOY,750.0
365,12.1623,652.067,91.177,100.0,0.0,0,0,82.43,DEPLOY,750.0
366,12.1957,652.91,91.049,100.0,0.0,0,0,82.14,DEPLOY,750.0
367,12.229,653.752,90.917,100.0,0.0,0,0,81.85,DEPLOY,750.0
368,12.2623,654.593,90.785,100.0,0.0,0,0,81.56,DEPLOY,750.0
369,12.2956,655.433,90.654,100.0,0.0,0,0,81.27,DEPLOY,750.0
370,12.329,656.272,90.522,100.0,0.0,0,0,80.98,DEPLOY,750.0
371,12.3623,657.109,90.391,100.0,0.0,0,0,80.69,DEPLOY,750.0
372,12.3956,657.945,90.26,100.0,0.0,0,0,80.4,DEPLOY,750.0
373,12.4289,658.779,90.065,100.0,0.0,0,0,80.11,DEPLOY,750.0
374,12.4622,659.611,89.833,100.0,0.0,0,0,79.82,DEPLOY,750.0
375,12.4956,660.443,89.627,100.0,0.0,0,0,79.53,DEPLOY,750.0
376,12.5289,661.271,89.522,100.0,0.0,0,0,79.24,DEPLOY,750.0
377,12.5622,662.1,89.417,100.0,0.0,0,0,78.95,DEPLOY,750.0
378,12.5955,662.927,89.311,100.0,0.0,0,0,78.66,DEPLOY,750.0
379,12.6288,663.753,89.206,100.0,0.0,0,0,78.36,DEPLOY,750.0
380,12.6622,664.578,89.101,100.0,0.0,0,0,78.07,DEPLOY,750.0
381,12.6955,665.402,88.997,100.0,0.0,0,0,77.78,DEPLOY,750.0
382,12.7288,666.226,88.892,100.0,0.0,0,0,77.49,DEPLOY,750.0
383,12.7621,667.048,88.788,100.0,0.0,0,0,77.2,DEPLOY,750.0
384,12.7955,667.87,88.684,100.0,0.0,0,0,76.91,DEPLOY,750.0
385,12.8288,668.691,88.709,100.0,0.0,0,0,76.61,DEPLOY,750.0
386,12.8621,669.513,88.862,100.0,0.0,0,0,76.32,DEPLOY,750.0
387,12.8954,670.336,89.037,100.0,0.0,0,0,76.03,DEPLOY,750.0
388,12.9287,671.165,89.535,100.0,0.0,0,0,75.74,DEPLOY,750.0
389,12.9621,671.995,90.034,100.0,0.0,0,0,75.45,DEPLOY,750.0
390,12.9954,672.833,90.642,100.0,0.0,0,0,75.16,DEPLOY,750.0
391,13.0287,673.675,91.31,100.0,0.0,0,0,74.87,DEPLOY,750.0
392,13.062,674.521,92.005,100.0,0.0,0,0,74.57,DEPLOY,750.0
393,13.0953,675.379,92.778,100.0,0.0,0,0,74.28,DEPLOY,750.0
394,13.1287,676.238,93.55,100.0,0.0,0,0,73.99,DEPLOY,750.0
395,13.162,677.112,94.38,100.0,0.0,0,0,73.7,DEPLOY,750.0
396,13.1953,677.987,95.214,100.0,0.0,0,0,73.41,DEPLOY,750.0
397,13.2286,678.873,96.075,100.0,0.0,0,0,73.12,DEPLOY,750.0
398,13.262,679.767,96.95,100.0,0.0,0,0,72.82,DEPLOY,750.0
399,13.2953,680.667,97.842,100.0,0.0,0,0,72.53,DEPLOY,750.0
400,13.3286,681.579,98.758,100.0,0.0,0,0,72.24,DEPLOY,750.0
401,13.3619,682.494,99.683,100.0,0.0,0,0,71.95,DEPLOY,750.0
402,13.3952,683.425,100.646,100.0,0.0,0,0,71.66,DEPLOY,750.0
403,13.4286,684.356,101.611,100.0,0.0,0,0,71.37,DEPLOY,750.0
404,13.4619,685.306,102.627,100.0,0.0,0,0,71.08,DEPLOY,750.0
405,13.4952,686.256,103.642,100.0,0.0,0,0,70.78,DEPLOY,750.0
406,13.5285,687.225,104.71,100.0,0.0,0,0,70.49,DEPLOY,750.0
407,13.5618,688.195,105.781,100.0,0.0,0,0,70.2,DEPLOY,750.0
408,13.5952,689.183,106.901,100.0,0.0,0,0,69.91,DEPLOY,750.0
409,13.6285,690.174,108.028,100.0,0.0,0,0,69.62,DEPLOY,750.0
410,13.6618,691.183,109.208,100.0,0.0,0,0,69.33,DEPLOY,750.0
411,13.6951,692.195,110.396,100.0,0.0,0,0,69.03,DEPLOY,750.0
412,13.7285,693.226,111.558,100.0,0.0,0,0,68.74,DEPLOY,750.0
413,13.7618,694.26,112.716,100.0,0.0,0,0,68.45,DEPLOY,750.0
414,13.7951,695.314,113.951,100.0,0.0,0,0,68.16,DEPLOY,750.0
415,13.8284,696.369,115.2,100.0,0.0,0,0,67.87,DEPLOY,750.0
416,13.8617,697.447,116.63,100.0,0.0,0,0,67.58,DEPLOY,750.0
417,13.8951,698.53,118.065,100.0,0.0,0,0,67.28,DEPLOY,750.0
418,13.9284,699.632,119.523,100.0,0.0,0,0,66.99,DEPLOY,750.0
419,13.9617,700.743,120.898,100.0,0.0,0,0,66.7,DEPLOY,750.0
420,13.995,701.868,122.136,100.0,0.0,0,0,66.41,DEPLOY,750.0
421,14.0283,703.005,123.378,100.0,0.0,0,0,66.12,DEPLOY,750.0
422,14.0617,704.15,124.624,100.0,0.0,0,0,65.83,DEPLOY,750.0
423,14.095,705.313,125.883,100.0,0.0,0,0,65.54,DEPLOY,750.0
424,14.1283,706.481,127.144,100.0,0.0,0,0,65.24,DEPLOY,750.0
425,14.1616,707.666,128.403,100.0,0.0,0,0,64.95,DEPLOY,750.0
426,14.195,708.86,129.666,100.0,0.0,0,0,64.66,DEPLOY,750.0
427,14.2283,710.064,130.935,100.0,0.0,0,0,64.37,DEPLOY,750.0
428,14.2616,711.284,132.208,100.0,0.0,0,0,64.08,DEPLOY,750.0
429,14.2949,712.511,133.484,100.0,0.0,0,0,63.79,DEPLOY,750.0
430,14.3282,713.754,134.763,100.0,0.0,0,0,63.49,DEPLOY,750.0
431,14.3616,715.008,136.044,100.0,0.0,0,0,63.2,DEPLOY,750.0
432,14.3949,716.27,137.327,100.0,0.0,0,0,62.91,DEPLOY,750.0
433,14.4282,717.55,138.612,100.0,0.0,0,0,62.62,DEPLOY,750.0
434,14.4615,718.839,139.899,100.0,0.0,0,0,62.33,DEPLOY,750.0
435,14.4948,720.138,141.188,100.0,0.0,0,0,62.04,DEPLOY,750.0
436,14.5282,721.453,142.479,100.0,0.0,0,0,61.75,DEPLOY,750.0
437,14.5615,722.777,143.771,100.0,0.0,0,0,61.45,DEPLOY,750.0
438,14.5948,724.112,145.065,100.0,0.0,0,0,61.16,DEPLOY,750.0
439,14.6281,725.463,146.36,100.0,0.0,0,0,60.87,DEPLOY,750.0
440,14.6615,726.823,147.655,100.0,0.0,0,0,60.58,DEPLOY,750.0
441,14.6948,728.194,148.95,100.0,0.0,0,0,60.29,DEPLOY,750.0
442,14.7281,729.581,150.242,100.0,0.0,0,0,60.0,DEPLOY,750.0
443,14.7614,730.977,151.53,100.0,0.0,0,0,59.7,DEPLOY,750.0
444,14.7947,732.383,152.813,100.0,0.0,0,0,59.41,DEPLOY,750.0
445,14.8281,733.805,154.084,100.0,0.0,0,0,59.12,DEPLOY,750.0
446,14.8614,735.238,155.346,100.0,0.0,0,0,58.83,DEPLOY,750.0
447,14.8947,736.68,156.602,100.0,0.0,0,0,58.54,DEPLOY,750.0
448,14.928,738.135,157.859,100.0,0.0,0,0,58.25,DEPLOY,750.0
449,14.9613,739.603,159.08,100.0,0.0,0,0,57.95,DEPLOY,750.0
450,14.9947,741.083,160.495,100.0,0.0,0,0,57.66,DEPLOY,750.0
451,15.028,742.574,162.099,100.0,0.0,0,0,57.37,DEPLOY,750.0
452,15.0613,744.082,163.696,100.0,0.0,0,0,57.08,DEPLOY,750.0
453,15.0946,745.606,165.286,100.0,0.0,0,0,56.79,DEPLOY,750.0
454,15.128,747.143,166.869,100.0,0.0,0,0,56.5,DEPLOY,750.0
455,15.1613,748.694,168.446,100.0,0.0,0,0,56.21,DEPLOY,750.0
456,15.1946,750.259,170.016,100.0,0.0,0,0,55.91,DEPLOY,750.0
457,15.2279,751.841,171.577,100.0,0.0,0,0,55.62,DEPLOY,750.0
458,15.2612,753.437,173.132,100.0,0.0,0,0,55.33,DEPLOY,750.0
459,15.2946,755.047,174.678,100.0,0.0,0,0,55.04,DEPLOY,750.0
460,15.3279,756.669,176.197,100.0,0.0,0,0,54.75,DEPLOY,750.0
461,15.3612,758.306,177.641,100.0,0.0,0,0,54.46,DEPLOY,750.0
462,15.3945,759.958,179.084,100.0,0.0,0,0,54.17,DEPLOY,750.0
463,15.4278,761.623,180.525,100.0,0.0,0,0,53.87,DEPLOY,750.0
464,15.4612,763.301,181.963,100.0,0.0,0,0,53.58,DEPLOY,750.0
465,15.4945,764.991,183.399,100.0,0.0,0,0,53.29,DEPLOY,750.0
466,15.5278,766.695,184.832,100.0,0.0,0,0,53.0,DEPLOY,750.0
467,15.5611,768.411,186.26,100.0,0.0,0,0,52.71,DEPLOY,750.0
468,15.5945,770.142,187.683,100.0,0.0,0,0,52.42,DEPLOY,750.0
469,15.6278,771.887,189.1,100.0,0.0,0,0,52.13,DEPLOY,750.0
470,15.6611,773.644,190.51,100.0,0.0,0,0,51.84,DEPLOY,750.0
471,15.6944,775.414,191.912,100.0,0.0,0,0,51.55,DEPLOY,750.0
472,15.7277,777.197,193.307,100.0,0.0,0,0,51.26,DEPLOY,750.0
473,15.7611,778.992,194.693,100.0,0.0,0,0,50.97,DEPLOY,750.0
474,15.7944,780.8,196.069,100.0,0.0,0,0,50.68,DEPLOY,750.0
475,15.8277,782.621,197.435,100.0,0.0,0,0,50.39,DEPLOY,750.0
476,15.861,784.454,198.789,100.0,0.0,0,0,50.1,DEPLOY,749.71
477,15.8943,786.3,200.132,100.0,0.0,0,0,49.81,DEPLOY,745.6
478,15.9277,788.159,201.461,100.0,0.0,0,0,49.52,DEPLOY,740.61
479,15.961,790.03,202.778,100.0,0.0,0,0,49.24,DEPLOY,735.63
480,15.9943,791.913,204.08,100.0,0.0,0,0,48.96,DEPLOY,730.69
481,16.0276,793.808,205.368,100.0,0.0,0,0,48.69,DEPLOY,725.77
482,16.061,795.715,206.641,100.0,0.0,0,0,48.42,DEPLOY,720.88
483,16.0943,797.634,207.898,100.0,0.0,0,0,48.15,DEPLOY,716.02
484,16.1276,799.564,209.139,100.0,0.0,0,0,47.89,DEPLOY,711.26
485,16.1609,801.505,210.364,100.0,0.0,0,0,47.63,DEPLOY,706.61
486,16.1942,803.458,211.572,100.0,0.0,0,0,47.38,DEPLOY,702.08
487,16.2276,805.422,212.762,100.0,0.0,0,0,47.13,DEPLOY,697.65
488,16.2609,807.397,213.936,100.0,0.0,0,0,46.88,DEPLOY,693.33
489,16.2942,809.382,215.091,100.0,0.0,0,0,46.64,DEPLOY,689.1
490,16.3275,811.378,216.229,100.0,0.0,0,0,46.4,DEPLOY,684.98
491,16.3609,813.385,217.349,100.0,0.0,0,0,46.17,DEPLOY,680.95
492,16.3942,815.402,218.45,100.0,0.0,0,0,45.94,DEPLOY,677.01
493,16.4275,817.429,219.533,100.0,0.0,0,0,45.71,DEPLOY,673.17
494,16.4608,819.466,220.597,100.0,0.0,0,0,45.48,DEPLOY,669.4
495,16.4941,821.512,221.643,100.0,0.0,0,0,45.26,DEPLOY,665.73
496,16.5275,823.568,222.671,100.0,0.0,0,0,45.04,DEPLOY,662.13
497,16.5608,825.634,223.679,100.0,0.0,0,0,44.82,DEPLOY,658.61
498,16.5941,827.709,224.67,100.0,0.0,0,0,44.61,DEPLOY,655.17
499,16.6274,829.793,225.641,100.0,0.0,0,0,44.4,DEPLOY,651.8
500,16.6607,831.886,226.594,100.0,0.0,0,0,44.19,DEPLOY,648.51
501,16.6941,833.987,227.529,100.0,0.0,0,0,43.99,DEPLOY,645.29
502,16.7274,836.097,228.446,100.0,0.0,0,0,43.78,DEPLOY,642.13
503,16.7607,838.216,229.345,100.0,0.0,0,0,43.58,DEPLOY,639.05
504,16.794,840.343,230.227,100.0,0.0,0,0,43.39,DEPLOY,636.03
505,16.8274,842.478,231.089,100.0,0.0,0,0,43.19,DEPLOY,633.07
506,16.8607,844.621,231.935,100.0,0.0,0,0,43.0,DEPLOY,630.18
507,16.894,846.772,232.764,100.0,0.0,0,0,42.81,DEPLOY,627.35
508,16.9273,848.93,233.575,100.0,0.0,0,0,42.62,DEPLOY,624.57
509,16.9606,851.096,234.371,100.0,0.0,0,0,42.43,DEPLOY,621.86
510,16.994,853.269,235.15,100.0,0.0,0,0,42.25,DEPLOY,619.2
511,17.0273,855.449,235.914,100.0,0.0,0,0,42.07,DEPLOY,616.59
512,17.0606,857.636,236.662,100.0,0.0,0,0,41.89,DEPLOY,614.04
513,17.0939,859.83,237.394,100.0,0.0,0,0,41.71,DEPLOY,611.54
514,17.1272,862.03,238.112,100.0,0.0,0,0,41.54,DEPLOY,609.09
515,17.1606,864.237,238.815,100.0,0.0,0,0,41.36,DEPLOY,606.69
516,17.1939,866.451,239.504,100.0,0.0,0,0,41.19,DEPLOY,604.35
517,17.2272,868.671,240.177,100.0,0.0,0,0,41.02,DEPLOY,602.05
518,17.2605,870.897,240.838,100.0,0.0,0,0,40.86,DEPLOY,599.79
519,17.2939,873.129,241.484,100.0,0.0,0,0,40.69,DEPLOY,597.59
520,17.3272,875.368,242.118,100.0,0.0,0,0,40.53,DEPLOY,595.42
521,17.3605,877.611,242.74,100.0,0.0,0,0,40.37,DEPLOY,593.3
522,17.3938,879.861,243.349,100.0,0.0,0,0,40.21,DEPLOY,591.22
523,17.4271,882.116,243.946,100.0,0.0,0,0,40.05,DEPLOY,589.19
524,17.4605,884.376,244.531,100.0,0.0,0,0,39.89,DEPLOY,587.19
525,17.4938,886.643,245.103,100.0,0.0,0,0,39.73,DEPLOY,585.23
526,17.5271,888.914,245.665,100.0,0.0,0,0,39.58,DEPLOY,583.32
527,17.5604,891.191,246.216,100.0,0.0,0,0,39.43,DEPLOY,581.44
528,17.5937,893.472,246.756,100.0,0.0,0,0,39.28,DEPLOY,579.6
529,17.6271,895.758,247.287,100.0,0.0,0,0,39.13,DEPLOY,577.79
530,17.6604,898.05,247.808,100.0,0.0,0,0,38.98,DEPLOY,576.02
531,17.6937,900.345,248.32,100.0,0.0,0,0,38.84,DEPLOY,574.29
532,17.727,902.646,248.822,100.0,0.0,0,0,38.69,DEPLOY,572.59
533,17.7604,904.952,249.315,100.0,0.0,0,0,38.55,DEPLOY,570.92
534,17.7937,907.262,249.8,100.0,0.0,0,0,38.41,DEPLOY,569.29
535,17.827,909.576,250.278,100.0,0.0,0,0,38.27,DEPLOY,567.68
536,17.8603,911.895,250.749,100.0,0.0,0,0,38.13,DEPLOY,566.11
537,17.8936,914.218,251.214,100.0,0.0,0,0,37.99,DEPLOY,564.57
538,17.927,916.545,251.671,100.0,0.0,0,0,37.85,DEPLOY,563.06
539,17.9603,918.877,252.124,100.0,0.0,0,0,37.72,DEPLOY,561.58
540,17.9936,921.213,252.571,100.0,0.0,0,0,37.58,DEPLOY,560.12
541,18.0269,923.553,253.014,100.0,0.0,0,0,37.45,DEPLOY,558.7
542,18.0602,925.896,253.454,100.0,0.0,0,0,37.32,DEPLOY,557.3
543,18.0936,928.244,253.891,100.0,0.0,0,0,37.19,DEPLOY,555.93
544,18.1269,930.596,254.326,100.0,0.0,0,0,37.06,DEPLOY,554.58
545,18.1602,932.952,254.759,100.0,0.0,0,0,36.93,DEPLOY,553.27
546,18.1935,935.313,255.192,100.0,0.0,0,0,36.8,DEPLOY,551.97
547,18.2269,937.677,255.625,100.0,0.0,0,0,36.68,DEPLOY,550.7
548,18.2602,940.045,256.06,100.0,0.0,0,0,36.55,DEPLOY,549.46
549,18.2935,942.416,256.488,100.0,0.0,0,0,36.43,DEPLOY,548.24
550,18.3268,944.792,256.829,100.0,0.0,0,0,36.3,DEPLOY,547.04
551,18.3601,947.171,257.158,100.0,0.0,0,0,36.18,DEPLOY,545.86
552,18.3935,949.553,257.48,100.0,0.0,0,0,36.06,DEPLOY,544.71
553,18.4268,951.937,257.797,100.0,0.0,0,0,35.94,DEPLOY,543.58
554,18.4601,954.325,258.108,100.0,0.0,0,0,35.82,DEPLOY,542.47
555,18.4934,956.715,258.412,100.0,0.0,0,0,35.7,DEPLOY,541.39
556,18.5267,959.109,258.71,100.0,0.0,0,0,35.58,DEPLOY,540.32
557,18.5601,961.505,259.003,100.0,0.0,0,0,35.47,DEPLOY,539.27
558,18.5934,963.903,259.291,100.0,0.0,0,0,35.35,DEPLOY,538.25
559,18.6267,966.304,259.573,100.0,0.0,0,0,35.23,DEPLOY,537.24
560,18.66,968.708,259.849,100.0,0.0,0,0,35.12,DEPLOY,536.25
561,18.6934,971.115,260.121,100.0,0.0,0,0,35.01,DEPLOY,535.28
562,18.7267,973.524,260.387,100.0,0.0,0,0,34.89,DEPLOY,534.33
563,18.76,975.937,261.016,100.0,0.0,0,0,34.78,DEPLOY,532.08
564,18.7933,978.356,261.849,100.0,0.0,0,0,34.67,DEPLOY,529.11
565,18.8266,980.784,262.674,100.0,0.0,0,0,34.56,DEPLOY,526.16
566,18.86,983.219,263.481,100.0,0.0,0,0,34.46,DEPLOY,523.27
567,18.8933,985.661,264.253,100.0,0.0,0,0,34.36,DEPLOY,520.52
568,18.9266,988.11,264.994,100.0,0.0,0,0,34.26,DEPLOY,517.88
569,18.9599,990.567,265.734,100.0,0.0,0,0,34.16,DEPLOY,515.24
570,18.9932,993.03,266.48,100.0,0.0,0,0,34.06,DEPLOY,512.57
571,19.0266,995.5,267.233,100.0,0.0,0,0,33.97,DEPLOY,509.88
572,19.0599,997.977,267.982,100.0,0.0,0,0,33.88,DEPLOY,507.2
573,19.0932,1000.46,268.722,100.0,0.0,0,0,33.79,DEPLOY,504.56
574,19.1265,1002.951,269.45,100.0,0.0,0,0,33.7,DEPLOY,501.96
575,19.1599,1005.449,270.131,100.0,0.0,0,0,33.62,DEPLOY,499.45
576,19.1932,1007.952,270.75,100.0,0.0,0,0,33.54,DEPLOY,497.07
577,19.2265,1010.46,271.366,100.0,0.0,0,0,33.45,DEPLOY,494.74
578,19.2598,1012.975,271.983,100.0,0.0,0,0,33.38,DEPLOY,492.44
579,19.2931,1015.496,272.601,100.0,0.0,0,0,33.3,DEPLOY,490.17
580,19.3265,1018.022,273.218,100.0,0.0,0,0,33.22,DEPLOY,487.93
581,19.3598,1020.553,273.835,100.0,0.0,0,0,33.15,DEPLOY,485.72
582,19.3931,1023.091,274.45,100.0,0.0,0,0,33.08,DEPLOY,483.54
583,19.4264,1025.634,275.063,100.0,0.0,0,0,33.01,DEPLOY,481.39
584,19.4597,1028.183,275.673,100.0,0.0,0,0,32.94,DEPLOY,479.27
585,19.4931,1030.737,276.281,100.0,0.0,0,0,32.88,DEPLOY,477.17
586,19.5264,1033.297,276.885,100.0,0.0,0,0,32.81,DEPLOY,475.1
587,19.5597,1035.863,277.485,100.0,0.0,0,0,32.75,DEPLOY,473.06
588,19.593,1038.434,278.08,100.0,0.0,0,0,32.69,DEPLOY,471.04
589,19.6264,1041.011,278.671,100.0,0.0,0,0,32.63,DEPLOY,469.05
590,19.6597,1043.593,279.257,100.0,0.0,0,0,32.58,DEPLOY,467.08
591,19.693,1046.18,279.838,100.0,0.0,0,0,32.52,DEPLOY,465.14
592,19.7263,1048.773,280.413,100.0,0.0,0,0,32.47,DEPLOY,463.22
593,19.7596,1051.371,280.983,100.0,0.0,0,0,32.41,DEPLOY,461.33
594,19.793,1053.975,281.547,100.0,0.0,0,0,32.36,DEPLOY,459.45
595,19.8263,1056.583,282.105,100.0,0.0,0,0,32.31,DEPLOY,457.61
596,19.8596,1059.197,282.657,100.0,0.0,0,0,32.27,DEPLOY,455.78
597,19.8929,1061.816,283.203,100.0,0.0,0,0,32.22,DEPLOY,453.98
598,19.9262,1064.439,283.744,100.0,0.0,0,0,32.17,DEPLOY,452.2
599,19.9596,1067.068,284.277,100.0,0.0,0,0,32.13,DEPLOY,450.44
600,19.9929,1069.702,284.805,100.0,0.0,0,0,32.09,DEPLOY,448.71
601,20.0262,1072.34,285.327,100.0,0.0,0,0,32.05,DEPLOY,446.99
602,20.0595,1074.984,285.843,100.0,0.0,0,0,32.01,DEPLOY,445.3
603,20.0929,1077.632,286.352,100.0,0.0,0,0,31.97,DEPLOY,443.62
604,20.1262,1080.285,286.856,100.0,0.0,0,0,31.94,DEPLOY,441.97
605,20.1595,1082.942,287.354,100.0,0.0,0,0,31.9,DEPLOY,440.33
606,20.1928,1085.604,287.845,100.0,0.0,0,0,31.87,DEPLOY,438.72
607,20.2261,1088.271,288.332,100.0,0.0,0,0,31.84,DEPLOY,437.13
608,20.2595,1090.942,288.812,100.0,0.0,0,0,31.81,DEPLOY,435.55
609,20.2928,1093.617,289.286,100.0,0.0,0,0,31.78,DEPLOY,433.99
610,20.3261,1096.297,289.755,100.0,0.0,0,0,31.75,DEPLOY,432.45
611,20.3594,1098.981,290.219,100.0,0.0,0,0,31.72,DEPLOY,430.94
612,20.3928,1101.67,290.677,100.0,0.0,0,0,31.7,DEPLOY,429.43
613,20.4261,1104.362,291.13,100.0,0.0,0,0,31.67,DEPLOY,427.95
614,20.4594,1107.059,291.577,100.0,0.0,0,0,31.65,DEPLOY,426.48
615,20.4927,1109.76,292.019,100.0,0.0,0,0,31.63,DEPLOY,425.03
616,20.526,1112.465,292.456,100.0,0.0,0,0,31.61,DEPLOY,423.6
617,20.5594,1115.174,292.888,100.0,0.0,0,0,31.59,DEPLOY,422.19
618,20.5927,1117.887,293.315,100.0,0.0,0,0,31.57,DEPLOY,420.79
619,20.626,1120.603,293.738,100.0,0.0,0,0,31.55,DEPLOY,419.41
620,20.6593,1123.324,294.155,100.0,0.0,0,0,31.54,DEPLOY,418.04
621,20.6926,1126.049,294.568,100.0,0.0,0,0,31.52,DEPLOY,416.69
622,20.726,1128.777,294.977,100.0,0.0,0,0,31.51,DEPLOY,415.36
623,20.7593,1131.509,295.38,100.0,0.0,0,0,31.49,DEPLOY,414.04
624,20.7926,1134.245,295.78,100.0,0.0,0,0,31.48,DEPLOY,412.73
625,20.8259,1136.985,296.176,100.0,0.0,0,0,31.47,DEPLOY,411.45
626,20.8593,1139.728,296.567,100.0,0.0,0,0,31.46,DEPLOY,410.17
627,20.8926,1142.475,296.954,100.0,0.0,0,0,31.45,DEPLOY,408.91
628,20.9259,1145.225,297.338,100.0,0.0,0,0,31.45,DEPLOY,407.67
629,20.9592,1147.979,297.717,100.0,0.0,0,0,31.44,DEPLOY,406.44
630,20.9925,1150.737,298.093,100.0,0.0,0,0,31.44,DEPLOY,405.22
631,21.0259,1153.497,298.465,100.0,0.0,0,0,31.43,DEPLOY,404.02
632,21.0592,1156.262,298.834,100.0,0.0,0,0,31.43,DEPLOY,402.83
633,21.0925,1159.029,299.199,100.0,0.0,0,0,31.43,DEPLOY,401.66
634,21.1258,1161.8,299.561,100.0,0.0,0,0,31.42,DEPLOY,400.5
635,21.1591,1164.575,299.92,100.0,0.0,0,0,31.42,DEPLOY,400.0
636,21.1925,1167.353,300.276,100.0,0.0,0,0,31.42,DEPLOY,400.0
637,21.2258,1170.133,300.628,100.0,0.0,0,0,31.42,DEPLOY,400.0
638,21.2591,1172.918,300.978,100.0,0.0,0,0,31.42,DEPLOY,400.0
639,21.2924,1175.705,301.324,100.0,0.0,0,0,31.42,DEPLOY,400.0
640,21.3258,1178.496,301.668,100.0,0.0,0,0,31.42,DEPLOY,400.0
641,21.3591,1181.29,302.008,100.0,0.0,0,0,31.42,DEPLOY,400.0
642,21.3924,1184.087,302.346,100.0,0.0,0,0,31.42,DEPLOY,400.0
643,21.4257,1186.887,302.681,100.0,0.0,0,0,31.42,DEPLOY,400.0
644,21.459,1189.69,303.012,100.0,0.0,0,0,31.42,DEPLOY,400.0
645,21.4924,1192.496,303.341,100.0,0.0,0,0,31.42,DEPLOY,400.0
646,21.5257,1195.305,303.666,100.0,0.0,0,0,31.42,DEPLOY,400.0
647,21.559,1198.117,303.988,100.0,0.0,0,0,31.42,DEPLOY,400.0
648,21.5923,1200.933,304.306,100.0,0.0,0,0,31.42,DEPLOY,400.0
649,21.6256,1203.751,304.62,100.0,0.0,0,0,31.42,DEPLOY,400.0
650,21.659,1206.572,304.929,100.0,0.0,0,0,31.42,DEPLOY,400.0
651,21.6923,1209.396,305.233,100.0,0.0,0,0,31.42,DEPLOY,400.0
652,21.7256,1212.222,305.532,100.0,0.0,0,0,31.42,DEPLOY,400.0
653,21.7589,1215.051,305.824,100.0,0.0,0,0,31.42,DEPLOY,400.0
654,21.7923,1217.883,306.108,100.0,0.0,0,0,31.42,DEPLOY,400.0
655,21.8256,1220.718,306.384,100.0,0.0,0,0,31.42,DEPLOY,400.0
656,21.8589,1223.555,306.65,100.0,0.0,0,0,31.42,DEPLOY,400.0
657,21.8922,1226.395,306.904,100.0,0.0,0,0,31.42,DEPLOY,400.0
658,21.9255,1229.237,307.144,100.0,0.0,0,0,31.42,DEPLOY,400.0
659,21.9589,1232.08,307.37,100.0,0.0,0,0,31.42,DEPLOY,400.0
660,21.9922,1234.926,307.577,100.0,0.0,0,0,31.42,DEPLOY,400.0
661,22.0255,1237.774,307.763,100.0,0.0,0,0,31.42,DEPLOY,400.0
662,22.0588,1240.624,307.927,100.0,0.0,0,0,31.42,DEPLOY,400.0
663,22.0921,1243.474,308.061,100.0,0.0,0,0,31.42,DEPLOY,400.0
664,22.1255,1246.326,308.168,100.0,0.0,0,0,31.42,DEPLOY,400.0
665,22.1588,1249.179,308.236,100.0,0.0,0,0,31.42,DEPLOY,400.0
666,22.1921,1252.032,308.267,100.0,0.0,0,0,31.42,DEPLOY,400.0
667,22.2254,1254.886,308.252,100.0,0.0,0,0,31.42,DEPLOY,400.0
668,22.2588,1257.738,308.187,100.0,0.0,0,0,31.42,DEPLOY,400.0
669,22.2921,1260.59,308.07,100.0,0.0,0,0,31.42,DEPLOY,400.0
670,22.3254,1263.441,307.887,100.0,0.0,0,0,31.42,DEPLOY,400.0
671,22.3587,1266.29,307.644,100.0,0.0,0,0,31.42,DEPLOY,400.0
672,22.392,1269.136,307.321,100.0,0.0,0,0,31.42,DEPLOY,400.0
673,22.4254,1271.979,306.924,100.0,0.0,0,0,31.42,DEPLOY,400.0
674,22.4587,1274.817,306.441,100.0,0.0,0,0,31.42,DEPLOY,400.0
675,22.492,1277.651,305.865,100.0,0.0,0,0,31.42,DEPLOY,400.0
676,22.5253,1280.479,305.2,100.0,0.0,0,0,31.42,DEPLOY,400.0
677,22.5586,1283.3,304.423,100.0,0.0,0,0,31.42,DEPLOY,400.0
678,22.592,1286.114,303.547,100.0,0.0,0,0,31.42,DEPLOY,400.0
679,22.6253,1288.919,302.556,100.0,0.0,0,0,31.42,DEPLOY,400.0
680,22.6586,1291.715,301.452,100.0,0.0,0,0,31.42,DEPLOY,400.0
681,22.6919,1294.5,300.237,100.0,0.0,0,0,31.42,DEPLOY,400.0
682,22.7253,1297.272,298.892,100.0,0.0,0,0,31.42,DEPLOY,400.0
683,22.7586,1300.032,297.437,0.0,0.0,0,0,31.42,DEPLOY,-208.23
684,22.7919,1302.778,295.857,0.0,100.0,0,0,31.66,REGEN,-350.0
685,22.8252,1305.508,294.155,0.0,100.0,0,0,31.93,REGEN,-350.0
686,22.8585,1308.223,292.343,0.0,100.0,0,0,32.21,REGEN,-350.0
687,22.8919,1310.92,290.406,0.0,100.0,0,0,32.48,REGEN,-350.0
688,22.9252,1313.598,288.36,0.0,100.0,0,0,32.74,REGEN,-350.0
689,22.9585,1316.258,286.214,0.0,100.0,0,0,33.01,REGEN,-350.0
690,22.9918,1318.896,283.956,0.0,100.0,0,0,33.27,REGEN,-350.0
691,23.0251,1321.513,281.598,0.0,100.0,0,0,33.54,REGEN,-350.0
692,23.0585,1324.109,279.117,0.0,100.0,0,0,33.8,REGEN,-350.0
693,23.0918,1326.68,276.49,0.0,100.0,0,0,34.07,REGEN,-350.0
694,23.1251,1329.226,273.718,0.0,100.0,0,0,34.34,REGEN,-350.0
695,23.1584,1331.746,270.816,0.0,100.0,0,0,34.62,REGEN,-350.0
696,23.1918,1334.24,267.79,0.0,100.0,0,0,34.89,REGEN,-350.0
697,23.2251,1336.704,264.632,0.0,100.0,0,0,35.18,REGEN,-350.0
698,23.2584,1339.137,261.356,0.0,100.0,0,0,35.46,REGEN,-350.0
699,23.2917,1341.54,257.975,0.0,100.0,0,0,35.74,REGEN,-350.0
700,23.325,1343.912,254.5,0.0,100.0,0,0,36.03,REGEN,-350.0
701,23.3584,1346.252,250.72,0.0,100.0,0,0,36.32,REGEN,-350.0
702,23.3917,1348.549,245.485,0.0,100.0,0,0,36.61,REGEN,-350.0
703,23.425,1350.795,240.297,0.0,100.0,0,0,36.91,REGEN,-350.0
704,23.4583,1352.995,235.27,0.0,100.0,0,0,37.2,REGEN,-350.0
705,23.4916,1355.149,230.446,0.0,100.0,0,0,37.49,REGEN,-350.0
706,23.525,1357.26,225.829,0.0,100.0,0,0,37.78,REGEN,-350.0
707,23.5583,1359.33,221.404,0.0,100.0,0,0,38.07,REGEN,-350.0
708,23.5916,1361.359,217.157,0.0,100.0,0,0,38.36,REGEN,-350.0
709,23.6249,1363.35,213.076,0.0,100.0,0,0,38.66,REGEN,-350.0
710,23.6583,1365.304,209.15,0.0,100.0,0,0,38.95,REGEN,-350.0
711,23.6916,1367.223,205.366,0.0,100.0,0,0,39.24,REGEN,-350.0
712,23.7249,1369.107,201.717,0.0,100.0,0,0,39.53,REGEN,-350.0
713,23.7582,1370.958,198.192,0.0,100.0,0,0,39.82,REGEN,-350.0
714,23.7915,1372.778,194.785,0.0,100.0,0,0,40.11,REGEN,-350.0
715,23.8249,1374.567,191.488,0.0,100.0,0,0,40.4,REGEN,-350.0
716,23.8582,1376.325,188.302,0.0,100.0,0,0,40.7,REGEN,-350.0
717,23.8915,1378.051,185.225,0.0,100.0,0,0,40.99,REGEN,-350.0
718,23.9248,1379.75,182.241,0.0,100.0,0,0,41.28,REGEN,-350.0
719,23.9581,1381.423,179.345,0.0,100.0,0,0,41.57,REGEN,-350.0
720,23.9915,1383.071,176.534,0.0,100.0,0,0,41.86,REGEN,-350.0
721,24.0248,1384.694,173.802,0.0,100.0,0,0,42.15,REGEN,-350.0
722,24.0581,1386.291,171.155,0.0,100.0,0,0,42.45,REGEN,-350.0
723,24.0914,1387.861,168.589,0.0,100.0,0,0,42.74,REGEN,-350.0
724,24.1248,1389.409,166.087,0.0,100.0,0,0,43.03,REGEN,-350.0
725,24.1581,1390.936,163.65,0.0,100.0,0,0,43.32,REGEN,-350.0
726,24.1914,1392.443,161.28,0.0,100.0,0,0,43.61,REGEN,-350.0
727,24.2247,1393.922,159.0,0.0,100.0,0,0,43.9,REGEN,-350.0
728,24.258,1395.382,156.777,0.0,100.0,0,0,44.2,REGEN,-350.0
729,24.2914,1396.825,154.608,0.0,100.0,0,0,44.49,REGEN,-350.0
730,24.3247,1398.248,152.501,0.0,100.0,0,0,44.78,REGEN,-350.0
731,24.358,1399.647,150.469,0.0,100.0,0,0,45.07,REGEN,-350.0
732,24.3913,1401.031,148.486,0.0,100.0,0,0,45.36,REGEN,-350.0
733,24.4247,1402.4,146.552,0.0,100.0,0,0,45.65,REGEN,-350.0
734,24.458,1403.744,144.701,0.0,100.0,0,0,45.94,REGEN,-350.0
735,24.4913,1405.075,142.891,0.0,100.0,0,0,46.24,REGEN,-350.0
736,24.5246,1406.393,141.122,0.0,100.0,0,0,46.53,REGEN,-350.0
737,24.5579,1407.687,139.422,0.0,100.0,0,0,46.82,REGEN,-350.0
738,24.5913,1408.971,137.81,0.0,100.0,0,0,47.11,REGEN,-350.0
739,24.6246,1410.242,136.317,0.0,100.0,0,0,47.4,REGEN,-350.0
740,24.6579,1411.494,134.859,0.0,100.0,0,0,47.69,REGEN,-350.0
741,24.6912,1412.738,133.41,0.0,100.0,0,0,47.99,REGEN,-350.0
742,24.7245,1413.965,131.969,0.0,100.0,0,0,48.28,REGEN,-350.0
743,24.7579,1415.179,130.592,0.0,100.0,0,0,48.57,REGEN,-350.0
744,24.7912,1416.385,129.257,0.0,100.0,0,0,48.86,REGEN,-350.0
745,24.8245,1417.572,128.024,0.0,100.0,0,0,49.15,REGEN,-350.0
746,24.8578,1418.753,126.821,0.0,100.0,0,0,49.44,REGEN,-350.0
747,24.8912,1419.921,125.688,0.0,100.0,0,0,49.73,REGEN,-350.0
748,24.9245,1421.079,124.596,0.0,100.0,0,0,50.03,REGEN,-350.0
749,24.9578,1422.229,123.538,0.0,100.0,0,0,50.32,REGEN,-350.0
750,24.9911,1423.366,122.525,0.0,100.0,0,0,50.61,REGEN,-350.0
751,25.0244,1424.499,121.521,0.0,100.0,0,0,50.9,REGEN,-350.0
752,25.0578,1425.615,120.495,0.0,100.0,0,0,51.19,REGEN,-350.0
753,25.0911,1426.727,119.427,0.0,100.0,0,0,51.48,REGEN,-350.0
754,25.1244,1427.825,118.236,0.0,100.0,0,0,51.78,REGEN,-350.0
755,25.1577,1428.914,116.979,0.0,100.0,0,0,52.07,REGEN,-350.0
756,25.191,1429.991,115.637,0.0,100.0,0,0,52.36,REGEN,-350.0
757,25.2244,1431.054,114.265,0.0,100.0,0,0,52.65,REGEN,-350.0
758,25.2577,1432.107,112.869,0.0,100.0,0,0,52.94,REGEN,-350.0
759,25.291,1433.143,111.522,0.0,100.0,0,0,53.23,REGEN,-350.0
760,25.3243,1434.172,110.198,0.0,100.0,0,0,53.53,REGEN,-350.0
761,25.3577,1435.186,109.186,100.0,100.0,0,0,53.82,REGEN,55.34
762,25.391,1436.194,108.288,100.0,100.0,0,0,54.11,REGEN,609.39
763,25.4243,1437.195,107.946,100.0,0.0,0,0,53.96,DEPLOY,750.0
764,25.4576,1438.194,107.793,100.0,0.0,0,0,53.67,DEPLOY,750.0
765,25.4909,1439.191,107.64,100.0,0.0,0,0,53.38,DEPLOY,750.0
766,25.5243,1440.187,107.487,100.0,0.0,0,0,53.09,DEPLOY,750.0
767,25.5576,1441.18,107.335,100.0,0.0,0,0,52.8,DEPLOY,750.0
768,25.5909,1442.174,107.183,100.0,0.0,0,0,52.51,DEPLOY,750.0
769,25.6242,1443.165,107.032,100.0,0.0,0,0,52.22,DEPLOY,750.0
770,25.6575,1444.155,106.881,100.0,0.0,0,0,51.92,DEPLOY,750.0
771,25.6909,1445.147,107.147,100.0,0.0,0,0,51.63,DEPLOY,750.0
772,25.7242,1446.14,107.592,100.0,0.0,0,0,51.34,DEPLOY,750.0
773,25.7575,1447.139,108.039,100.0,0.0,0,0,51.06,DEPLOY,750.0
774,25.7908,1448.14,108.488,100.0,0.0,0,0,50.77,DEPLOY,750.0
775,25.8242,1449.147,108.939,100.0,0.0,0,0,50.49,DEPLOY,750.0
776,25.8575,1450.157,109.393,100.0,0.0,0,0,50.21,DEPLOY,750.0
777,25.8908,1451.172,109.848,100.0,0.0,0,0,49.92,DEPLOY,750.0
778,25.9241,1452.19,110.304,100.0,0.0,0,0,49.63,DEPLOY,750.0
779,25.9574,1453.214,110.763,100.0,0.0,0,0,49.35,DEPLOY,750.0
780,25.9908,1454.24,111.222,100.0,0.0,0,0,49.06,DEPLOY,750.0
781,26.0241,1455.272,111.589,100.0,0.0,0,0,48.76,DEPLOY,750.0
782,26.0574,1456.306,111.933,100.0,0.0,0,0,48.47,DEPLOY,750.0
783,26.0907,1457.345,112.335,100.0,0.0,0,0,48.18,DEPLOY,750.0
784,26.124,1458.385,112.746,100.0,0.0,0,0,47.89,DEPLOY,750.0
785,26.1574,1459.431,113.06,100.0,0.0,0,0,47.6,DEPLOY,750.0
786,26.1907,1460.478,113.369,100.0,0.0,0,0,47.31,DEPLOY,750.0
787,26.224,1461.531,113.748,100.0,0.0,0,0,47.01,DEPLOY,750.0
788,26.2573,1462.584,114.154,100.0,0.0,0,0,46.72,DEPLOY,750.0
789,26.2907,1463.645,114.75,100.0,0.0,0,0,46.43,DEPLOY,750.0
790,26.324,1464.709,115.391,100.0,0.0,0,0,46.14,DEPLOY,750.0
791,26.3573,1465.782,116.174,100.0,0.0,0,0,45.85,DEPLOY,750.0
792,26.3906,1466.861,117.007,100.0,0.0,0,0,45.56,DEPLOY,750.0
793,26.4239,1467.949,117.923,100.0,0.0,0,0,45.27,DEPLOY,750.0
794,26.4573,1469.045,118.885,100.0,0.0,0,0,44.97,DEPLOY,750.0
795,26.4906,1470.149,119.887,100.0,0.0,0,0,44.68,DEPLOY,750.0
796,26.5239,1471.265,120.933,100.0,0.0,0,0,44.39,DEPLOY,750.0
797,26.5572,1472.386,121.995,100.0,0.0,0,0,44.1,DEPLOY,750.0
798,26.5905,1473.524,123.099,100.0,0.0,0,0,43.81,DEPLOY,750.0
799,26.6239,1474.666,124.212,100.0,0.0,0,0,43.52,DEPLOY,750.0
800,26.6572,1475.823,125.356,100.0,0.0,0,0,43.22,DEPLOY,750.0
801,26.6905,1476.988,126.516,100.0,0.0,0,0,42.93,DEPLOY,750.0
802,26.7238,1478.163,127.695,100.0,0.0,0,0,42.64,DEPLOY,750.0
803,26.7572,1479.353,128.9,100.0,0.0,0,0,42.35,DEPLOY,750.0
804,26.7905,1480.548,130.112,100.0,0.0,0,0,42.06,DEPLOY,750.0
805,26.8238,1481.761,131.282,100.0,0.0,0,0,41.77,DEPLOY,750.0
806,26.8571,1482.981,132.465,100.0,0.0,0,0,41.48,DEPLOY,750.0
807,26.8904,1484.211,133.666,100.0,0.0,0,0,41.18,DEPLOY,750.0
808,26.9238,1485.457,134.983,100.0,0.0,0,0,40.89,DEPLOY,750.0
809,26.9571,1486.71,136.336,100.0,0.0,0,0,40.6,DEPLOY,750.0
810,26.9904,1487.98,137.716,100.0,0.0,0,0,40.31,DEPLOY,750.0
811,27.0237,1489.262,139.117,100.0,0.0,0,0,40.02,DEPLOY,750.0
812,27.057,1490.553,140.534,100.0,0.0,0,0,39.73,DEPLOY,750.0
813,27.0904,1491.863,141.982,100.0,0.0,0,0,39.43,DEPLOY,750.0
814,27.1237,1493.184,143.451,100.0,0.0,0,0,39.14,DEPLOY,750.0
815,27.157,1494.515,144.937,100.0,0.0,0,0,38.85,DEPLOY,750.0
816,27.1903,1495.867,146.462,100.0,0.0,0,0,38.56,DEPLOY,750.0
817,27.2237,1497.23,148.009,100.0,0.0,0,0,38.27,DEPLOY,750.0
818,27.257,1498.604,149.554,100.0,0.0,0,0,37.98,DEPLOY,750.0
819,27.2903,1499.997,150.924,100.0,0.0,0,0,37.69,DEPLOY,750.0
820,27.3236,1501.4,152.267,100.0,0.0,0,0,37.39,DEPLOY,750.0
821,27.3569,1502.815,153.596,100.0,0.0,0,0,37.1,DEPLOY,750.0
822,27.3903,1504.242,154.929,100.0,0.0,0,0,36.81,DEPLOY,750.0
823,27.4236,1505.684,156.268,100.0,0.0,0,0,36.52,DEPLOY,750.0
824,27.4569,1507.136,157.609,100.0,0.0,0,0,36.23,DEPLOY,750.0
825,27.4902,1508.599,158.954,100.0,0.0,0,0,35.94,DEPLOY,750.0
826,27.5235,1510.078,160.301,100.0,0.0,0,0,35.65,DEPLOY,750.0
827,27.5569,1511.569,161.651,100.0,0.0,0,0,35.36,DEPLOY,750.0
828,27.5902,1513.071,163.001,100.0,0.0,0,0,35.07,DEPLOY,750.0
829,27.6235,1514.584,164.354,100.0,0.0,0,0,34.78,DEPLOY,750.0
830,27.6568,1516.113,165.707,100.0,0.0,0,0,34.49,DEPLOY,750.0
831,27.6902,1517.654,167.047,100.0,0.0,0,0,34.19,DEPLOY,750.0
832,27.7235,1519.206,168.374,100.0,0.0,0,0,33.9,DEPLOY,750.0
833,27.7568,1520.769,169.692,100.0,0.0,0,0,33.61,DEPLOY,750.0
834,27.7901,1522.345,171.014,100.0,0.0,0,0,33.32,DEPLOY,750.0
835,27.8234,1523.936,172.341,100.0,0.0,0,0,33.03,DEPLOY,750.0
836,27.8568,1525.538,173.673,100.0,0.0,0,0,32.74,DEPLOY,750.0
837,27.8901,1527.151,175.01,100.0,0.0,0,0,32.44,DEPLOY,750.0
838,27.9234,1528.776,176.352,100.0,0.0,0,0,32.15,DEPLOY,750.0
839,27.9567,1530.414,177.7,100.0,0.0,0,0,31.86,DEPLOY,750.0
840,27.99,1532.066,179.054,100.0,0.0,0,0,31.57,DEPLOY,750.0
841,28.0234,1533.73,180.413,100.0,0.0,0,0,31.28,DEPLOY,750.0
842,28.0567,1535.407,181.776,100.0,0.0,0,0,30.99,DEPLOY,750.0
843,28.09,1537.095,183.143,100.0,0.0,0,0,30.69,DEPLOY,750.0
844,28.1233,1538.796,184.513,100.0,0.0,0,0,30.4,DEPLOY,750.0
845,28.1567,1540.509,185.886,100.0,0.0,0,0,30.11,DEPLOY,750.0
846,28.19,1542.237,187.262,100.0,0.0,0,0,29.82,DEPLOY,750.0
847,28.2233,1543.977,188.64,100.0,0.0,0,0,29.53,DEPLOY,750.0
848,28.2566,1545.73,190.02,100.0,0.0,0,0,29.24,DEPLOY,750.0
849,28.2899,1547.495,191.4,100.0,0.0,0,0,28.95,DEPLOY,750.0
850,28.3233,1549.273,192.781,100.0,0.0,0,0,28.65,DEPLOY,750.0
851,28.3566,1551.064,194.161,100.0,0.0,0,0,28.36,DEPLOY,750.0
852,28.3899,1552.867,195.541,100.0,0.0,0,0,28.07,DEPLOY,750.0
853,28.4232,1554.682,196.92,100.0,0.0,0,0,27.78,DEPLOY,750.0
854,28.4566,1556.511,198.3,100.0,0.0,0,0,27.49,DEPLOY,750.0
855,28.4899,1558.353,199.682,100.0,0.0,0,0,27.2,DEPLOY,750.0
856,28.5232,1560.208,201.069,100.0,0.0,0,0,26.9,DEPLOY,746.07
857,28.5565,1562.076,202.463,100.0,0.0,0,0,26.62,DEPLOY,741.2
858,28.5898,1563.957,203.863,100.0,0.0,0,0,26.33,DEPLOY,736.2
859,28.6232,1565.85,205.271,100.0,0.0,0,0,26.05,DEPLOY,731.18
860,28.6565,1567.757,206.684,100.0,0.0,0,0,25.78,DEPLOY,726.13
861,28.6898,1569.677,208.094,100.0,0.0,0,0,25.5,DEPLOY,721.06
862,28.7231,1571.609,209.479,100.0,0.0,0,0,25.24,DEPLOY,715.98
863,28.7564,1573.554,210.847,100.0,0.0,0,0,24.97,DEPLOY,710.9
864,28.7898,1575.512,212.212,100.0,0.0,0,0,24.71,DEPLOY,705.8
865,28.8231,1577.483,213.572,100.0,0.0,0,0,24.46,DEPLOY,700.71
866,28.8564,1579.466,214.927,100.0,0.0,0,0,24.21,DEPLOY,695.61
867,28.8897,1581.461,216.277,100.0,0.0,0,0,23.96,DEPLOY,690.52
868,28.9231,1583.469,217.62,100.0,0.0,0,0,23.72,DEPLOY,685.44
869,28.9564,1585.49,218.957,100.0,0.0,0,0,23.49,DEPLOY,680.37
870,28.9897,1587.523,220.287,100.0,0.0,0,0,23.25,DEPLOY,675.31
871,29.023,1589.568,221.609,100.0,0.0,0,0,23.02,DEPLOY,670.26
872,29.0563,1591.625,222.923,100.0,0.0,0,0,22.8,DEPLOY,665.22
873,29.0897,1593.694,224.227,100.0,0.0,0,0,22.58,DEPLOY,660.18
874,29.123,1595.776,225.521,100.0,0.0,0,0,22.36,DEPLOY,655.16
875,29.1563,1597.869,226.805,100.0,0.0,0,0,22.15,DEPLOY,650.21
876,29.1896,1599.974,228.078,100.0,0.0,0,0,21.94,DEPLOY,645.34
877,29.2229,1602.091,229.34,100.0,0.0,0,0,21.74,DEPLOY,640.57
878,29.2563,1604.219,230.59,100.0,0.0,0,0,21.54,DEPLOY,635.88
879,29.2896,1606.359,231.827,100.0,0.0,0,0,21.35,DEPLOY,631.27
880,29.3229,1608.51,233.052,100.0,0.0,0,0,21.16,DEPLOY,626.74
881,29.3562,1610.673,234.263,100.0,0.0,0,0,20.97,DEPLOY,622.29
882,29.3896,1612.847,235.46,100.0,0.0,0,0,20.78,DEPLOY,617.92
883,29.4229,1615.032,236.643,100.0,0.0,0,0,20.6,DEPLOY,613.62
884,29.4562,1617.228,237.811,100.0,0.0,0,0,20.43,DEPLOY,609.39
885,29.4895,1619.435,238.965,100.0,0.0,0,0,20.25,DEPLOY,605.23
886,29.5228,1621.652,240.103,100.0,0.0,0,0,20.08,DEPLOY,601.14
887,29.5562,1623.88,241.226,100.0,0.0,0,0,19.92,DEPLOY,597.12
888,29.5895,1626.117,242.333,100.0,0.0,0,0,19.76,DEPLOY,593.16
889,29.6228,1628.365,243.423,100.0,0.0,0,0,19.6,DEPLOY,589.26
890,29.6561,1630.623,244.496,100.0,0.0,0,0,19.44,DEPLOY,585.43
891,29.6894,1632.891,245.551,100.0,0.0,0,0,19.29,DEPLOY,581.66
892,29.7228,1635.169,246.589,100.0,0.0,0,0,19.14,DEPLOY,577.94
893,29.7561,1637.456,247.608,100.0,0.0,0,0,18.99,DEPLOY,574.29
894,29.7894,1639.753,248.609,100.0,0.0,0,0,18.84,DEPLOY,570.69
895,29.8227,1642.058,249.592,100.0,0.0,0,0,18.7,DEPLOY,567.14
896,29.8561,1644.373,250.555,100.0,0.0,0,0,18.57,DEPLOY,563.65
897,29.8894,1646.696,251.498,100.0,0.0,0,0,18.43,DEPLOY,560.21
898,29.9227,1649.029,252.42,100.0,0.0,0,0,18.3,DEPLOY,556.83
899,29.956,1651.369,253.321,100.0,0.0,0,0,18.17,DEPLOY,553.49
900,29.9893,1653.718,254.201,100.0,0.0,0,0,18.04,DEPLOY,550.21
901,30.0227,1656.075,255.061,100.0,0.0,0,0,17.92,DEPLOY,546.97
902,30.056,1658.439,255.898,100.0,0.0,0,0,17.8,DEPLOY,543.78
903,30.0893,1660.812,256.71,100.0,0.0,0,0,17.68,DEPLOY,540.65
904,30.1226,1663.192,257.5,100.0,0.0,0,0,17.56,DEPLOY,537.55
905,30.1559,1665.579,258.266,100.0,0.0,0,0,17.45,DEPLOY,534.51
906,30.1893,1667.972,259.009,100.0,0.0,0,0,17.34,DEPLOY,531.5
907,30.2226,1670.373,259.728,100.0,0.0,0,0,17.23,DEPLOY,528.54
908,30.2559,1672.78,260.42,100.0,0.0,0,0,17.12,DEPLOY,525.63
909,30.2892,1675.194,261.087,100.0,0.0,0,0,17.02,DEPLOY,522.76
910,30.3226,1677.614,261.728,100.0,0.0,0,0,16.92,DEPLOY,519.93
911,30.3559,1680.039,262.345,100.0,0.0,0,0,16.82,DEPLOY,517.26
912,30.3892,1682.47,262.937,100.0,0.0,0,0,16.72,DEPLOY,514.81
913,30.4225,1684.906,263.501,100.0,0.0,0,0,16.63,DEPLOY,512.52
914,30.4558,1687.348,264.04,100.0,0.0,0,0,16.54,DEPLOY,510.22
915,30.4892,1689.794,264.554,100.0,0.0,0,0,16.45,DEPLOY,507.85
916,30.5225,1692.245,265.043,100.0,0.0,0,0,16.36,DEPLOY,505.47
917,30.5558,1694.7,265.506,100.0,0.0,0,0,16.27,DEPLOY,503.24
918,30.5891,1697.16,265.943,100.0,0.0,0,0,16.19,DEPLOY,501.73
919,30.6224,1699.624,266.358,100.0,0.0,0,0,16.1,DEPLOY,501.41
920,30.6558,1702.091,266.75,100.0,0.0,0,0,16.02,DEPLOY,501.1
921,30.6891,1704.561,267.12,100.0,0.0,0,0,15.94,DEPLOY,500.79
922,30.7224,1707.035,267.466,100.0,0.0,0,0,15.85,DEPLOY,500.49
923,30.7557,1709.513,267.791,100.0,0.0,0,0,15.77,DEPLOY,500.19
924,30.7891,1711.993,268.096,100.0,0.0,0,0,15.69,DEPLOY,499.9
925,30.8224,1714.475,268.382,100.0,0.0,0,0,15.6,DEPLOY,499.63
926,30.8557,1716.961,268.646,100.0,0.0,0,0,15.52,DEPLOY,499.37
927,30.889,1719.449,268.894,100.0,0.0,0,0,15.44,DEPLOY,499.11
928,30.9223,1721.939,269.124,100.0,0.0,0,0,15.36,DEPLOY,498.86
929,30.9557,1724.43,269.339,100.0,0.0,0,0,15.27,DEPLOY,498.6
930,30.989,1726.924,269.537,100.0,0.0,0,0,15.19,DEPLOY,498.36
931,31.0223,1729.42,269.722,100.0,0.0,0,0,15.11,DEPLOY,498.12
932,31.0556,1731.918,269.893,100.0,0.0,0,0,15.03,DEPLOY,497.88
933,31.0889,1734.416,270.052,100.0,0.0,0,0,14.95,DEPLOY,497.64
934,31.1223,1736.917,270.199,100.0,0.0,0,0,14.87,DEPLOY,497.42
935,31.1556,1739.418,270.336,100.0,0.0,0,0,14.79,DEPLOY,497.19
936,31.1889,1741.921,270.463,100.0,0.0,0,0,14.71,DEPLOY,496.97
937,31.2222,1744.425,270.582,100.0,0.0,0,0,14.62,DEPLOY,496.75
938,31.2556,1746.93,270.692,100.0,0.0,0,0,14.54,DEPLOY,496.54
939,31.2889,1749.436,270.795,100.0,0.0,0,0,14.46,DEPLOY,496.33
940,31.3222,1751.943,270.891,100.0,0.0,0,0,14.38,DEPLOY,496.12
941,31.3555,1754.451,270.982,100.0,0.0,0,0,14.3,DEPLOY,495.92
942,31.3888,1756.959,271.067,100.0,0.0,0,0,14.22,DEPLOY,495.72
943,31.4222,1759.469,271.147,100.0,0.0,0,0,14.14,DEPLOY,495.52
944,31.4555,1761.979,271.223,100.0,0.0,0,0,14.07,DEPLOY,495.33
945,31.4888,1764.489,271.295,100.0,0.0,0,0,13.99,DEPLOY,495.14
946,31.5221,1767.001,271.363,100.0,0.0,0,0,13.91,DEPLOY,494.96
947,31.5554,1769.513,271.428,100.0,0.0,0,0,13.83,DEPLOY,494.77
948,31.5888,1772.026,271.49,100.0,0.0,0,0,13.75,DEPLOY,494.59
949,31.6221,1774.539,271.549,100.0,0.0,0,0,13.67,DEPLOY,494.42
950,31.6554,1777.052,271.606,100.0,0.0,0,0,13.59,DEPLOY,494.25
951,31.6887,1779.567,271.66,100.0,0.0,0,0,13.51,DEPLOY,494.08
952,31.7221,1782.081,271.712,100.0,0.0,0,0,13.43,DEPLOY,493.91
953,31.7554,1784.597,271.762,100.0,0.0,0,0,13.36,DEPLOY,493.75
954,31.7887,1787.112,271.81,100.0,0.0,0,0,13.28,DEPLOY,493.59
955,31.822,1789.628,271.856,100.0,0.0,0,0,13.2,DEPLOY,493.43
956,31.8553,1792.145,271.9,100.0,0.0,0,0,13.12,DEPLOY,493.27
957,31.8887,1794.662,271.942,100.0,0.0,0,0,13.04,DEPLOY,493.12
958,31.922,1797.179,271.983,100.0,0.0,0,0,12.97,DEPLOY,492.97
959,31.9553,1799.697,272.021,100.0,0.0,0,0,12.89,DEPLOY,492.82
960,31.9886,1802.215,272.059,100.0,0.0,0,0,12.81,DEPLOY,492.68
961,32.0219,1804.733,272.094,100.0,0.0,0,0,12.74,DEPLOY,492.54
962,32.0553,1807.252,272.128,100.0,0.0,0,0,12.66,DEPLOY,492.4
963,32.0886,1809.771,272.161,100.0,0.0,0,0,12.58,DEPLOY,492.26
964,32.1219,1812.29,272.192,100.0,0.0,0,0,12.5,DEPLOY,492.13
965,32.1552,1814.809,272.222,100.0,0.0,0,0,12.43,DEPLOY,492.0
966,32.1886,1817.329,272.252,100.0,0.0,0,0,12.35,DEPLOY,491.87
967,32.2219,1819.849,272.28,100.0,0.0,0,0,12.28,DEPLOY,491.74
968,32.2552,1822.37,272.308,100.0,0.0,0,0,12.2,DEPLOY,491.61
969,32.2885,1824.89,272.336,100.0,0.0,0,0,12.12,DEPLOY,491.49
970,32.3218,1827.411,272.364,100.0,0.0,0,0,12.05,DEPLOY,491.37
971,32.3552,1829.932,272.392,100.0,0.0,0,0,11.97,DEPLOY,491.25
972,32.3885,1832.454,272.422,100.0,0.0,0,0,11.89,DEPLOY,491.14
973,32.4218,1834.975,272.453,100.0,0.0,0,0,11.82,DEPLOY,491.02
974,32.4551,1837.497,272.486,100.0,0.0,0,0,11.74,DEPLOY,490.91
975,32.4885,1840.019,272.522,100.0,0.0,0,0,11.67,DEPLOY,490.8
976,32.5218,1842.542,272.56,100.0,0.0,0,0,11.59,DEPLOY,490.69
977,32.5551,1845.065,272.603,100.0,0.0,0,0,11.52,DEPLOY,490.59
978,32.5884,1847.589,272.651,100.0,0.0,0,0,11.44,DEPLOY,490.48
979,32.6217,1850.112,272.703,100.0,0.0,0,0,11.37,DEPLOY,490.38
980,32.6551,1852.637,272.762,100.0,0.0,0,0,11.29,DEPLOY,490.28
981,32.6884,1855.161,272.596,100.0,0.0,0,0,11.21,DEPLOY,491.06
982,32.7217,1857.68,271.705,100.0,0.0,0,0,11.14,DEPLOY,494.32
983,32.755,1860.193,271.425,100.0,0.0,0,0,11.06,DEPLOY,495.25
984,32.7883,1862.706,271.481,100.0,0.0,0,0,10.98,DEPLOY,495.06
985,32.8217,1865.219,271.537,100.0,0.0,0,0,10.9,DEPLOY,494.88
986,32.855,1867.732,271.591,100.0,0.0,0,0,10.82,DEPLOY,494.7
987,32.8883,1870.247,271.644,100.0,0.0,0,0,10.74,DEPLOY,494.52
988,32.9216,1872.761,271.696,100.0,0.0,0,0,10.66,DEPLOY,494.34
989,32.955,1875.276,271.748,100.0,0.0,0,0,10.59,DEPLOY,494.17
990,32.9883,1877.792,271.798,100.0,0.0,0,0,10.51,DEPLOY,494.01
991,33.0216,1880.308,271.848,100.0,0.0,0,0,10.43,DEPLOY,493.84
992,33.0549,1882.827,272.485,100.0,0.0,0,0,10.35,DEPLOY,491.71
993,33.0882,1885.352,273.163,100.0,0.0,0,0,10.28,DEPLOY,489.45
994,33.1216,1887.884,273.805,100.0,0.0,0,0,10.2,DEPLOY,487.27
995,33.1549,1890.419,273.983,100.0,0.0,0,0,10.13,DEPLOY,486.72
996,33.1882,1892.955,273.995,100.0,0.0,0,0,10.06,DEPLOY,486.68
997,33.2215,1895.491,274.005,100.0,0.0,0,0,9.98,DEPLOY,486.65
998,33.2548,1898.027,274.016,100.0,0.0,0,0,9.91,DEPLOY,486.61
999,33.2882,1900.564,274.026,100.0,0.0,0,0,9.84,DEPLOY,486.58
1000,33.3215,1903.1,274.036,100.0,0.0,0,0,9.77,DEPLOY,486.55
1001,33.3548,1905.637,274.046,100.0,0.0,0,0,9.7,DEPLOY,486.51
1002,33.3881,1908.175,274.484,100.0,0.0,0,0,9.62,DEPLOY,485.05
1003,33.4215,1910.718,275.136,100.0,0.0,0,0,9.55,DEPLOY,482.88
1004,33.4548,1913.268,275.78,100.0,0.0,0,0,9.48,DEPLOY,480.73
1005,33.4881,1915.824,276.417,100.0,0.0,0,0,9.42,DEPLOY,478.61
1006,33.5214,1918.385,277.045,100.0,0.0,0,0,9.35,DEPLOY,476.52
1007,33.5547,1920.952,277.664,100.0,0.0,0,0,9.29,DEPLOY,474.45
1008,33.5881,1923.525,278.276,100.0,0.0,0,0,9.23,DEPLOY,472.41
1009,33.6214,1926.104,278.88,100.0,0.0,0,0,9.17,DEPLOY,470.4
1010,33.6547,1928.688,279.473,100.0,0.0,0,0,9.11,DEPLOY,468.41
1011,33.688,1931.277,279.954,100.0,0.0,0,0,9.05,DEPLOY,466.45
1012,33.7213,1933.87,280.311,100.0,0.0,0,0,9.0,DEPLOY,464.51
1013,33.7547,1936.466,280.663,100.0,0.0,0,0,8.94,DEPLOY,462.6
1014,33.788,1939.065,281.009,100.0,0.0,0,0,8.89,DEPLOY,460.71
1015,33.8213,1941.668,281.347,100.0,0.0,0,0,8.84,DEPLOY,458.85
1016,33.8546,1944.274,281.676,100.0,0.0,0,0,8.79,DEPLOY,457.01
1017,33.888,1946.882,281.994,100.0,0.0,0,0,8.74,DEPLOY,455.2
1018,33.9213,1949.494,282.3,100.0,0.0,0,0,8.7,DEPLOY,453.41
1019,33.9546,1952.108,282.594,100.0,0.0,0,0,8.65,DEPLOY,451.65
1020,33.9879,1954.725,282.873,100.0,0.0,0,0,8.61,DEPLOY,449.9
1021,34.0212,1957.345,283.137,100.0,0.0,0,0,8.57,DEPLOY,448.19
1022,34.0546,1959.966,283.384,100.0,0.0,0,0,8.53,DEPLOY,446.49
1023,34.0879,1962.59,283.616,100.0,0.0,0,0,8.49,DEPLOY,444.81
1024,34.1212,1965.217,283.829,100.0,0.0,0,0,8.46,DEPLOY,443.16
1025,34.1545,1967.845,284.025,100.0,0.0,0,0,8.42,DEPLOY,441.53
1026,34.1878,1970.474,284.204,100.0,0.0,0,0,8.39,DEPLOY,439.91
1027,34.2212,1973.106,284.363,100.0,0.0,0,0,8.35,DEPLOY,439.17
1028,34.2545,1975.738,284.505,100.0,0.0,0,0,8.32,DEPLOY,439.95
1029,34.2878,1978.372,284.63,100.0,0.0,0,0,8.29,DEPLOY,440.72
1030,34.3211,1981.007,284.737,100.0,0.0,0,0,8.26,DEPLOY,441.47
1031,34.3545,1983.643,284.828,100.0,0.0,0,0,8.22,DEPLOY,442.21
1032,34.3878,1986.28,284.903,100.0,0.0,0,0,8.19,DEPLOY,443.98
1033,34.4211,1988.917,284.961,100.0,0.0,0,0,8.15,DEPLOY,447.0
1034,34.4544,1991.555,285.004,100.0,0.0,0,0,8.11,DEPLOY,447.66
1035,34.4877,1994.193,285.033,100.0,0.0,0,0,8.07,DEPLOY,448.3
1036,34.5211,1996.832,285.047,100.0,0.0,0,0,8.03,DEPLOY,448.93
1037,34.5544,1999.47,285.049,100.0,0.0,0,0,7.99,DEPLOY,449.55
1038,34.5877,2002.108,284.949,0.0,0.0,0,0,7.95,DEPLOY,-189.41
1039,34.621,2004.745,284.924,0.0,100.0,0,0,8.19,REGEN,-350.0
1040,34.6543,2007.383,284.924,0.0,100.0,0,0,8.48,REGEN,-350.0
1041,34.6877,2010.02,284.924,0.0,100.0,0,0,8.77,REGEN,-350.0
1042,34.721,2012.657,284.894,0.0,100.0,0,0,9.06,REGEN,-350.0
1043,34.7543,2015.294,284.836,0.0,100.0,0,0,9.36,REGEN,-350.0
1044,34.7876,2017.93,284.772,0.0,100.0,0,0,9.65,REGEN,-350.0
1045,34.821,2020.565,284.701,0.0,100.0,0,0,9.94,REGEN,-350.0
1046,34.8543,2023.2,284.624,0.0,100.0,0,0,10.23,REGEN,-350.0
1047,34.8876,2025.834,284.543,0.0,100.0,0,0,10.52,REGEN,-350.0
1048,34.9209,2028.468,284.458,0.0,100.0,0,0,10.81,REGEN,-350.0
1049,34.9542,2031.1,284.369,0.0,100.0,0,0,11.1,REGEN,-113.63
1050,34.9876,2033.732,284.277,100.0,0.0,0,0,11.24,DEPLOY,450.53
1051,35.0209,2036.363,284.183,100.0,0.0,0,0,11.2,DEPLOY,451.12
1052,35.0542,2038.993,284.087,100.0,0.0,0,0,11.15,DEPLOY,451.71
1053,35.0875,2041.622,283.989,100.0,0.0,0,0,11.11,DEPLOY,452.28
1054,35.1208,2044.25,283.891,100.0,0.0,0,0,11.07,DEPLOY,452.84
1055,35.1542,2046.877,283.793,100.0,0.0,0,0,11.02,DEPLOY,453.4
1056,35.1875,2049.503,283.695,100.0,0.0,0,0,10.98,DEPLOY,453.94
1057,35.2208,2052.129,283.598,100.0,0.0,0,0,10.93,DEPLOY,454.48
1058,35.2541,2054.753,283.495,100.0,0.0,0,0,10.89,DEPLOY,455.0
1059,35.2875,2057.377,283.345,100.0,0.0,0,0,10.84,DEPLOY,455.52
1060,35.3208,2059.999,283.192,100.0,0.0,0,0,10.8,DEPLOY,456.03
1061,35.3541,2062.619,283.042,100.0,0.0,0,0,10.75,DEPLOY,456.53
1062,35.3874,2065.238,282.895,100.0,0.0,0,0,10.7,DEPLOY,457.02
1063,35.4207,2067.856,282.751,100.0,0.0,0,0,10.66,DEPLOY,457.5
1064,35.4541,2070.473,282.608,100.0,0.0,0,0,10.61,DEPLOY,457.97
1065,35.4874,2073.088,282.469,100.0,0.0,0,0,10.56,DEPLOY,458.44
1066,35.5207,2075.702,282.331,100.0,0.0,0,0,10.51,DEPLOY,458.9
1067,35.554,2078.314,282.196,100.0,0.0,0,0,10.46,DEPLOY,459.35
1068,35.5873,2080.926,282.064,100.0,0.0,0,0,10.41,DEPLOY,459.79
1069,35.6207,2083.536,281.934,100.0,0.0,0,0,10.36,DEPLOY,460.22
1070,35.654,2086.145,281.806,100.0,0.0,0,0,10.31,DEPLOY,460.65
1071,35.6873,2088.753,281.68,100.0,0.0,0,0,10.26,DEPLOY,461.07
1072,35.7206,2091.359,281.556,100.0,0.0,0,0,10.21,DEPLOY,461.48
1073,35.754,2093.965,281.435,100.0,0.0,0,0,10.16,DEPLOY,461.88
1074,35.7873,2096.569,281.315,100.0,0.0,0,0,10.11,DEPLOY,462.28
1075,35.8206,2099.172,281.198,100.0,0.0,0,0,10.06,DEPLOY,462.67
1076,35.8539,2101.775,281.083,100.0,0.0,0,0,10.0,DEPLOY,463.06
1077,35.8872,2104.376,280.969,100.0,0.0,0,0,9.95,DEPLOY,463.44
1078,35.9206,2106.976,280.858,100.0,0.0,0,0,9.9,DEPLOY,463.81
1079,35.9539,2109.575,280.748,100.0,0.0,0,0,9.84,DEPLOY,464.17
1080,35.9872,2112.173,280.641,100.0,0.0,0,0,9.79,DEPLOY,464.53
1081,36.0205,2114.77,280.535,100.0,0.0,0,0,9.74,DEPLOY,464.88
1082,36.0538,2117.366,280.431,100.0,0.0,0,0,9.68,DEPLOY,465.23
1083,36.0872,2119.963,280.687,100.0,0.0,0,0,9.63,DEPLOY,464.38
1084,36.1205,2122.563,281.253,100.0,0.0,0,0,9.58,DEPLOY,462.49
1085,36.1538,2125.169,281.819,100.0,0.0,0,0,9.52,DEPLOY,460.6
1086,36.1871,2127.78,282.379,100.0,0.0,0,0,9.47,DEPLOY,458.74
1087,36.2205,2130.396,282.932,100.0,0.0,0,0,9.42,DEPLOY,456.89
1088,36.2538,2133.018,283.477,100.0,0.0,0,0,9.38,DEPLOY,455.07
1089,36.2871,2135.644,284.016,100.0,0.0,0,0,9.33,DEPLOY,453.28
1090,36.3204,2138.276,284.549,100.0,0.0,0,0,9.29,DEPLOY,451.5
1091,36.3537,2140.912,285.075,100.0,0.0,0,0,9.24,DEPLOY,449.75
1092,36.3871,2143.553,285.594,100.0,0.0,0,0,9.2,DEPLOY,448.02
1093,36.4204,2146.199,286.108,100.0,0.0,0,0,9.16,DEPLOY,446.31
1094,36.4537,2148.849,286.614,100.0,0.0,0,0,9.13,DEPLOY,444.62
1095,36.487,2151.505,287.115,100.0,0.0,0,0,9.09,DEPLOY,442.95
1096,36.5204,2154.164,287.61,100.0,0.0,0,0,9.05,DEPLOY,441.3
1097,36.5537,2156.829,288.098,100.0,0.0,0,0,9.02,DEPLOY,439.67
1098,36.587,2159.498,288.581,100.0,0.0,0,0,8.99,DEPLOY,438.06
1099,36.6203,2162.171,289.053,100.0,0.0,0,0,8.95,DEPLOY,436.47
1100,36.6536,2164.848,289.466,100.0,0.0,0,0,8.92,DEPLOY,434.9
1101,36.687,2167.529,289.871,100.0,0.0,0,0,8.89,DEPLOY,433.35
1102,36.7203,2170.214,290.279,100.0,0.0,0,0,8.87,DEPLOY,431.82
1103,36.7536,2172.903,290.689,100.0,0.0,0,0,8.84,DEPLOY,430.3
1104,36.7869,2175.596,291.101,100.0,0.0,0,0,8.82,DEPLOY,428.81
1105,36.8202,2178.292,291.514,100.0,0.0,0,0,8.79,DEPLOY,427.33
1106,36.8536,2180.992,291.927,100.0,0.0,0,0,8.77,DEPLOY,425.87
1107,36.8869,2183.696,292.339,100.0,0.0,0,0,8.75,DEPLOY,424.43
1108,36.9202,2186.404,292.751,100.0,0.0,0,0,8.73,DEPLOY,423.0
1109,36.9535,2189.115,293.161,100.0,0.0,0,0,8.71,DEPLOY,421.59
1110,36.9869,2191.831,293.569,100.0,0.0,0,0,8.69,DEPLOY,420.2
1111,37.0202,2194.55,293.976,100.0,0.0,0,0,8.67,DEPLOY,418.83
1112,37.0535,2197.273,294.379,100.0,0.0,0,0,8.66,DEPLOY,417.47
1113,37.0868,2199.999,294.78,100.0,0.0,0,0,8.64,DEPLOY,416.12
1114,37.1201,2202.73,295.178,100.0,0.0,0,0,8.63,DEPLOY,414.8
1115,37.1535,2205.464,295.573,100.0,0.0,0,0,8.62,DEPLOY,413.48
1116,37.1868,2208.201,295.964,100.0,0.0,0,0,8.61,DEPLOY,412.19
1117,37.2201,2210.943,296.351,100.0,0.0,0,0,8.6,DEPLOY,410.91
1118,37.2534,2213.687,296.735,100.0,0.0,0,0,8.59,DEPLOY,409.64
1119,37.2867,2216.436,297.114,100.0,0.0,0,0,8.58,DEPLOY,408.38
1120,37.3201,2219.188,297.489,100.0,0.0,0,0,8.57,DEPLOY,407.15
1121,37.3534,2221.943,297.86,100.0,0.0,0,0,8.57,DEPLOY,405.92
1122,37.3867,2224.701,298.225,100.0,0.0,0,0,8.56,DEPLOY,404.71
1123,37.42,2227.464,298.585,100.0,0.0,0,0,8.56,DEPLOY,403.52
1124,37.4534,2230.229,298.94,100.0,0.0,0,0,8.56,DEPLOY,402.34
1125,37.4867,2232.997,299.288,100.0,0.0,0,0,8.56,DEPLOY,401.17
1126,37.52,2235.769,299.629,100.0,0.0,0,0,8.55,DEPLOY,400.2
1127,37.5533,2238.544,299.963,100.0,0.0,0,0,8.55,DEPLOY,400.0
1128,37.5866,2241.322,300.288,100.0,0.0,0,0,8.55,DEPLOY,400.0
1129,37.62,2244.103,300.603,100.0,0.0,0,0,8.55,DEPLOY,400.0
1130,37.6533,2246.887,300.908,100.0,0.0,0,0,8.55,DEPLOY,400.0
1131,37.6866,2249.673,301.2,100.0,0.0,0,0,8.55,DEPLOY,400.0
1132,37.7199,2252.462,301.479,100.0,0.0,0,0,8.55,DEPLOY,400.0
1133,37.7532,2255.254,301.741,100.0,0.0,0,0,8.55,DEPLOY,400.0
1134,37.7866,2258.048,301.985,100.0,0.0,0,0,8.55,DEPLOY,400.0
1135,37.8199,2260.844,302.209,100.0,0.0,0,0,8.55,DEPLOY,400.0
1136,37.8532,2263.643,302.409,100.0,0.0,0,0,8.55,DEPLOY,400.0
1137,37.8865,2266.442,302.584,100.0,0.0,0,0,8.55,DEPLOY,400.0
1138,37.9199,2269.244,302.726,100.0,0.0,0,0,8.55,DEPLOY,400.0
1139,37.9532,2272.046,302.837,100.0,0.0,0,0,8.55,DEPLOY,400.0
1140,37.9865,2274.85,302.91,100.0,0.0,0,0,8.55,DEPLOY,400.0
1141,38.0198,2277.654,302.939,100.0,0.0,0,0,8.55,DEPLOY,400.0
1142,38.0531,2280.458,302.926,100.0,0.0,0,0,8.55,DEPLOY,400.0
1143,38.0865,2283.261,302.855,100.0,0.0,0,0,8.55,DEPLOY,400.0
1144,38.1198,2286.064,302.732,100.0,0.0,0,0,8.55,DEPLOY,400.0
1145,38.1531,2288.865,302.548,100.0,0.0,0,0,8.55,DEPLOY,400.0
1146,38.1864,2291.664,302.293,100.0,0.0,0,0,8.55,DEPLOY,400.0
1147,38.2197,2294.461,301.973,100.0,0.0,0,0,8.55,DEPLOY,400.0
1148,38.2531,2297.254,301.569,100.0,0.0,0,0,8.55,DEPLOY,400.0
1149,38.2864,2300.043,301.087,100.0,0.0,0,0,8.55,DEPLOY,400.0
1150,38.3197,2302.828,300.519,100.0,0.0,0,0,8.55,DEPLOY,400.0
1151,38.353,2305.606,299.856,100.0,0.0,0,0,8.55,DEPLOY,400.0
1152,38.3864,2308.378,299.106,100.0,0.0,0,0,8.55,DEPLOY,400.0
1153,38.4197,2311.143,298.251,100.0,0.0,0,0,8.55,DEPLOY,400.0
1154,38.453,2313.899,297.298,100.0,0.0,0,0,8.55,DEPLOY,400.0
1155,38.4863,2316.646,296.25,100.0,0.0,0,0,8.55,DEPLOY,400.0
1156,38.5196,2319.382,295.089,100.0,0.0,0,0,8.55,DEPLOY,400.0
1157,38.553,2322.108,293.831,0.0,0.0,0,0,8.55,DEPLOY,-180.64
1158,38.5863,2324.822,292.471,0.0,100.0,0,0,8.78,REGEN,-350.0
1159,38.6196,2327.522,291.006,0.0,100.0,0,0,9.06,REGEN,-350.0
1160,38.6529,2330.208,289.447,0.0,100.0,0,0,9.33,REGEN,-350.0
1161,38.6862,2332.88,287.789,0.0,100.0,0,0,9.6,REGEN,-350.0
1162,38.7196,2335.535,286.037,0.0,100.0,0,0,9.87,REGEN,-350.0
1163,38.7529,2338.175,284.205,0.0,100.0,0,0,10.14,REGEN,-350.0
1164,38.7862,2340.797,282.288,0.0,100.0,0,0,10.41,REGEN,-350.0
1165,38.8195,2343.399,280.269,0.0,100.0,0,0,10.68,REGEN,-350.0
1166,38.8529,2345.984,278.145,0.0,100.0,0,0,10.95,REGEN,-350.0
1167,38.8862,2348.549,275.919,0.0,100.0,0,0,11.22,REGEN,-350.0
1168,38.9195,2351.091,273.578,0.0,100.0,0,0,11.5,REGEN,-350.0
1169,38.9528,2353.612,271.146,0.0,100.0,0,0,11.78,REGEN,-350.0
1170,38.9861,2356.11,268.632,0.0,100.0,0,0,12.07,REGEN,-350.0
1171,39.0195,2358.586,266.044,0.0,100.0,0,0,12.35,REGEN,-350.0
1172,39.0528,2361.035,263.387,0.0,100.0,0,0,12.64,REGEN,-350.0
1173,39.0861,2363.459,260.492,0.0,100.0,0,0,12.93,REGEN,-350.0
1174,39.1194,2365.853,256.67,0.0,100.0,0,0,13.22,REGEN,-350.0
1175,39.1527,2368.21,252.349,0.0,100.0,0,0,13.51,REGEN,-350.0
1176,39.1861,2370.528,248.039,0.0,100.0,0,0,13.8,REGEN,-350.0
1177,39.2194,2372.802,243.773,0.0,100.0,0,0,14.1,REGEN,-350.0
1178,39.2527,2375.038,239.555,0.0,100.0,0,0,14.39,REGEN,-350.0
1179,39.286,2377.235,235.382,0.0,100.0,0,0,14.68,REGEN,-350.0
1180,39.3194,2379.394,231.273,0.0,100.0,0,0,14.97,REGEN,-350.0
1181,39.3527,2381.516,227.251,0.0,100.0,0,0,15.26,REGEN,-350.0
1182,39.386,2383.601,223.353,0.0,100.0,0,0,15.55,REGEN,-350.0
1183,39.4193,2385.651,219.661,0.0,100.0,0,0,15.85,REGEN,-350.0
1184,39.4526,2387.669,216.28,0.0,100.0,0,0,16.14,REGEN,-350.0
1185,39.486,2389.657,213.273,0.0,100.0,0,0,16.43,REGEN,-350.0
1186,39.5193,2391.618,210.527,0.0,100.0,0,0,16.72,REGEN,-350.0
1187,39.5526,2393.554,207.913,0.0,100.0,0,0,17.01,REGEN,-350.0
1188,39.5859,2395.469,205.861,0.0,100.0,0,0,17.3,REGEN,-350.0
1189,39.6192,2397.371,204.994,100.0,100.0,0,0,17.59,REGEN,85.71
1190,39.6526,2399.267,204.785,100.0,0.0,0,0,17.68,DEPLOY,732.87
1191,39.6859,2401.16,204.246,100.0,0.0,0,0,17.4,DEPLOY,411.77
1192,39.7192,2403.049,203.77,0.0,100.0,0,0,17.27,REGEN,-87.06
1193,39.7525,2404.931,202.901,100.0,0.0,0,0,17.45,DEPLOY,739.33
1194,39.7859,2406.796,199.882,100.0,0.0,0,0,17.16,DEPLOY,750.0
1195,39.8192,2408.644,199.359,100.0,0.0,0,0,16.87,DEPLOY,750.0
1196,39.8525,2410.486,198.836,100.0,0.0,0,0,16.58,DEPLOY,750.0
1197,39.8858,2412.324,198.315,100.0,0.0,0,0,16.29,DEPLOY,750.0
1198,39.9191,2414.157,197.798,100.0,0.0,0,0,16.0,DEPLOY,750.0
1199,39.9525,2415.993,198.788,100.0,0.0,0,0,15.71,DEPLOY,750.0
1200,39.9858,2417.839,200.089,100.0,0.0,0,0,15.42,DEPLOY,748.68
1201,40.0191,2419.698,201.436,100.0,0.0,0,0,15.12,DEPLOY,744.87
1202,40.0524,2421.569,202.844,100.0,0.0,0,0,14.84,DEPLOY,739.84
1203,40.0857,2423.453,204.244,100.0,0.0,0,0,14.55,DEPLOY,734.84
1204,40.1191,2425.35,205.635,100.0,0.0,0,0,14.27,DEPLOY,729.87
1205,40.1524,2427.259,206.961,100.0,0.0,0,0,14.0,DEPLOY,725.12
1206,40.1857,2429.18,208.146,100.0,0.0,0,0,13.73,DEPLOY,720.88
1207,40.219,2431.11,209.007,100.0,0.0,0,0,13.46,DEPLOY,717.06
1208,40.2524,2433.046,209.171,100.0,0.0,0,0,13.2,DEPLOY,713.42
1209,40.2857,2434.981,209.041,100.0,0.0,0,0,12.94,DEPLOY,709.62
1210,40.319,2436.915,208.905,100.0,0.0,0,0,12.68,DEPLOY,705.4
1211,40.3523,2438.848,208.754,100.0,0.0,0,0,12.44,DEPLOY,700.94
1212,40.3856,2440.78,208.581,100.0,0.0,0,0,12.19,DEPLOY,696.62
1213,40.419,2442.709,208.379,100.0,0.0,0,0,11.95,DEPLOY,692.42
1214,40.4523,2444.637,208.142,100.0,0.0,0,0,11.72,DEPLOY,688.39
1215,40.4856,2446.562,207.865,100.0,0.0,0,0,11.49,DEPLOY,685.7
1216,40.5189,2448.485,207.54,100.0,0.0,0,0,11.26,DEPLOY,685.07
1217,40.5523,2450.404,207.164,0.0,0.0,0,0,11.04,DEPLOY,-264.33
1218,40.5856,2452.32,206.734,0.0,100.0,0,0,11.27,REGEN,-350.0
1219,40.6189,2454.231,206.247,0.0,100.0,0,0,11.55,REGEN,-350.0
1220,40.6522,2456.137,205.703,0.0,100.0,0,0,11.82,REGEN,-350.0
1221,40.6855,2458.038,205.1,0.0,100.0,0,0,12.1,REGEN,-350.0
1222,40.7189,2459.933,204.439,0.0,100.0,0,0,12.37,REGEN,-350.0
1223,40.7522,2461.822,203.721,0.0,100.0,0,0,12.64,REGEN,-350.0
1224,40.7855,2463.704,202.947,0.0,100.0,0,0,12.91,REGEN,-350.0
1225,40.8188,2465.579,202.117,0.0,100.0,0,0,13.19,REGEN,-350.0
1226,40.8521,2467.446,201.229,0.0,100.0,0,0,13.46,REGEN,-350.0
1227,40.8855,2469.304,200.28,0.0,100.0,0,0,13.74,REGEN,-350.0
1228,40.9188,2471.153,199.273,0.0,100.0,0,0,14.01,REGEN,-350.0
1229,40.9521,2472.993,198.211,0.0,100.0,0,0,14.29,REGEN,-350.0
1230,40.9854,2474.823,197.096,0.0,100.0,0,0,14.58,REGEN,-350.0
1231,41.0188,2476.642,195.932,0.0,100.0,0,0,14.86,REGEN,-350.0
1232,41.0521,2478.45,194.724,0.0,100.0,0,0,15.15,REGEN,-350.0
1233,41.0854,2480.241,192.569,0.0,100.0,0,0,15.44,REGEN,-350.0
1234,41.1187,2482.01,189.883,0.0,100.0,0,0,15.73,REGEN,-350.0
1235,41.152,2483.755,187.31,0.0,100.0,0,0,16.03,REGEN,-350.0
1236,41.1854,2485.479,185.136,0.0,100.0,0,0,16.32,REGEN,-350.0
1237,41.2187,2487.186,183.628,0.0,100.0,0,0,16.61,REGEN,-350.0
1238,41.252,2488.883,182.898,0.0,100.0,0,0,16.9,REGEN,-350.0
1239,41.2853,2490.574,182.46,0.0,100.0,0,0,17.19,REGEN,-350.0
1240,41.3186,2492.26,182.001,0.0,100.0,0,0,17.48,REGEN,-350.0
1241,41.352,2493.94,181.093,0.0,100.0,0,0,17.78,REGEN,-350.0
1242,41.3853,2495.608,179.487,0.0,100.0,0,0,18.07,REGEN,-350.0
1243,41.4186,2497.259,177.326,0.0,100.0,0,0,18.36,REGEN,-350.0
1244,41.4519,2498.891,174.864,0.0,100.0,0,0,18.65,REGEN,-350.0
1245,41.4853,2500.499,172.264,0.0,100.0,0,0,18.94,REGEN,-350.0
1246,41.5186,2502.078,169.659,0.0,100.0,0,0,19.23,REGEN,-350.0
1247,41.5519,2503.636,167.111,0.0,100.0,0,0,19.52,REGEN,-350.0
1248,41.5852,2505.172,164.7,0.0,100.0,0,0,19.82,REGEN,-22.63
1249,41.6185,2506.69,162.6,100.0,0.0,0,0,20.06,DEPLOY,750.0
1250,41.6519,2508.193,162.253,100.0,0.0,0,0,19.77,DEPLOY,750.0
1251,41.6852,2509.693,161.907,100.0,0.0,0,0,19.48,DEPLOY,750.0
1252,41.7185,2511.19,161.562,100.0,0.0,0,0,19.19,DEPLOY,750.0
1253,41.7518,2512.684,161.218,100.0,0.0,0,0,18.9,DEPLOY,750.0
1254,41.7851,2514.175,160.876,100.0,0.0,0,0,18.61,DEPLOY,750.0
1255,41.8185,2515.662,160.535,100.0,0.0,0,0,18.31,DEPLOY,750.0
1256,41.8518,2517.15,160.832,100.0,0.0,0,0,18.02,DEPLOY,750.0
1257,41.8851,2518.643,162.144,100.0,0.0,0,0,17.73,DEPLOY,750.0
1258,41.9184,2520.151,163.464,100.0,0.0,0,0,17.44,DEPLOY,750.0
1259,41.9518,2521.673,164.975,100.0,0.0,0,0,17.15,DEPLOY,750.0
1260,41.9851,2523.206,166.516,100.0,0.0,0,0,16.86,DEPLOY,750.0
1261,42.0184,2524.753,167.98,100.0,0.0,0,0,16.57,DEPLOY,750.0
1262,42.0517,2526.314,169.321,100.0,0.0,0,0,16.27,DEPLOY,750.0
1263,42.085,2527.888,170.54,100.0,0.0,0,0,15.98,DEPLOY,750.0
1264,42.1184,2529.472,171.684,100.0,0.0,0,0,15.69,DEPLOY,750.0
1265,42.1517,2531.065,172.797,100.0,0.0,0,0,15.4,DEPLOY,750.0
1266,42.185,2532.669,173.93,100.0,0.0,0,0,15.11,DEPLOY,750.0
1267,42.2183,2534.285,175.153,100.0,0.0,0,0,14.82,DEPLOY,750.0
1268,42.2516,2535.913,176.475,100.0,0.0,0,0,14.52,DEPLOY,750.0
1269,42.285,2537.554,177.888,100.0,0.0,0,0,14.23,DEPLOY,750.0
1270,42.3183,2539.207,179.371,100.0,0.0,0,0,13.94,DEPLOY,750.0
1271,42.3516,2540.873,180.89,100.0,0.0,0,0,13.65,DEPLOY,750.0
1272,42.3849,2542.553,182.402,100.0,0.0,0,0,13.36,DEPLOY,750.0
1273,42.4183,2544.25,183.906,100.0,0.0,0,0,13.07,DEPLOY,750.0
1274,42.4516,2545.96,185.403,100.0,0.0,0,0,12.78,DEPLOY,750.0
1275,42.4849,2547.683,186.893,100.0,0.0,0,0,12.48,DEPLOY,750.0
1276,42.5182,2549.42,188.375,100.0,0.0,0,0,12.19,DEPLOY,750.0
1277,42.5515,2551.17,189.851,100.0,0.0,0,0,11.9,DEPLOY,750.0
1278,42.5849,2552.933,191.319,100.0,0.0,0,0,11.61,DEPLOY,750.0
1279,42.6182,2554.71,192.77,100.0,0.0,0,0,11.32,DEPLOY,750.0
1280,42.6515,2556.5,194.092,100.0,0.0,0,0,11.03,DEPLOY,750.0
1281,42.6848,2558.303,195.382,100.0,0.0,0,0,10.73,DEPLOY,750.0
1282,42.7181,2560.118,196.679,100.0,0.0,0,0,10.44,DEPLOY,750.0
1283,42.7515,2561.945,197.982,100.0,0.0,0,0,10.15,DEPLOY,750.0
1284,42.7848,2563.783,199.292,100.0,0.0,0,0,9.86,DEPLOY,748.78
1285,42.8181,2565.634,200.605,100.0,0.0,0,0,9.57,DEPLOY,745.12
1286,42.8514,2567.497,201.922,100.0,0.0,0,0,9.29,DEPLOY,740.63
1287,42.8848,2569.372,203.243,100.0,0.0,0,0,9.0,DEPLOY,736.66
1288,42.9181,2571.259,204.567,100.0,0.0,0,0,8.72,DEPLOY,732.58
1289,42.9514,2573.159,205.892,100.0,0.0,0,0,8.45,DEPLOY,728.41
1290,42.9847,2575.07,207.209,100.0,0.0,0,0,8.17,DEPLOY,724.1
1291,43.018,2576.994,208.489,100.0,0.0,0,0,7.9,DEPLOY,719.68
1292,43.0514,2578.93,209.728,100.0,0.0,0,0,7.64,DEPLOY,715.26
1293,43.0847,2580.876,210.991,100.0,0.0,0,0,7.37,DEPLOY,710.75
1294,43.118,2582.835,212.277,100.0,0.0,0,0,7.11,DEPLOY,706.15
1295,43.1513,2584.806,213.585,100.0,0.0,0,0,6.86,DEPLOY,701.48
1296,43.1846,2586.789,214.916,100.0,0.0,0,0,6.61,DEPLOY,696.73
1297,43.218,2588.785,216.269,100.0,0.0,0,0,6.36,DEPLOY,691.9
1298,43.2513,2590.793,217.644,100.0,0.0,0,0,6.12,DEPLOY,686.98
1299,43.2846,2592.814,219.033,100.0,0.0,0,0,5.88,DEPLOY,681.99
1300,43.3179,2594.847,220.364,100.0,0.0,0,0,5.64,DEPLOY,676.93
1301,43.3513,2596.893,221.654,100.0,0.0,0,0,5.41,DEPLOY,671.82
1302,43.3846,2598.951,222.938,100.0,0.0,0,0,5.19,DEPLOY,666.66
1303,43.4179,2601.02,224.213,100.0,0.0,0,0,4.97,DEPLOY,661.49
1304,43.4512,2603.101,225.482,100.0,0.0,0,0,4.75,DEPLOY,656.41
1305,43.4845,2605.194,226.741,100.0,0.0,0,0,4.54,DEPLOY,651.43
1306,43.5179,2607.299,227.992,100.0,0.0,0,0,4.33,DEPLOY,646.54
1307,43.5512,2609.415,229.233,100.0,0.0,0,0,4.12,DEPLOY,641.74
1308,43.5845,2611.543,230.465,100.0,0.0,0,0,3.92,DEPLOY,637.02
1309,43.6178,2613.681,231.687,100.0,0.0,0,0,3.73,DEPLOY,632.39
1310,43.6511,2615.831,232.899,100.0,0.0,0,0,3.53,DEPLOY,627.84
1311,43.6845,2617.993,234.099,100.0,0.0,0,0,3.35,DEPLOY,623.37
1312,43.7178,2620.165,235.289,100.0,0.0,0,0,3.16,DEPLOY,618.97
1313,43.7511,2622.348,236.466,100.0,0.0,0,0,2.98,DEPLOY,614.65
1314,43.7844,2624.541,237.632,100.0,0.0,0,0,2.8,DEPLOY,610.4
1315,43.8178,2626.747,238.784,100.0,0.0,0,0,2.63,DEPLOY,606.23
1316,43.8511,2628.962,239.924,100.0,0.0,0,0,2.46,DEPLOY,602.12
1317,43.8844,2631.188,241.051,100.0,0.0,0,0,2.29,DEPLOY,598.08
1318,43.9177,2633.425,242.164,100.0,0.0,0,0,2.13,DEPLOY,594.11
1319,43.951,2635.671,243.264,100.0,0.0,0,0,1.97,DEPLOY,590.19
1320,43.9844,2637.928,244.351,100.0,0.0,0,0,1.81,DEPLOY,586.34
1321,44.0177,2640.194,245.424,100.0,0.0,0,0,1.65,DEPLOY,582.55
1322,44.051,2642.471,246.483,100.0,0.0,0,0,1.5,DEPLOY,578.82
1323,44.0843,2644.757,247.528,100.0,0.0,0,0,1.36,DEPLOY,575.15
1324,44.1176,2647.053,248.558,100.0,0.0,0,0,1.21,DEPLOY,571.53
1325,44.151,2649.359,249.574,100.0,0.0,0,0,1.07,DEPLOY,567.97
1326,44.1843,2651.673,250.577,100.0,0.0,0,0,0.93,DEPLOY,564.47
1327,44.2176,2653.997,251.566,100.0,0.0,0,0,0.79,DEPLOY,561.01
1328,44.2509,2656.33,252.541,100.0,0.0,0,0,0.66,DEPLOY,557.61
1329,44.2843,2658.672,253.502,100.0,0.0,0,0,0.53,DEPLOY,554.26
1330,44.3176,2661.023,254.449,100.0,0.0,0,0,0.4,DEPLOY,550.96
1331,44.3509,2663.383,255.383,100.0,0.0,0,0,0.28,DEPLOY,547.71
1332,44.3842,2665.751,256.303,100.0,0.0,0,0,0.16,DEPLOY,544.5
1333,44.4175,2668.127,257.211,100.0,0.0,0,0,0.04,DEPLOY,541.34
1334,44.4509,2670.512,258.106,100.0,0.0,0,0,0.0,DEPLOY,538.23
1335,44.4842,2672.905,258.987,100.0,0.0,0,0,0.0,DEPLOY,535.16
1336,44.5175,2675.306,259.855,100.0,0.0,0,0,0.0,DEPLOY,532.14
1337,44.5508,2677.716,260.712,100.0,0.0,0,0,0.0,DEPLOY,529.16
1338,44.5842,2680.132,261.556,100.0,0.0,0,0,0.0,DEPLOY,526.23
1339,44.6175,2682.557,262.389,100.0,0.0,0,0,0.0,DEPLOY,523.33
1340,44.6508,2684.99,263.208,100.0,0.0,0,0,0.0,DEPLOY,520.48
1341,44.6841,2687.43,264.017,100.0,0.0,0,0,0.0,DEPLOY,517.66
1342,44.7174,2689.877,264.814,100.0,0.0,0,0,0.0,DEPLOY,514.89
1343,44.7508,2692.332,265.601,100.0,0.0,0,0,0.0,DEPLOY,512.15
1344,44.7841,2694.794,266.376,100.0,0.0,0,0,0.0,DEPLOY,509.45
1345,44.8174,2697.263,267.14,100.0,0.0,0,0,0.0,DEPLOY,506.79
1346,44.8507,2699.739,267.893,100.0,0.0,0,0,0.0,DEPLOY,504.17
1347,44.884,2702.222,268.637,100.0,0.0,0,0,0.0,DEPLOY,501.58
1348,44.9174,2704.712,269.37,100.0,0.0,0,0,0.0,DEPLOY,499.09
1349,44.9507,2707.209,270.093,100.0,0.0,0,0,0.0,DEPLOY,496.74
1350,44.984,2709.712,270.806,100.0,0.0,0,0,0.0,DEPLOY,494.42
1351,45.0173,2712.222,271.51,100.0,0.0,0,0,0.0,DEPLOY,492.13
1352,45.0507,2714.738,272.204,100.0,0.0,0,0,0.0,DEPLOY,489.86
1353,45.084,2717.261,272.889,100.0,0.0,0,0,0.0,DEPLOY,487.63
1354,45.1173,2719.79,273.564,100.0,0.0,0,0,0.0,DEPLOY,485.43
1355,45.1506,2722.325,274.231,100.0,0.0,0,0,0.0,DEPLOY,483.26
1356,45.1839,2724.866,274.889,100.0,0.0,0,0,0.0,DEPLOY,481.11
1357,45.2173,2727.414,275.537,100.0,0.0,0,0,0.0,DEPLOY,478.99
1358,45.2506,2729.967,276.177,100.0,0.0,0,0,0.0,DEPLOY,476.9
1359,45.2839,2732.526,276.809,100.0,0.0,0,0,0.0,DEPLOY,474.83
1360,45.3172,2735.091,277.431,100.0,0.0,0,0,0.0,DEPLOY,472.8
1361,45.3505,2737.662,278.045,100.0,0.0,0,0,0.0,DEPLOY,470.78
1362,45.3839,2740.238,278.651,100.0,0.0,0,0,0.0,DEPLOY,468.79
1363,45.4172,2742.82,279.248,100.0,0.0,0,0,0.0,DEPLOY,466.83
1364,45.4505,2745.408,279.836,100.0,0.0,0,0,0.0,DEPLOY,464.89
1365,45.4838,2748.0,280.415,100.0,0.0,0,0,0.0,DEPLOY,462.98
1366,45.5172,2750.598,280.986,100.0,0.0,0,0,0.0,DEPLOY,461.09
1367,45.5505,2753.202,281.546,100.0,0.0,0,0,0.0,DEPLOY,459.22
1368,45.5838,2755.811,282.096,100.0,0.0,0,0,0.0,DEPLOY,457.38
1369,45.6171,2758.424,282.637,100.0,0.0,0,0,0.0,DEPLOY,455.55
1370,45.6504,2761.043,283.167,100.0,0.0,0,0,0.0,DEPLOY,453.76
1371,45.6838,2763.666,283.685,100.0,0.0,0,0,0.0,DEPLOY,451.98
1372,45.7171,2766.294,284.19,100.0,0.0,0,0,0.0,DEPLOY,450.23
1373,45.7504,2768.927,284.682,100.0,0.0,0,0,0.0,DEPLOY,448.49
1374,45.7837,2771.564,285.158,100.0,0.0,0,0,0.0,DEPLOY,446.78
1375,45.817,2774.206,285.619,100.0,0.0,0,0,0.0,DEPLOY,445.09
1376,45.8504,2776.851,286.061,100.0,0.0,0,0,0.0,DEPLOY,443.42
1377,45.8837,2779.501,286.481,100.0,0.0,0,0,0.0,DEPLOY,441.77
1378,45.917,2782.155,286.88,100.0,0.0,0,0,0.0,DEPLOY,440.14
1379,45.9503,2784.812,287.254,100.0,0.0,0,0,0.0,DEPLOY,438.53
1380,45.9837,2787.472,287.598,100.0,0.0,0,0,0.0,DEPLOY,436.95
1381,46.017,2790.136,287.911,100.0,0.0,0,0,0.0,DEPLOY,435.38
1382,46.0503,2792.802,288.19,100.0,0.0,0,0,0.0,DEPLOY,433.83
1383,46.0836,2795.47,288.427,100.0,0.0,0,0,0.0,DEPLOY,432.3
1384,46.1169,2798.141,288.622,100.0,0.0,0,0,0.0,DEPLOY,430.79
1385,46.1503,2800.813,288.77,100.0,0.0,0,0,0.0,DEPLOY,429.3
1386,46.1836,2803.486,288.861,100.0,0.0,0,0,0.0,DEPLOY,427.83
1387,46.2169,2806.16,288.896,100.0,0.0,0,0,0.0,DEPLOY,426.37
1388,46.2502,2808.834,288.869,100.0,0.0,0,0,0.0,DEPLOY,424.94
1389,46.2835,2811.507,288.767,100.0,0.0,0,0,0.0,DEPLOY,423.53
1390,46.3169,2814.18,288.594,100.0,0.0,0,0,0.0,DEPLOY,422.13
1391,46.3502,2816.85,288.342,100.0,0.0,0,0,0.0,DEPLOY,420.75
1392,46.3835,2819.517,287.997,100.0,0.0,0,0,0.0,DEPLOY,419.4
1393,46.4168,2822.181,287.566,100.0,0.0,0,0,0.0,DEPLOY,418.06
1394,46.4502,2824.84,287.038,100.0,0.0,0,0,0.0,DEPLOY,416.74
1395,46.4835,2827.494,286.402,100.0,0.0,0,0,0.0,DEPLOY,415.45
1396,46.5168,2830.141,285.667,100.0,0.0,0,0,0.0,DEPLOY,414.17
1397,46.5501,2832.782,284.824,100.0,0.0,0,0,0.0,DEPLOY,412.91
1398,46.5834,2835.413,283.859,100.0,0.0,0,0,0.0,DEPLOY,411.67
1399,46.6168,2838.036,282.787,100.0,0.0,0,0,0.0,DEPLOY,410.45
1400,46.6501,2840.649,281.605,100.0,0.0,0,0,0.0,DEPLOY,409.24
1401,46.6834,2843.248,280.293,100.0,0.0,0,0,0.0,DEPLOY,408.06
1402,46.7167,2845.836,278.871,0.0,0.0,0,0,0.0,DEPLOY,-39.68
1403,46.75,2848.411,277.34,0.0,100.0,0,0,0.19,REGEN,-350.0
1404,46.7834,2850.97,275.689,0.0,100.0,0,0,0.46,REGEN,-350.0
1405,46.8167,2853.513,273.925,0.0,100.0,0,0,0.72,REGEN,-350.0
1406,46.85,2856.04,272.058,0.0,100.0,0,0,0.99,REGEN,-350.0
1407,46.8833,2858.55,270.094,0.0,100.0,0,0,1.26,REGEN,-350.0
1408,46.9167,2861.04,268.022,0.0,100.0,0,0,1.52,REGEN,-350.0
1409,46.95,2863.51,265.84,0.0,100.0,0,0,1.78,REGEN,-350.0
1410,46.9833,2865.96,263.531,0.0,100.0,0,0,2.05,REGEN,-350.0
1411,47.0166,2868.389,261.094,0.0,100.0,0,0,2.32,REGEN,-350.0
1412,47.0499,2870.794,258.524,0.0,100.0,0,0,2.59,REGEN,-350.0
1413,47.0833,2873.173,255.819,0.0,100.0,0,0,2.87,REGEN,-350.0
1414,47.1166,2875.528,252.997,0.0,100.0,0,0,3.15,REGEN,-350.0
1415,47.1499,2877.856,250.063,0.0,100.0,0,0,3.43,REGEN,-350.0
1416,47.1832,2880.157,247.022,0.0,100.0,0,0,3.71,REGEN,-350.0
1417,47.2165,2882.43,243.884,0.0,100.0,0,0,4.0,REGEN,-350.0
1418,47.2499,2884.673,240.653,0.0,100.0,0,0,4.29,REGEN,-350.0
1419,47.2832,2886.88,236.532,0.0,100.0,0,0,4.58,REGEN,-350.0
1420,47.3165,2889.046,231.647,0.0,100.0,0,0,4.87,REGEN,-350.0
1421,47.3498,2891.167,226.973,0.0,100.0,0,0,5.16,REGEN,-350.0
1422,47.3832,2893.247,222.493,0.0,100.0,0,0,5.46,REGEN,-350.0
1423,47.4165,2895.286,218.194,0.0,100.0,0,0,5.75,REGEN,-350.0
1424,47.4498,2897.287,214.064,0.0,100.0,0,0,6.04,REGEN,-350.0
1425,47.4831,2899.25,210.089,0.0,100.0,0,0,6.33,REGEN,-350.0
1426,47.5164,2901.177,206.261,0.0,100.0,0,0,6.62,REGEN,-350.0
1427,47.5498,2903.069,202.569,0.0,100.0,0,0,6.91,REGEN,-350.0
1428,47.5831,2904.928,199.004,0.0,100.0,0,0,7.21,REGEN,-350.0
1429,47.6164,2906.756,195.558,0.0,100.0,0,0,7.5,REGEN,-350.0
1430,47.6497,2908.55,192.231,0.0,100.0,0,0,7.79,REGEN,-350.0
1431,47.683,2910.313,189.015,0.0,100.0,0,0,8.08,REGEN,-350.0
1432,47.7164,2912.046,185.898,0.0,100.0,0,0,8.37,REGEN,-350.0
1433,47.7497,2913.752,182.873,0.0,100.0,0,0,8.66,REGEN,-350.0
1434,47.783,2915.432,179.935,0.0,100.0,0,0,8.96,REGEN,-350.0
1435,47.8163,2917.085,177.079,0.0,100.0,0,0,9.25,REGEN,-350.0
1436,47.8497,2918.714,174.299,0.0,100.0,0,0,9.54,REGEN,-350.0
1437,47.883,2920.312,171.613,0.0,100.0,0,0,9.83,REGEN,-350.0
1438,47.9163,2921.887,168.996,0.0,100.0,0,0,10.12,REGEN,-350.0
1439,47.9496,2923.439,166.444,0.0,100.0,0,0,10.41,REGEN,-350.0
1440,47.9829,2924.97,163.952,0.0,100.0,0,0,10.7,REGEN,-350.0
1441,48.0163,2926.477,161.527,0.0,100.0,0,0,11.0,REGEN,-350.0
1442,48.0496,2927.959,159.171,0.0,100.0,0,0,11.29,REGEN,-350.0
1443,48.0829,2929.421,156.866,0.0,100.0,0,0,11.58,REGEN,-350.0
1444,48.1162,2930.866,154.607,0.0,100.0,0,0,11.87,REGEN,-350.0
1445,48.1495,2932.285,152.413,0.0,100.0,0,0,12.16,REGEN,-350.0
1446,48.1829,2933.684,150.271,0.0,100.0,0,0,12.45,REGEN,-350.0
1447,48.2162,2935.067,148.169,0.0,100.0,0,0,12.75,REGEN,-350.0
1448,48.2495,2936.43,146.117,0.0,100.0,0,0,13.04,REGEN,-350.0
1449,48.2828,2937.77,144.12,0.0,100.0,0,0,13.33,REGEN,-350.0
1450,48.3162,2939.097,142.154,0.0,100.0,0,0,13.62,REGEN,-350.0
1451,48.3495,2940.404,140.229,0.0,100.0,0,0,13.91,REGEN,-350.0
1452,48.3828,2941.691,138.361,0.0,100.0,0,0,14.2,REGEN,-350.0
1453,48.4161,2942.966,136.522,0.0,100.0,0,0,14.49,REGEN,-350.0
1454,48.4494,2944.22,134.733,0.0,100.0,0,0,14.79,REGEN,-350.0
1455,48.4828,2945.457,132.982,0.0,100.0,0,0,15.08,REGEN,-350.0
1456,48.5161,2946.685,131.254,0.0,100.0,0,0,15.37,REGEN,-350.0
1457,48.5494,2947.887,129.583,0.0,100.0,0,0,15.66,REGEN,-350.0
1458,48.5827,2949.081,127.932,0.0,100.0,0,0,15.95,REGEN,-350.0
1459,48.6161,2950.257,126.319,0.0,100.0,0,0,16.24,REGEN,-350.0
1460,48.6494,2951.418,124.742,0.0,100.0,0,0,16.54,REGEN,-350.0
1461,48.6827,2952.569,123.185,0.0,100.0,0,0,16.83,REGEN,-350.0
1462,48.716,2953.698,121.678,0.0,100.0,0,0,17.12,REGEN,-350.0
1463,48.7493,2954.821,120.182,0.0,100.0,0,0,17.41,REGEN,-350.0
1464,48.7827,2955.923,118.731,0.0,100.0,0,0,17.7,REGEN,-350.0
1465,48.816,2957.018,117.302,0.0,100.0,0,0,17.99,REGEN,-350.0
1466,48.8493,2958.095,115.918,0.0,100.0,0,0,18.29,REGEN,-350.0
1467,48.8826,2959.163,114.595,0.0,100.0,0,0,18.58,REGEN,-350.0
1468,48.9159,2960.218,113.343,0.0,100.0,0,0,18.87,REGEN,-350.0
1469,48.9493,2961.26,112.071,0.0,100.0,0,0,19.16,REGEN,-350.0
1470,48.9826,2962.293,110.785,0.0,100.0,0,0,19.45,REGEN,-350.0
1471,49.0159,2963.311,109.54,0.0,100.0,0,0,19.74,REGEN,-350.0
1472,49.0492,2964.321,108.321,0.0,100.0,0,0,20.03,REGEN,-350.0
1473,49.0826,2965.316,107.152,0.0,100.0,0,0,20.33,REGEN,-350.0
1474,49.1159,2966.304,106.012,0.0,100.0,0,0,20.62,REGEN,-350.0
1475,49.1492,2967.279,104.918,0.0,100.0,0,0,20.91,REGEN,-350.0
1476,49.1825,2968.246,103.854,0.0,100.0,0,0,21.2,REGEN,-350.0
1477,49.2158,2969.202,102.81,0.0,100.0,0,0,21.49,REGEN,-350.0
1478,49.2492,2970.149,101.785,0.0,100.0,0,0,21.78,REGEN,-350.0
1479,49.2825,2971.087,100.754,0.0,100.0,0,0,22.08,REGEN,-350.0
1480,49.3158,2972.013,99.717,0.0,100.0,0,0,22.37,REGEN,-350.0
1481,49.3491,2972.934,98.676,0.0,100.0,0,0,22.66,REGEN,-350.0
1482,49.3824,2973.839,97.623,0.0,100.0,0,0,22.95,REGEN,-350.0
1483,49.4158,2974.743,96.572,0.0,100.0,0,0,23.24,REGEN,-350.0
1484,49.4491,2975.627,95.538,0.0,100.0,0,0,23.53,REGEN,-350.0
1485,49.4824,2976.51,94.504,0.0,100.0,0,0,23.82,REGEN,-350.0
1486,49.5157,2977.377,93.533,0.0,100.0,0,0,24.12,REGEN,-350.0
1487,49.5491,2978.24,92.578,0.0,100.0,0,0,24.41,REGEN,-350.0
1488,49.5824,2979.093,91.686,0.0,100.0,0,0,24.7,REGEN,-350.0
1489,49.6157,2979.936,90.865,0.0,100.0,0,0,24.99,REGEN,-350.0
1490,49.649,2980.778,90.06,0.0,100.0,0,0,25.28,REGEN,-306.33
1491,49.6823,2981.605,89.413,100.0,100.0,0,0,25.57,REGEN,148.13
1492,49.7157,2982.432,88.767,100.0,100.0,0,0,25.87,REGEN,602.58
1493,49.749,2983.25,88.242,100.0,0.0,0,0,25.76,DEPLOY,750.0
1494,49.7823,2984.065,87.775,100.0,0.0,0,0,25.47,DEPLOY,750.0
1495,49.8156,2984.877,87.328,100.0,0.0,0,0,25.18,DEPLOY,750.0
1496,49.8489,2985.681,86.948,100.0,0.0,0,0,24.89,DEPLOY,750.0
1497,49.8823,2986.486,86.569,100.0,0.0,0,0,24.6,DEPLOY,750.0
1498,49.9156,2987.285,86.196,100.0,0.0,0,0,24.31,DEPLOY,750.0
1499,49.9489,2988.081,85.827,100.0,0.0,0,0,24.01,DEPLOY,750.0
1500,49.9822,2988.875,85.462,100.0,0.0,0,0,23.72,DEPLOY,750.0
1501,50.0156,2989.662,85.116,100.0,0.0,0,0,23.43,DEPLOY,750.0
1502,50.0489,2990.45,84.77,100.0,0.0,0,0,23.14,DEPLOY,750.0
1503,50.0822,2991.233,84.471,100.0,0.0,0,0,22.85,DEPLOY,750.0
1504,50.1155,2992.013,84.2,100.0,0.0,0,0,22.56,DEPLOY,750.0
1505,50.1488,2992.793,83.938,100.0,0.0,0,0,22.26,DEPLOY,750.0
1506,50.1822,2993.569,83.846,100.0,0.0,0,0,21.97,DEPLOY,750.0
1507,50.2155,2994.345,83.753,100.0,0.0,0,0,21.68,DEPLOY,750.0
1508,50.2488,2995.12,83.661,100.0,0.0,0,0,21.39,DEPLOY,750.0
1509,50.2821,2995.893,83.569,100.0,0.0,0,0,21.1,DEPLOY,750.0
1510,50.3154,2996.667,83.477,100.0,0.0,0,0,20.81,DEPLOY,750.0
1511,50.3488,2997.439,83.385,100.0,0.0,0,0,20.52,DEPLOY,750.0
1512,50.3821,2998.21,83.293,100.0,0.0,0,0,20.22,DEPLOY,750.0
1513,50.4154,2998.981,83.202,100.0,0.0,0,0,19.93,DEPLOY,750.0
1514,50.4487,2999.75,83.111,100.0,0.0,0,0,19.64,DEPLOY,750.0
1515,50.4821,3000.519,83.019,100.0,0.0,0,0,19.35,DEPLOY,750.0
1516,50.5154,3001.288,82.969,100.0,0.0,0,0,19.06,DEPLOY,750.0
1517,50.5487,3002.056,82.944,100.0,0.0,0,0,18.77,DEPLOY,750.0
1518,50.582,3002.823,82.919,100.0,0.0,0,0,18.48,DEPLOY,750.0
1519,50.6153,3003.591,82.894,100.0,0.0,0,0,18.19,DEPLOY,750.0
1520,50.6487,3004.358,82.869,100.0,0.0,0,0,17.89,DEPLOY,750.0
1521,50.682,3005.125,82.844,100.0,0.0,0,0,17.6,DEPLOY,750.0
1522,50.7153,3005.891,82.82,100.0,0.0,0,0,17.31,DEPLOY,750.0
1523,50.7486,3006.658,82.795,100.0,0.0,0,0,17.02,DEPLOY,750.0
1524,50.7819,3007.424,82.77,100.0,0.0,0,0,16.73,DEPLOY,750.0
1525,50.8153,3008.19,82.745,100.0,0.0,0,0,16.44,DEPLOY,750.0
1526,50.8486,3008.956,82.752,100.0,0.0,0,0,16.15,DEPLOY,750.0
1527,50.8819,3009.725,83.003,100.0,0.0,0,0,15.86,DEPLOY,750.0
1528,50.9152,3010.494,83.254,100.0,0.0,0,0,15.57,DEPLOY,750.0
1529,50.9486,3011.267,83.602,100.0,0.0,0,0,15.27,DEPLOY,750.0
1530,50.9819,3012.044,84.043,100.0,0.0,0,0,14.98,DEPLOY,750.0
1531,51.0152,3012.821,84.483,100.0,0.0,0,0,14.69,DEPLOY,750.0
1532,51.0485,3013.609,85.04,100.0,0.0,0,0,14.4,DEPLOY,750.0
1533,51.0818,3014.398,85.605,100.0,0.0,0,0,14.11,DEPLOY,750.0
1534,51.1152,3015.192,86.206,100.0,0.0,0,0,13.82,DEPLOY,750.0
1535,51.1485,3015.995,86.861,100.0,0.0,0,0,13.53,DEPLOY,750.0
1536,51.1818,3016.798,87.517,100.0,0.0,0,0,13.23,DEPLOY,750.0
1537,51.2151,3017.616,88.252,100.0,0.0,0,0,12.94,DEPLOY,750.0
1538,51.2484,3018.435,88.996,100.0,0.0,0,0,12.65,DEPLOY,750.0
1539,51.2818,3019.262,89.783,100.0,0.0,0,0,12.36,DEPLOY,750.0
1540,51.3151,3020.099,90.621,100.0,0.0,0,0,12.07,DEPLOY,750.0
1541,51.3484,3020.937,91.464,100.0,0.0,0,0,11.78,DEPLOY,750.0
1542,51.3817,3021.793,92.389,100.0,0.0,0,0,11.48,DEPLOY,750.0
1543,51.4151,3022.649,93.314,100.0,0.0,0,0,11.19,DEPLOY,750.0
1544,51.4484,3023.52,94.293,100.0,0.0,0,0,10.9,DEPLOY,750.0
1545,51.4817,3024.396,95.293,100.0,0.0,0,0,10.61,DEPLOY,750.0
1546,51.515,3025.283,96.321,100.0,0.0,0,0,10.32,DEPLOY,750.0
1547,51.5483,3026.181,97.386,100.0,0.0,0,0,10.03,DEPLOY,750.0
1548,51.5817,3027.084,98.463,100.0,0.0,0,0,9.73,DEPLOY,750.0
1549,51.615,3028.004,99.588,100.0,0.0,0,0,9.44,DEPLOY,750.0
1550,51.6483,3028.926,100.715,100.0,0.0,0,0,9.15,DEPLOY,750.0
1551,51.6816,3029.869,101.893,100.0,0.0,0,0,8.86,DEPLOY,750.0
1552,51.7149,3030.812,103.071,100.0,0.0,0,0,8.57,DEPLOY,750.0
1553,51.7483,3031.777,104.277,100.0,0.0,0,0,8.28,DEPLOY,750.0
1554,51.7816,3032.743,105.486,100.0,0.0,0,0,7.99,DEPLOY,750.0
1555,51.8149,3033.729,106.694,100.0,0.0,0,0,7.69,DEPLOY,750.0
1556,51.8482,3034.719,107.901,100.0,0.0,0,0,7.4,DEPLOY,750.0
1557,51.8816,3035.724,108.87,100.0,0.0,0,0,7.11,DEPLOY,750.0
1558,51.9149,3036.733,109.786,100.0,0.0,0,0,6.82,DEPLOY,750.0
1559,51.9482,3037.759,111.015,100.0,0.0,0,0,6.53,DEPLOY,750.0
1560,51.9815,3038.788,112.306,100.0,0.0,0,0,6.24,DEPLOY,750.0
1561,52.0148,3039.839,113.721,100.0,0.0,0,0,5.94,DEPLOY,750.0
1562,52.0482,3040.893,115.151,100.0,0.0,0,0,5.65,DEPLOY,750.0
1563,52.0815,3041.969,116.407,100.0,0.0,0,0,5.36,DEPLOY,750.0
1564,52.1148,3043.049,117.663,100.0,0.0,0,0,5.07,DEPLOY,750.0
1565,52.1481,3044.147,118.919,100.0,0.0,0,0,4.78,DEPLOY,750.0
1566,52.1814,3045.252,120.175,100.0,0.0,0,0,4.49,DEPLOY,750.0
1567,52.2148,3046.371,121.431,100.0,0.0,0,0,4.2,DEPLOY,750.0
1568,52.2481,3047.501,122.687,100.0,0.0,0,0,3.9,DEPLOY,750.0
1569,52.2814,3048.64,123.943,100.0,0.0,0,0,3.61,DEPLOY,750.0
1570,52.3147,3049.796,125.201,100.0,0.0,0,0,3.32,DEPLOY,750.0
1571,52.3481,3050.956,126.46,100.0,0.0,0,0,3.03,DEPLOY,750.0
1572,52.3814,3052.136,127.72,100.0,0.0,0,0,2.74,DEPLOY,750.0
1573,52.4147,3053.323,128.98,100.0,0.0,0,0,2.45,DEPLOY,750.0
1574,52.448,3054.522,130.241,100.0,0.0,0,0,2.15,DEPLOY,750.0
1575,52.4813,3055.735,131.505,100.0,0.0,0,0,1.86,DEPLOY,750.0
1576,52.5147,3056.955,132.772,100.0,0.0,0,0,1.57,DEPLOY,750.0
1577,52.548,3058.193,134.045,100.0,0.0,0,0,1.28,DEPLOY,750.0
1578,52.5813,3059.439,135.322,100.0,0.0,0,0,0.99,DEPLOY,750.0
1579,52.6146,3060.696,136.602,100.0,0.0,0,0,0.7,DEPLOY,750.0
1580,52.648,3061.968,137.886,100.0,0.0,0,0,0.41,DEPLOY,750.0
1581,52.6813,3063.249,139.172,100.0,0.0,0,0,0.16,DEPLOY,750.0
1582,52.7146,3064.543,140.457,100.0,0.0,0,0,0.03,DEPLOY,750.0
1583,52.7479,3065.85,141.742,100.0,0.0,0,0,0.0,DEPLOY,750.0
1584,52.7812,3067.166,143.025,100.0,0.0,0,0,0.0,DEPLOY,750.0
1585,52.8146,3068.497,144.304,100.0,0.0,0,0,0.0,DEPLOY,750.0
1586,52.8479,3069.839,145.578,100.0,0.0,0,0,0.0,DEPLOY,750.0
1587,52.8812,3071.191,146.847,100.0,0.0,0,0,0.0,DEPLOY,750.0
1588,52.9145,3072.556,148.108,100.0,0.0,0,0,0.0,DEPLOY,750.0
1589,52.9478,3073.934,149.368,100.0,0.0,0,0,0.0,DEPLOY,750.0
1590,52.9812,3075.322,150.623,100.0,0.0,0,0,0.0,DEPLOY,750.0
1591,53.0145,3076.721,151.865,100.0,0.0,0,0,0.0,DEPLOY,750.0
1592,53.0478,3078.133,153.081,100.0,0.0,0,0,0.0,DEPLOY,750.0
1593,53.0811,3079.557,154.483,100.0,0.0,0,0,0.0,DEPLOY,750.0
1594,53.1145,3080.992,156.113,100.0,0.0,0,0,0.0,DEPLOY,750.0
1595,53.1478,3082.446,157.734,100.0,0.0,0,0,0.0,DEPLOY,750.0
1596,53.1811,3083.913,159.148,100.0,0.0,0,0,0.0,DEPLOY,750.0
1597,53.2144,3085.392,160.456,100.0,0.0,0,0,0.0,DEPLOY,750.0
1598,53.2477,3086.881,161.742,100.0,0.0,0,0,0.0,DEPLOY,750.0
1599,53.2811,3088.386,163.016,100.0,0.0,0,0,0.0,DEPLOY,750.0
1600,53.3144,3089.901,164.282,100.0,0.0,0,0,0.0,DEPLOY,750.0
1601,53.3477,3091.427,165.54,100.0,0.0,0,0,0.0,DEPLOY,750.0
1602,53.381,3092.963,166.789,100.0,0.0,0,0,0.0,DEPLOY,750.0
1603,53.4143,3094.514,168.026,100.0,0.0,0,0,0.0,DEPLOY,750.0
1604,53.4477,3096.076,169.255,100.0,0.0,0,0,0.0,DEPLOY,750.0
1605,53.481,3097.648,170.475,100.0,0.0,0,0,0.0,DEPLOY,750.0
1606,53.5143,3099.23,171.687,100.0,0.0,0,0,0.0,DEPLOY,750.0
1607,53.5476,3100.824,172.891,100.0,0.0,0,0,0.0,DEPLOY,750.0
1608,53.581,3102.431,174.085,100.0,0.0,0,0,0.0,DEPLOY,750.0
1609,53.6143,3104.049,175.273,100.0,0.0,0,0,0.0,DEPLOY,750.0
1610,53.6476,3105.676,176.455,100.0,0.0,0,0,0.0,DEPLOY,750.0
1611,53.6809,3107.314,177.63,100.0,0.0,0,0,0.0,DEPLOY,750.0
1612,53.7142,3108.963,178.798,100.0,0.0,0,0,0.0,DEPLOY,750.0
1613,53.7476,3110.624,179.961,100.0,0.0,0,0,0.0,DEPLOY,750.0
1614,53.7809,3112.296,181.118,100.0,0.0,0,0,0.0,DEPLOY,750.0
1615,53.8142,3113.978,182.272,100.0,0.0,0,0,0.0,DEPLOY,750.0
1616,53.8475,3115.67,183.425,100.0,0.0,0,0,0.0,DEPLOY,750.0
1617,53.8808,3117.372,184.504,100.0,0.0,0,0,0.0,DEPLOY,750.0
1618,53.9142,3119.083,185.375,100.0,0.0,0,0,0.0,DEPLOY,750.0
1619,53.9475,3120.803,186.14,100.0,0.0,0,0,0.0,DEPLOY,750.0
1620,53.9808,3122.53,186.995,100.0,0.0,0,0,0.0,DEPLOY,750.0
1621,54.0141,3124.266,187.912,100.0,0.0,0,0,0.0,DEPLOY,750.0
1622,54.0475,3126.009,188.878,100.0,0.0,0,0,0.0,DEPLOY,750.0
1623,54.0808,3127.762,189.89,100.0,0.0,0,0,0.0,DEPLOY,750.0
1624,54.1141,3129.525,190.952,100.0,0.0,0,0,0.0,DEPLOY,750.0
1625,54.1474,3131.297,192.073,100.0,0.0,0,0,0.0,DEPLOY,750.0
1626,54.1807,3133.08,193.262,100.0,0.0,0,0,0.0,DEPLOY,750.0
1627,54.2141,3134.874,194.519,100.0,0.0,0,0,0.0,DEPLOY,750.0
1628,54.2474,3136.681,195.838,100.0,0.0,0,0,0.0,DEPLOY,750.0
1629,54.2807,3138.501,197.2,100.0,0.0,0,0,0.0,DEPLOY,750.0
1630,54.314,3140.333,198.605,100.0,0.0,0,0,0.0,DEPLOY,750.0
1631,54.3473,3142.178,200.023,100.0,0.0,0,0,0.0,DEPLOY,748.67
1632,54.3807,3144.036,201.438,100.0,0.0,0,0,0.0,DEPLOY,744.86
1633,54.414,3145.907,202.846,100.0,0.0,0,0,0.0,DEPLOY,739.83
1634,54.4473,3147.791,204.204,100.0,0.0,0,0,0.0,DEPLOY,734.83
1635,54.4806,3149.686,205.453,100.0,0.0,0,0,0.0,DEPLOY,729.86
1636,54.514,3151.593,206.618,100.0,0.0,0,0,0.0,DEPLOY,724.92
1637,54.5473,3153.511,207.779,100.0,0.0,0,0,0.0,DEPLOY,720.01
1638,54.5806,3155.439,208.936,100.0,0.0,0,0,0.0,DEPLOY,715.15
1639,54.6139,3157.379,210.086,100.0,0.0,0,0,0.0,DEPLOY,710.39
1640,54.6472,3159.328,211.23,100.0,0.0,0,0,0.0,DEPLOY,705.75
1641,54.6806,3161.289,212.367,100.0,0.0,0,0,0.0,DEPLOY,701.22
1642,54.7139,3163.26,213.495,100.0,0.0,0,0,0.0,DEPLOY,696.8
1643,54.7472,3165.241,214.615,100.0,0.0,0,0,0.0,DEPLOY,692.49
1644,54.7805,3167.232,215.724,100.0,0.0,0,0,0.0,DEPLOY,688.28
1645,54.8138,3169.234,216.823,100.0,0.0,0,0,0.0,DEPLOY,684.17
1646,54.8472,3171.246,217.911,100.0,0.0,0,0,0.0,DEPLOY,680.15
1647,54.8805,3173.268,218.987,100.0,0.0,0,0,0.0,DEPLOY,676.22
1648,54.9138,3175.3,220.05,100.0,0.0,0,0,0.0,DEPLOY,672.39
1649,54.9471,3177.342,221.098,100.0,0.0,0,0,0.0,DEPLOY,668.64
1650,54.9805,3179.393,222.133,100.0,0.0,0,0,0.0,DEPLOY,664.98
1651,55.0138,3181.454,223.151,100.0,0.0,0,0,0.0,DEPLOY,661.39
1652,55.0471,3183.524,224.153,100.0,0.0,0,0,0.0,DEPLOY,657.89
1653,55.0804,3185.603,225.138,100.0,0.0,0,0,0.0,DEPLOY,654.46
1654,55.1137,3187.692,226.103,100.0,0.0,0,0,0.0,DEPLOY,651.1
1655,55.1471,3189.789,227.048,100.0,0.0,0,0,0.0,DEPLOY,647.82
1656,55.1804,3191.895,227.972,100.0,0.0,0,0,0.0,DEPLOY,644.61
1657,55.2137,3194.009,228.871,100.0,0.0,0,0,0.0,DEPLOY,641.47
1658,55.247,3196.131,229.746,100.0,0.0,0,0,0.0,DEPLOY,638.4
1659,55.2803,3198.262,230.592,100.0,0.0,0,0,0.0,DEPLOY,635.39
1660,55.3137,3200.4,231.409,100.0,0.0,0,0,0.0,DEPLOY,632.44
1661,55.347,3202.545,232.192,100.0,0.0,0,0,0.0,DEPLOY,629.56
1662,55.3803,3204.698,232.94,100.0,0.0,0,0,0.0,DEPLOY,626.74
1663,55.4136,3206.857,233.649,100.0,0.0,0,0,0.0,DEPLOY,623.97
1664,55.447,3209.023,234.312,100.0,0.0,0,0,0.0,DEPLOY,621.27
1665,55.4803,3211.195,234.928,100.0,0.0,0,0,0.0,DEPLOY,618.63
1666,55.5136,3213.372,235.492,100.0,0.0,0,0,0.0,DEPLOY,615.9
1667,55.5469,3215.554,236.001,100.0,0.0,0,0,0.0,DEPLOY,612.65
1668,55.5802,3217.74,236.45,100.0,0.0,0,0,0.0,DEPLOY,609.3
1669,55.6136,3219.931,236.834,100.0,0.0,0,0,0.0,DEPLOY,605.85
1670,55.6469,3222.124,237.149,100.0,0.0,0,0,0.0,DEPLOY,602.33
1671,55.6802,3224.321,237.391,100.0,0.0,0,0,0.0,DEPLOY,598.75
1672,55.7135,3226.519,237.556,100.0,0.0,0,0,0.0,DEPLOY,595.13
1673,55.7468,3228.718,237.64,100.0,0.0,0,0,0.0,DEPLOY,591.5
1674,55.7802,3230.917,237.639,100.0,0.0,0,0,0.0,DEPLOY,587.91
1675,55.8135,3233.116,237.544,100.0,0.0,0,0,0.0,DEPLOY,584.4
1676,55.8468,3235.314,237.359,100.0,0.0,0,0,0.0,DEPLOY,581.02
1677,55.8801,3237.51,237.081,100.0,0.0,0,0,0.0,DEPLOY,577.75
1678,55.9135,3239.703,236.71,100.0,0.0,0,0,0.0,DEPLOY,574.56
1679,55.9468,3241.891,236.245,100.0,0.0,0,0,0.0,DEPLOY,571.4
1680,55.9801,3244.076,235.685,100.0,0.0,0,0,0.0,DEPLOY,568.22
1681,56.0134,3246.254,235.032,100.0,0.0,0,0,0.0,DEPLOY,564.98
1682,56.0467,3248.426,234.286,0.0,0.0,0,0,0.0,DEPLOY,-127.45
1683,56.0801,3250.591,233.448,0.0,100.0,0,0,0.21,REGEN,-350.0
1684,56.1134,3252.748,232.521,0.0,100.0,0,0,0.48,REGEN,-350.0
1685,56.1467,3254.896,231.504,0.0,100.0,0,0,0.75,REGEN,-350.0
1686,56.18,3257.033,230.399,0.0,100.0,0,0,1.01,REGEN,-350.0
1687,56.2133,3259.16,229.209,0.0,100.0,0,0,1.28,REGEN,-350.0
1688,56.2467,3261.275,227.928,0.0,100.0,0,0,1.54,REGEN,-350.0
1689,56.28,3263.378,226.549,0.0,100.0,0,0,1.81,REGEN,-350.0
1690,56.3133,3265.468,225.073,0.0,100.0,0,0,2.09,REGEN,-350.0
1691,56.3466,3267.544,223.502,0.0,100.0,0,0,2.37,REGEN,-350.0
1692,56.38,3269.605,221.841,0.0,100.0,0,0,2.65,REGEN,-350.0
1693,56.4133,3271.65,220.096,0.0,100.0,0,0,2.93,REGEN,-350.0
1694,56.4466,3273.679,218.273,0.0,100.0,0,0,3.21,REGEN,-350.0
1695,56.4799,3275.691,216.378,0.0,100.0,0,0,3.5,REGEN,-350.0
1696,56.5132,3277.683,214.176,0.0,100.0,0,0,3.79,REGEN,-350.0
1697,56.5466,3279.652,211.324,0.0,100.0,0,0,4.08,REGEN,-350.0
1698,56.5799,3281.594,208.154,0.0,100.0,0,0,4.38,REGEN,-350.0
1699,56.6132,3283.506,205.129,0.0,100.0,0,0,4.67,REGEN,-350.0
1700,56.6465,3285.392,202.225,0.0,100.0,0,0,4.96,REGEN,-350.0
1701,56.6799,3287.251,199.428,0.0,100.0,0,0,5.25,REGEN,-350.0
1702,56.7132,3289.086,196.739,0.0,100.0,0,0,5.54,REGEN,-350.0
1703,56.7465,3290.896,194.177,0.0,100.0,0,0,5.83,REGEN,-350.0
1704,56.7798,3292.681,191.786,0.0,100.0,0,0,6.12,REGEN,-350.0
1705,56.8131,3294.445,189.551,0.0,100.0,0,0,6.42,REGEN,-350.0
1706,56.8465,3296.188,187.426,0.0,100.0,0,0,6.71,REGEN,-350.0
1707,56.8798,3297.913,185.336,0.0,100.0,0,0,7.0,REGEN,-350.0
1708,56.9131,3299.619,183.229,0.0,100.0,0,0,7.29,REGEN,-350.0
1709,56.9464,3301.306,181.146,0.0,100.0,0,0,7.58,REGEN,-350.0
1710,56.9797,3302.976,179.227,0.0,100.0,0,0,7.87,REGEN,-350.0
1711,57.0131,3304.625,177.294,0.0,100.0,0,0,8.17,REGEN,-350.0
1712,57.0464,3306.256,175.496,0.0,100.0,0,0,8.46,REGEN,-350.0
1713,57.0797,3307.873,173.92,0.0,100.0,0,0,8.75,REGEN,-350.0
1714,57.113,3309.477,172.572,0.0,100.0,0,0,9.04,REGEN,-350.0
1715,57.1464,3311.07,171.399,0.0,100.0,0,0,9.33,REGEN,-350.0
1716,57.1797,3312.651,170.192,0.0,100.0,0,0,9.62,REGEN,-350.0
1717,57.213,3314.218,168.826,0.0,100.0,0,0,9.91,REGEN,-350.0
1718,57.2463,3315.774,167.367,0.0,100.0,0,0,10.21,REGEN,-350.0
1719,57.2796,3317.317,165.879,0.0,100.0,0,0,10.5,REGEN,-350.0
1720,57.313,3318.847,164.446,0.0,100.0,0,0,10.79,REGEN,-350.0
1721,57.3463,3320.363,163.348,0.0,100.0,0,0,11.08,REGEN,-350.0
1722,57.3796,3321.872,162.728,0.0,100.0,0,0,11.37,REGEN,-350.0
1723,57.4129,3323.378,162.485,0.0,100.0,0,0,11.66,REGEN,-350.0
1724,57.4462,3324.882,162.485,0.0,100.0,0,0,11.96,REGEN,-350.0
1725,57.4796,3326.386,162.485,0.0,100.0,0,0,12.25,REGEN,-350.0
1726,57.5129,3327.889,162.437,0.0,100.0,0,0,12.54,REGEN,-350.0
1727,57.5462,3329.391,162.088,0.0,100.0,0,0,12.83,REGEN,-350.0
1728,57.5795,3330.888,161.127,0.0,100.0,0,0,13.12,REGEN,-350.0
1729,57.6129,3332.371,159.814,0.0,100.0,0,0,13.41,REGEN,-350.0
1730,57.6462,3333.842,158.292,0.0,100.0,0,0,13.7,REGEN,-350.0
1731,57.6795,3335.301,156.619,0.0,100.0,0,0,14.0,REGEN,-350.0
1732,57.7128,3336.744,154.856,0.0,100.0,0,0,14.29,REGEN,-350.0
1733,57.7461,3338.166,153.003,0.0,100.0,0,0,14.58,REGEN,-350.0
1734,57.7795,3339.573,151.132,0.0,100.0,0,0,14.87,REGEN,-350.0
1735,57.8128,3340.967,149.261,0.0,100.0,0,0,15.16,REGEN,-331.33
1736,57.8461,3342.338,147.662,100.0,100.0,0,0,15.45,REGEN,422.25
1737,57.8794,3343.702,146.807,100.0,0.0,0,0,15.42,DEPLOY,750.0
1738,57.9127,3345.06,146.524,100.0,0.0,0,0,15.12,DEPLOY,750.0
1739,57.9461,3346.415,146.241,100.0,0.0,0,0,14.83,DEPLOY,750.0
1740,57.9794,3347.767,145.96,100.0,0.0,0,0,14.54,DEPLOY,750.0
1741,58.0127,3349.117,145.679,100.0,0.0,0,0,14.25,DEPLOY,750.0
1742,58.046,3350.464,145.399,100.0,0.0,0,0,13.96,DEPLOY,750.0
1743,58.0794,3351.811,145.476,100.0,0.0,0,0,13.67,DEPLOY,750.0
1744,58.1127,3353.158,145.783,100.0,0.0,0,0,13.37,DEPLOY,750.0
1745,58.146,3354.51,146.286,100.0,0.0,0,0,13.08,DEPLOY,750.0
1746,58.1793,3355.867,146.71,100.0,0.0,0,0,12.79,DEPLOY,750.0
1747,58.2126,3357.226,147.097,100.0,0.0,0,0,12.5,DEPLOY,750.0
1748,58.246,3358.589,147.486,100.0,0.0,0,0,12.22,DEPLOY,750.0
1749,58.2793,3359.957,147.877,100.0,0.0,0,0,11.93,DEPLOY,750.0
1750,58.3126,3361.327,148.268,100.0,0.0,0,0,11.64,DEPLOY,750.0
1751,58.3459,3362.701,148.66,100.0,0.0,0,0,11.35,DEPLOY,750.0
1752,58.3792,3364.079,149.053,100.0,0.0,0,0,11.06,DEPLOY,750.0
1753,58.4126,3365.46,149.37,100.0,0.0,0,0,10.77,DEPLOY,750.0
1754,58.4459,3366.843,149.561,100.0,0.0,0,0,10.48,DEPLOY,750.0
1755,58.4792,3368.231,150.085,100.0,0.0,0,0,10.19,DEPLOY,750.0
1756,58.5125,3369.623,150.701,100.0,0.0,0,0,9.9,DEPLOY,750.0
1757,58.5459,3371.02,151.395,100.0,0.0,0,0,9.6,DEPLOY,750.0
1758,58.5792,3372.426,152.189,100.0,0.0,0,0,9.31,DEPLOY,750.0
1759,58.6125,3373.839,153.055,100.0,0.0,0,0,9.02,DEPLOY,750.0
1760,58.6458,3375.259,153.987,100.0,0.0,0,0,8.73,DEPLOY,750.0
1761,58.6791,3376.689,155.006,100.0,0.0,0,0,8.44,DEPLOY,750.0
1762,58.7125,3378.129,155.998,100.0,0.0,0,0,8.15,DEPLOY,750.0
1763,58.7458,3379.578,157.066,100.0,0.0,0,0,7.85,DEPLOY,750.0
1764,58.7791,3381.036,158.254,100.0,0.0,0,0,7.56,DEPLOY,750.0
1765,58.8124,3382.509,159.687,100.0,0.0,0,0,7.27,DEPLOY,750.0
1766,58.8457,3383.995,161.164,100.0,0.0,0,0,6.98,DEPLOY,750.0
1767,58.8791,3385.492,162.655,100.0,0.0,0,0,6.69,DEPLOY,750.0
1768,58.9124,3387.003,164.136,100.0,0.0,0,0,6.4,DEPLOY,750.0
1769,58.9457,3388.53,165.51,100.0,0.0,0,0,6.11,DEPLOY,750.0
1770,58.979,3390.068,166.791,100.0,0.0,0,0,5.81,DEPLOY,750.0
1771,59.0124,3391.618,168.042,100.0,0.0,0,0,5.52,DEPLOY,750.0
1772,59.0457,3393.178,169.314,100.0,0.0,0,0,5.23,DEPLOY,750.0
1773,59.079,3394.751,170.664,100.0,0.0,0,0,4.94,DEPLOY,750.0
1774,59.1123,3396.339,172.095,100.0,0.0,0,0,4.65,DEPLOY,750.0
1775,59.1456,3397.939,173.577,100.0,0.0,0,0,4.36,DEPLOY,750.0
1776,59.179,3399.552,175.096,100.0,0.0,0,0,4.06,DEPLOY,750.0
1777,59.2123,3401.179,176.635,100.0,0.0,0,0,3.77,DEPLOY,750.0
1778,59.2456,3402.82,178.167,100.0,0.0,0,0,3.48,DEPLOY,750.0
1779,59.2789,3404.478,179.692,100.0,0.0,0,0,3.19,DEPLOY,750.0
1780,59.3122,3406.148,181.209,100.0,0.0,0,0,2.9,DEPLOY,750.0
1781,59.3456,3407.832,182.647,100.0,0.0,0,0,2.61,DEPLOY,750.0
1782,59.3789,3409.529,184.006,100.0,0.0,0,0,2.32,DEPLOY,750.0
1783,59.4122,3411.237,185.342,100.0,0.0,0,0,2.02,DEPLOY,750.0
1784,59.4455,3412.958,186.682,100.0,0.0,0,0,1.73,DEPLOY,750.0
1785,59.4789,3414.693,188.026,100.0,0.0,0,0,1.44,DEPLOY,750.0
1786,59.5122,3416.44,189.372,100.0,0.0,0,0,1.15,DEPLOY,750.0
1787,59.5455,3418.2,190.72,100.0,0.0,0,0,0.86,DEPLOY,750.0
1788,59.5788,3419.971,192.07,100.0,0.0,0,0,0.57,DEPLOY,750.0
1789,59.6121,3421.755,193.422,100.0,0.0,0,0,0.28,DEPLOY,750.0
1790,59.6455,3423.552,194.776,100.0,0.0,0,0,0.06,DEPLOY,750.0
1791,59.6788,3425.36,196.132,100.0,0.0,0,0,0.0,DEPLOY,750.0
1792,59.7121,3427.182,197.489,100.0,0.0,0,0,0.0,DEPLOY,750.0
1793,59.7454,3429.015,198.843,100.0,0.0,0,0,0.0,DEPLOY,749.98
1794,59.7787,3430.862,200.109,100.0,0.0,0,0,0.0,DEPLOY,749.43
1795,59.8121,3432.72,201.381,100.0,0.0,0,0,0.0,DEPLOY,745.07
1796,59.8454,3434.591,202.673,100.0,0.0,0,0,0.0,DEPLOY,740.46
1797,59.8787,3436.473,203.983,100.0,0.0,0,0,0.0,DEPLOY,735.78
1798,59.912,3438.367,205.31,100.0,0.0,0,0,0.0,DEPLOY,731.03
1799,59.9454,3440.274,206.655,100.0,0.0,0,0,0.0,DEPLOY,726.23
1800,59.9787,3442.193,208.014,100.0,0.0,0,0,0.0,DEPLOY,721.38
1801,60.012,3444.125,209.386,100.0,0.0,0,0,0.0,DEPLOY,716.48
1802,60.0453,3446.069,210.77,100.0,0.0,0,0,0.0,DEPLOY,711.54
1803,60.0786,3448.026,212.165,100.0,0.0,0,0,0.0,DEPLOY,706.55
1804,60.112,3449.997,213.569,100.0,0.0,0,0,0.0,DEPLOY,701.54
1805,60.1453,3451.98,214.982,100.0,0.0,0,0,0.0,DEPLOY,696.49
1806,60.1786,3453.976,216.356,100.0,0.0,0,0,0.0,DEPLOY,691.42
1807,60.2119,3455.985,217.684,100.0,0.0,0,0,0.0,DEPLOY,686.32
1808,60.2452,3458.006,219.004,100.0,0.0,0,0,0.0,DEPLOY,681.21
1809,60.2786,3460.039,220.318,100.0,0.0,0,0,0.0,DEPLOY,676.08
1810,60.3119,3462.084,221.625,100.0,0.0,0,0,0.0,DEPLOY,670.93
1811,60.3452,3464.142,222.925,100.0,0.0,0,0,0.0,DEPLOY,665.77
1812,60.3785,3466.211,224.217,100.0,0.0,0,0,0.0,DEPLOY,660.63
1813,60.4119,3468.292,225.5,100.0,0.0,0,0,0.0,DEPLOY,655.57
1814,60.4452,3470.385,226.774,100.0,0.0,0,0,0.0,DEPLOY,650.6
1815,60.4785,3472.49,228.039,100.0,0.0,0,0,0.0,DEPLOY,645.73
1816,60.5118,3474.606,229.294,100.0,0.0,0,0,0.0,DEPLOY,640.95
1817,60.5451,3476.734,230.538,100.0,0.0,0,0,0.0,DEPLOY,636.25
1818,60.5785,3478.873,231.771,100.0,0.0,0,0,0.0,DEPLOY,631.63
1819,60.6118,3481.024,232.993,100.0,0.0,0,0,0.0,DEPLOY,627.09
1820,60.6451,3483.187,234.202,100.0,0.0,0,0,0.0,DEPLOY,622.64
1821,60.6784,3485.36,235.4,100.0,0.0,0,0,0.0,DEPLOY,618.26
1822,60.7118,3487.545,236.584,100.0,0.0,0,0,0.0,DEPLOY,613.96
1823,60.7451,3489.74,237.756,100.0,0.0,0,0,0.0,DEPLOY,609.72
1824,60.7784,3491.946,238.914,100.0,0.0,0,0,0.0,DEPLOY,605.56
1825,60.8117,3494.163,240.059,100.0,0.0,0,0,0.0,DEPLOY,601.46
1826,60.845,3496.39,241.191,100.0,0.0,0,0,0.0,DEPLOY,597.43
1827,60.8784,3498.627,242.308,100.0,0.0,0,0,0.0,DEPLOY,593.47
1828,60.9117,3500.875,243.412,100.0,0.0,0,0,0.0,DEPLOY,589.56
1829,60.945,3503.133,244.5,100.0,0.0,0,0,0.0,DEPLOY,585.72
1830,60.9783,3505.401,245.573,100.0,0.0,0,0,0.0,DEPLOY,581.95
1831,61.0116,3507.68,246.632,100.0,0.0,0,0,0.0,DEPLOY,578.23
1832,61.045,3509.967,247.677,100.0,0.0,0,0,0.0,DEPLOY,574.56
1833,61.0783,3512.265,248.707,100.0,0.0,0,0,0.0,DEPLOY,570.96
1834,61.1116,3514.571,249.723,100.0,0.0,0,0,0.0,DEPLOY,567.4
1835,61.1449,3516.887,250.724,100.0,0.0,0,0,0.0,DEPLOY,563.9
1836,61.1783,3519.212,251.709,100.0,0.0,0,0,0.0,DEPLOY,560.46
1837,61.2116,3521.547,252.68,100.0,0.0,0,0,0.0,DEPLOY,557.07
1838,61.2449,3523.89,253.635,100.0,0.0,0,0,0.0,DEPLOY,553.73
1839,61.2782,3526.242,254.577,100.0,0.0,0,0,0.0,DEPLOY,550.43
1840,61.3115,3528.602,255.503,100.0,0.0,0,0,0.0,DEPLOY,547.19
1841,61.3449,3530.971,256.415,100.0,0.0,0,0,0.0,DEPLOY,543.99
1842,61.3782,3533.349,257.309,100.0,0.0,0,0,0.0,DEPLOY,540.84
1843,61.4115,3535.735,258.189,100.0,0.0,0,0,0.0,DEPLOY,537.74
1844,61.4448,3538.129,259.052,100.0,0.0,0,0,0.0,DEPLOY,534.68
1845,61.4781,3540.53,259.899,100.0,0.0,0,0,0.0,DEPLOY,531.66
1846,61.5115,3542.939,260.73,100.0,0.0,0,0,0.0,DEPLOY,528.69
1847,61.5448,3545.357,261.541,100.0,0.0,0,0,0.0,DEPLOY,525.76
1848,61.5781,3547.782,262.333,100.0,0.0,0,0,0.0,DEPLOY,522.88
1849,61.6114,3550.213,263.105,100.0,0.0,0,0,0.0,DEPLOY,520.03
1850,61.6448,3552.652,263.857,100.0,0.0,0,0,0.0,DEPLOY,517.22
1851,61.6781,3555.097,264.587,100.0,0.0,0,0,0.0,DEPLOY,514.46
1852,61.7114,3557.55,265.289,100.0,0.0,0,0,0.0,DEPLOY,511.73
1853,61.7447,3560.009,265.966,100.0,0.0,0,0,0.0,DEPLOY,509.04
1854,61.778,3562.473,266.615,100.0,0.0,0,0,0.0,DEPLOY,506.39
1855,61.8114,3564.944,267.234,100.0,0.0,0,0,0.0,DEPLOY,503.78
1856,61.8447,3567.42,267.816,100.0,0.0,0,0,0.0,DEPLOY,501.21
1857,61.878,3569.902,268.361,100.0,0.0,0,0,0.0,DEPLOY,498.76
1858,61.9113,3572.388,268.867,100.0,0.0,0,0,0.0,DEPLOY,496.42
1859,61.9446,3574.878,269.331,100.0,0.0,0,0,0.0,DEPLOY,494.11
1860,61.978,3577.373,269.744,100.0,0.0,0,0,0.0,DEPLOY,491.84
1861,62.0113,3579.872,270.105,100.0,0.0,0,0,0.0,DEPLOY,489.6
1862,62.0446,3582.373,270.412,100.0,0.0,0,0,0.0,DEPLOY,487.4
1863,62.0779,3584.877,270.663,100.0,0.0,0,0,0.0,DEPLOY,485.22
1864,62.1113,3587.384,270.845,100.0,0.0,0,0,0.0,DEPLOY,483.07
1865,62.1446,3589.891,270.959,100.0,0.0,0,0,0.0,DEPLOY,480.96
1866,62.1779,3592.399,271.004,100.0,0.0,0,0,0.0,DEPLOY,478.87
1867,62.2112,3594.908,270.976,100.0,0.0,0,0,0.0,DEPLOY,476.82
1868,62.2445,3597.415,270.862,100.0,0.0,0,0,0.0,DEPLOY,474.8
1869,62.2779,3599.921,270.666,100.0,0.0,0,0,0.0,DEPLOY,472.8
1870,62.3112,3602.425,270.389,100.0,0.0,0,0,0.0,DEPLOY,470.84
1871,62.3445,3604.927,270.029,100.0,0.0,0,0,0.0,DEPLOY,468.91
1872,62.3778,3607.424,269.571,100.0,0.0,0,0,0.0,DEPLOY,467.01
1873,62.4111,3609.916,269.025,100.0,0.0,0,0,0.0,DEPLOY,465.14
1874,62.4445,3612.403,268.392,100.0,0.0,0,0,0.0,DEPLOY,463.3
1875,62.4778,3614.885,267.674,100.0,0.0,0,0,0.0,DEPLOY,461.49
1876,62.5111,3617.358,266.859,100.0,0.0,0,0,0.0,DEPLOY,459.73
1877,62.5444,3619.824,265.96,100.0,0.0,0,0,0.0,DEPLOY,121.81
1878,62.5778,3622.281,264.979,0.0,100.0,0,0,0.14,REGEN,-350.0
1879,62.6111,3624.729,263.921,0.0,100.0,0,0,0.42,REGEN,-350.0
1880,62.6444,3627.167,262.782,0.0,100.0,0,0,0.69,REGEN,-350.0
1881,62.6777,3629.593,261.567,0.0,100.0,0,0,0.96,REGEN,-350.0
1882,62.711,3632.008,260.287,0.0,100.0,0,0,1.23,REGEN,-350.0
1883,62.7444,3634.411,258.94,0.0,100.0,0,0,1.5,REGEN,-350.0
1884,62.7777,3636.802,257.516,0.0,100.0,0,0,1.77,REGEN,-350.0
1885,62.811,3639.179,256.012,0.0,100.0,0,0,2.04,REGEN,-350.0
1886,62.8443,3641.54,254.433,0.0,100.0,0,0,2.32,REGEN,-350.0
1887,62.8776,3643.888,252.79,0.0,100.0,0,0,2.61,REGEN,-350.0
1888,62.911,3646.22,251.088,0.0,100.0,0,0,2.89,REGEN,-350.0
1889,62.9443,3648.535,249.08,0.0,100.0,0,0,3.18,REGEN,-350.0
1890,62.9776,3650.822,244.75,0.0,100.0,0,0,3.47,REGEN,-350.0
1891,63.0109,3653.067,240.027,0.0,100.0,0,0,3.76,REGEN,-350.0
1892,63.0443,3655.267,235.865,0.0,100.0,0,0,4.05,REGEN,-350.0
1893,63.0776,3657.435,232.733,0.0,100.0,0,0,4.35,REGEN,-350.0
1894,63.1109,3659.581,231.065,0.0,100.0,0,0,4.64,REGEN,-350.0
1895,63.1442,3661.714,229.681,0.0,100.0,0,0,4.93,REGEN,-350.0
1896,63.1775,3663.826,226.83,0.0,100.0,0,0,5.22,REGEN,-350.0
1897,63.2109,3665.91,223.361,0.0,100.0,0,0,5.51,REGEN,-350.0
1898,63.2442,3667.962,220.133,0.0,100.0,0,0,5.8,REGEN,-350.0
1899,63.2775,3669.991,218.368,0.0,100.0,0,0,6.1,REGEN,-350.0
1900,63.3108,3672.011,218.055,0.0,100.0,0,0,6.39,REGEN,-350.0
1901,63.3441,3674.029,218.055,0.0,100.0,0,0,6.68,REGEN,-350.0
1902,63.3775,3676.048,218.055,0.0,100.0,0,0,6.97,REGEN,-350.0
1903,63.4108,3678.066,218.055,0.0,100.0,0,0,7.26,REGEN,-350.0
1904,63.4441,3680.084,217.953,0.0,100.0,0,0,7.55,REGEN,-350.0
1905,63.4774,3682.091,215.724,0.0,100.0,0,0,7.84,REGEN,-350.0
1906,63.5108,3684.069,211.856,0.0,100.0,0,0,8.14,REGEN,-350.0
1907,63.5441,3686.016,208.77,0.0,100.0,0,0,8.43,REGEN,-350.0
1908,63.5774,3687.942,207.265,0.0,100.0,0,0,8.72,REGEN,-350.0
1909,63.6107,3689.859,206.955,0.0,100.0,0,0,9.01,REGEN,-350.0
1910,63.644,3691.774,206.955,0.0,100.0,0,0,9.3,REGEN,-350.0
1911,63.6774,3693.69,206.955,100.0,100.0,0,0,9.59,REGEN,23.56
1912,63.7107,3695.605,206.968,100.0,0.0,0,0,9.71,DEPLOY,725.12
1913,63.744,3697.523,207.333,100.0,0.0,0,0,9.44,DEPLOY,723.81
1914,63.7773,3699.448,208.592,100.0,0.0,0,0,9.17,DEPLOY,719.31
1915,63.8106,3701.385,209.955,100.0,0.0,0,0,8.9,DEPLOY,714.44
1916,63.844,3703.334,211.289,100.0,0.0,0,0,8.64,DEPLOY,709.68
1917,63.8773,3705.296,212.59,100.0,0.0,0,0,8.38,DEPLOY,705.03
1918,63.9106,3707.269,213.86,100.0,0.0,0,0,8.13,DEPLOY,700.49
1919,63.9439,3709.254,215.1,100.0,0.0,0,0,7.87,DEPLOY,696.06
1920,63.9773,3711.251,216.311,100.0,0.0,0,0,7.63,DEPLOY,691.74
1921,64.0106,3713.258,217.494,100.0,0.0,0,0,7.39,DEPLOY,687.52
1922,64.0439,3715.277,218.648,100.0,0.0,0,0,7.15,DEPLOY,683.39
1923,64.0772,3717.306,219.776,100.0,0.0,0,0,6.91,DEPLOY,679.37
1924,64.1105,3719.345,220.879,100.0,0.0,0,0,6.68,DEPLOY,675.43
1925,64.1439,3721.395,221.956,100.0,0.0,0,0,6.45,DEPLOY,671.58
1926,64.1772,3723.454,223.017,100.0,0.0,0,0,6.22,DEPLOY,667.8
1927,64.2105,3725.524,224.102,100.0,0.0,0,0,6.0,DEPLOY,663.92
1928,64.2438,3727.603,225.23,100.0,0.0,0,0,5.78,DEPLOY,659.89
1929,64.2771,3729.693,226.376,100.0,0.0,0,0,5.56,DEPLOY,655.8
1930,64.3105,3731.794,227.523,100.0,0.0,0,0,5.35,DEPLOY,651.7
1931,64.3438,3733.905,228.671,100.0,0.0,0,0,5.14,DEPLOY,647.6
1932,64.3771,3736.027,229.829,100.0,0.0,0,0,4.93,DEPLOY,643.47
1933,64.4104,3738.16,230.991,100.0,0.0,0,0,4.73,DEPLOY,639.32
1934,64.4438,3740.303,232.171,100.0,0.0,0,0,4.53,DEPLOY,635.1
1935,64.4771,3742.458,233.392,100.0,0.0,0,0,4.34,DEPLOY,630.74
1936,64.5104,3744.624,234.647,100.0,0.0,0,0,4.14,DEPLOY,626.24
1937,64.5437,3746.8,235.734,100.0,0.0,0,0,3.96,DEPLOY,621.77
1938,64.577,3748.987,236.767,100.0,0.0,0,0,3.77,DEPLOY,617.38
1939,64.6104,3751.183,237.799,100.0,0.0,0,0,3.59,DEPLOY,613.07
1940,64.6437,3753.389,238.829,100.0,0.0,0,0,3.41,DEPLOY,608.84
1941,64.677,3755.605,239.856,100.0,0.0,0,0,3.24,DEPLOY,604.68
1942,64.7103,3757.83,240.878,100.0,0.0,0,0,3.07,DEPLOY,600.59
1943,64.7437,3760.064,241.893,100.0,0.0,0,0,2.9,DEPLOY,596.56
1944,64.777,3762.308,242.899,100.0,0.0,0,0,2.74,DEPLOY,592.6
1945,64.8103,3764.56,243.896,100.0,0.0,0,0,2.58,DEPLOY,588.71
1946,64.8436,3766.822,244.881,100.0,0.0,0,0,2.43,DEPLOY,584.88
1947,64.8769,3769.093,245.852,100.0,0.0,0,0,2.27,DEPLOY,581.11
1948,64.9103,3771.373,246.808,100.0,0.0,0,0,2.12,DEPLOY,577.41
1949,64.9436,3773.662,247.748,100.0,0.0,0,0,1.98,DEPLOY,573.76
1950,64.9769,3775.96,248.671,100.0,0.0,0,0,1.83,DEPLOY,570.17
1951,65.0102,3778.266,249.577,100.0,0.0,0,0,1.69,DEPLOY,566.63
1952,65.0435,3780.58,250.463,100.0,0.0,0,0,1.55,DEPLOY,563.15
1953,65.0769,3782.902,251.329,100.0,0.0,0,0,1.42,DEPLOY,559.72
1954,65.1102,3785.232,252.172,100.0,0.0,0,0,1.29,DEPLOY,556.35
1955,65.1435,3787.57,252.993,100.0,0.0,0,0,1.16,DEPLOY,553.03
1956,65.1768,3789.916,253.791,100.0,0.0,0,0,1.03,DEPLOY,549.76
1957,65.2102,3792.268,254.565,100.0,0.0,0,0,0.91,DEPLOY,546.54
1958,65.2435,3794.628,255.315,100.0,0.0,0,0,0.79,DEPLOY,543.36
1959,65.2768,3796.994,256.04,100.0,0.0,0,0,0.67,DEPLOY,540.24
1960,65.3101,3799.367,256.737,100.0,0.0,0,0,0.56,DEPLOY,537.16
1961,65.3434,3801.747,257.409,100.0,0.0,0,0,0.44,DEPLOY,534.13
1962,65.3768,3804.133,258.054,100.0,0.0,0,0,0.33,DEPLOY,531.15
1963,65.4101,3806.524,258.674,100.0,0.0,0,0,0.22,DEPLOY,528.21
1964,65.4434,3808.921,259.267,100.0,0.0,0,0,0.12,DEPLOY,525.31
1965,65.4767,3811.323,259.831,100.0,0.0,0,0,0.03,DEPLOY,522.49
1966,65.51,3813.731,260.368,100.0,0.0,0,0,0.0,DEPLOY,520.5
1967,65.5434,3816.143,260.879,100.0,0.0,0,0,0.0,DEPLOY,519.83
1968,65.5767,3818.56,261.365,100.0,0.0,0,0,0.0,DEPLOY,519.18
1969,65.61,3820.981,261.826,100.0,0.0,0,0,0.0,DEPLOY,518.54
1970,65.6433,3823.407,262.258,100.0,0.0,0,0,0.0,DEPLOY,517.92
1971,65.6767,3825.836,262.664,100.0,0.0,0,0,0.0,DEPLOY,517.3
1972,65.71,3828.269,263.044,100.0,0.0,0,0,0.0,DEPLOY,516.69
1973,65.7433,3830.706,263.399,100.0,0.0,0,0,0.0,DEPLOY,516.1
1974,65.7766,3833.145,263.727,100.0,0.0,0,0,0.0,DEPLOY,515.51
1975,65.8099,3835.588,264.026,100.0,0.0,0,0,0.0,DEPLOY,514.94
1976,65.8433,3838.033,264.298,100.0,0.0,0,0,0.0,DEPLOY,514.37
1977,65.8766,3840.48,264.543,100.0,0.0,0,0,0.0,DEPLOY,513.82
1978,65.9099,3842.93,264.76,100.0,0.0,0,0,0.0,DEPLOY,513.27
1979,65.9432,3845.381,264.946,100.0,0.0,0,0,0.0,DEPLOY,512.74
1980,65.9765,3847.834,265.1,100.0,0.0,0,0,0.0,DEPLOY,512.22
1981,66.0099,3850.289,265.223,100.0,0.0,0,0,0.0,DEPLOY,511.7
1982,66.0432,3852.744,265.314,100.0,0.0,0,0,0.0,DEPLOY,511.2
1983,66.0765,3855.2,265.368,100.0,0.0,0,0,0.0,DEPLOY,510.7
1984,66.1098,3857.656,265.382,100.0,0.0,0,0,0.0,DEPLOY,510.22
1985,66.1432,3860.112,265.358,100.0,0.0,0,0,0.0,DEPLOY,509.74
1986,66.1765,3862.568,265.292,100.0,0.0,0,0,0.0,DEPLOY,509.27
1987,66.2098,3865.023,265.182,100.0,0.0,0,0,0.0,DEPLOY,508.81
1988,66.2431,3867.477,265.017,100.0,0.0,0,0,0.0,DEPLOY,508.36
1989,66.2764,3869.929,264.803,100.0,0.0,0,0,0.0,DEPLOY,507.92
1990,66.3098,3872.379,264.535,100.0,0.0,0,0,0.0,DEPLOY,507.49
1991,66.3431,3874.826,264.211,100.0,0.0,0,0,0.0,DEPLOY,507.06
1992,66.3764,3877.27,263.822,100.0,0.0,0,0,0.0,DEPLOY,506.65
1993,66.4097,3879.709,263.367,100.0,0.0,0,0,0.0,DEPLOY,506.24
1994,66.443,3882.145,262.845,100.0,0.0,0,0,0.0,DEPLOY,505.84
1995,66.4764,3884.575,262.255,100.0,0.0,0,0,0.0,DEPLOY,505.45
1996,66.5097,3887.0,261.594,100.0,0.0,0,0,0.0,DEPLOY,505.07
1997,66.543,3889.417,260.849,100.0,0.0,0,0,0.0,DEPLOY,504.7
1998,66.5763,3891.828,260.029,100.0,0.0,0,0,0.0,DEPLOY,504.33
1999,66.6097,3894.23,259.131,100.0,0.0,0,0,0.0,DEPLOY,503.97
2000,66.643,3896.625,258.157,100.0,0.0,0,0,0.0,DEPLOY,503.62
2001,66.6763,3899.01,257.106,100.0,0.0,0,0,0.0,DEPLOY,503.28
2002,66.7096,3901.384,255.966,0.0,100.0,0,0,0.04,REGEN,-350.0
2003,66.7429,3903.747,254.75,0.0,100.0,0,0,0.32,REGEN,-350.0
2004,66.7763,3906.099,253.458,0.0,100.0,0,0,0.59,REGEN,-350.0
2005,66.8096,3908.439,252.094,0.0,100.0,0,0,0.87,REGEN,-350.0
2006,66.8429,3910.766,250.657,0.0,100.0,0,0,1.14,REGEN,-350.0
2007,66.8762,3913.08,249.151,0.0,100.0,0,0,1.41,REGEN,-350.0
2008,66.9095,3915.378,247.564,0.0,100.0,0,0,1.68,REGEN,-350.0
2009,66.9429,3917.661,245.891,0.0,100.0,0,0,1.96,REGEN,-350.0
2010,66.9762,3919.929,244.131,0.0,100.0,0,0,2.23,REGEN,-350.0
2011,67.0095,3922.18,242.287,0.0,100.0,0,0,2.51,REGEN,-350.0
2012,67.0428,3924.414,240.362,0.0,100.0,0,0,2.79,REGEN,-350.0
2013,67.0762,3926.63,238.359,0.0,100.0,0,0,3.07,REGEN,-350.0
2014,67.1095,3928.827,236.281,0.0,100.0,0,0,3.36,REGEN,-350.0
2015,67.1428,3931.005,234.133,0.0,100.0,0,0,3.64,REGEN,-350.0
2016,67.1761,3933.161,231.914,0.0,100.0,0,0,3.93,REGEN,-350.0
2017,67.2094,3935.296,229.485,0.0,100.0,0,0,4.22,REGEN,-350.0
2018,67.2428,3937.404,226.214,0.0,100.0,0,0,4.52,REGEN,-350.0
2019,67.2761,3939.483,223.092,0.0,100.0,0,0,4.81,REGEN,-350.0
2020,67.3094,3941.534,220.108,0.0,100.0,0,0,5.1,REGEN,-350.0
2021,67.3427,3943.558,217.171,0.0,100.0,0,0,5.39,REGEN,-350.0
2022,67.376,3945.554,214.265,0.0,100.0,0,0,5.68,REGEN,-350.0
2023,67.4094,3947.524,211.442,0.0,100.0,0,0,5.97,REGEN,-350.0
2024,67.4427,3949.469,208.781,0.0,100.0,0,0,6.26,REGEN,-350.0
2025,67.476,3951.391,206.331,0.0,100.0,0,0,6.56,REGEN,-350.0
2026,67.5093,3953.29,204.082,0.0,100.0,0,0,6.85,REGEN,-350.0
2027,67.5427,3955.17,201.947,0.0,100.0,0,0,7.14,REGEN,-350.0
2028,67.576,3957.03,199.804,0.0,100.0,0,0,7.43,REGEN,-350.0
2029,67.6093,3958.869,197.591,0.0,100.0,0,0,7.72,REGEN,-350.0
2030,67.6426,3960.686,195.321,0.0,100.0,0,0,8.01,REGEN,-350.0
2031,67.6759,3962.482,193.0,0.0,100.0,0,0,8.31,REGEN,-350.0
2032,67.7093,3964.257,190.645,0.0,100.0,0,0,8.6,REGEN,-350.0
2033,67.7426,3966.011,188.277,0.0,100.0,0,0,8.89,REGEN,-350.0
2034,67.7759,3967.742,185.924,0.0,100.0,0,0,9.18,REGEN,-350.0
2035,67.8092,3969.454,183.624,0.0,100.0,0,0,9.47,REGEN,-350.0
2036,67.8425,3971.145,181.417,0.0,100.0,0,0,9.76,REGEN,-350.0
2037,67.8759,3972.814,179.345,0.0,100.0,0,0,10.06,REGEN,-350.0
2038,67.9092,3974.463,177.392,0.0,100.0,0,0,10.35,REGEN,-350.0
2039,67.9425,3976.096,175.494,0.0,100.0,0,0,10.64,REGEN,-350.0
2040,67.9758,3977.712,173.607,0.0,100.0,0,0,10.93,REGEN,-350.0
2041,68.0092,3979.311,171.72,0.0,100.0,0,0,11.22,REGEN,-350.0
2042,68.0425,3980.893,169.885,0.0,100.0,0,0,11.51,REGEN,-350.0
2043,68.0758,3982.455,168.003,0.0,100.0,0,0,11.8,REGEN,-350.0
2044,68.1091,3984.0,166.153,0.0,100.0,0,0,12.1,REGEN,-350.0
2045,68.1424,3985.531,164.373,0.0,100.0,0,0,12.39,REGEN,-350.0
2046,68.1758,3987.047,162.692,0.0,100.0,0,0,12.68,REGEN,-350.0
2047,68.2091,3988.543,161.15,0.0,100.0,0,0,12.97,REGEN,-350.0
2048,68.2424,3990.027,159.641,0.0,100.0,0,0,13.26,REGEN,-350.0
2049,68.2757,3991.499,158.128,0.0,100.0,0,0,13.55,REGEN,-350.0
2050,68.309,3992.957,156.573,0.0,100.0,0,0,13.85,REGEN,-350.0
2051,68.3424,3994.396,154.944,0.0,100.0,0,0,14.14,REGEN,-350.0
2052,68.3757,3995.822,153.298,0.0,100.0,0,0,14.43,REGEN,-350.0
2053,68.409,3997.236,151.65,0.0,100.0,0,0,14.72,REGEN,-350.0
2054,68.4423,3998.631,150.06,0.0,100.0,0,0,15.01,REGEN,-350.0
2055,68.4757,4000.012,148.58,0.0,100.0,0,0,15.3,REGEN,-350.0
2056,68.509,4001.382,147.205,0.0,100.0,0,0,15.59,REGEN,-350.0
2057,68.5423,4002.739,145.999,0.0,100.0,0,0,15.89,REGEN,-350.0
2058,68.5756,4004.085,145.068,100.0,100.0,0,0,16.18,REGEN,230.75
2059,68.6089,4005.426,144.384,100.0,0.0,0,0,16.3,DEPLOY,750.0
2060,68.6423,4006.762,144.111,100.0,0.0,0,0,16.0,DEPLOY,750.0
2061,68.6756,4008.094,143.837,100.0,0.0,0,0,15.71,DEPLOY,750.0
2062,68.7089,4009.424,143.565,100.0,0.0,0,0,15.42,DEPLOY,750.0
2063,68.7422,4010.752,143.293,100.0,0.0,0,0,15.13,DEPLOY,750.0
2064,68.7756,4012.076,143.023,100.0,0.0,0,0,14.84,DEPLOY,750.0
2065,68.8089,4013.399,142.753,100.0,0.0,0,0,14.55,DEPLOY,750.0
2066,68.8422,4014.719,142.485,100.0,0.0,0,0,14.26,DEPLOY,750.0
2067,68.8755,4016.037,142.212,100.0,0.0,0,0,13.96,DEPLOY,750.0
2068,68.9088,4017.352,141.938,100.0,0.0,0,0,13.67,DEPLOY,750.0
2069,68.9422,4018.665,141.665,100.0,0.0,0,0,13.39,DEPLOY,750.0
2070,68.9755,4019.974,141.392,100.0,0.0,0,0,13.1,DEPLOY,750.0
2071,69.0088,4021.282,141.119,100.0,0.0,0,0,12.81,DEPLOY,750.0
2072,69.0421,4022.587,140.847,100.0,0.0,0,0,12.53,DEPLOY,750.0
2073,69.0754,4023.889,140.576,100.0,0.0,0,0,12.25,DEPLOY,750.0
2074,69.1088,4025.189,140.305,100.0,0.0,0,0,11.97,DEPLOY,750.0
2075,69.1421,4026.486,140.035,100.0,0.0,0,0,11.69,DEPLOY,750.0
2076,69.1754,4027.781,139.765,100.0,0.0,0,0,11.41,DEPLOY,341.08
2077,69.2087,4029.074,139.496,0.0,100.0,0,0,11.15,REGEN,-350.0
2078,69.2421,4030.364,139.227,0.0,100.0,0,0,11.43,REGEN,-350.0
2079,69.2754,4031.651,138.959,0.0,100.0,0,0,11.71,REGEN,-350.0
2080,69.3087,4032.937,138.691,0.0,100.0,0,0,11.99,REGEN,-350.0
2081,69.342,4034.218,138.424,0.0,100.0,0,0,12.27,REGEN,-350.0
2082,69.3753,4035.499,138.158,0.0,100.0,0,0,12.55,REGEN,-350.0
2083,69.4087,4036.776,137.891,0.0,100.0,0,0,12.84,REGEN,-350.0
2084,69.442,4038.051,137.626,0.0,100.0,0,0,13.12,REGEN,-350.0
2085,69.4753,4039.324,137.36,0.0,100.0,0,0,13.41,REGEN,-350.0
2086,69.5086,4040.594,137.096,0.0,100.0,0,0,13.7,REGEN,-350.0
2087,69.5419,4041.862,136.832,0.0,100.0,0,0,13.99,REGEN,-350.0
2088,69.5753,4043.128,136.568,0.0,100.0,0,0,14.28,REGEN,-350.0
2089,69.6086,4044.39,136.305,0.0,100.0,0,0,14.57,REGEN,-350.0
2090,69.6419,4045.65,136.042,0.0,100.0,0,0,14.86,REGEN,-350.0
2091,69.6752,4046.909,135.78,0.0,100.0,0,0,15.15,REGEN,-350.0
2092,69.7086,4048.164,135.519,100.0,100.0,0,0,15.44,REGEN,266.41
2093,69.7419,4049.417,135.23,100.0,0.0,0,0,15.55,DEPLOY,750.0
2094,69.7752,4050.667,134.875,100.0,0.0,0,0,15.26,DEPLOY,750.0
2095,69.8085,4051.914,134.576,100.0,0.0,0,0,14.97,DEPLOY,750.0
2096,69.8418,4053.159,134.308,100.0,0.0,0,0,14.68,DEPLOY,750.0
2097,69.8752,4054.401,134.113,100.0,0.0,0,0,14.39,DEPLOY,750.0
2098,69.9085,4055.641,133.899,100.0,0.0,0,0,14.1,DEPLOY,750.0
2099,69.9418,4056.88,133.664,100.0,0.0,0,0,13.81,DEPLOY,750.0
2100,69.9751,4058.115,133.429,100.0,0.0,0,0,13.51,DEPLOY,750.0
2101,70.0084,4059.35,133.275,100.0,0.0,0,0,13.22,DEPLOY,750.0
2102,70.0418,4060.584,133.371,100.0,0.0,0,0,12.93,DEPLOY,750.0
2103,70.0751,4061.821,133.679,100.0,0.0,0,0,12.64,DEPLOY,750.0
2104,70.1084,4063.059,134.116,100.0,0.0,0,0,12.35,DEPLOY,750.0
2105,70.1417,4064.304,134.668,100.0,0.0,0,0,12.06,DEPLOY,750.0
2106,70.1751,4065.553,135.242,100.0,0.0,0,0,11.76,DEPLOY,750.0
2107,70.2084,4066.807,135.849,100.0,0.0,0,0,11.47,DEPLOY,750.0
2108,70.2417,4068.069,136.509,100.0,0.0,0,0,11.18,DEPLOY,750.0
2109,70.275,4069.335,137.206,100.0,0.0,0,0,10.89,DEPLOY,750.0
2110,70.3083,4070.609,137.988,100.0,0.0,0,0,10.6,DEPLOY,750.0
2111,70.3417,4071.891,138.851,100.0,0.0,0,0,10.31,DEPLOY,750.0
2112,70.375,4073.178,139.768,100.0,0.0,0,0,10.02,DEPLOY,750.0
2113,70.4083,4074.478,140.778,100.0,0.0,0,0,9.72,DEPLOY,750.0
2114,70.4416,4075.787,141.834,100.0,0.0,0,0,9.43,DEPLOY,750.0
2115,70.4749,4077.102,142.928,100.0,0.0,0,0,9.14,DEPLOY,750.0
2116,70.5083,4078.432,144.049,100.0,0.0,0,0,8.85,DEPLOY,750.0
2117,70.5416,4079.77,145.078,100.0,0.0,0,0,8.56,DEPLOY,750.0
2118,70.5749,4081.116,146.045,100.0,0.0,0,0,8.27,DEPLOY,750.0
2119,70.6082,4082.476,147.395,100.0,0.0,0,0,7.97,DEPLOY,750.0
2120,70.6416,4083.847,148.779,100.0,0.0,0,0,7.68,DEPLOY,750.0
2121,70.6749,4085.229,150.196,100.0,0.0,0,0,7.39,DEPLOY,750.0
2122,70.7082,4086.627,151.661,100.0,0.0,0,0,7.1,DEPLOY,750.0
2123,70.7415,4088.039,153.16,100.0,0.0,0,0,6.81,DEPLOY,750.0
2124,70.7748,4089.462,154.688,100.0,0.0,0,0,6.52,DEPLOY,750.0
2125,70.8082,4090.9,156.246,100.0,0.0,0,0,6.23,DEPLOY,750.0
2126,70.8415,4092.356,157.838,100.0,0.0,0,0,5.93,DEPLOY,750.0
2127,70.8748,4093.824,159.441,100.0,0.0,0,0,5.64,DEPLOY,750.0
2128,70.9081,4095.305,161.036,100.0,0.0,0,0,5.35,DEPLOY,750.0
2129,70.9414,4096.803,162.554,100.0,0.0,0,0,5.06,DEPLOY,750.0
2130,70.9748,4098.315,163.867,100.0,0.0,0,0,4.77,DEPLOY,750.0
2131,71.0081,4099.838,165.146,100.0,0.0,0,0,4.48,DEPLOY,750.0
2132,71.0414,4101.371,166.434,100.0,0.0,0,0,4.19,DEPLOY,750.0
2133,71.0747,4102.917,167.734,100.0,0.0,0,0,3.9,DEPLOY,750.0
2134,71.1081,4104.477,169.044,100.0,0.0,0,0,3.6,DEPLOY,750.0
2135,71.1414,4106.048,170.361,100.0,0.0,0,0,3.31,DEPLOY,750.0
2136,71.1747,4107.631,171.683,100.0,0.0,0,0,3.02,DEPLOY,750.0
2137,71.208,4109.224,173.002,100.0,0.0,0,0,2.73,DEPLOY,750.0
2138,71.2413,4110.832,174.277,100.0,0.0,0,0,2.44,DEPLOY,750.0
2139,71.2747,4112.452,175.564,100.0,0.0,0,0,2.15,DEPLOY,750.0
2140,71.308,4114.083,176.859,100.0,0.0,0,0,1.86,DEPLOY,750.0
2141,71.3413,4115.726,178.163,100.0,0.0,0,0,1.56,DEPLOY,750.0
2142,71.3746,4117.38,179.475,100.0,0.0,0,0,1.27,DEPLOY,750.0
2143,71.4079,4119.047,180.793,100.0,0.0,0,0,0.98,DEPLOY,750.0
2144,71.4413,4120.727,182.121,100.0,0.0,0,0,0.69,DEPLOY,750.0
2145,71.4746,4122.42,183.457,100.0,0.0,0,0,0.4,DEPLOY,750.0
2146,71.5079,4124.124,184.802,100.0,0.0,0,0,0.13,DEPLOY,750.0
2147,71.5412,4125.841,186.156,100.0,0.0,0,0,0.0,DEPLOY,750.0
2148,71.5746,4127.57,187.518,100.0,0.0,0,0,0.0,DEPLOY,750.0
2149,71.6079,4129.311,188.888,100.0,0.0,0,0,0.0,DEPLOY,750.0
2150,71.6412,4131.065,190.266,100.0,0.0,0,0,0.0,DEPLOY,750.0
2151,71.6745,4132.833,191.649,100.0,0.0,0,0,0.0,DEPLOY,750.0
2152,71.7078,4134.614,193.036,100.0,0.0,0,0,0.0,DEPLOY,750.0
2153,71.7412,4136.408,194.427,100.0,0.0,0,0,0.0,DEPLOY,750.0
2154,71.7745,4138.214,195.822,100.0,0.0,0,0,0.0,DEPLOY,750.0
2155,71.8078,4140.033,197.22,100.0,0.0,0,0,0.0,DEPLOY,750.0
2156,71.8411,4141.865,198.622,100.0,0.0,0,0,0.0,DEPLOY,750.0
2157,71.8744,4143.71,200.026,100.0,0.0,0,0,0.0,DEPLOY,748.79
2158,71.9078,4145.567,201.433,100.0,0.0,0,0,0.0,DEPLOY,744.88
2159,71.9411,4147.438,202.843,100.0,0.0,0,0,0.0,DEPLOY,739.85
2160,71.9744,4149.322,204.257,100.0,0.0,0,0,0.0,DEPLOY,734.8
2161,72.0077,4151.219,205.674,100.0,0.0,0,0,0.0,DEPLOY,729.74
2162,72.0411,4153.129,207.095,100.0,0.0,0,0,0.0,DEPLOY,724.66
2163,72.0744,4155.052,208.519,100.0,0.0,0,0,0.0,DEPLOY,719.57
2164,72.1077,4156.989,209.928,100.0,0.0,0,0,0.0,DEPLOY,714.48
2165,72.141,4158.938,211.304,100.0,0.0,0,0,0.0,DEPLOY,709.37
2166,72.1743,4160.901,212.674,100.0,0.0,0,0,0.0,DEPLOY,704.25
2167,72.2077,4162.875,214.04,100.0,0.0,0,0,0.0,DEPLOY,699.12
2168,72.241,4164.863,215.401,100.0,0.0,0,0,0.0,DEPLOY,693.98
2169,72.2743,4166.863,216.756,100.0,0.0,0,0,0.0,DEPLOY,688.83
2170,72.3076,4168.875,218.106,100.0,0.0,0,0,0.0,DEPLOY,683.66
2171,72.3409,4170.9,219.448,100.0,0.0,0,0,0.0,DEPLOY,678.49
2172,72.3743,4172.938,220.783,100.0,0.0,0,0,0.0,DEPLOY,673.3
2173,72.4076,4174.987,222.109,100.0,0.0,0,0,0.0,DEPLOY,668.1
2174,72.4409,4177.049,223.427,100.0,0.0,0,0,0.0,DEPLOY,662.91
2175,72.4742,4179.123,224.734,100.0,0.0,0,0,0.0,DEPLOY,657.81
2176,72.5076,4181.209,226.032,100.0,0.0,0,0,0.0,DEPLOY,652.81
2177,72.5409,4183.308,227.318,100.0,0.0,0,0,0.0,DEPLOY,647.91
2178,72.5742,4185.418,228.594,100.0,0.0,0,0,0.0,DEPLOY,643.09
2179,72.6075,4187.54,229.857,100.0,0.0,0,0,0.0,DEPLOY,638.36
2180,72.6408,4189.673,231.109,100.0,0.0,0,0,0.0,DEPLOY,633.71
2181,72.6742,4191.818,232.348,100.0,0.0,0,0,0.0,DEPLOY,629.14
2182,72.7075,4193.975,233.575,100.0,0.0,0,0,0.0,DEPLOY,624.65
2183,72.7408,4196.142,234.788,100.0,0.0,0,0,0.0,DEPLOY,620.24
2184,72.7741,4198.321,235.988,100.0,0.0,0,0,0.0,DEPLOY,615.9
2185,72.8075,4200.511,237.174,100.0,0.0,0,0,0.0,DEPLOY,611.63
2186,72.8408,4202.711,238.346,100.0,0.0,0,0,0.0,DEPLOY,607.44
2187,72.8741,4204.922,239.504,100.0,0.0,0,0,0.0,DEPLOY,603.31
2188,72.9074,4207.144,240.648,100.0,0.0,0,0,0.0,DEPLOY,599.25
2189,72.9407,4209.377,241.775,100.0,0.0,0,0,0.0,DEPLOY,595.26
2190,72.9741,4211.62,242.889,100.0,0.0,0,0,0.0,DEPLOY,591.33
2191,73.0074,4213.874,243.987,100.0,0.0,0,0,0.0,DEPLOY,587.46
2192,73.0407,4216.137,245.071,100.0,0.0,0,0,0.0,DEPLOY,583.65
2193,73.074,4218.41,246.14,100.0,0.0,0,0,0.0,DEPLOY,579.91
2194,73.1073,4220.693,247.195,100.0,0.0,0,0,0.0,DEPLOY,576.22
2195,73.1407,4222.986,248.235,100.0,0.0,0,0,0.0,DEPLOY,572.58
2196,73.174,4225.288,249.259,100.0,0.0,0,0,0.0,DEPLOY,569.01
2197,73.2073,4227.6,250.269,100.0,0.0,0,0,0.0,DEPLOY,565.49
2198,73.2406,4229.922,251.264,100.0,0.0,0,0,0.0,DEPLOY,562.02
2199,73.274,4232.252,252.246,100.0,0.0,0,0,0.0,DEPLOY,558.6
2200,73.3073,4234.591,253.213,100.0,0.0,0,0,0.0,DEPLOY,555.24
2201,73.3406,4236.939,254.167,100.0,0.0,0,0,0.0,DEPLOY,551.92
2202,73.3739,4239.296,255.106,100.0,0.0,0,0,0.0,DEPLOY,548.65
2203,73.4072,4241.662,256.031,100.0,0.0,0,0,0.0,DEPLOY,545.44
2204,73.4406,4244.036,256.943,100.0,0.0,0,0,0.0,DEPLOY,542.27
2205,73.4739,4246.418,257.841,100.0,0.0,0,0,0.0,DEPLOY,539.14
2206,73.5072,4248.809,258.728,100.0,0.0,0,0,0.0,DEPLOY,536.06
2207,73.5405,4251.207,259.601,100.0,0.0,0,0,0.0,DEPLOY,533.02
2208,73.5738,4253.614,260.461,100.0,0.0,0,0,0.0,DEPLOY,530.03
2209,73.6072,4256.029,261.309,100.0,0.0,0,0,0.0,DEPLOY,527.08
2210,73.6405,4258.452,262.145,100.0,0.0,0,0,0.0,DEPLOY,524.17
2211,73.6738,4260.882,262.969,100.0,0.0,0,0,0.0,DEPLOY,521.31
2212,73.7071,4263.319,263.781,100.0,0.0,0,0,0.0,DEPLOY,518.48
2213,73.7405,4265.765,264.581,100.0,0.0,0,0,0.0,DEPLOY,515.7
2214,73.7738,4268.218,265.371,100.0,0.0,0,0,0.0,DEPLOY,512.95
2215,73.8071,4270.677,266.149,100.0,0.0,0,0,0.0,DEPLOY,510.24
2216,73.8404,4273.144,266.917,100.0,0.0,0,0,0.0,DEPLOY,507.56
2217,73.8737,4275.618,267.674,100.0,0.0,0,0,0.0,DEPLOY,504.93
2218,73.9071,4278.1,268.42,100.0,0.0,0,0,0.0,DEPLOY,502.33
2219,73.9404,4280.587,269.156,100.0,0.0,0,0,0.0,DEPLOY,499.81
2220,73.9737,4283.082,269.883,100.0,0.0,0,0,0.0,DEPLOY,497.42
2221,74.007,4285.583,270.598,100.0,0.0,0,0,0.0,DEPLOY,495.09
2222,74.0403,4288.091,271.304,100.0,0.0,0,0,0.0,DEPLOY,492.79
2223,74.0737,4290.606,272.002,100.0,0.0,0,0,0.0,DEPLOY,490.53
2224,74.107,4293.126,272.69,100.0,0.0,0,0,0.0,DEPLOY,488.28
2225,74.1403,4295.654,273.367,100.0,0.0,0,0,0.0,DEPLOY,486.07
2226,74.1736,4298.187,274.037,100.0,0.0,0,0,0.0,DEPLOY,483.89
2227,74.207,4300.727,274.697,100.0,0.0,0,0,0.0,DEPLOY,481.74
2228,74.2403,4303.272,275.349,100.0,0.0,0,0,0.0,DEPLOY,479.61
2229,74.2736,4305.824,275.992,100.0,0.0,0,0,0.0,DEPLOY,477.51
2230,74.3069,4308.381,276.627,100.0,0.0,0,0,0.0,DEPLOY,475.44
2231,74.3402,4310.945,277.254,100.0,0.0,0,0,0.0,DEPLOY,473.39
2232,74.3736,4313.514,277.872,100.0,0.0,0,0,0.0,DEPLOY,471.37
2233,74.4069,4316.089,278.483,100.0,0.0,0,0,0.0,DEPLOY,469.37
2234,74.4402,4318.669,279.086,100.0,0.0,0,0,0.0,DEPLOY,467.4
2235,74.4735,4321.255,279.681,100.0,0.0,0,0,0.0,DEPLOY,465.46
2236,74.5068,4323.847,280.268,100.0,0.0,0,0,0.0,DEPLOY,463.54
2237,74.5402,4326.443,280.848,100.0,0.0,0,0,0.0,DEPLOY,461.64
2238,74.5735,4329.045,281.421,100.0,0.0,0,0,0.0,DEPLOY,459.76
2239,74.6068,4331.653,281.986,100.0,0.0,0,0,0.0,DEPLOY,457.91
2240,74.6401,4334.266,282.545,100.0,0.0,0,0,0.0,DEPLOY,456.09
2241,74.6735,4336.883,283.096,100.0,0.0,0,0,0.0,DEPLOY,454.28
2242,74.7068,4339.506,283.641,100.0,0.0,0,0,0.0,DEPLOY,452.5
2243,74.7401,4342.134,284.178,100.0,0.0,0,0,0.0,DEPLOY,450.73
2244,74.7734,4344.767,284.71,100.0,0.0,0,0,0.0,DEPLOY,448.99
2245,74.8067,4347.404,285.234,100.0,0.0,0,0,0.0,DEPLOY,447.27
2246,74.8401,4350.047,285.752,100.0,0.0,0,0,0.0,DEPLOY,445.58
2247,74.8734,4352.694,286.264,100.0,0.0,0,0,0.0,DEPLOY,443.9
2248,74.9067,4355.346,286.77,100.0,0.0,0,0,0.0,DEPLOY,442.24
2249,74.94,4358.003,287.269,100.0,0.0,0,0,0.0,DEPLOY,440.61
2250,74.9733,4360.664,287.762,100.0,0.0,0,0,0.0,DEPLOY,438.99
2251,75.0067,4363.33,288.25,100.0,0.0,0,0,0.0,DEPLOY,437.39
2252,75.04,4366.0,288.731,100.0,0.0,0,0,0.0,DEPLOY,435.81
2253,75.0733,4368.675,289.207,100.0,0.0,0,0,0.0,DEPLOY,434.25
2254,75.1066,4371.354,289.677,100.0,0.0,0,0,0.0,DEPLOY,432.71
2255,75.14,4374.037,290.141,100.0,0.0,0,0,0.0,DEPLOY,431.19
2256,75.1733,4376.725,290.601,100.0,0.0,0,0,0.0,DEPLOY,429.68
2257,75.2066,4379.417,291.054,100.0,0.0,0,0,0.0,DEPLOY,428.2
2258,75.2399,4382.113,291.502,100.0,0.0,0,0,0.0,DEPLOY,426.73
2259,75.2732,4384.813,291.946,100.0,0.0,0,0,0.0,DEPLOY,425.27
2260,75.3066,4387.517,292.384,100.0,0.0,0,0,0.0,DEPLOY,423.84
2261,75.3399,4390.226,292.816,100.0,0.0,0,0,0.0,DEPLOY,422.42
2262,75.3732,4392.938,293.245,100.0,0.0,0,0,0.0,DEPLOY,421.02
2263,75.4065,4395.654,293.668,100.0,0.0,0,0,0.0,DEPLOY,419.64
2264,75.4398,4398.374,294.086,100.0,0.0,0,0,0.0,DEPLOY,418.27
2265,75.4732,4401.098,294.5,100.0,0.0,0,0,0.0,DEPLOY,416.91
2266,75.5065,4403.826,294.909,100.0,0.0,0,0,0.0,DEPLOY,415.58
2267,75.5398,4406.558,295.314,100.0,0.0,0,0,0.0,DEPLOY,414.26
2268,75.5731,4409.293,295.714,100.0,0.0,0,0,0.0,DEPLOY,412.95
2269,75.6065,4412.032,296.11,100.0,0.0,0,0,0.0,DEPLOY,411.66
2270,75.6398,4414.774,296.502,100.0,0.0,0,0,0.0,DEPLOY,410.38
2271,75.6731,4417.521,296.89,100.0,0.0,0,0,0.0,DEPLOY,409.12
2272,75.7064,4420.271,297.274,100.0,0.0,0,0,0.0,DEPLOY,407.88
2273,75.7397,4423.024,297.654,100.0,0.0,0,0,0.0,DEPLOY,406.64
2274,75.7731,4425.781,298.031,100.0,0.0,0,0,0.0,DEPLOY,405.43
2275,75.8064,4428.541,298.404,100.0,0.0,0,0,0.0,DEPLOY,404.22
2276,75.8397,4431.305,298.773,100.0,0.0,0,0,0.0,DEPLOY,403.03
2277,75.873,4434.072,299.139,100.0,0.0,0,0,0.0,DEPLOY,401.86
2278,75.9063,4436.842,299.501,100.0,0.0,0,0,0.0,DEPLOY,400.69
2279,75.9397,4439.616,299.861,100.0,0.0,0,0,0.0,DEPLOY,400.0
2280,75.973,4442.393,300.217,100.0,0.0,0,0,0.0,DEPLOY,400.0
2281,76.0063,4445.174,300.57,100.0,0.0,0,0,0.0,DEPLOY,400.0
2282,76.0396,4447.957,300.92,100.0,0.0,0,0,0.0,DEPLOY,400.0
2283,76.073,4450.744,301.268,100.0,0.0,0,0,0.0,DEPLOY,400.0
2284,76.1063,4453.534,301.612,100.0,0.0,0,0,0.0,DEPLOY,400.0
2285,76.1396,4456.328,301.954,100.0,0.0,0,0,0.0,DEPLOY,400.0
2286,76.1729,4459.124,302.294,100.0,0.0,0,0,0.0,DEPLOY,400.0
2287,76.2062,4461.924,302.631,100.0,0.0,0,0,0.0,DEPLOY,400.0
2288,76.2396,4464.726,302.966,100.0,0.0,0,0,0.0,DEPLOY,400.0
2289,76.2729,4467.532,303.298,100.0,0.0,0,0,0.0,DEPLOY,400.0
2290,76.3062,4470.341,303.628,100.0,0.0,0,0,0.0,DEPLOY,400.0
2291,76.3395,4473.153,303.956,100.0,0.0,0,0,0.0,DEPLOY,400.0
2292,76.3728,4475.968,304.281,100.0,0.0,0,0,0.0,DEPLOY,400.0
2293,76.4062,4478.786,304.605,100.0,0.0,0,0,0.0,DEPLOY,400.0
2294,76.4395,4481.607,304.926,100.0,0.0,0,0,0.0,DEPLOY,400.0
2295,76.4728,4484.431,305.246,100.0,0.0,0,0,0.0,DEPLOY,400.0
2296,76.5061,4487.257,305.563,100.0,0.0,0,0,0.0,DEPLOY,400.0
2297,76.5395,4490.087,305.879,100.0,0.0,0,0,0.0,DEPLOY,400.0
2298,76.5728,4492.92,306.193,100.0,0.0,0,0,0.0,DEPLOY,400.0
2299,76.6061,4495.755,306.505,100.0,0.0,0,0,0.0,DEPLOY,400.0
2300,76.6394,4498.594,306.815,100.0,0.0,0,0,0.0,DEPLOY,400.0
2301,76.6727,4501.435,307.124,100.0,0.0,0,0,0.0,DEPLOY,400.0
2302,76.7061,4504.279,307.431,100.0,0.0,0,0,0.0,DEPLOY,400.0
2303,76.7394,4507.126,307.736,100.0,0.0,0,0,0.0,DEPLOY,400.0
2304,76.7727,4509.976,308.039,100.0,0.0,0,0,0.0,DEPLOY,400.0
2305,76.806,4512.829,308.341,100.0,0.0,0,0,0.0,DEPLOY,400.0
2306,76.8394,4515.684,308.642,100.0,0.0,0,0,0.0,DEPLOY,400.0
2307,76.8727,4518.542,308.94,100.0,0.0,0,0,0.0,DEPLOY,400.0
2308,76.906,4521.403,309.237,100.0,0.0,0,0,0.0,DEPLOY,400.0
2309,76.9393,4524.267,309.533,100.0,0.0,0,0,0.0,DEPLOY,400.0
2310,76.9726,4527.133,309.827,100.0,0.0,0,0,0.0,DEPLOY,400.0
2311,77.006,4530.002,310.119,100.0,0.0,0,0,0.0,DEPLOY,400.0
2312,77.0393,4532.874,310.41,100.0,0.0,0,0,0.0,DEPLOY,400.0
2313,77.0726,4535.748,310.699,100.0,0.0,0,0,0.0,DEPLOY,400.0
2314,77.1059,4538.626,310.987,100.0,0.0,0,0,0.0,DEPLOY,400.0
2315,77.1392,4541.505,311.274,100.0,0.0,0,0,0.0,DEPLOY,400.0
2316,77.1726,4544.388,311.558,100.0,0.0,0,0,0.0,DEPLOY,400.0
2317,77.2059,4547.273,311.842,100.0,0.0,0,0,0.0,DEPLOY,400.0
2318,77.2392,4550.161,312.123,100.0,0.0,0,0,0.0,DEPLOY,400.0
2319,77.2725,4553.051,312.404,100.0,0.0,0,0,0.0,DEPLOY,400.0
2320,77.3059,4555.944,312.682,100.0,0.0,0,0,0.0,DEPLOY,400.0
2321,77.3392,4558.839,312.96,100.0,0.0,0,0,0.0,DEPLOY,400.0
2322,77.3725,4561.737,313.236,100.0,0.0,0,0,0.0,DEPLOY,400.0
2323,77.4058,4564.638,313.51,100.0,0.0,0,0,0.0,DEPLOY,400.0
2324,77.4391,4567.541,313.782,100.0,0.0,0,0,0.0,DEPLOY,400.0
2325,77.4725,4570.447,314.053,100.0,0.0,0,0,0.0,DEPLOY,400.0
2326,77.5058,4573.355,314.323,100.0,0.0,0,0,0.0,DEPLOY,400.0
2327,77.5391,4576.265,314.591,100.0,0.0,0,0,0.0,DEPLOY,400.0
2328,77.5724,4579.178,314.857,100.0,0.0,0,0,0.0,DEPLOY,400.0
2329,77.6057,4582.094,315.121,100.0,0.0,0,0,0.0,DEPLOY,400.0
2330,77.6391,4585.012,315.384,100.0,0.0,0,0,0.0,DEPLOY,400.0
2331,77.6724,4587.932,315.645,100.0,0.0,0,0,0.0,DEPLOY,400.0
2332,77.7057,4590.855,315.904,100.0,0.0,0,0,0.0,DEPLOY,400.0
2333,77.739,4593.78,316.161,100.0,0.0,0,0,0.0,DEPLOY,400.0
2334,77.7724,4596.708,316.415,100.0,0.0,0,0,0.0,DEPLOY,400.0
2335,77.8057,4599.638,316.668,100.0,0.0,0,0,0.0,DEPLOY,400.0
2336,77.839,4602.57,316.919,100.0,0.0,0,0,0.0,DEPLOY,400.0
2337,77.8723,4605.504,317.167,100.0,0.0,0,0,0.0,DEPLOY,400.0
2338,77.9056,4608.441,317.413,100.0,0.0,0,0,0.0,DEPLOY,400.0
2339,77.939,4611.38,317.656,100.0,0.0,0,0,0.0,DEPLOY,400.0
2340,77.9723,4614.322,317.896,100.0,0.0,0,0,0.0,DEPLOY,400.0
2341,78.0056,4617.265,318.134,100.0,0.0,0,0,0.0,NORMAL,400.0
2342,78.0389,4620.211,318.369,100.0,0.0,0,0,0.0,NORMAL,400.0
2343,78.0722,4623.159,318.6,100.0,0.0,0,0,0.0,NORMAL,400.0
2344,78.1056,4626.109,318.829,100.0,0.0,0,0,0.0,NORMAL,400.0
2345,78.1389,4629.061,319.054,100.0,0.0,0,0,0.0,NORMAL,400.0
2346,78.1722,4632.015,319.275,100.0,0.0,0,0,0.0,NORMAL,400.0
2347,78.2055,4634.971,319.493,100.0,0.0,0,0,0.0,NORMAL,400.0
2348,78.2389,4637.93,319.708,100.0,0.0,0,0,0.0,NORMAL,400.0
2349,78.2722,4640.89,319.918,100.0,0.0,0,0,0.0,NORMAL,400.0
2350,78.3055,4643.852,320.124,100.0,0.0,0,0,0.0,NORMAL,400.0
2351,78.3388,4646.816,320.327,100.0,0.0,0,0,0.0,NORMAL,400.0
2352,78.3721,4649.782,320.525,100.0,0.0,0,0,0.0,NORMAL,400.0
2353,78.4055,4652.749,320.719,100.0,0.0,0,0,0.0,NORMAL,400.0
2354,78.4388,4655.719,320.909,100.0,0.0,0,0,0.0,NORMAL,400.0
2355,78.4721,4658.69,321.095,100.0,0.0,0,0,0.0,NORMAL,400.0
2356,78.5054,4661.663,321.276,100.0,0.0,0,0,0.0,NORMAL,385.59
2357,78.5387,4664.638,321.453,100.0,0.0,0,0,0.03,SUPERCLIP,335.0
2358,78.5721,4667.614,321.626,100.0,0.0,0,0,0.08,SUPERCLIP,335.0
2359,78.6054,4670.591,321.794,100.0,0.0,0,0,0.13,SUPERCLIP,335.0
2360,78.6387,4673.571,321.957,100.0,0.0,0,0,0.19,SUPERCLIP,335.0
2361,78.672,4676.551,322.116,100.0,0.0,0,0,0.24,SUPERCLIP,335.0
2362,78.7054,4679.534,322.271,100.0,0.0,0,0,0.3,SUPERCLIP,335.0
2363,78.7387,4682.517,322.421,100.0,0.0,0,0,0.35,SUPERCLIP,335.0
2364,78.772,4685.502,322.567,100.0,0.0,0,0,0.4,SUPERCLIP,335.0
2365,78.8053,4688.489,322.707,100.0,0.0,0,0,0.46,SUPERCLIP,335.0
2366,78.8386,4691.476,322.844,100.0,0.0,0,0,0.51,SUPERCLIP,335.0
2367,78.872,4694.465,322.974,100.0,0.0,0,0,0.57,SUPERCLIP,335.0
2368,78.9053,4697.455,323.1,100.0,0.0,0,0,0.62,SUPERCLIP,335.0
2369,78.9386,4700.446,323.219,100.0,0.0,0,0,0.67,SUPERCLIP,335.0
2370,78.9719,4703.438,323.333,100.0,0.0,0,0,0.73,SUPERCLIP,335.0
2371,79.0052,4706.432,323.439,100.0,0.0,0,0,0.78,SUPERCLIP,335.0
2372,79.0386,4709.426,323.539,100.0,0.0,0,0,0.84,SUPERCLIP,335.0
2373,79.0719,4712.421,323.629,100.0,0.0,0,0,0.89,SUPERCLIP,335.0
2374,79.1052,4715.417,323.71,100.0,0.0,0,0,0.95,SUPERCLIP,335.0
2375,79.1385,4718.413,323.779,100.0,0.0,0,0,1.0,SUPERCLIP,335.0
2376,79.1719,4721.411,323.836,100.0,0.0,0,0,1.05,SUPERCLIP,335.0
2377,79.2052,4724.408,323.878,100.0,0.0,0,0,1.11,SUPERCLIP,335.0
2378,79.2385,4727.406,323.904,100.0,0.0,0,0,1.16,SUPERCLIP,335.0
2379,79.2718,4730.404,323.91,100.0,0.0,0,0,1.22,SUPERCLIP,335.0
2380,79.3051,4733.402,323.895,100.0,0.0,0,0,1.27,SUPERCLIP,335.0
2381,79.3385,4736.4,323.853,100.0,0.0,0,0,1.32,SUPERCLIP,335.0
2382,79.3718,4739.397,323.784,100.0,0.0,0,0,1.38,SUPERCLIP,335.0
2383,79.4051,4742.394,323.68,100.0,0.0,0,0,1.43,SUPERCLIP,335.0
2384,79.4384,4745.389,323.541,100.0,0.0,0,0,1.49,SUPERCLIP,335.0
2385,79.4717,4748.383,323.358,100.0,0.0,0,0,1.54,SUPERCLIP,335.0
2386,79.5051,4751.375,323.131,100.0,0.0,0,0,1.59,SUPERCLIP,335.0
2387,79.5384,4754.364,322.848,100.0,0.0,0,0,1.65,SUPERCLIP,335.0
2388,79.5717,4757.351,322.511,100.0,0.0,0,0,1.7,SUPERCLIP,335.0
2389,79.605,4760.334,322.105,100.0,0.0,0,0,1.75,SUPERCLIP,335.0
2390,79.6384,4763.314,321.636,100.0,0.0,0,0,1.81,SUPERCLIP,335.0
2391,79.6717,4766.288,321.082,100.0,0.0,0,0,1.86,SUPERCLIP,335.0
2392,79.705,4769.258,320.456,100.0,0.0,0,0,1.91,SUPERCLIP,335.0
2393,79.7383,4772.22,319.73,100.0,0.0,0,0,1.97,SUPERCLIP,335.0
2394,79.7716,4775.176,318.921,100.0,0.0,0,0,2.02,SUPERCLIP,335.0
2395,79.805,4778.123,318.001,100.0,0.0,0,0,2.07,SUPERCLIP,335.0
2396,79.8383,4781.063,316.986,100.0,0.0,0,0,2.13,SUPERCLIP,335.0
2397,79.8716,4783.991,315.852,100.0,0.0,0,0,2.18,SUPERCLIP,335.0
2398,79.9049,4786.909,314.612,100.0,0.0,0,0,2.23,SUPERCLIP,335.0
2399,79.9382,4789.815,313.251,100.0,0.0,0,0,2.28,SUPERCLIP,335.0
2400,79.9716,4792.707,311.772,0.0,0.0,0,0,2.33,SUPERCLIP,-161.34
2401,80.0049,4795.586,310.174,0.0,100.0,0,0,2.57,REGEN,-350.0
2402,80.0382,4798.449,308.45,0.0,100.0,0,0,2.85,REGEN,-350.0
2403,80.0715,4801.296,306.614,0.0,100.0,0,0,3.12,REGEN,-350.0
2404,80.1049,4804.124,304.646,0.0,100.0,0,0,3.39,REGEN,-350.0
2405,80.1382,4806.935,302.571,0.0,100.0,0,0,3.66,REGEN,-350.0
2406,80.1715,4809.725,300.379,0.0,100.0,0,0,3.93,REGEN,-350.0
2407,80.2048,4812.494,298.076,0.0,100.0,0,0,4.2,REGEN,-350.0
2408,80.2381,4815.244,295.679,0.0,100.0,0,0,4.46,REGEN,-350.0
2409,80.2715,4817.967,293.17,0.0,100.0,0,0,4.73,REGEN,-350.0
2410,80.3048,4820.669,290.546,0.0,100.0,0,0,4.99,REGEN,-350.0
2411,80.3381,4823.347,287.785,0.0,100.0,0,0,5.26,REGEN,-350.0
2412,80.3714,4825.995,284.866,0.0,100.0,0,0,5.53,REGEN,-350.0
2413,80.4047,4828.618,281.815,0.0,100.0,0,0,5.8,REGEN,-350.0
2414,80.4381,4831.214,278.634,0.0,100.0,0,0,6.08,REGEN,-350.0
2415,80.4714,4833.776,275.311,0.0,100.0,0,0,6.36,REGEN,-350.0
2416,80.5047,4836.307,271.869,0.0,100.0,0,0,6.64,REGEN,-350.0
2417,80.538,4838.808,268.319,0.0,100.0,0,0,6.93,REGEN,-350.0
2418,80.5714,4841.277,264.67,0.0,100.0,0,0,7.21,REGEN,-350.0
2419,80.6047,4843.706,260.724,0.0,100.0,0,0,7.5,REGEN,-350.0
2420,80.638,4846.095,255.599,0.0,100.0,0,0,7.8,REGEN,-350.0
2421,80.6713,4848.435,250.094,0.0,100.0,0,0,8.09,REGEN,-350.0
2422,80.7046,4850.726,244.758,0.0,100.0,0,0,8.38,REGEN,-350.0
2423,80.738,4852.969,239.586,0.0,100.0,0,0,8.67,REGEN,-350.0
2424,80.7713,4855.164,234.582,0.0,100.0,0,0,8.96,REGEN,-350.0
2425,80.8046,4857.314,229.801,0.0,100.0,0,0,9.25,REGEN,-350.0
2426,80.8379,4859.419,225.237,0.0,100.0,0,0,9.55,REGEN,-350.0
2427,80.8713,4861.483,220.862,0.0,100.0,0,0,9.84,REGEN,-350.0
2428,80.9046,4863.508,216.661,0.0,100.0,0,0,10.13,REGEN,-350.0
2429,80.9379,4865.494,212.623,0.0,100.0,0,0,10.42,REGEN,-350.0
2430,80.9712,4867.445,208.738,0.0,100.0,0,0,10.71,REGEN,-350.0
2431,81.0045,4869.36,204.996,0.0,100.0,0,0,11.0,REGEN,-350.0
2432,81.0379,4871.241,201.392,0.0,100.0,0,0,11.29,REGEN,-350.0
2433,81.0712,4873.088,197.923,0.0,100.0,0,0,11.59,REGEN,-350.0
2434,81.1045,4874.903,194.575,0.0,100.0,0,0,11.88,REGEN,-350.0
2435,81.1378,4876.688,191.341,0.0,100.0,0,0,12.17,REGEN,-350.0
2436,81.1711,4878.444,188.213,0.0,100.0,0,0,12.46,REGEN,-350.0
2437,81.2045,4880.172,185.183,0.0,100.0,0,0,12.75,REGEN,-350.0
2438,81.2378,4881.873,182.241,0.0,100.0,0,0,13.04,REGEN,-350.0
2439,81.2711,4883.548,179.384,0.0,100.0,0,0,13.34,REGEN,-350.0
2440,81.3044,4885.197,176.626,0.0,100.0,0,0,13.63,REGEN,-350.0
2441,81.3378,4886.817,173.968,0.0,100.0,0,0,13.92,REGEN,-350.0
2442,81.3711,4888.414,171.387,0.0,100.0,0,0,14.21,REGEN,-350.0
2443,81.4044,4889.989,168.881,0.0,100.0,0,0,14.5,REGEN,-350.0
2444,81.4377,4891.543,166.445,0.0,100.0,0,0,14.79,REGEN,-350.0
2445,81.471,4893.073,164.089,0.0,100.0,0,0,15.09,REGEN,-350.0
2446,81.5044,4894.579,161.813,0.0,100.0,0,0,15.38,REGEN,-350.0
2447,81.5377,4896.066,159.598,0.0,100.0,0,0,15.67,REGEN,-350.0
2448,81.571,4897.536,157.441,0.0,100.0,0,0,15.96,REGEN,-350.0
2449,81.6043,4898.983,155.357,0.0,100.0,0,0,16.25,REGEN,-350.0
2450,81.6376,4900.409,153.342,0.0,100.0,0,0,16.54,REGEN,-350.0
2451,81.671,4901.82,151.377,0.0,100.0,0,0,16.83,REGEN,-350.0
2452,81.7043,4903.216,149.464,0.0,100.0,0,0,17.13,REGEN,-350.0
2453,81.7376,4904.587,147.626,0.0,100.0,0,0,17.42,REGEN,-350.0
2454,81.7709,4905.945,145.827,0.0,100.0,0,0,17.71,REGEN,-350.0
2455,81.8043,4907.291,144.067,0.0,100.0,0,0,18.0,REGEN,-350.0
2456,81.8376,4908.612,142.375,0.0,100.0,0,0,18.29,REGEN,-350.0
2457,81.8709,4909.923,140.733,0.0,100.0,0,0,18.58,REGEN,-350.0
2458,81.9042,4911.221,139.142,0.0,100.0,0,0,18.88,REGEN,-350.0
2459,81.9375,4912.499,137.702,0.0,100.0,0,0,19.17,REGEN,-350.0
2460,81.9709,4913.768,136.243,0.0,100.0,0,0,19.46,REGEN,-350.0
2461,82.0042,4915.023,134.739,0.0,100.0,0,0,19.75,REGEN,-350.0
2462,82.0375,4916.261,133.277,0.0,100.0,0,0,20.04,REGEN,-350.0
2463,82.0708,4917.491,131.836,0.0,100.0,0,0,20.33,REGEN,-350.0
2464,82.1041,4918.702,130.444,0.0,100.0,0,0,20.62,REGEN,-350.0
2465,82.1375,4919.903,129.084,0.0,100.0,0,0,20.92,REGEN,-350.0
2466,82.1708,4921.094,127.754,0.0,100.0,0,0,21.21,REGEN,-350.0
2467,82.2041,4922.268,126.472,0.0,100.0,0,0,21.5,REGEN,-350.0
2468,82.2374,4923.436,125.205,0.0,100.0,0,0,21.79,REGEN,-350.0
2469,82.2708,4924.586,123.976,0.0,100.0,0,0,22.08,REGEN,-350.0
2470,82.3041,4925.729,122.757,0.0,100.0,0,0,22.37,REGEN,-350.0
2471,82.3374,4926.86,121.555,0.0,100.0,0,0,22.67,REGEN,-350.0
2472,82.3707,4927.978,120.368,0.0,100.0,0,0,22.96,REGEN,-350.0
2473,82.404,4929.089,119.192,0.0,100.0,0,0,23.25,REGEN,-350.0
2474,82.4374,4930.184,118.048,0.0,100.0,0,0,23.54,REGEN,-350.0
2475,82.4707,4931.276,116.912,0.0,100.0,0,0,23.83,REGEN,-350.0
2476,82.504,4932.349,115.838,0.0,100.0,0,0,24.12,REGEN,-350.0
2477,82.5373,4933.42,114.773,0.0,100.0,0,0,24.42,REGEN,-350.0
2478,82.5706,4934.474,113.776,0.0,100.0,0,0,24.71,REGEN,-350.0
2479,82.604,4935.525,112.795,0.0,100.0,0,0,25.0,REGEN,-350.0
2480,82.6373,4936.563,111.874,0.0,100.0,0,0,25.29,REGEN,-350.0
2481,82.6706,4937.596,110.964,0.0,100.0,0,0,25.58,REGEN,-350.0
2482,82.7039,4938.617,110.079,0.0,100.0,0,0,25.87,REGEN,-350.0
2483,82.7373,4939.633,109.177,0.0,100.0,0,0,26.16,REGEN,-350.0
2484,82.7706,4940.638,108.237,0.0,100.0,0,0,26.46,REGEN,-350.0
2485,82.8039,4941.636,107.265,0.0,100.0,0,0,26.75,REGEN,-350.0
2486,82.8372,4942.623,106.232,0.0,100.0,0,0,27.04,REGEN,-350.0
2487,82.8705,4943.603,105.176,0.0,100.0,0,0,27.33,REGEN,-350.0
2488,82.9039,4944.569,104.073,0.0,100.0,0,0,27.62,REGEN,-350.0
2489,82.9372,4945.53,102.965,0.0,100.0,0,0,27.91,REGEN,-350.0
2490,82.9705,4946.474,101.839,0.0,100.0,0,0,28.21,REGEN,-350.0
2491,83.0038,4947.416,100.72,0.0,100.0,0,0,28.5,REGEN,-350.0
2492,83.0371,4948.339,99.643,0.0,100.0,0,0,28.79,REGEN,-350.0
2493,83.0705,4949.262,98.566,0.0,100.0,0,0,29.08,REGEN,-350.0
2494,83.1038,4950.165,97.636,0.0,100.0,0,0,29.37,REGEN,-350.0
2495,83.1371,4951.067,96.715,0.0,100.0,0,0,29.66,REGEN,-350.0
2496,83.1704,4951.958,96.029,0.0,100.0,0,0,29.95,REGEN,-4.87
2497,83.2038,4952.845,95.438,100.0,100.0,0,0,30.25,REGEN,480.98
2498,83.2371,4953.728,95.057,100.0,0.0,0,0,30.28,DEPLOY,750.0
2499,83.2704,4954.607,94.939,100.0,0.0,0,0,29.99,DEPLOY,750.0
2500,83.3037,4955.486,94.821,100.0,0.0,0,0,29.69,DEPLOY,750.0
2501,83.337,4956.362,94.702,100.0,0.0,0,0,29.4,DEPLOY,750.0
2502,83.3704,4957.239,94.584,100.0,0.0,0,0,29.11,DEPLOY,750.0
2503,83.4037,4958.113,94.466,100.0,0.0,0,0,28.82,DEPLOY,750.0
2504,83.437,4958.987,94.348,100.0,0.0,0,0,28.53,DEPLOY,750.0
2505,83.4703,4959.86,94.231,100.0,0.0,0,0,28.24,DEPLOY,750.0
2506,83.5036,4960.732,94.114,100.0,0.0,0,0,27.95,DEPLOY,750.0
2507,83.537,4961.603,94.079,100.0,0.0,0,0,27.65,DEPLOY,750.0
2508,83.5703,4962.475,94.214,100.0,0.0,0,0,27.36,DEPLOY,750.0
2509,83.6036,4963.347,94.35,100.0,0.0,0,0,27.07,DEPLOY,750.0
2510,83.6369,4964.223,94.567,100.0,0.0,0,0,26.78,DEPLOY,750.0
2511,83.6703,4965.098,94.785,100.0,0.0,0,0,26.49,DEPLOY,750.0
2512,83.7036,4965.977,94.973,100.0,0.0,0,0,26.2,DEPLOY,750.0
2513,83.7369,4966.857,95.15,100.0,0.0,0,0,25.92,DEPLOY,750.0
2514,83.7702,4967.738,95.327,100.0,0.0,0,0,25.63,DEPLOY,750.0
2515,83.8035,4968.621,95.506,100.0,0.0,0,0,25.35,DEPLOY,750.0
2516,83.8369,4969.506,95.684,100.0,0.0,0,0,25.07,DEPLOY,750.0
2517,83.8702,4970.393,95.863,100.0,0.0,0,0,24.78,DEPLOY,750.0
2518,83.9035,4971.28,96.043,100.0,0.0,0,0,24.5,DEPLOY,750.0
2519,83.9368,4972.171,96.224,100.0,0.0,0,0,24.21,DEPLOY,750.0
2520,83.9701,4973.062,96.404,100.0,0.0,0,0,23.92,DEPLOY,750.0
2521,84.0035,4973.955,96.586,100.0,0.0,0,0,23.64,DEPLOY,750.0
2522,84.0368,4974.85,96.767,100.0,0.0,0,0,23.35,DEPLOY,750.0
2523,84.0701,4975.746,96.949,100.0,0.0,0,0,23.06,DEPLOY,750.0
2524,84.1034,4976.645,97.13,100.0,0.0,0,0,22.77,DEPLOY,750.0
2525,84.1368,4977.544,97.301,100.0,0.0,0,0,22.48,DEPLOY,750.0
2526,84.1701,4978.446,97.428,100.0,0.0,0,0,22.19,DEPLOY,750.0
2527,84.2034,4979.347,97.555,100.0,0.0,0,0,21.89,DEPLOY,750.0
2528,84.2367,4980.256,98.152,100.0,0.0,0,0,21.6,DEPLOY,750.0
2529,84.27,4981.166,98.756,100.0,0.0,0,0,21.31,DEPLOY,750.0
2530,84.3034,4982.086,99.49,100.0,0.0,0,0,21.02,DEPLOY,750.0
2531,84.3367,4983.009,100.261,100.0,0.0,0,0,20.73,DEPLOY,750.0
2532,84.37,4983.941,101.051,100.0,0.0,0,0,20.44,DEPLOY,750.0
2533,84.4033,4984.88,101.853,100.0,0.0,0,0,20.14,DEPLOY,750.0
2534,84.4366,4985.826,102.635,100.0,0.0,0,0,19.85,DEPLOY,750.0
2535,84.47,4986.78,103.395,100.0,0.0,0,0,19.56,DEPLOY,750.0
2536,84.5033,4987.739,104.139,100.0,0.0,0,0,19.27,DEPLOY,750.0
2537,84.5366,4988.708,104.856,100.0,0.0,0,0,18.98,DEPLOY,750.0
2538,84.5699,4989.68,105.572,100.0,0.0,0,0,18.69,DEPLOY,750.0
2539,84.6033,4990.662,106.287,100.0,0.0,0,0,18.4,DEPLOY,750.0
2540,84.6366,4991.647,107.006,100.0,0.0,0,0,18.1,DEPLOY,750.0
2541,84.6699,4992.643,107.738,100.0,0.0,0,0,17.81,DEPLOY,750.0
2542,84.7032,4993.642,108.473,100.0,0.0,0,0,17.52,DEPLOY,750.0
2543,84.7365,4994.651,109.222,100.0,0.0,0,0,17.23,DEPLOY,750.0
2544,84.7699,4995.664,109.98,100.0,0.0,0,0,16.94,DEPLOY,750.0
2545,84.8032,4996.687,110.763,100.0,0.0,0,0,16.65,DEPLOY,750.0
2546,84.8365,4997.715,111.573,100.0,0.0,0,0,16.35,DEPLOY,750.0
2547,84.8698,4998.753,112.44,100.0,0.0,0,0,16.06,DEPLOY,750.0
2548,84.9032,4999.797,113.348,100.0,0.0,0,0,15.77,DEPLOY,750.0
2549,84.9365,5000.851,114.323,100.0,0.0,0,0,15.48,DEPLOY,750.0
2550,84.9698,5001.914,115.336,100.0,0.0,0,0,15.19,DEPLOY,750.0
2551,85.0031,5002.986,116.388,100.0,0.0,0,0,14.9,DEPLOY,750.0
2552,85.0364,5004.069,117.449,100.0,0.0,0,0,14.61,DEPLOY,750.0
2553,85.0698,5005.159,118.514,100.0,0.0,0,0,14.31,DEPLOY,750.0
2554,85.1031,5006.263,119.546,100.0,0.0,0,0,14.02,DEPLOY,750.0
2555,85.1364,5007.37,120.569,100.0,0.0,0,0,13.73,DEPLOY,750.0
2556,85.1697,5008.494,121.544,100.0,0.0,0,0,13.44,DEPLOY,750.0
2557,85.203,5009.622,122.519,100.0,0.0,0,0,13.15,DEPLOY,750.0
2558,85.2364,5010.762,123.492,100.0,0.0,0,0,12.86,DEPLOY,750.0
2559,85.2697,5011.909,124.493,100.0,0.0,0,0,12.56,DEPLOY,750.0
2560,85.303,5013.066,125.53,100.0,0.0,0,0,12.27,DEPLOY,750.0
2561,85.3363,5014.234,126.628,100.0,0.0,0,0,11.98,DEPLOY,750.0
2562,85.3697,5015.408,127.75,100.0,0.0,0,0,11.69,DEPLOY,750.0
2563,85.403,5016.6,128.951,100.0,0.0,0,0,11.4,DEPLOY,750.0
2564,85.4363,5017.797,130.174,100.0,0.0,0,0,11.11,DEPLOY,750.0
2565,85.4696,5019.008,131.441,100.0,0.0,0,0,10.81,DEPLOY,750.0
2566,85.5029,5020.232,132.694,100.0,0.0,0,0,10.52,DEPLOY,750.0
2567,85.5363,5021.463,133.941,100.0,0.0,0,0,10.23,DEPLOY,750.0
2568,85.5696,5022.711,135.188,100.0,0.0,0,0,9.94,DEPLOY,750.0
2569,85.6029,5023.968,136.467,100.0,0.0,0,0,9.65,DEPLOY,750.0
2570,85.6362,5025.235,137.787,100.0,0.0,0,0,9.36,DEPLOY,750.0
2571,85.6695,5026.519,139.11,100.0,0.0,0,0,9.07,DEPLOY,750.0
2572,85.7029,5027.812,140.445,100.0,0.0,0,0,8.77,DEPLOY,750.0
2573,85.7362,5029.117,141.803,100.0,0.0,0,0,8.48,DEPLOY,750.0
2574,85.7695,5030.438,143.2,100.0,0.0,0,0,8.19,DEPLOY,750.0
2575,85.8028,5031.769,144.621,100.0,0.0,0,0,7.9,DEPLOY,750.0
2576,85.8362,5033.114,146.077,100.0,0.0,0,0,7.61,DEPLOY,750.0
2577,85.8695,5034.474,147.556,100.0,0.0,0,0,7.32,DEPLOY,750.0
2578,85.9028,5035.846,149.047,100.0,0.0,0,0,7.02,DEPLOY,750.0
2579,85.9361,5037.231,150.549,100.0,0.0,0,0,6.73,DEPLOY,750.0
2580,85.9694,5038.634,152.06,100.0,0.0,0,0,6.44,DEPLOY,750.0
2581,86.0028,5040.048,153.581,100.0,0.0,0,0,6.15,DEPLOY,750.0
2582,86.0361,5041.474,155.109,100.0,0.0,0,0,5.86,DEPLOY,750.0
2583,86.0694,5042.918,156.573,100.0,0.0,0,0,5.57,DEPLOY,750.0
2584,86.1027,5044.375,157.977,100.0,0.0,0,0,5.28,DEPLOY,750.0
2585,86.136,5045.842,159.351,100.0,0.0,0,0,4.98,DEPLOY,750.0
2586,86.1694,5047.322,160.724,100.0,0.0,0,0,4.69,DEPLOY,750.0
2587,86.2027,5048.818,162.098,100.0,0.0,0,0,4.4,DEPLOY,750.0
2588,86.236,5050.325,163.472,100.0,0.0,0,0,4.11,DEPLOY,750.0
2589,86.2693,5051.844,164.847,100.0,0.0,0,0,3.82,DEPLOY,750.0
2590,86.3027,5053.374,166.224,100.0,0.0,0,0,3.53,DEPLOY,750.0
2591,86.336,5054.921,167.603,100.0,0.0,0,0,3.24,DEPLOY,750.0
2592,86.3693,5056.479,168.983,100.0,0.0,0,0,2.95,DEPLOY,750.0
2593,86.4026,5058.049,170.363,100.0,0.0,0,0,2.66,DEPLOY,750.0
2594,86.4359,5059.631,171.744,100.0,0.0,0,0,2.37,DEPLOY,750.0
2595,86.4693,5061.227,173.125,100.0,0.0,0,0,2.08,DEPLOY,750.0
2596,86.5026,5062.837,174.477,100.0,0.0,0,0,1.79,DEPLOY,750.0
2597,86.5359,5064.459,175.817,100.0,0.0,0,0,1.5,DEPLOY,750.0
2598,86.5692,5066.092,177.157,100.0,0.0,0,0,1.2,DEPLOY,750.0
2599,86.6025,5067.737,178.506,100.0,0.0,0,0,0.91,DEPLOY,750.0
2600,86.6359,5069.394,179.862,100.0,0.0,0,0,0.62,DEPLOY,750.0
2601,86.6692,5071.067,181.224,100.0,0.0,0,0,0.33,DEPLOY,750.0
2602,86.7025,5072.751,182.59,100.0,0.0,0,0,0.09,DEPLOY,750.0
2603,86.7358,5074.448,183.959,100.0,0.0,0,0,0.0,DEPLOY,750.0
2604,86.7692,5076.157,185.331,100.0,0.0,0,0,0.0,DEPLOY,750.0
2605,86.8025,5077.878,186.706,100.0,0.0,0,0,0.0,DEPLOY,750.0
2606,86.8358,5079.612,188.084,100.0,0.0,0,0,0.0,DEPLOY,750.0
2607,86.8691,5081.358,189.465,100.0,0.0,0,0,0.0,DEPLOY,750.0
2608,86.9024,5083.119,190.849,100.0,0.0,0,0,0.0,DEPLOY,750.0
2609,86.9358,5084.893,192.236,100.0,0.0,0,0,0.0,DEPLOY,750.0
2610,86.9691,5086.679,193.626,100.0,0.0,0,0,0.0,DEPLOY,750.0
2611,87.0024,5088.478,195.02,100.0,0.0,0,0,0.0,DEPLOY,750.0
2612,87.0357,5090.289,196.416,100.0,0.0,0,0,0.0,DEPLOY,750.0
2613,87.069,5092.113,197.816,100.0,0.0,0,0,0.0,DEPLOY,750.0
2614,87.1024,5093.951,199.218,100.0,0.0,0,0,0.0,DEPLOY,749.68
2615,87.1357,5095.801,200.624,100.0,0.0,0,0,0.0,DEPLOY,747.77
2616,87.169,5097.664,202.033,100.0,0.0,0,0,0.0,DEPLOY,742.74
2617,87.2023,5099.54,203.446,100.0,0.0,0,0,0.0,DEPLOY,737.69
2618,87.2357,5101.429,204.862,100.0,0.0,0,0,0.0,DEPLOY,732.64
2619,87.269,5103.332,206.281,100.0,0.0,0,0,0.0,DEPLOY,727.57
2620,87.3023,5105.249,207.703,100.0,0.0,0,0,0.0,DEPLOY,722.49
2621,87.3356,5107.178,209.114,100.0,0.0,0,0,0.0,DEPLOY,717.4
2622,87.3689,5109.12,210.496,100.0,0.0,0,0,0.0,DEPLOY,712.29
2623,87.4023,5111.075,211.871,100.0,0.0,0,0,0.0,DEPLOY,707.18
2624,87.4356,5113.042,213.242,100.0,0.0,0,0,0.0,DEPLOY,702.05
2625,87.4689,5115.022,214.609,100.0,0.0,0,0,0.0,DEPLOY,696.91
2626,87.5022,5117.015,215.97,100.0,0.0,0,0,0.0,DEPLOY,691.76
2627,87.5355,5119.02,217.325,100.0,0.0,0,0,0.0,DEPLOY,686.6
2628,87.5689,5121.038,218.673,100.0,0.0,0,0,0.0,DEPLOY,681.43
2629,87.6022,5123.068,220.014,100.0,0.0,0,0,0.0,DEPLOY,676.25
2630,87.6355,5125.111,221.346,100.0,0.0,0,0,0.0,DEPLOY,671.06
2631,87.6688,5127.165,222.67,100.0,0.0,0,0,0.0,DEPLOY,665.86
2632,87.7022,5129.232,223.984,100.0,0.0,0,0,0.0,DEPLOY,660.71
2633,87.7355,5131.311,225.289,100.0,0.0,0,0,0.0,DEPLOY,655.65
2634,87.7688,5133.402,226.582,100.0,0.0,0,0,0.0,DEPLOY,650.69
2635,87.8021,5135.506,227.865,100.0,0.0,0,0,0.0,DEPLOY,645.82
2636,87.8354,5137.621,229.136,100.0,0.0,0,0,0.0,DEPLOY,641.04
2637,87.8688,5139.748,230.395,100.0,0.0,0,0,0.0,DEPLOY,636.35
2638,87.9021,5141.886,231.642,100.0,0.0,0,0,0.0,DEPLOY,631.73
2639,87.9354,5144.036,232.876,100.0,0.0,0,0,0.0,DEPLOY,627.2
2640,87.9687,5146.198,234.097,100.0,0.0,0,0,0.0,DEPLOY,622.74
2641,88.002,5148.37,235.304,100.0,0.0,0,0,0.0,DEPLOY,618.36
2642,88.0354,5150.554,236.498,100.0,0.0,0,0,0.0,DEPLOY,614.06
2643,88.0687,5152.748,237.679,100.0,0.0,0,0,0.0,DEPLOY,609.82
2644,88.102,5154.953,238.845,100.0,0.0,0,0,0.0,DEPLOY,605.65
2645,88.1353,5157.169,239.997,100.0,0.0,0,0,0.0,DEPLOY,601.56
2646,88.1687,5159.395,241.134,100.0,0.0,0,0,0.0,DEPLOY,597.52
2647,88.202,5161.632,242.256,100.0,0.0,0,0,0.0,DEPLOY,593.56
2648,88.2353,5163.88,243.362,100.0,0.0,0,0,0.0,DEPLOY,589.66
2649,88.2686,5166.138,244.455,100.0,0.0,0,0,0.0,DEPLOY,585.82
2650,88.3019,5168.406,245.532,100.0,0.0,0,0,0.0,DEPLOY,582.04
2651,88.3353,5170.683,246.595,100.0,0.0,0,0,0.0,DEPLOY,578.32
2652,88.3686,5172.97,247.643,100.0,0.0,0,0,0.0,DEPLOY,574.65
2653,88.4019,5175.267,248.677,100.0,0.0,0,0,0.0,DEPLOY,571.04
2654,88.4352,5177.573,249.695,100.0,0.0,0,0,0.0,DEPLOY,567.49
2655,88.4685,5179.89,250.699,100.0,0.0,0,0,0.0,DEPLOY,563.99
2656,88.5019,5182.215,251.688,100.0,0.0,0,0,0.0,DEPLOY,560.54
2657,88.5352,5184.549,252.663,100.0,0.0,0,0,0.0,DEPLOY,557.15
2658,88.5685,5186.892,253.624,100.0,0.0,0,0,0.0,DEPLOY,553.81
2659,88.6018,5189.244,254.572,100.0,0.0,0,0,0.0,DEPLOY,550.51
2660,88.6352,5191.604,255.505,100.0,0.0,0,0,0.0,DEPLOY,547.26
2661,88.6685,5193.974,256.424,100.0,0.0,0,0,0.0,DEPLOY,544.07
2662,88.7018,5196.351,257.33,100.0,0.0,0,0,0.0,DEPLOY,540.92
2663,88.7351,5198.737,258.224,100.0,0.0,0,0,0.0,DEPLOY,537.81
2664,88.7684,5201.131,259.104,100.0,0.0,0,0,0.0,DEPLOY,534.75
2665,88.8018,5203.533,259.972,100.0,0.0,0,0,0.0,DEPLOY,531.73
2666,88.8351,5205.944,260.827,100.0,0.0,0,0,0.0,DEPLOY,528.76
2667,88.8684,5208.362,261.669,100.0,0.0,0,0,0.0,DEPLOY,525.83
2668,88.9017,5210.788,262.5,100.0,0.0,0,0,0.0,DEPLOY,522.94
2669,88.9351,5213.221,263.319,100.0,0.0,0,0,0.0,DEPLOY,520.09
2670,88.9684,5215.662,264.127,100.0,0.0,0,0,0.0,DEPLOY,517.28
2671,89.0017,5218.111,264.922,100.0,0.0,0,0,0.0,DEPLOY,514.51
2672,89.035,5220.567,265.707,100.0,0.0,0,0,0.0,DEPLOY,511.78
2673,89.0683,5223.03,266.481,100.0,0.0,0,0,0.0,DEPLOY,509.08
2674,89.1017,5225.499,267.244,100.0,0.0,0,0,0.0,DEPLOY,506.43
2675,89.135,5227.977,267.996,100.0,0.0,0,0,0.0,DEPLOY,503.81
2676,89.1683,5230.461,268.737,100.0,0.0,0,0,0.0,DEPLOY,501.23
2677,89.2016,5232.952,269.469,100.0,0.0,0,0,0.0,DEPLOY,498.77
2678,89.2349,5235.449,270.192,100.0,0.0,0,0,0.0,DEPLOY,496.42
2679,89.2683,5237.953,270.903,100.0,0.0,0,0,0.0,DEPLOY,494.1
2680,89.3016,5240.464,271.605,100.0,0.0,0,0,0.0,DEPLOY,491.82
2681,89.3349,5242.981,272.298,100.0,0.0,0,0,0.0,DEPLOY,489.56
2682,89.3682,5245.504,272.982,100.0,0.0,0,0,0.0,DEPLOY,487.33
2683,89.4016,5248.035,273.656,100.0,0.0,0,0,0.0,DEPLOY,485.13
2684,89.4349,5250.571,274.322,100.0,0.0,0,0,0.0,DEPLOY,482.96
2685,89.4682,5253.113,274.979,100.0,0.0,0,0,0.0,DEPLOY,480.82
2686,89.5015,5255.661,275.627,100.0,0.0,0,0,0.0,DEPLOY,478.7
2687,89.5348,5258.215,276.266,100.0,0.0,0,0,0.0,DEPLOY,476.62
2688,89.5682,5260.775,276.897,100.0,0.0,0,0,0.0,DEPLOY,474.56
2689,89.6015,5263.341,277.521,100.0,0.0,0,0,0.0,DEPLOY,472.52
2690,89.6348,5265.912,278.136,100.0,0.0,0,0,0.0,DEPLOY,470.51
2691,89.6681,5268.49,278.743,100.0,0.0,0,0,0.0,DEPLOY,468.52
2692,89.7014,5271.072,279.342,100.0,0.0,0,0,0.0,DEPLOY,466.56
2693,89.7348,5273.661,279.934,100.0,0.0,0,0,0.0,DEPLOY,464.63
2694,89.7681,5276.255,280.518,100.0,0.0,0,0,0.0,DEPLOY,462.72
2695,89.8014,5278.854,281.095,100.0,0.0,0,0,0.0,DEPLOY,460.83
2696,89.8347,5281.458,281.665,100.0,0.0,0,0,0.0,DEPLOY,458.96
2697,89.8681,5284.068,282.227,100.0,0.0,0,0,0.0,DEPLOY,457.12
2698,89.9014,5286.683,282.782,100.0,0.0,0,0,0.0,DEPLOY,455.31
2699,89.9347,5289.303,283.331,100.0,0.0,0,0,0.0,DEPLOY,453.51
2700,89.968,5291.928,283.873,100.0,0.0,0,0,0.0,DEPLOY,451.74
2701,90.0013,5294.558,284.407,100.0,0.0,0,0,0.0,DEPLOY,449.98
2702,90.0347,5297.193,284.936,100.0,0.0,0,0,0.0,DEPLOY,448.25
2703,90.068,5299.832,285.458,100.0,0.0,0,0,0.0,DEPLOY,446.54
2704,90.1013,5302.477,285.973,100.0,0.0,0,0,0.0,DEPLOY,444.85
2705,90.1346,5305.126,286.482,100.0,0.0,0,0,0.0,DEPLOY,443.18
2706,90.1679,5307.78,286.985,100.0,0.0,0,0,0.0,DEPLOY,441.54
2707,90.2013,5310.439,287.482,100.0,0.0,0,0,0.0,DEPLOY,439.91
2708,90.2346,5313.102,287.973,100.0,0.0,0,0,0.0,DEPLOY,438.3
2709,90.2679,5315.77,288.457,100.0,0.0,0,0,0.0,DEPLOY,436.71
2710,90.3012,5318.442,288.936,100.0,0.0,0,0,0.0,DEPLOY,435.14
2711,90.3346,5321.118,289.41,100.0,0.0,0,0,0.0,DEPLOY,433.59
2712,90.3679,5323.799,289.877,100.0,0.0,0,0,0.0,DEPLOY,432.05
2713,90.4012,5326.485,290.339,100.0,0.0,0,0,0.0,DEPLOY,430.54
2714,90.4345,5329.174,290.796,100.0,0.0,0,0,0.0,DEPLOY,429.04
2715,90.4678,5331.868,291.247,100.0,0.0,0,0,0.0,DEPLOY,427.56
2716,90.5012,5334.566,291.693,100.0,0.0,0,0,0.0,DEPLOY,426.1
2717,90.5345,5337.268,292.134,100.0,0.0,0,0,0.0,DEPLOY,424.66
2718,90.5678,5339.974,292.569,100.0,0.0,0,0,0.0,DEPLOY,423.23
2719,90.6011,5342.684,293.0,100.0,0.0,0,0,0.0,DEPLOY,421.82
2720,90.6344,5345.397,293.426,100.0,0.0,0,0,0.0,DEPLOY,420.42
2721,90.6678,5348.116,293.846,100.0,0.0,0,0,0.0,DEPLOY,419.05
2722,90.7011,5350.837,294.262,100.0,0.0,0,0,0.0,DEPLOY,417.68
2723,90.7344,5353.563,294.673,100.0,0.0,0,0,0.0,DEPLOY,416.34
2724,90.7677,5356.292,295.08,100.0,0.0,0,0,0.0,DEPLOY,415.01
2725,90.8011,5359.025,295.482,100.0,0.0,0,0,0.0,DEPLOY,413.69
2726,90.8344,5361.762,295.879,100.0,0.0,0,0,0.0,DEPLOY,412.39
2727,90.8677,5364.503,296.271,100.0,0.0,0,0,0.0,DEPLOY,411.11
2728,90.901,5367.247,296.66,100.0,0.0,0,0,0.0,DEPLOY,409.84
2729,90.9343,5369.994,297.044,100.0,0.0,0,0,0.0,DEPLOY,408.59
2730,90.9677,5372.746,297.423,100.0,0.0,0,0,0.0,DEPLOY,407.35
2731,91.001,5375.5,297.798,100.0,0.0,0,0,0.0,DEPLOY,406.12
2732,91.0343,5378.258,298.168,100.0,0.0,0,0,0.0,DEPLOY,404.91
2733,91.0676,5381.02,298.535,100.0,0.0,0,0,0.0,DEPLOY,403.71
2734,91.1009,5383.785,298.896,100.0,0.0,0,0,0.0,DEPLOY,402.52
2735,91.1343,5386.553,299.253,100.0,0.0,0,0,0.0,DEPLOY,401.35
2736,91.1676,5389.324,299.605,100.0,0.0,0,0,0.0,DEPLOY,400.2
2737,91.2009,5392.099,299.953,100.0,0.0,0,0,0.0,DEPLOY,400.0
2738,91.2342,5394.877,300.296,100.0,0.0,0,0,0.0,DEPLOY,400.0
2739,91.2676,5397.658,300.633,100.0,0.0,0,0,0.0,DEPLOY,400.0
2740,91.3009,5400.443,300.966,100.0,0.0,0,0,0.0,DEPLOY,400.0
2741,91.3342,5403.23,301.293,100.0,0.0,0,0,0.0,DEPLOY,400.0
2742,91.3675,5406.02,301.614,100.0,0.0,0,0,0.0,DEPLOY,400.0
2743,91.4008,5408.813,301.93,100.0,0.0,0,0,0.0,DEPLOY,400.0
2744,91.4342,5411.609,302.239,100.0,0.0,0,0,0.0,DEPLOY,400.0
2745,91.4675,5414.408,302.542,100.0,0.0,0,0,0.0,DEPLOY,400.0
2746,91.5008,5417.21,302.839,100.0,0.0,0,0,0.0,DEPLOY,400.0
2747,91.5341,5420.014,303.128,100.0,0.0,0,0,0.0,DEPLOY,400.0
2748,91.5674,5422.821,303.41,100.0,0.0,0,0,0.0,DEPLOY,400.0
2749,91.6008,5425.631,303.685,100.0,0.0,0,0,0.0,DEPLOY,400.0
2750,91.6341,5428.443,303.951,100.0,0.0,0,0,0.0,DEPLOY,400.0
2751,91.6674,5431.258,304.21,100.0,0.0,0,0,0.0,DEPLOY,400.0
2752,91.7007,5434.075,304.46,100.0,0.0,0,0,0.0,DEPLOY,400.0
2753,91.7341,5436.894,304.701,100.0,0.0,0,0,0.0,DEPLOY,400.0
2754,91.7674,5439.715,304.934,100.0,0.0,0,0,0.0,DEPLOY,400.0
2755,91.8007,5442.539,305.156,100.0,0.0,0,0,0.0,DEPLOY,400.0
2756,91.834,5445.364,305.37,100.0,0.0,0,0,0.0,DEPLOY,400.0
2757,91.8673,5448.192,305.574,100.0,0.0,0,0,0.0,DEPLOY,400.0
2758,91.9007,5451.021,305.768,100.0,0.0,0,0,0.0,DEPLOY,400.0
2759,91.934,5453.852,305.952,100.0,0.0,0,0,0.0,DEPLOY,400.0
2760,91.9673,5456.685,306.127,100.0,0.0,0,0,0.0,DEPLOY,400.0
