frame,time_s,distance,speed,throttle,brake,gear,rpm,soc_pct,mode,power_kw
0,0.0,0.0,308.21,100.0,0.0,0,0,100.0,DEPLOY,400.0
1,0.0333,2.854,308.405,100.0,0.0,0,0,100.0,DEPLOY,400.0
2,0.0666,5.71,308.705,100.0,0.0,0,0,100.0,DEPLOY,400.0
3,0.1,8.569,309.003,100.0,0.0,0,0,100.0,DEPLOY,400.0
4,0.1333,11.43,309.3,100.0,0.0,0,0,100.0,DEPLOY,400.0
5,0.1666,14.294,309.595,100.0,0.0,0,0,100.0,DEPLOY,400.0
6,0.1999,17.162,309.889,100.0,0.0,0,0,100.0,DEPLOY,400.0
7,0.2333,20.031,310.181,100.0,0.0,0,0,100.0,DEPLOY,400.0
8,0.2666,22.904,310.471,100.0,0.0,0,0,100.0,DEPLOY,400.0
9,0.2999,25.779,310.76,100.0,0.0,0,0,100.0,DEPLOY,400.0
10,0.3332,28.657,311.048,100.0,0.0,0,0,100.0,DEPLOY,400.0
11,0.3665,31.537,311.334,100.0,0.0,0,0,100.0,DEPLOY,400.0
12,0.3999,34.42,311.619,100.0,0.0,0,0,100.0,DEPLOY,400.0
13,0.4332,37.306,311.902,100.0,0.0,0,0,100.0,DEPLOY,400.0
14,0.4665,40.194,312.184,100.0,0.0,0,0,100.0,DEPLOY,400.0
15,0.4998,43.085,312.464,100.0,0.0,0,0,100.0,DEPLOY,400.0
16,0.5332,45.979,312.743,100.0,0.0,0,0,100.0,DEPLOY,400.0
17,0.5665,48.875,313.021,100.0,0.0,0,0,100.0,DEPLOY,400.0
18,0.5998,51.773,313.297,100.0,0.0,0,0,100.0,DEPLOY,400.0
19,0.6331,54.675,313.571,100.0,0.0,0,0,100.0,DEPLOY,400.0
20,0.6664,57.578,313.832,100.0,0.0,0,0,100.0,DEPLOY,400.0
21,0.6998,60.484,314.08,100.0,0.0,0,0,100.0,DEPLOY,400.0
22,0.7331,63.393,314.328,100.0,0.0,0,0,100.0,DEPLOY,400.0
23,0.7664,66.303,314.577,100.0,0.0,0,0,100.0,DEPLOY,400.0
24,0.7997,69.216,314.825,100.0,0.0,0,0,100.0,DEPLOY,400.0
25,0.8331,72.132,315.073,100.0,0.0,0,0,100.0,DEPLOY,400.0
26,0.8664,75.049,315.32,100.0,0.0,0,0,100.0,DEPLOY,400.0
27,0.8997,77.969,315.566,100.0,0.0,0,0,100.0,DEPLOY,400.0
28,0.933,80.891,315.811,100.0,0.0,0,0,100.0,DEPLOY,400.0
29,0.9663,83.815,316.054,100.0,0.0,0,0,100.0,DEPLOY,400.0
30,0.9997,86.742,316.295,100.0,0.0,0,0,100.0,DEPLOY,400.0
31,1.033,89.671,316.533,100.0,0.0,0,0,100.0,DEPLOY,400.0
32,1.0663,92.602,316.769,100.0,0.0,0,0,100.0,DEPLOY,400.0
33,1.0996,95.535,317.003,100.0,0.0,0,0,100.0,DEPLOY,400.0
34,1.133,98.47,317.233,100.0,0.0,0,0,100.0,DEPLOY,400.0
35,1.1663,101.408,317.46,100.0,0.0,0,0,100.0,DEPLOY,400.0
36,1.1996,104.347,317.684,100.0,0.0,0,0,100.0,DEPLOY,400.0
37,1.2329,107.289,317.903,100.0,0.0,0,0,100.0,DEPLOY,400.0
38,1.2663,110.232,318.12,100.0,0.0,0,0,100.0,DEPLOY,400.0
39,1.2996,113.178,318.332,100.0,0.0,0,0,100.0,DEPLOY,400.0
40,1.3329,116.125,318.54,100.0,0.0,0,0,100.0,DEPLOY,400.0
41,1.3662,119.075,318.744,100.0,0.0,0,0,100.0,DEPLOY,400.0
42,1.3995,122.026,318.945,100.0,0.0,0,0,100.0,DEPLOY,400.0
43,1.4329,124.979,319.14,100.0,0.0,0,0,100.0,DEPLOY,400.0
44,1.4662,127.934,319.332,100.0,0.0,0,0,100.0,DEPLOY,400.0
45,1.4995,130.891,319.519,100.0,0.0,0,0,100.0,SUPERCLIP,335.0
46,1.5328,133.849,319.702,100.0,0.0,0,0,100.0,SUPERCLIP,335.0
47,1.5662,136.809,319.881,100.0,0.0,0,0,100.0,SUPERCLIP,335.0
48,1.5995,139.771,320.055,100.0,0.0,0,0,100.0,SUPERCLIP,335.0
49,1.6328,142.734,320.226,100.0,0.0,0,0,100.0,SUPERCLIP,335.0
50,1.6661,145.699,320.393,100.0,0.0,0,0,100.0,SUPERCLIP,335.0
51,1.6994,148.666,320.555,100.0,0.0,0,0,100.0,SUPERCLIP,335.0
52,1.7328,151.633,320.714,100.0,0.0,0,0,100.0,SUPERCLIP,335.0
53,1.7661,154.603,320.869,100.0,0.0,0,0,100.0,SUPERCLIP,335.0
54,1.7994,157.574,321.021,100.0,0.0,0,0,100.0,SUPERCLIP,335.0
55,1.8327,160.546,321.169,100.0,0.0,0,0,100.0,SUPERCLIP,335.0
56,1.8661,163.519,321.314,100.0,0.0,0,0,100.0,SUPERCLIP,335.0
57,1.8994,166.494,321.456,100.0,0.0,0,0,100.0,SUPERCLIP,335.0
58,1.9327,169.47,321.595,100.0,0.0,0,0,100.0,SUPERCLIP,335.0
59,1.966,172.447,321.732,100.0,0.0,0,0,100.0,SUPERCLIP,335.0
60,1.9993,175.426,321.865,100.0,0.0,0,0,100.0,SUPERCLIP,335.0
61,2.0327,178.406,321.997,100.0,0.0,0,0,100.0,SUPERCLIP,335.0
62,2.066,181.387,322.126,100.0,0.0,0,0,100.0,SUPERCLIP,335.0
63,2.0993,184.369,322.252,100.0,0.0,0,0,100.0,SUPERCLIP,335.0
64,2.1326,187.353,322.377,100.0,0.0,0,0,100.0,SUPERCLIP,335.0
65,2.166,190.337,322.5,100.0,0.0,0,0,100.0,SUPERCLIP,335.0
66,2.1993,193.323,322.621,100.0,0.0,0,0,100.0,SUPERCLIP,335.0
67,2.2326,196.31,322.741,100.0,0.0,0,0,100.0,SUPERCLIP,335.0
68,2.2659,199.298,322.859,100.0,0.0,0,0,100.0,SUPERCLIP,335.0
69,2.2992,202.287,322.975,100.0,0.0,0,0,100.0,SUPERCLIP,335.0
70,2.3326,205.277,323.089,100.0,0.0,0,0,100.0,SUPERCLIP,335.0
71,2.3659,208.268,323.203,100.0,0.0,0,0,100.0,SUPERCLIP,335.0
72,2.3992,211.26,323.314,100.0,0.0,0,0,100.0,SUPERCLIP,335.0
73,2.4325,214.253,323.424,100.0,0.0,0,0,100.0,SUPERCLIP,335.0
74,2.4659,217.247,323.533,100.0,0.0,0,0,100.0,SUPERCLIP,335.0
75,2.4992,220.243,323.64,100.0,0.0,0,0,100.0,SUPERCLIP,335.0
76,2.5325,223.239,323.744,100.0,0.0,0,0,100.0,SUPERCLIP,335.0
77,2.5658,226.236,323.847,100.0,0.0,0,0,100.0,SUPERCLIP,335.0
78,2.5991,229.234,323.947,100.0,0.0,0,0,100.0,SUPERCLIP,335.0
79,2.6325,232.233,324.045,100.0,0.0,0,0,100.0,SUPERCLIP,335.0
80,2.6658,235.233,324.14,100.0,0.0,0,0,100.0,SUPERCLIP,335.0
81,2.6991,238.233,324.231,100.0,0.0,0,0,100.0,SUPERCLIP,335.0
82,2.7324,241.235,324.318,100.0,0.0,0,0,100.0,SUPERCLIP,335.0
83,2.7658,244.237,324.4,100.0,0.0,0,0,100.0,SUPERCLIP,335.0
84,2.7991,247.24,324.476,100.0,0.0,0,0,100.0,SUPERCLIP,335.0
85,2.8324,250.244,324.546,100.0,0.0,0,0,100.0,SUPERCLIP,335.0
86,2.8657,253.249,324.607,100.0,0.0,0,0,100.0,SUPERCLIP,335.0
87,2.899,256.253,324.66,100.0,0.0,0,0,100.0,SUPERCLIP,335.0
88,2.9324,259.259,324.701,100.0,0.0,0,0,100.0,SUPERCLIP,335.0
89,2.9657,262.264,324.73,100.0,0.0,0,0,100.0,SUPERCLIP,335.0
90,2.999,265.27,324.743,100.0,0.0,0,0,100.0,SUPERCLIP,335.0
91,3.0323,268.276,324.74,100.0,0.0,0,0,100.0,SUPERCLIP,335.0
92,3.0657,271.282,324.715,100.0,0.0,0,0,100.0,SUPERCLIP,335.0
93,3.099,274.287,324.669,100.0,0.0,0,0,100.0,SUPERCLIP,335.0
94,3.1323,277.292,324.595,100.0,0.0,0,0,100.0,SUPERCLIP,335.0
95,3.1656,280.296,324.493,100.0,0.0,0,0,100.0,SUPERCLIP,335.0
96,3.1989,283.299,324.355,100.0,0.0,0,0,100.0,SUPERCLIP,335.0
97,3.2323,286.301,324.18,100.0,0.0,0,0,100.0,SUPERCLIP,335.0
98,3.2656,289.3,323.96,0.0,0.0,0,0,100.0,SUPERCLIP,-80.32
99,3.2989,292.298,323.694,0.0,100.0,0,0,100.0,REGEN,-350.0
100,3.3322,295.292,323.371,0.0,100.0,0,0,100.0,REGEN,-350.0
101,3.3656,298.284,322.992,0.0,100.0,0,0,100.0,REGEN,-350.0
102,3.3989,301.272,322.544,100.0,100.0,0,0,100.0,REGEN,51.28
103,3.4322,304.255,322.031,100.0,0.0,0,0,100.0,SUPERCLIP,335.0
104,3.4655,307.233,321.434,100.0,0.0,0,0,100.0,SUPERCLIP,335.0
105,3.4989,310.205,320.762,100.0,0.0,0,0,100.0,SUPERCLIP,335.0
106,3.5322,313.17,319.993,100.0,0.0,0,0,100.0,SUPERCLIP,335.0
107,3.5655,316.129,319.141,100.0,0.0,0,0,100.0,SUPERCLIP,335.0
108,3.5988,319.078,318.178,100.0,0.0,0,0,100.0,SUPERCLIP,335.0
109,3.6321,322.019,317.122,100.0,0.0,0,0,100.0,SUPERCLIP,335.0
110,3.6655,324.948,315.949,100.0,0.0,0,0,100.0,SUPERCLIP,335.0
111,3.6988,327.867,314.673,100.0,0.0,0,0,100.0,SUPERCLIP,335.0
112,3.7321,330.773,313.278,100.0,0.0,0,0,100.0,SUPERCLIP,335.0
113,3.7654,333.666,311.77,100.0,0.0,0,0,100.0,SUPERCLIP,335.0
114,3.7988,336.545,310.146,100.0,0.0,0,0,100.0,SUPERCLIP,225.26
115,3.8321,339.407,308.402,0.0,100.0,0,0,100.0,REGEN,-350.0
116,3.8654,342.254,306.55,0.0,100.0,0,0,100.0,REGEN,-350.0
117,3.8987,345.081,304.572,0.0,100.0,0,0,100.0,REGEN,-350.0
118,3.932,347.891,302.49,0.0,100.0,0,0,100.0,REGEN,-350.0
119,3.9654,350.681,300.299,0.0,100.0,0,0,100.0,REGEN,-350.0
120,3.9987,353.45,298.001,0.0,100.0,0,0,100.0,REGEN,-350.0
121,4.032,356.198,295.61,0.0,100.0,0,0,100.0,REGEN,-350.0
122,4.0653,358.922,293.084,0.0,100.0,0,0,100.0,REGEN,-350.0
123,4.0987,361.622,290.415,0.0,100.0,0,0,100.0,REGEN,-350.0
124,4.132,364.299,287.608,0.0,100.0,0,0,100.0,REGEN,-350.0
125,4.1653,366.946,284.644,0.0,100.0,0,0,100.0,REGEN,-350.0
126,4.1986,369.566,281.542,0.0,100.0,0,0,100.0,REGEN,-350.0
127,4.2319,372.158,278.327,0.0,100.0,0,0,100.0,REGEN,-350.0
128,4.2653,374.719,275.033,0.0,100.0,0,0,100.0,REGEN,-350.0
129,4.2986,377.248,271.644,0.0,100.0,0,0,100.0,REGEN,-350.0
130,4.3319,379.746,268.151,0.0,100.0,0,0,100.0,REGEN,-350.0
131,4.3652,382.213,264.563,0.0,100.0,0,0,100.0,REGEN,-350.0
132,4.3986,384.645,260.882,0.0,100.0,0,0,100.0,REGEN,-350.0
133,4.4319,387.04,256.849,0.0,100.0,0,0,100.0,REGEN,-350.0
134,4.4652,389.393,251.708,0.0,100.0,0,0,100.0,REGEN,-350.0
135,4.4985,391.698,246.345,0.0,100.0,0,0,100.0,REGEN,-350.0
136,4.5318,393.955,241.143,0.0,100.0,0,0,100.0,REGEN,-350.0
137,4.5652,396.164,236.076,0.0,100.0,0,0,100.0,REGEN,-350.0
138,4.5985,398.328,231.201,0.0,100.0,0,0,100.0,REGEN,-350.0
139,4.6318,400.447,226.538,0.0,100.0,0,0,100.0,REGEN,-350.0
140,4.6651,402.524,222.077,0.0,100.0,0,0,100.0,REGEN,-350.0
141,4.6985,404.56,217.812,0.0,100.0,0,0,100.0,REGEN,-350.0
142,4.7318,406.557,213.728,0.0,100.0,0,0,100.0,REGEN,-350.0
143,4.7651,408.517,209.819,0.0,100.0,0,0,100.0,REGEN,-350.0
144,4.7984,410.441,206.075,0.0,100.0,0,0,100.0,REGEN,-350.0
145,4.8317,412.331,202.487,0.0,100.0,0,0,100.0,REGEN,-350.0
146,4.8651,414.188,199.03,0.0,100.0,0,0,100.0,REGEN,-350.0
147,4.8984,416.014,195.649,0.0,100.0,0,0,100.0,REGEN,-350.0
148,4.9317,417.809,192.342,0.0,100.0,0,0,100.0,REGEN,-350.0
149,4.965,419.574,189.123,0.0,100.0,0,0,100.0,REGEN,-350.0
150,4.9984,421.31,185.998,0.0,100.0,0,0,100.0,REGEN,-350.0
151,5.0317,423.019,182.963,0.0,100.0,0,0,100.0,REGEN,-350.0
152,5.065,424.701,180.014,0.0,100.0,0,0,100.0,REGEN,-350.0
153,5.0983,426.353,177.16,0.0,100.0,0,0,100.0,REGEN,-350.0
154,5.1316,427.978,174.39,0.0,100.0,0,0,100.0,REGEN,-350.0
155,5.165,429.579,171.694,0.0,100.0,0,0,100.0,REGEN,-350.0
156,5.1983,431.156,169.067,0.0,100.0,0,0,100.0,REGEN,-350.0
157,5.2316,432.712,166.504,0.0,100.0,0,0,100.0,REGEN,-350.0
158,5.2649,434.24,164.02,0.0,100.0,0,0,100.0,REGEN,-350.0
159,5.2983,435.745,161.594,0.0,100.0,0,0,100.0,REGEN,-350.0
160,5.3316,437.231,159.222,0.0,100.0,0,0,100.0,REGEN,-350.0
161,5.3649,438.697,156.904,0.0,100.0,0,0,100.0,REGEN,-350.0
162,5.3982,440.136,154.661,0.0,100.0,0,0,100.0,REGEN,-350.0
163,5.4316,441.556,152.471,0.0,100.0,0,0,100.0,REGEN,-350.0
164,5.4649,442.959,150.327,0.0,100.0,0,0,100.0,REGEN,-350.0
165,5.4982,444.343,148.237,0.0,100.0,0,0,100.0,REGEN,-350.0
166,5.5315,445.703,146.21,0.0,100.0,0,0,100.0,REGEN,-350.0
167,5.5648,447.047,144.225,0.0,100.0,0,0,100.0,REGEN,-350.0
168,5.5982,448.377,142.28,0.0,100.0,0,0,100.0,REGEN,-350.0
169,5.6315,449.682,140.405,0.0,100.0,0,0,100.0,REGEN,-350.0
170,5.6648,450.972,138.571,0.0,100.0,0,0,100.0,REGEN,-350.0
171,5.6981,452.251,136.922,0.0,100.0,0,0,100.0,REGEN,-350.0
172,5.7315,453.517,136.677,0.0,100.0,0,0,100.0,REGEN,-350.0
173,5.7648,454.78,136.403,0.0,100.0,0,0,100.0,REGEN,-350.0
174,5.7981,456.04,135.869,0.0,100.0,0,0,100.0,REGEN,-350.0
175,5.8314,457.289,134.143,0.0,100.0,0,0,100.0,REGEN,-350.0
176,5.8647,458.521,132.397,0.0,100.0,0,0,100.0,REGEN,-350.0
177,5.8981,459.74,130.652,0.0,100.0,0,0,100.0,REGEN,-350.0
178,5.9314,460.942,128.938,0.0,100.0,0,0,100.0,REGEN,-350.0
179,5.9647,462.125,127.254,0.0,100.0,0,0,100.0,REGEN,-350.0
180,5.998,463.297,125.589,0.0,100.0,0,0,100.0,REGEN,-350.0
181,6.0314,464.453,123.952,0.0,100.0,0,0,100.0,REGEN,-350.0
182,6.0647,465.59,122.367,0.0,100.0,0,0,100.0,REGEN,-350.0
183,6.098,466.72,121.143,0.0,100.0,0,0,100.0,REGEN,-350.0
184,6.1313,467.841,120.951,0.0,100.0,0,0,100.0,REGEN,-350.0
185,6.1646,468.959,120.748,0.0,100.0,0,0,100.0,REGEN,-350.0
186,6.198,470.074,120.313,0.0,100.0,0,0,100.0,REGEN,-350.0
187,6.2313,471.181,118.969,0.0,100.0,0,0,100.0,REGEN,-350.0
188,6.2646,472.275,117.69,0.0,100.0,0,0,100.0,REGEN,-350.0
189,6.2979,473.362,116.452,0.0,100.0,0,0,100.0,REGEN,-350.0
190,6.3313,474.431,115.265,0.0,100.0,0,0,100.0,REGEN,-350.0
191,6.3646,475.494,114.08,0.0,100.0,0,0,100.0,REGEN,-350.0
192,6.3979,476.543,112.898,0.0,100.0,0,0,100.0,REGEN,-350.0
193,6.4312,477.583,111.728,0.0,100.0,0,0,100.0,REGEN,-350.0
194,6.4645,478.613,110.568,0.0,100.0,0,0,100.0,REGEN,-350.0
195,6.4979,479.628,109.398,0.0,100.0,0,0,100.0,REGEN,-350.0
196,6.5312,480.639,108.224,0.0,100.0,0,0,100.0,REGEN,-350.0
197,6.5645,481.632,107.084,0.0,100.0,0,0,100.0,REGEN,-350.0
198,6.5978,482.622,105.949,0.0,100.0,0,0,100.0,REGEN,-350.0
199,6.6312,483.593,104.848,0.0,100.0,0,0,100.0,REGEN,-350.0
200,6.6645,484.562,103.751,0.0,100.0,0,0,100.0,REGEN,-350.0
201,6.6978,485.513,102.652,0.0,100.0,0,0,100.0,REGEN,-350.0
202,6.7311,486.462,101.553,0.0,100.0,0,0,100.0,REGEN,-350.0
203,6.7644,487.394,100.462,0.0,100.0,0,0,100.0,REGEN,-350.0
204,6.7978,488.321,99.373,0.0,100.0,0,0,100.0,REGEN,-350.0
205,6.8311,489.234,98.337,0.0,100.0,0,0,100.0,REGEN,-350.0
206,6.8644,490.141,97.33,0.0,100.0,0,0,100.0,REGEN,-350.0
207,6.8977,491.037,96.409,0.0,100.0,0,0,100.0,REGEN,-350.0
208,6.9311,491.926,95.562,0.0,100.0,0,0,100.0,REGEN,-350.0
209,6.9644,492.806,94.671,0.0,100.0,0,0,100.0,REGEN,-350.0
210,6.9977,493.677,93.726,0.0,100.0,0,0,100.0,REGEN,-350.0
211,7.031,494.545,93.036,0.0,100.0,0,0,100.0,REGEN,-195.44
212,7.0643,495.405,92.901,100.0,100.0,0,0,100.0,REGEN,294.01
213,7.0977,496.264,92.712,100.0,0.0,0,0,99.98,DEPLOY,750.0
214,7.131,497.114,91.805,100.0,0.0,0,0,99.69,DEPLOY,750.0
215,7.1643,497.963,90.897,100.0,0.0,0,0,99.4,DEPLOY,750.0
216,7.1976,498.804,90.723,100.0,0.0,0,0,99.11,DEPLOY,750.0
217,7.231,499.644,90.72,100.0,0.0,0,0,98.81,DEPLOY,750.0
218,7.2643,500.483,90.663,100.0,0.0,0,0,98.52,DEPLOY,750.0
219,7.2976,501.322,90.557,100.0,0.0,0,0,98.23,DEPLOY,750.0
220,7.3309,502.161,90.576,100.0,0.0,0,0,97.94,DEPLOY,750.0
221,7.3642,503.002,90.946,100.0,0.0,0,0,97.65,DEPLOY,750.0
222,7.3976,503.844,91.315,100.0,0.0,0,0,97.36,DEPLOY,750.0
223,7.4309,504.693,91.691,100.0,0.0,0,0,97.07,DEPLOY,750.0
224,7.4642,505.542,92.067,100.0,0.0,0,0,96.78,DEPLOY,750.0
225,7.4975,506.393,92.02,100.0,0.0,0,0,96.49,DEPLOY,750.0
226,7.5309,507.244,91.888,100.0,0.0,0,0,96.21,DEPLOY,750.0
227,7.5642,508.094,91.754,100.0,0.0,0,0,95.92,DEPLOY,750.0
228,7.5975,508.943,91.62,100.0,0.0,0,0,95.64,DEPLOY,750.0
229,7.6308,509.79,91.485,100.0,0.0,0,0,95.36,DEPLOY,750.0
230,7.6642,510.636,91.35,100.0,0.0,0,0,95.08,DEPLOY,750.0
231,7.6975,511.481,91.215,100.0,0.0,0,0,94.8,DEPLOY,750.0
232,7.7308,512.325,91.081,100.0,0.0,0,0,94.52,DEPLOY,750.0
233,7.7641,513.168,90.946,100.0,0.0,0,0,94.24,DEPLOY,750.0
234,7.7974,514.009,90.812,100.0,0.0,0,0,93.96,DEPLOY,750.0
235,7.8308,514.849,90.678,100.0,0.0,0,0,93.69,DEPLOY,750.0
236,7.8641,515.687,90.544,100.0,0.0,0,0,93.41,DEPLOY,750.0
237,7.8974,516.525,90.409,100.0,0.0,0,0,93.13,DEPLOY,750.0
238,7.9307,517.361,90.267,100.0,0.0,0,0,92.85,DEPLOY,750.0
239,7.9641,518.196,90.124,100.0,0.0,0,0,92.58,DEPLOY,750.0
240,7.9974,519.029,89.98,100.0,0.0,0,0,92.3,DEPLOY,750.0
241,8.0307,519.862,89.836,100.0,0.0,0,0,92.02,DEPLOY,750.0
242,8.064,520.692,89.693,100.0,0.0,0,0,91.74,DEPLOY,750.0
243,8.0973,521.522,89.55,100.0,0.0,0,0,91.46,DEPLOY,750.0
244,8.1307,522.35,89.405,100.0,0.0,0,0,91.18,DEPLOY,750.0
245,8.164,523.177,89.257,100.0,0.0,0,0,90.9,DEPLOY,750.0
246,8.1973,524.003,89.103,100.0,0.0,0,0,90.62,DEPLOY,750.0
247,8.2306,524.827,88.943,100.0,0.0,0,0,90.34,DEPLOY,480.37
248,8.264,525.649,88.777,0.0,0.0,0,0,90.06,DEPLOY,-166.38
249,8.2973,526.47,88.608,100.0,100.0,0,0,90.18,REGEN,122.95
250,8.3306,527.29,88.438,100.0,0.0,0,0,90.43,DEPLOY,750.0
251,8.3639,528.107,88.276,100.0,0.0,0,0,90.15,DEPLOY,750.0
252,8.3972,528.924,88.088,100.0,0.0,0,0,89.86,DEPLOY,750.0
253,8.4306,529.738,87.84,100.0,0.0,0,0,89.57,DEPLOY,750.0
254,8.4639,530.55,87.656,100.0,0.0,0,0,89.28,DEPLOY,750.0
255,8.4972,531.361,87.555,100.0,0.0,0,0,88.99,DEPLOY,750.0
256,8.5305,532.171,87.454,100.0,0.0,0,0,88.7,DEPLOY,750.0
257,8.5639,532.98,87.354,100.0,0.0,0,0,88.41,DEPLOY,750.0
258,8.5972,533.787,87.174,100.0,0.0,0,0,88.12,DEPLOY,750.0
259,8.6305,534.594,86.938,100.0,0.0,0,0,87.83,DEPLOY,750.0
260,8.6638,535.397,86.708,100.0,0.0,0,0,87.54,DEPLOY,750.0
261,8.6971,536.199,86.479,100.0,0.0,0,0,87.25,DEPLOY,750.0
262,8.7305,536.998,86.256,100.0,0.0,0,0,86.96,DEPLOY,750.0
263,8.7638,537.795,86.034,100.0,0.0,0,0,86.67,DEPLOY,750.0
264,8.7971,538.59,85.814,100.0,0.0,0,0,86.39,DEPLOY,750.0
265,8.8304,539.384,85.595,100.0,0.0,0,0,86.1,DEPLOY,750.0
266,8.8638,540.175,85.377,100.0,0.0,0,0,85.81,DEPLOY,750.0
267,8.8971,540.964,85.159,100.0,0.0,0,0,85.53,DEPLOY,750.0
268,8.9304,541.752,84.942,100.0,0.0,0,0,85.24,DEPLOY,750.0
269,8.9637,542.537,84.726,100.0,0.0,0,0,84.96,DEPLOY,750.0
270,8.997,543.32,84.511,100.0,0.0,0,0,84.67,DEPLOY,750.0
271,9.0304,544.101,84.297,100.0,0.0,0,0,84.38,DEPLOY,750.0
272,9.0637,544.88,83.974,100.0,0.0,0,0,84.09,DEPLOY,750.0
273,9.097,545.653,83.44,100.0,0.0,0,0,83.79,DEPLOY,750.0
274,9.1303,546.426,82.983,100.0,0.0,0,0,83.5,DEPLOY,750.0
275,9.1637,547.193,82.893,100.0,0.0,0,0,83.21,DEPLOY,750.0
276,9.197,547.961,82.803,100.0,0.0,0,0,82.92,DEPLOY,750.0
277,9.2303,548.726,82.713,100.0,0.0,0,0,82.63,DEPLOY,750.0
278,9.2636,549.491,82.623,100.0,0.0,0,0,82.34,DEPLOY,750.0
279,9.2969,550.256,82.533,100.0,0.0,0,0,82.05,DEPLOY,750.0
280,9.3303,551.019,82.443,100.0,0.0,0,0,81.75,DEPLOY,750.0
281,9.3636,551.782,82.355,100.0,0.0,0,0,81.46,DEPLOY,750.0
282,9.3969,552.546,82.445,100.0,0.0,0,0,81.17,DEPLOY,750.0
283,9.4302,553.309,82.535,100.0,0.0,0,0,80.88,DEPLOY,750.0
284,9.4636,554.074,82.671,100.0,0.0,0,0,80.59,DEPLOY,750.0
285,9.4969,554.84,82.838,100.0,0.0,0,0,80.3,DEPLOY,750.0
286,9.5302,555.607,83.014,100.0,0.0,0,0,80.0,DEPLOY,750.0
287,9.5635,556.378,83.225,100.0,0.0,0,0,79.71,DEPLOY,750.0
288,9.5968,557.148,83.436,100.0,0.0,0,0,79.42,DEPLOY,750.0
289,9.6302,557.924,83.817,100.0,0.0,0,0,79.13,DEPLOY,750.0
290,9.6635,558.702,84.254,100.0,0.0,0,0,78.84,DEPLOY,750.0
291,9.6968,559.484,84.821,100.0,0.0,0,0,78.55,DEPLOY,750.0
292,9.7301,560.276,85.668,100.0,0.0,0,0,78.26,DEPLOY,750.0
293,9.7635,561.068,86.516,100.0,0.0,0,0,77.97,DEPLOY,750.0
294,9.7968,561.872,86.938,100.0,0.0,0,0,77.68,DEPLOY,750.0
295,9.8301,562.678,87.294,100.0,0.0,0,0,77.39,DEPLOY,750.0
296,9.8634,563.489,87.779,100.0,0.0,0,0,77.1,DEPLOY,750.0
297,9.8968,564.306,88.41,100.0,0.0,0,0,76.81,DEPLOY,750.0
298,9.9301,565.124,89.043,100.0,0.0,0,0,76.52,DEPLOY,750.0
299,9.9634,565.954,89.685,100.0,0.0,0,0,76.23,DEPLOY,750.0
300,9.9967,566.785,90.326,100.0,0.0,0,0,75.94,DEPLOY,750.0
301,10.03,567.626,90.978,100.0,0.0,0,0,75.65,DEPLOY,750.0
302,10.0634,568.47,91.631,100.0,0.0,0,0,75.36,DEPLOY,750.0
303,10.0967,569.321,92.265,100.0,0.0,0,0,75.07,DEPLOY,750.0
304,10.13,570.179,92.88,100.0,0.0,0,0,74.78,DEPLOY,750.0
305,10.1633,571.04,93.496,100.0,0.0,0,0,74.49,DEPLOY,750.0
306,10.1967,571.91,94.118,100.0,0.0,0,0,74.2,DEPLOY,750.0
307,10.23,572.781,94.74,100.0,0.0,0,0,73.92,DEPLOY,750.0
308,10.2633,573.664,95.389,100.0,0.0,0,0,73.63,DEPLOY,750.0
309,10.2966,574.548,96.039,100.0,0.0,0,0,73.33,DEPLOY,750.0
310,10.3299,575.442,96.689,100.0,0.0,0,0,73.05,DEPLOY,750.0
311,10.3633,576.339,97.338,100.0,0.0,0,0,72.76,DEPLOY,750.0
312,10.3966,577.243,97.99,100.0,0.0,0,0,72.47,DEPLOY,750.0
313,10.4299,578.154,98.645,100.0,0.0,0,0,72.18,DEPLOY,750.0
314,10.4632,579.071,99.537,100.0,0.0,0,0,71.89,DEPLOY,750.0
315,10.4966,580.001,100.852,100.0,0.0,0,0,71.6,DEPLOY,750.0
316,10.5299,580.936,102.17,100.0,0.0,0,0,71.31,DEPLOY,750.0
317,10.5632,581.892,103.498,100.0,0.0,0,0,71.02,DEPLOY,750.0
318,10.5965,582.851,104.752,100.0,0.0,0,0,70.72,DEPLOY,750.0
319,10.6298,583.826,105.393,100.0,0.0,0,0,70.43,DEPLOY,750.0
320,10.6632,584.801,106.029,100.0,0.0,0,0,70.15,DEPLOY,750.0
321,10.6965,585.788,106.602,100.0,0.0,0,0,69.86,DEPLOY,750.0
322,10.7298,586.775,107.172,100.0,0.0,0,0,69.58,DEPLOY,750.0
323,10.7631,587.771,107.673,100.0,0.0,0,0,69.29,DEPLOY,750.0
324,10.7965,588.768,108.174,100.0,0.0,0,0,69.01,DEPLOY,750.0
325,10.8298,589.773,108.596,100.0,0.0,0,0,68.73,DEPLOY,750.0
326,10.8631,590.778,109.017,100.0,0.0,0,0,68.46,DEPLOY,750.0
327,10.8964,591.79,109.355,100.0,0.0,0,0,68.18,DEPLOY,750.0
328,10.9297,592.803,109.691,100.0,0.0,0,0,67.91,DEPLOY,750.0
329,10.9631,593.82,109.942,100.0,0.0,0,0,67.64,DEPLOY,750.0
330,10.9964,594.838,110.19,100.0,0.0,0,0,67.37,DEPLOY,727.82
331,11.0297,595.859,110.354,100.0,0.0,0,0,67.1,DEPLOY,171.93
332,11.063,596.881,110.513,0.0,100.0,0,0,66.87,REGEN,-350.0
333,11.0964,597.905,110.593,0.0,100.0,0,0,67.13,REGEN,-350.0
334,11.1297,598.928,110.665,0.0,100.0,0,0,67.4,REGEN,-350.0
335,11.163,599.953,110.66,0.0,100.0,0,0,67.67,REGEN,-350.0
336,11.1963,600.977,110.646,0.0,100.0,0,0,67.94,REGEN,-350.0
337,11.2296,602.0,110.557,0.0,100.0,0,0,68.22,REGEN,-350.0
338,11.263,603.023,110.458,0.0,100.0,0,0,68.49,REGEN,-350.0
339,11.2963,604.044,110.286,0.0,100.0,0,0,68.77,REGEN,-350.0
340,11.3296,605.065,110.104,0.0,100.0,0,0,69.05,REGEN,-350.0
341,11.3629,606.082,109.854,0.0,100.0,0,0,69.33,REGEN,-350.0
342,11.3963,607.098,109.597,0.0,100.0,0,0,69.61,REGEN,-350.0
343,11.4296,608.11,109.278,0.0,100.0,0,0,69.9,REGEN,-350.0
344,11.4629,609.122,108.955,0.0,100.0,0,0,70.19,REGEN,-350.0
345,11.4962,610.127,108.578,0.0,100.0,0,0,70.47,REGEN,-350.0
346,11.5295,611.132,108.193,0.0,100.0,0,0,70.76,REGEN,-350.0
347,11.5629,612.128,107.664,0.0,100.0,0,0,71.05,REGEN,-350.0
348,11.5962,613.125,107.136,0.0,100.0,0,0,71.34,REGEN,-350.0
349,11.6295,614.109,106.313,0.0,100.0,0,0,71.64,REGEN,-350.0
350,11.6628,615.092,105.49,0.0,100.0,0,0,71.93,REGEN,-350.0
351,11.6962,616.062,104.702,0.0,100.0,0,0,72.22,REGEN,-350.0
352,11.7295,617.03,103.918,0.0,100.0,0,0,72.51,REGEN,-350.0
353,11.7628,617.986,103.203,0.0,100.0,0,0,72.8,REGEN,-350.0
354,11.7961,618.94,102.506,0.0,100.0,0,0,73.09,REGEN,-350.0
355,11.8294,619.885,101.908,0.0,100.0,0,0,73.38,REGEN,-350.0
356,11.8628,620.826,101.365,0.0,100.0,0,0,73.68,REGEN,-350.0
357,11.8961,621.765,101.069,0.0,100.0,0,0,73.97,REGEN,-350.0
358,11.9294,622.7,101.069,0.0,100.0,0,0,74.26,REGEN,-350.0
359,11.9627,623.636,101.062,0.0,100.0,0,0,74.55,REGEN,-222.68
360,11.9961,624.571,101.035,100.0,100.0,0,0,74.84,REGEN,278.32
361,12.0294,625.506,100.954,100.0,0.0,0,0,75.1,DEPLOY,750.0
362,12.0627,626.431,100.015,100.0,0.0,0,0,74.81,DEPLOY,750.0
363,12.096,627.356,99.075,100.0,0.0,0,0,74.52,DEPLOY,750.0
364,12.1294,628.263,97.907,100.0,0.0,0,0,74.23,DEPLOY,750.0
365,12.1627,629.166,96.693,100.0,0.0,0,0,73.93,DEPLOY,750.0
366,12.196,630.061,96.126,100.0,0.0,0,0,73.64,DEPLOY,750.0
367,12.2293,630.95,96.005,100.0,0.0,0,0,73.35,DEPLOY,750.0
368,12.2626,631.838,95.884,100.0,0.0,0,0,73.06,DEPLOY,750.0
369,12.296,632.725,95.763,100.0,0.0,0,0,72.77,DEPLOY,750.0
370,12.3293,633.611,95.642,100.0,0.0,0,0,72.48,DEPLOY,750.0
371,12.3626,634.496,95.522,100.0,0.0,0,0,72.18,DEPLOY,750.0
372,12.3959,635.38,95.401,100.0,0.0,0,0,71.89,DEPLOY,750.0
373,12.4293,636.263,95.443,100.0,0.0,0,0,71.6,DEPLOY,750.0
374,12.4626,637.147,95.509,100.0,0.0,0,0,71.31,DEPLOY,750.0
375,12.4959,638.031,95.576,100.0,0.0,0,0,71.02,DEPLOY,750.0
376,12.5292,638.916,95.642,100.0,0.0,0,0,70.73,DEPLOY,750.0
377,12.5625,639.804,95.917,100.0,0.0,0,0,70.44,DEPLOY,750.0
378,12.5959,640.695,96.465,100.0,0.0,0,0,70.15,DEPLOY,750.0
379,12.6292,641.589,97.016,100.0,0.0,0,0,69.86,DEPLOY,750.0
380,12.6625,642.491,97.574,100.0,0.0,0,0,69.57,DEPLOY,750.0
381,12.6958,643.395,98.1,100.0,0.0,0,0,69.28,DEPLOY,750.0
382,12.7292,644.305,98.414,100.0,0.0,0,0,68.99,DEPLOY,750.0
383,12.7625,645.216,98.727,100.0,0.0,0,0,68.7,DEPLOY,750.0
384,12.7958,646.133,99.045,100.0,0.0,0,0,68.41,DEPLOY,750.0
385,12.8291,647.05,99.362,100.0,0.0,0,0,68.12,DEPLOY,750.0
386,12.8624,647.972,99.684,100.0,0.0,0,0,67.83,DEPLOY,750.0
387,12.8958,648.895,100.005,100.0,0.0,0,0,67.54,DEPLOY,750.0
388,12.9291,649.824,100.329,100.0,0.0,0,0,67.25,DEPLOY,750.0
389,12.9624,650.753,100.653,100.0,0.0,0,0,66.96,DEPLOY,750.0
390,12.9957,651.687,100.975,100.0,0.0,0,0,66.67,DEPLOY,750.0
391,13.0291,652.622,101.297,100.0,0.0,0,0,66.38,DEPLOY,750.0
392,13.0624,653.562,101.619,100.0,0.0,0,0,66.1,DEPLOY,750.0
393,13.0957,654.503,101.94,100.0,0.0,0,0,65.81,DEPLOY,750.0
394,13.129,655.449,102.26,100.0,0.0,0,0,65.52,DEPLOY,750.0
395,13.1623,656.397,102.58,100.0,0.0,0,0,65.23,DEPLOY,750.0
396,13.1957,657.347,102.752,100.0,0.0,0,0,64.94,DEPLOY,750.0
397,13.229,658.298,102.87,100.0,0.0,0,0,64.65,DEPLOY,750.0
398,13.2623,659.254,103.22,100.0,0.0,0,0,64.35,DEPLOY,750.0
399,13.2956,660.211,103.686,100.0,0.0,0,0,64.06,DEPLOY,750.0
400,13.329,661.174,104.258,100.0,0.0,0,0,63.77,DEPLOY,750.0
401,13.3623,662.141,104.901,100.0,0.0,0,0,63.48,DEPLOY,750.0
402,13.3956,663.116,105.609,100.0,0.0,0,0,63.19,DEPLOY,750.0
403,13.4289,664.097,106.372,100.0,0.0,0,0,62.9,DEPLOY,750.0
404,13.4622,665.085,107.078,100.0,0.0,0,0,62.6,DEPLOY,750.0
405,13.4956,666.079,107.727,100.0,0.0,0,0,62.31,DEPLOY,750.0
406,13.5289,667.078,108.321,100.0,0.0,0,0,62.02,DEPLOY,750.0
407,13.5622,668.084,108.858,100.0,0.0,0,0,61.73,DEPLOY,750.0
408,13.5955,669.094,109.397,100.0,0.0,0,0,61.45,DEPLOY,750.0
409,13.6289,670.109,109.937,100.0,0.0,0,0,61.16,DEPLOY,750.0
410,13.6622,671.129,110.479,100.0,0.0,0,0,60.87,DEPLOY,750.0
411,13.6955,672.154,111.022,100.0,0.0,0,0,60.59,DEPLOY,750.0
412,13.7288,673.184,111.569,100.0,0.0,0,0,60.3,DEPLOY,750.0
413,13.7621,674.219,112.121,100.0,0.0,0,0,60.01,DEPLOY,750.0
414,13.7955,675.26,112.673,100.0,0.0,0,0,59.73,DEPLOY,750.0
415,13.8288,676.305,113.227,100.0,0.0,0,0,59.44,DEPLOY,750.0
416,13.8621,677.359,114.104,100.0,0.0,0,0,59.15,DEPLOY,750.0
417,13.8954,678.419,115.211,100.0,0.0,0,0,58.85,DEPLOY,750.0
418,13.9288,679.493,116.385,100.0,0.0,0,0,58.56,DEPLOY,750.0
419,13.9621,680.573,117.593,100.0,0.0,0,0,58.27,DEPLOY,750.0
420,13.9954,681.67,118.809,100.0,0.0,0,0,57.98,DEPLOY,750.0
421,14.0287,682.771,120.028,100.0,0.0,0,0,57.69,DEPLOY,750.0
422,14.0621,683.891,121.237,100.0,0.0,0,0,57.4,DEPLOY,750.0
423,14.0954,685.016,122.451,100.0,0.0,0,0,57.1,DEPLOY,750.0
424,14.1287,686.158,123.701,100.0,0.0,0,0,56.81,DEPLOY,750.0
425,14.162,687.308,124.968,100.0,0.0,0,0,56.52,DEPLOY,750.0
426,14.1953,688.47,126.263,100.0,0.0,0,0,56.23,DEPLOY,750.0
427,14.2287,689.647,127.591,100.0,0.0,0,0,55.94,DEPLOY,750.0
428,14.262,690.83,128.937,100.0,0.0,0,0,55.65,DEPLOY,750.0
429,14.2953,692.034,130.336,100.0,0.0,0,0,55.35,DEPLOY,750.0
430,14.3286,693.245,131.751,100.0,0.0,0,0,55.06,DEPLOY,750.0
431,14.362,694.472,133.201,100.0,0.0,0,0,54.77,DEPLOY,750.0
432,14.3953,695.713,134.681,100.0,0.0,0,0,54.48,DEPLOY,750.0
433,14.4286,696.962,136.18,100.0,0.0,0,0,54.19,DEPLOY,750.0
434,14.4619,698.233,137.705,100.0,0.0,0,0,53.9,DEPLOY,750.0
435,14.4952,699.514,139.091,100.0,0.0,0,0,53.61,DEPLOY,750.0
436,14.5286,700.805,140.316,100.0,0.0,0,0,53.31,DEPLOY,750.0
437,14.5619,702.112,141.561,100.0,0.0,0,0,53.02,DEPLOY,750.0
438,14.5952,703.427,142.818,100.0,0.0,0,0,52.73,DEPLOY,750.0
439,14.6285,704.754,144.091,100.0,0.0,0,0,52.44,DEPLOY,750.0
440,14.6619,706.095,145.38,100.0,0.0,0,0,52.15,DEPLOY,750.0
441,14.6952,707.446,146.675,100.0,0.0,0,0,51.86,DEPLOY,750.0
442,14.7285,708.808,147.975,100.0,0.0,0,0,51.56,DEPLOY,750.0
443,14.7618,710.186,149.275,100.0,0.0,0,0,51.27,DEPLOY,750.0
444,14.7951,711.574,150.568,100.0,0.0,0,0,50.98,DEPLOY,750.0
445,14.8285,712.971,151.855,100.0,0.0,0,0,50.69,DEPLOY,750.0
446,14.8618,714.384,153.118,100.0,0.0,0,0,50.4,DEPLOY,750.0
447,14.8951,715.808,154.356,100.0,0.0,0,0,50.11,DEPLOY,750.0
448,14.9284,717.242,155.663,100.0,0.0,0,0,49.81,DEPLOY,750.0
449,14.9618,718.69,157.287,100.0,0.0,0,0,49.52,DEPLOY,750.0
450,14.9951,720.155,158.903,100.0,0.0,0,0,49.23,DEPLOY,750.0
451,15.0284,721.633,160.514,100.0,0.0,0,0,48.94,DEPLOY,750.0
452,15.0617,723.124,162.119,100.0,0.0,0,0,48.65,DEPLOY,750.0
453,15.095,724.633,163.716,100.0,0.0,0,0,48.36,DEPLOY,750.0
454,15.1284,726.157,165.297,100.0,0.0,0,0,48.07,DEPLOY,750.0
455,15.1617,727.693,166.801,100.0,0.0,0,0,47.77,DEPLOY,750.0
456,15.195,729.243,168.225,100.0,0.0,0,0,47.48,DEPLOY,750.0
457,15.2283,730.806,169.645,100.0,0.0,0,0,47.19,DEPLOY,750.0
458,15.2617,732.384,171.063,100.0,0.0,0,0,46.9,DEPLOY,750.0
459,15.295,733.974,172.48,100.0,0.0,0,0,46.61,DEPLOY,750.0
460,15.3283,735.577,173.896,100.0,0.0,0,0,46.32,DEPLOY,750.0
461,15.3616,737.192,175.31,100.0,0.0,0,0,46.03,DEPLOY,750.0
462,15.3949,738.821,176.723,100.0,0.0,0,0,45.74,DEPLOY,750.0
463,15.4283,740.464,178.133,100.0,0.0,0,0,45.45,DEPLOY,750.0
464,15.4616,742.119,179.323,100.0,0.0,0,0,45.16,DEPLOY,750.0
465,15.4949,743.785,180.628,100.0,0.0,0,0,44.87,DEPLOY,750.0
466,15.5282,745.463,182.139,100.0,0.0,0,0,44.58,DEPLOY,750.0
467,15.5616,747.155,183.64,100.0,0.0,0,0,44.28,DEPLOY,750.0
468,15.5949,748.862,185.138,100.0,0.0,0,0,43.99,DEPLOY,750.0
469,15.6282,750.583,186.567,100.0,0.0,0,0,43.7,DEPLOY,750.0
470,15.6615,752.317,187.966,100.0,0.0,0,0,43.41,DEPLOY,750.0
471,15.6948,754.063,189.353,100.0,0.0,0,0,43.12,DEPLOY,750.0
472,15.7282,755.822,190.734,100.0,0.0,0,0,42.83,DEPLOY,750.0
473,15.7615,757.594,192.108,100.0,0.0,0,0,42.54,DEPLOY,750.0
474,15.7948,759.378,193.475,100.0,0.0,0,0,42.25,DEPLOY,750.0
475,15.8281,761.174,194.835,100.0,0.0,0,0,41.96,DEPLOY,750.0
476,15.8615,762.984,196.186,100.0,0.0,0,0,41.66,DEPLOY,750.0
477,15.8948,764.806,197.528,100.0,0.0,0,0,41.37,DEPLOY,750.0
478,15.9281,766.641,198.86,100.0,0.0,0,0,41.08,DEPLOY,750.0
479,15.9614,768.488,200.183,100.0,0.0,0,0,40.79,DEPLOY,746.04
480,15.9947,770.348,201.495,100.0,0.0,0,0,40.51,DEPLOY,741.06
481,16.0281,772.219,202.796,100.0,0.0,0,0,40.22,DEPLOY,736.08
482,16.0614,774.102,204.086,100.0,0.0,0,0,39.94,DEPLOY,731.13
483,16.0947,775.997,205.363,100.0,0.0,0,0,39.67,DEPLOY,726.67
484,16.128,777.904,206.629,100.0,0.0,0,0,39.4,DEPLOY,722.52
485,16.1614,779.822,207.882,100.0,0.0,0,0,39.13,DEPLOY,718.15
486,16.1947,781.752,209.121,100.0,0.0,0,0,38.87,DEPLOY,713.59
487,16.228,783.693,210.346,100.0,0.0,0,0,38.61,DEPLOY,708.9
488,16.2613,785.646,211.555,100.0,0.0,0,0,38.35,DEPLOY,704.1
489,16.2947,787.609,212.748,100.0,0.0,0,0,38.1,DEPLOY,699.24
490,16.328,789.584,213.925,100.0,0.0,0,0,37.85,DEPLOY,694.37
491,16.3613,791.569,215.084,100.0,0.0,0,0,37.61,DEPLOY,689.53
492,16.3946,793.566,216.225,100.0,0.0,0,0,37.37,DEPLOY,684.8
493,16.4279,795.572,217.348,100.0,0.0,0,0,37.14,DEPLOY,680.24
494,16.4613,797.589,218.452,100.0,0.0,0,0,36.91,DEPLOY,675.9
495,16.4946,799.616,219.539,100.0,0.0,0,0,36.68,DEPLOY,671.9
496,16.5279,801.653,220.608,100.0,0.0,0,0,36.45,DEPLOY,668.2
497,16.5612,803.7,221.658,100.0,0.0,0,0,36.23,DEPLOY,664.56
498,16.5946,805.757,222.69,100.0,0.0,0,0,36.01,DEPLOY,660.99
499,16.6279,807.823,223.704,100.0,0.0,0,0,35.8,DEPLOY,657.5
500,16.6612,809.898,224.698,100.0,0.0,0,0,35.59,DEPLOY,654.09
501,16.6945,811.982,225.675,100.0,0.0,0,0,35.38,DEPLOY,651.14
502,16.7278,814.076,226.633,100.0,0.0,0,0,35.17,DEPLOY,648.2
503,16.7612,816.178,227.573,100.0,0.0,0,0,34.96,DEPLOY,644.98
504,16.7945,818.288,228.494,100.0,0.0,0,0,34.76,DEPLOY,641.84
505,16.8278,820.407,229.397,100.0,0.0,0,0,34.56,DEPLOY,638.76
506,16.8611,822.535,230.282,100.0,0.0,0,0,34.36,DEPLOY,635.74
507,16.8945,824.67,231.149,100.0,0.0,0,0,34.17,DEPLOY,632.79
508,16.9278,826.813,231.998,100.0,0.0,0,0,33.98,DEPLOY,629.9
509,16.9611,828.965,232.83,100.0,0.0,0,0,33.79,DEPLOY,627.07
510,16.9944,831.124,233.643,100.0,0.0,0,0,33.6,DEPLOY,624.31
511,17.0277,833.29,234.44,100.0,0.0,0,0,33.41,DEPLOY,621.6
512,17.0611,835.464,235.22,100.0,0.0,0,0,33.23,DEPLOY,618.94
513,17.0944,837.645,235.983,100.0,0.0,0,0,33.05,DEPLOY,616.35
514,17.1277,839.833,236.731,100.0,0.0,0,0,32.87,DEPLOY,613.8
515,17.161,842.027,237.464,100.0,0.0,0,0,32.69,DEPLOY,611.31
516,17.1944,844.229,238.181,100.0,0.0,0,0,32.52,DEPLOY,608.86
517,17.2277,846.436,238.883,100.0,0.0,0,0,32.35,DEPLOY,606.47
518,17.261,848.651,239.571,100.0,0.0,0,0,32.17,DEPLOY,604.12
519,17.2943,850.871,240.245,100.0,0.0,0,0,32.01,DEPLOY,601.83
520,17.3276,853.098,240.904,100.0,0.0,0,0,31.84,DEPLOY,599.58
521,17.361,855.331,241.549,100.0,0.0,0,0,31.67,DEPLOY,597.37
522,17.3943,857.57,242.182,100.0,0.0,0,0,31.51,DEPLOY,595.22
523,17.4276,859.814,242.801,100.0,0.0,0,0,31.35,DEPLOY,593.1
524,17.4609,862.065,243.409,100.0,0.0,0,0,31.19,DEPLOY,591.03
525,17.4943,864.32,244.004,100.0,0.0,0,0,31.03,DEPLOY,588.99
526,17.5276,866.582,244.587,100.0,0.0,0,0,30.87,DEPLOY,587.0
527,17.5609,868.848,245.159,100.0,0.0,0,0,30.72,DEPLOY,585.05
528,17.5942,871.12,245.719,100.0,0.0,0,0,30.56,DEPLOY,583.13
529,17.6275,873.397,246.268,100.0,0.0,0,0,30.41,DEPLOY,581.26
530,17.6609,875.679,246.807,100.0,0.0,0,0,30.26,DEPLOY,579.42
531,17.6942,877.966,247.335,100.0,0.0,0,0,30.11,DEPLOY,577.62
532,17.7275,880.258,247.854,100.0,0.0,0,0,29.97,DEPLOY,575.85
533,17.7608,882.554,248.364,100.0,0.0,0,0,29.82,DEPLOY,574.12
534,17.7942,884.855,248.864,100.0,0.0,0,0,29.68,DEPLOY,572.42
535,17.8275,887.161,249.355,100.0,0.0,0,0,29.53,DEPLOY,570.76
536,17.8608,889.472,249.838,100.0,0.0,0,0,29.39,DEPLOY,569.13
537,17.8941,891.787,250.313,100.0,0.0,0,0,29.25,DEPLOY,567.53
538,17.9274,894.106,250.781,100.0,0.0,0,0,29.11,DEPLOY,565.96
539,17.9608,896.429,251.242,100.0,0.0,0,0,28.97,DEPLOY,564.42
540,17.9941,898.756,251.697,100.0,0.0,0,0,28.84,DEPLOY,562.91
541,18.0274,901.088,252.145,100.0,0.0,0,0,28.7,DEPLOY,561.43
542,18.0607,903.424,252.588,100.0,0.0,0,0,28.57,DEPLOY,559.98
543,18.0941,905.765,253.027,100.0,0.0,0,0,28.44,DEPLOY,558.56
544,18.1274,908.109,253.461,100.0,0.0,0,0,28.3,DEPLOY,557.17
545,18.1607,910.457,253.892,100.0,0.0,0,0,28.17,DEPLOY,555.8
546,18.194,912.809,254.321,100.0,0.0,0,0,28.04,DEPLOY,554.46
547,18.2273,915.165,254.748,100.0,0.0,0,0,27.91,DEPLOY,553.14
548,18.2607,917.525,255.173,100.0,0.0,0,0,27.79,DEPLOY,551.85
549,18.294,919.889,255.598,100.0,0.0,0,0,27.66,DEPLOY,550.58
550,18.3273,922.256,256.024,100.0,0.0,0,0,27.54,DEPLOY,549.34
551,18.3606,924.628,256.451,100.0,0.0,0,0,27.41,DEPLOY,548.12
552,18.394,927.004,256.86,100.0,0.0,0,0,27.29,DEPLOY,546.93
553,18.4273,929.383,257.189,100.0,0.0,0,0,27.17,DEPLOY,545.75
554,18.4606,931.765,257.511,100.0,0.0,0,0,27.04,DEPLOY,544.6
555,18.4939,934.15,257.827,100.0,0.0,0,0,26.92,DEPLOY,543.48
556,18.5273,936.538,258.137,100.0,0.0,0,0,26.8,DEPLOY,542.37
557,18.5606,938.929,258.441,100.0,0.0,0,0,26.69,DEPLOY,541.28
558,18.5939,941.322,258.739,100.0,0.0,0,0,26.57,DEPLOY,540.22
559,18.6272,943.719,259.031,100.0,0.0,0,0,26.45,DEPLOY,539.17
560,18.6605,946.118,259.318,100.0,0.0,0,0,26.34,DEPLOY,538.15
561,18.6939,948.519,259.599,100.0,0.0,0,0,26.22,DEPLOY,537.14
562,18.7272,950.923,259.876,100.0,0.0,0,0,26.11,DEPLOY,536.16
563,18.7605,953.33,260.146,100.0,0.0,0,0,25.99,DEPLOY,535.19
564,18.7938,955.739,260.412,100.0,0.0,0,0,25.88,DEPLOY,534.24
565,18.8272,958.151,260.672,100.0,0.0,0,0,25.77,DEPLOY,533.31
566,18.8605,960.566,261.308,100.0,0.0,0,0,25.66,DEPLOY,531.04
567,18.8938,962.989,262.137,100.0,0.0,0,0,25.55,DEPLOY,528.08
568,18.9271,965.419,262.958,100.0,0.0,0,0,25.44,DEPLOY,525.15
569,18.9604,967.857,263.762,100.0,0.0,0,0,25.34,DEPLOY,522.27
570,18.9938,970.302,264.53,100.0,0.0,0,0,25.24,DEPLOY,519.53
571,19.0271,972.754,265.268,100.0,0.0,0,0,25.14,DEPLOY,516.9
572,19.0604,975.213,266.005,100.0,0.0,0,0,25.04,DEPLOY,514.27
573,19.0937,977.678,266.749,100.0,0.0,0,0,24.95,DEPLOY,511.61
574,19.1271,980.151,267.499,100.0,0.0,0,0,24.85,DEPLOY,508.93
575,19.1604,982.63,268.245,100.0,0.0,0,0,24.76,DEPLOY,506.27
576,19.1937,985.117,268.98,100.0,0.0,0,0,24.67,DEPLOY,503.64
577,19.227,987.61,269.705,100.0,0.0,0,0,24.59,DEPLOY,501.06
578,19.2603,990.11,270.384,100.0,0.0,0,0,24.5,DEPLOY,498.6
579,19.2937,992.615,271.002,100.0,0.0,0,0,24.42,DEPLOY,496.24
580,19.327,995.126,271.615,100.0,0.0,0,0,24.34,DEPLOY,493.92
581,19.3603,997.643,272.229,100.0,0.0,0,0,24.26,DEPLOY,491.64
582,19.3936,1000.166,272.843,100.0,0.0,0,0,24.19,DEPLOY,489.38
583,19.427,1002.694,273.458,100.0,0.0,0,0,24.11,DEPLOY,487.15
584,19.4603,1005.228,274.071,100.0,0.0,0,0,24.04,DEPLOY,484.95
585,19.4936,1007.768,274.683,100.0,0.0,0,0,23.97,DEPLOY,482.78
586,19.5269,1010.313,275.293,100.0,0.0,0,0,23.9,DEPLOY,480.64
587,19.5602,1012.864,275.901,100.0,0.0,0,0,23.84,DEPLOY,478.52
588,19.5936,1015.421,276.506,100.0,0.0,0,0,23.77,DEPLOY,476.43
589,19.6269,1017.983,277.107,100.0,0.0,0,0,23.71,DEPLOY,474.37
590,19.6602,1020.551,277.704,100.0,0.0,0,0,23.65,DEPLOY,472.34
591,19.6935,1023.124,278.297,100.0,0.0,0,0,23.59,DEPLOY,470.33
592,19.7269,1025.703,278.885,100.0,0.0,0,0,23.53,DEPLOY,468.35
593,19.7602,1028.287,279.468,100.0,0.0,0,0,23.47,DEPLOY,466.39
594,19.7935,1030.876,280.047,100.0,0.0,0,0,23.42,DEPLOY,464.45
595,19.8268,1033.471,280.619,100.0,0.0,0,0,23.36,DEPLOY,462.54
596,19.8601,1036.071,281.186,100.0,0.0,0,0,23.31,DEPLOY,460.66
597,19.8935,1038.677,281.748,100.0,0.0,0,0,23.26,DEPLOY,458.8
598,19.9268,1041.287,282.304,100.0,0.0,0,0,23.21,DEPLOY,456.96
599,19.9601,1043.903,282.853,100.0,0.0,0,0,23.16,DEPLOY,455.14
600,19.9934,1046.523,283.397,100.0,0.0,0,0,23.12,DEPLOY,453.35
601,20.0268,1049.149,283.935,100.0,0.0,0,0,23.07,DEPLOY,451.57
602,20.0601,1051.78,284.466,100.0,0.0,0,0,23.03,DEPLOY,449.82
603,20.0934,1054.415,284.992,100.0,0.0,0,0,22.99,DEPLOY,448.09
604,20.1267,1057.055,285.512,100.0,0.0,0,0,22.95,DEPLOY,446.39
605,20.16,1059.701,286.025,100.0,0.0,0,0,22.91,DEPLOY,444.7
606,20.1934,1062.351,286.532,100.0,0.0,0,0,22.88,DEPLOY,443.03
607,20.2267,1065.005,287.034,100.0,0.0,0,0,22.84,DEPLOY,441.39
608,20.26,1067.664,287.529,100.0,0.0,0,0,22.81,DEPLOY,439.76
609,20.2933,1070.328,288.019,100.0,0.0,0,0,22.77,DEPLOY,438.15
610,20.3267,1072.996,288.503,100.0,0.0,0,0,22.74,DEPLOY,436.56
611,20.36,1075.669,288.981,100.0,0.0,0,0,22.71,DEPLOY,435.0
612,20.3933,1078.346,289.454,100.0,0.0,0,0,22.68,DEPLOY,433.44
613,20.4266,1081.027,289.921,100.0,0.0,0,0,22.65,DEPLOY,431.91
614,20.4599,1083.713,290.382,100.0,0.0,0,0,22.63,DEPLOY,430.4
615,20.4933,1086.403,290.838,100.0,0.0,0,0,22.6,DEPLOY,428.9
616,20.5266,1089.097,291.289,100.0,0.0,0,0,22.58,DEPLOY,427.43
617,20.5599,1091.796,291.734,100.0,0.0,0,0,22.56,DEPLOY,425.97
618,20.5932,1094.498,292.175,100.0,0.0,0,0,22.53,DEPLOY,424.52
619,20.6266,1097.204,292.61,100.0,0.0,0,0,22.51,DEPLOY,423.1
620,20.6599,1099.915,293.04,100.0,0.0,0,0,22.5,DEPLOY,421.69
621,20.6932,1102.629,293.466,100.0,0.0,0,0,22.48,DEPLOY,420.3
622,20.7265,1105.347,293.887,100.0,0.0,0,0,22.46,DEPLOY,418.92
623,20.7599,1108.07,294.302,100.0,0.0,0,0,22.45,DEPLOY,417.56
624,20.7932,1110.796,294.714,100.0,0.0,0,0,22.43,DEPLOY,416.21
625,20.8265,1113.526,295.121,100.0,0.0,0,0,22.42,DEPLOY,414.89
626,20.8598,1116.259,295.523,100.0,0.0,0,0,22.41,DEPLOY,413.57
627,20.8931,1118.996,295.922,100.0,0.0,0,0,22.39,DEPLOY,412.27
628,20.9265,1121.737,296.315,100.0,0.0,0,0,22.38,DEPLOY,410.99
629,20.9598,1124.482,296.705,100.0,0.0,0,0,22.38,DEPLOY,409.72
630,20.9931,1127.23,297.091,100.0,0.0,0,0,22.37,DEPLOY,408.47
631,21.0264,1129.982,297.473,100.0,0.0,0,0,22.36,DEPLOY,407.23
632,21.0598,1132.737,297.851,100.0,0.0,0,0,22.35,DEPLOY,406.01
633,21.0931,1135.496,298.226,100.0,0.0,0,0,22.35,DEPLOY,404.8
634,21.1264,1138.258,298.597,100.0,0.0,0,0,22.35,DEPLOY,403.6
635,21.1597,1141.023,298.965,100.0,0.0,0,0,22.34,DEPLOY,402.41
636,21.193,1143.792,299.328,100.0,0.0,0,0,22.34,DEPLOY,401.25
637,21.2264,1146.565,299.689,100.0,0.0,0,0,22.34,DEPLOY,400.15
638,21.2597,1149.34,300.047,100.0,0.0,0,0,22.34,DEPLOY,400.0
639,21.293,1152.119,300.401,100.0,0.0,0,0,22.34,DEPLOY,400.0
640,21.3263,1154.901,300.753,100.0,0.0,0,0,22.34,DEPLOY,400.0
641,21.3597,1157.687,301.101,100.0,0.0,0,0,22.34,DEPLOY,400.0
642,21.393,1160.476,301.447,100.0,0.0,0,0,22.34,DEPLOY,400.0
643,21.4263,1163.267,301.79,100.0,0.0,0,0,22.34,DEPLOY,400.0
644,21.4596,1166.063,302.129,100.0,0.0,0,0,22.34,DEPLOY,400.0
645,21.4929,1168.861,302.466,100.0,0.0,0,0,22.34,DEPLOY,400.0
646,21.5263,1171.662,302.8,100.0,0.0,0,0,22.34,DEPLOY,400.0
647,21.5596,1174.466,303.131,100.0,0.0,0,0,22.34,DEPLOY,400.0
648,21.5929,1177.274,303.458,100.0,0.0,0,0,22.34,DEPLOY,400.0
649,21.6262,1180.084,303.782,100.0,0.0,0,0,22.34,DEPLOY,400.0
650,21.6596,1182.897,304.104,100.0,0.0,0,0,22.34,DEPLOY,400.0
651,21.6929,1185.714,304.42,100.0,0.0,0,0,22.34,DEPLOY,400.0
652,21.7262,1188.533,304.733,100.0,0.0,0,0,22.34,DEPLOY,400.0
653,21.7595,1191.355,305.042,100.0,0.0,0,0,22.34,DEPLOY,400.0
654,21.7928,1194.18,305.345,100.0,0.0,0,0,22.34,DEPLOY,400.0
655,21.8262,1197.007,305.643,100.0,0.0,0,0,22.34,DEPLOY,400.0
656,21.8595,1199.838,305.933,100.0,0.0,0,0,22.34,DEPLOY,400.0
657,21.8928,1202.671,306.217,100.0,0.0,0,0,22.34,DEPLOY,400.0
658,21.9261,1205.507,306.491,100.0,0.0,0,0,22.34,DEPLOY,400.0
659,21.9595,1208.345,306.755,100.0,0.0,0,0,22.34,DEPLOY,400.0
660,21.9928,1211.186,307.008,100.0,0.0,0,0,22.34,DEPLOY,400.0
661,22.0261,1214.028,307.247,100.0,0.0,0,0,22.34,DEPLOY,400.0
662,22.0594,1216.873,307.471,100.0,0.0,0,0,22.34,DEPLOY,400.0
663,22.0927,1219.72,307.675,100.0,0.0,0,0,22.34,DEPLOY,400.0
664,22.1261,1222.569,307.86,100.0,0.0,0,0,22.34,DEPLOY,400.0
665,22.1594,1225.42,308.02,100.0,0.0,0,0,22.34,DEPLOY,400.0
666,22.1927,1228.271,308.152,100.0,0.0,0,0,22.34,DEPLOY,400.0
667,22.226,1231.124,308.255,100.0,0.0,0,0,22.34,DEPLOY,400.0
668,22.2594,1233.978,308.319,100.0,0.0,0,0,22.34,DEPLOY,400.0
669,22.2927,1236.832,308.347,100.0,0.0,0,0,22.34,DEPLOY,400.0
670,22.326,1239.686,308.326,100.0,0.0,0,0,22.34,DEPLOY,400.0
671,22.3593,1242.539,308.257,100.0,0.0,0,0,22.34,DEPLOY,400.0
672,22.3926,1245.392,308.133,100.0,0.0,0,0,22.34,DEPLOY,400.0
673,22.426,1248.243,307.945,100.0,0.0,0,0,22.34,DEPLOY,400.0
674,22.4593,1251.093,307.695,100.0,0.0,0,0,22.34,DEPLOY,400.0
675,22.4926,1253.939,307.365,100.0,0.0,0,0,22.34,DEPLOY,400.0
676,22.5259,1256.783,306.962,100.0,0.0,0,0,22.34,DEPLOY,400.0
677,22.5593,1259.621,306.467,100.0,0.0,0,0,22.34,DEPLOY,400.0
678,22.5926,1262.456,305.885,100.0,0.0,0,0,22.34,DEPLOY,400.0
679,22.6259,1265.284,305.207,100.0,0.0,0,0,22.34,DEPLOY,400.0
680,22.6592,1268.105,304.422,100.0,0.0,0,0,22.34,DEPLOY,400.0
681,22.6926,1270.919,303.539,100.0,0.0,0,0,22.34,DEPLOY,400.0
682,22.7259,1273.724,302.534,100.0,0.0,0,0,22.34,DEPLOY,400.0
683,22.7592,1276.519,301.42,100.0,0.0,0,0,22.34,DEPLOY,400.0
684,22.7925,1279.304,300.191,100.0,0.0,0,0,22.34,DEPLOY,400.0
685,22.8258,1282.076,298.837,100.0,0.0,0,0,22.34,DEPLOY,400.0
686,22.8592,1284.836,297.371,0.0,0.0,0,0,22.34,DEPLOY,-289.5
687,22.8925,1287.58,295.777,0.0,100.0,0,0,22.6,REGEN,-350.0
688,22.9258,1290.31,294.066,0.0,100.0,0,0,22.87,REGEN,-350.0
689,22.9591,1293.025,292.243,0.0,100.0,0,0,23.14,REGEN,-350.0
690,22.9925,1295.72,290.293,0.0,100.0,0,0,23.41,REGEN,-350.0
691,23.0258,1298.397,288.238,0.0,100.0,0,0,23.68,REGEN,-350.0
692,23.0591,1301.056,286.08,0.0,100.0,0,0,23.95,REGEN,-350.0
693,23.0924,1303.693,283.812,0.0,100.0,0,0,24.21,REGEN,-350.0
694,23.1257,1306.309,281.444,0.0,100.0,0,0,24.47,REGEN,-350.0
695,23.1591,1308.904,278.951,0.0,100.0,0,0,24.74,REGEN,-350.0
696,23.1924,1311.473,276.304,0.0,100.0,0,0,25.01,REGEN,-350.0
697,23.2257,1314.017,273.521,0.0,100.0,0,0,25.28,REGEN,-350.0
698,23.259,1316.536,270.609,0.0,100.0,0,0,25.55,REGEN,-350.0
699,23.2924,1319.028,267.571,0.0,100.0,0,0,25.83,REGEN,-350.0
700,23.3257,1321.488,264.395,0.0,100.0,0,0,26.11,REGEN,-350.0
701,23.359,1323.92,261.109,0.0,100.0,0,0,26.4,REGEN,-350.0
702,23.3923,1326.321,257.72,0.0,100.0,0,0,26.68,REGEN,-350.0
703,23.4256,1328.691,254.236,0.0,100.0,0,0,26.97,REGEN,-350.0
704,23.459,1331.028,250.379,0.0,100.0,0,0,27.26,REGEN,-350.0
705,23.4923,1333.319,245.061,0.0,100.0,0,0,27.55,REGEN,-350.0
706,23.5256,1335.562,239.883,0.0,100.0,0,0,27.84,REGEN,-350.0
707,23.5589,1337.758,234.871,0.0,100.0,0,0,28.14,REGEN,-350.0
708,23.5923,1339.91,230.063,0.0,100.0,0,0,28.43,REGEN,-350.0
709,23.6256,1342.018,225.462,0.0,100.0,0,0,28.72,REGEN,-350.0
710,23.6589,1344.084,221.051,0.0,100.0,0,0,29.01,REGEN,-350.0
711,23.6922,1346.11,216.818,0.0,100.0,0,0,29.3,REGEN,-350.0
712,23.7255,1348.098,212.75,0.0,100.0,0,0,29.59,REGEN,-350.0
713,23.7589,1350.049,208.836,0.0,100.0,0,0,29.89,REGEN,-350.0
714,23.7922,1351.964,205.064,0.0,100.0,0,0,30.18,REGEN,-350.0
715,23.8255,1353.846,201.426,0.0,100.0,0,0,30.47,REGEN,-350.0
716,23.8588,1355.694,197.912,0.0,100.0,0,0,30.76,REGEN,-350.0
717,23.8922,1357.511,194.515,0.0,100.0,0,0,31.05,REGEN,-350.0
718,23.9255,1359.297,191.227,0.0,100.0,0,0,31.34,REGEN,-350.0
719,23.9588,1361.055,188.044,0.0,100.0,0,0,31.64,REGEN,-350.0
720,23.9921,1362.779,184.973,0.0,100.0,0,0,31.93,REGEN,-350.0
721,24.0254,1364.476,181.999,0.0,100.0,0,0,32.22,REGEN,-350.0
722,24.0588,1366.146,179.112,0.0,100.0,0,0,32.51,REGEN,-350.0
723,24.0921,1367.791,176.309,0.0,100.0,0,0,32.8,REGEN,-350.0
724,24.1254,1369.412,173.585,0.0,100.0,0,0,33.09,REGEN,-350.0
725,24.1587,1371.009,170.938,0.0,100.0,0,0,33.38,REGEN,-350.0
726,24.1921,1372.576,168.38,0.0,100.0,0,0,33.68,REGEN,-350.0
727,24.2254,1374.122,165.884,0.0,100.0,0,0,33.97,REGEN,-350.0
728,24.2587,1375.647,163.455,0.0,100.0,0,0,34.26,REGEN,-350.0
729,24.292,1377.152,161.093,0.0,100.0,0,0,34.55,REGEN,-350.0
730,24.3253,1378.63,158.813,0.0,100.0,0,0,34.84,REGEN,-350.0
731,24.3587,1380.088,156.597,0.0,100.0,0,0,35.13,REGEN,-350.0
732,24.392,1381.529,154.435,0.0,100.0,0,0,35.43,REGEN,-350.0
733,24.4253,1382.951,152.328,0.0,100.0,0,0,35.72,REGEN,-350.0
734,24.4586,1384.348,150.303,0.0,100.0,0,0,36.01,REGEN,-350.0
735,24.492,1385.73,148.327,0.0,100.0,0,0,36.3,REGEN,-350.0
736,24.5253,1387.098,146.398,0.0,100.0,0,0,36.59,REGEN,-350.0
737,24.5586,1388.441,144.549,0.0,100.0,0,0,36.88,REGEN,-350.0
738,24.5919,1389.77,142.745,0.0,100.0,0,0,37.18,REGEN,-350.0
739,24.6252,1391.087,140.98,0.0,100.0,0,0,37.47,REGEN,-350.0
740,24.6586,1392.381,139.282,0.0,100.0,0,0,37.76,REGEN,-350.0
741,24.6919,1393.663,137.687,0.0,100.0,0,0,38.05,REGEN,-350.0
742,24.7252,1394.933,136.194,0.0,100.0,0,0,38.34,REGEN,-350.0
743,24.7585,1396.184,134.739,0.0,100.0,0,0,38.63,REGEN,-350.0
744,24.7919,1397.426,133.291,0.0,100.0,0,0,38.92,REGEN,-350.0
745,24.8252,1398.653,131.85,0.0,100.0,0,0,39.22,REGEN,-350.0
746,24.8585,1399.865,130.482,0.0,100.0,0,0,39.51,REGEN,-350.0
747,24.8918,1401.071,129.15,0.0,100.0,0,0,39.8,REGEN,-350.0
748,24.9252,1402.257,127.922,0.0,100.0,0,0,40.09,REGEN,-350.0
749,24.9585,1403.437,126.728,0.0,100.0,0,0,40.38,REGEN,-350.0
750,24.9918,1404.605,125.594,0.0,100.0,0,0,40.67,REGEN,-350.0
751,25.0251,1405.761,124.509,0.0,100.0,0,0,40.97,REGEN,-350.0
752,25.0584,1406.911,123.45,0.0,100.0,0,0,41.26,REGEN,-350.0
753,25.0918,1408.047,122.442,0.0,100.0,0,0,41.55,REGEN,-350.0
754,25.1251,1409.178,121.435,0.0,100.0,0,0,41.84,REGEN,-350.0
755,25.1584,1410.295,120.404,0.0,100.0,0,0,42.13,REGEN,-350.0
756,25.1917,1411.405,119.321,0.0,100.0,0,0,42.42,REGEN,-350.0
757,25.2251,1412.503,118.136,0.0,100.0,0,0,42.71,REGEN,-350.0
758,25.2584,1413.59,116.869,0.0,100.0,0,0,43.01,REGEN,-350.0
759,25.2917,1414.667,115.527,0.0,100.0,0,0,43.3,REGEN,-350.0
760,25.325,1415.728,114.149,0.0,100.0,0,0,43.59,REGEN,-350.0
761,25.3583,1416.781,112.754,0.0,100.0,0,0,43.88,REGEN,-350.0
762,25.3917,1417.815,111.413,0.0,100.0,0,0,44.17,REGEN,-350.0
763,25.425,1418.844,110.089,0.0,100.0,0,0,44.46,REGEN,-350.0
764,25.4583,1419.856,109.111,100.0,100.0,0,0,44.76,REGEN,101.26
765,25.4916,1420.864,108.213,100.0,100.0,0,0,45.05,REGEN,655.33
766,25.525,1421.865,107.933,100.0,0.0,0,0,44.86,DEPLOY,750.0
767,25.5583,1422.864,107.78,100.0,0.0,0,0,44.56,DEPLOY,750.0
768,25.5916,1423.86,107.627,100.0,0.0,0,0,44.27,DEPLOY,750.0
769,25.6249,1424.856,107.474,100.0,0.0,0,0,43.98,DEPLOY,750.0
770,25.6582,1425.85,107.322,100.0,0.0,0,0,43.69,DEPLOY,750.0
771,25.6916,1426.843,107.17,100.0,0.0,0,0,43.4,DEPLOY,750.0
772,25.7249,1427.834,107.019,100.0,0.0,0,0,43.11,DEPLOY,750.0
773,25.7582,1428.824,106.868,100.0,0.0,0,0,42.81,DEPLOY,750.0
774,25.7915,1429.817,107.184,100.0,0.0,0,0,42.52,DEPLOY,750.0
775,25.8249,1430.81,107.629,100.0,0.0,0,0,42.24,DEPLOY,750.0
776,25.8582,1431.809,108.076,100.0,0.0,0,0,41.95,DEPLOY,750.0
777,25.8915,1432.81,108.525,100.0,0.0,0,0,41.67,DEPLOY,750.0
778,25.9248,1433.818,108.977,100.0,0.0,0,0,41.38,DEPLOY,750.0
779,25.9581,1434.828,109.43,100.0,0.0,0,0,41.1,DEPLOY,750.0
780,25.9915,1435.844,109.886,100.0,0.0,0,0,40.81,DEPLOY,750.0
781,26.0248,1436.862,110.343,100.0,0.0,0,0,40.53,DEPLOY,750.0
782,26.0581,1437.887,110.801,100.0,0.0,0,0,40.24,DEPLOY,750.0
783,26.0914,1438.913,111.261,100.0,0.0,0,0,39.95,DEPLOY,750.0
784,26.1248,1439.945,111.618,100.0,0.0,0,0,39.65,DEPLOY,750.0
785,26.1581,1440.979,111.961,100.0,0.0,0,0,39.36,DEPLOY,750.0
786,26.1914,1442.019,112.372,100.0,0.0,0,0,39.07,DEPLOY,750.0
787,26.2247,1443.059,112.783,100.0,0.0,0,0,38.78,DEPLOY,750.0
788,26.258,1444.106,113.088,100.0,0.0,0,0,38.49,DEPLOY,750.0
789,26.2914,1445.153,113.401,100.0,0.0,0,0,38.2,DEPLOY,750.0
790,26.3247,1446.206,113.78,100.0,0.0,0,0,37.91,DEPLOY,750.0
791,26.358,1447.26,114.204,100.0,0.0,0,0,37.61,DEPLOY,750.0
792,26.3913,1448.321,114.8,100.0,0.0,0,0,37.32,DEPLOY,750.0
793,26.4247,1449.386,115.457,100.0,0.0,0,0,37.03,DEPLOY,750.0
794,26.458,1450.459,116.24,100.0,0.0,0,0,36.74,DEPLOY,750.0
795,26.4913,1451.539,117.084,100.0,0.0,0,0,36.45,DEPLOY,750.0
796,26.5246,1452.627,117.999,100.0,0.0,0,0,36.16,DEPLOY,750.0
797,26.5579,1453.724,118.969,100.0,0.0,0,0,35.86,DEPLOY,750.0
798,26.5913,1454.828,119.971,100.0,0.0,0,0,35.57,DEPLOY,750.0
799,26.6246,1455.946,121.022,100.0,0.0,0,0,35.28,DEPLOY,750.0
800,26.6579,1457.067,122.086,100.0,0.0,0,0,34.99,DEPLOY,750.0
801,26.6912,1458.206,123.192,100.0,0.0,0,0,34.7,DEPLOY,750.0
802,26.7246,1459.35,124.309,100.0,0.0,0,0,34.41,DEPLOY,750.0
803,26.7579,1460.507,125.452,100.0,0.0,0,0,34.11,DEPLOY,750.0
804,26.7912,1461.674,126.615,100.0,0.0,0,0,33.82,DEPLOY,750.0
805,26.8245,1462.849,127.794,100.0,0.0,0,0,33.53,DEPLOY,750.0
806,26.8578,1464.04,129.001,100.0,0.0,0,0,33.24,DEPLOY,750.0
807,26.8912,1465.237,130.208,100.0,0.0,0,0,32.95,DEPLOY,750.0
808,26.9245,1466.45,131.38,100.0,0.0,0,0,32.66,DEPLOY,750.0
809,26.9578,1467.671,132.566,100.0,0.0,0,0,32.37,DEPLOY,750.0
810,26.9911,1468.902,133.767,100.0,0.0,0,0,32.07,DEPLOY,750.0
811,27.0245,1470.149,135.097,100.0,0.0,0,0,31.78,DEPLOY,750.0
812,27.0578,1471.404,136.453,100.0,0.0,0,0,31.49,DEPLOY,750.0
813,27.0911,1472.673,137.833,100.0,0.0,0,0,31.2,DEPLOY,750.0
814,27.1244,1473.957,139.237,100.0,0.0,0,0,30.91,DEPLOY,750.0
815,27.1578,1475.25,140.656,100.0,0.0,0,0,30.62,DEPLOY,750.0
816,27.1911,1476.56,142.105,100.0,0.0,0,0,30.32,DEPLOY,750.0
817,27.2244,1477.883,143.576,100.0,0.0,0,0,30.03,DEPLOY,750.0
818,27.2577,1479.216,145.066,100.0,0.0,0,0,29.74,DEPLOY,750.0
819,27.291,1480.568,146.591,100.0,0.0,0,0,29.45,DEPLOY,750.0
820,27.3244,1481.933,148.141,100.0,0.0,0,0,29.16,DEPLOY,750.0
821,27.3577,1483.309,149.669,100.0,0.0,0,0,28.87,DEPLOY,750.0
822,27.391,1484.701,151.04,100.0,0.0,0,0,28.58,DEPLOY,750.0
823,27.4243,1486.107,152.379,100.0,0.0,0,0,28.28,DEPLOY,750.0
824,27.4577,1487.522,153.709,100.0,0.0,0,0,27.99,DEPLOY,750.0
825,27.491,1488.95,155.042,100.0,0.0,0,0,27.7,DEPLOY,750.0
826,27.5243,1490.393,156.381,100.0,0.0,0,0,27.41,DEPLOY,750.0
827,27.5576,1491.847,157.723,100.0,0.0,0,0,27.12,DEPLOY,750.0
828,27.5909,1493.312,159.068,100.0,0.0,0,0,26.83,DEPLOY,750.0
829,27.6243,1494.79,160.415,100.0,0.0,0,0,26.54,DEPLOY,750.0
830,27.6576,1496.283,161.765,100.0,0.0,0,0,26.25,DEPLOY,750.0
831,27.6909,1497.786,163.116,100.0,0.0,0,0,25.96,DEPLOY,750.0
832,27.7242,1499.301,164.469,100.0,0.0,0,0,25.67,DEPLOY,750.0
833,27.7576,1500.829,165.822,100.0,0.0,0,0,25.38,DEPLOY,750.0
834,27.7909,1502.372,167.16,100.0,0.0,0,0,25.08,DEPLOY,750.0
835,27.8242,1503.925,168.486,100.0,0.0,0,0,24.79,DEPLOY,750.0
836,27.8575,1505.49,169.804,100.0,0.0,0,0,24.5,DEPLOY,750.0
837,27.8908,1507.066,171.126,100.0,0.0,0,0,24.21,DEPLOY,750.0
838,27.9242,1508.658,172.454,100.0,0.0,0,0,23.92,DEPLOY,750.0
839,27.9575,1510.261,173.786,100.0,0.0,0,0,23.63,DEPLOY,750.0
840,27.9908,1511.876,175.124,100.0,0.0,0,0,23.33,DEPLOY,750.0
841,28.0241,1513.502,176.467,100.0,0.0,0,0,23.04,DEPLOY,750.0
842,28.0575,1515.141,177.815,100.0,0.0,0,0,22.75,DEPLOY,750.0
843,28.0908,1516.794,179.17,100.0,0.0,0,0,22.46,DEPLOY,750.0
844,28.1241,1518.459,180.529,100.0,0.0,0,0,22.17,DEPLOY,750.0
845,28.1574,1520.137,181.892,100.0,0.0,0,0,21.88,DEPLOY,750.0
846,28.1907,1521.827,183.259,100.0,0.0,0,0,21.59,DEPLOY,750.0
847,28.2241,1523.529,184.63,100.0,0.0,0,0,21.29,DEPLOY,750.0
848,28.2574,1525.243,186.003,100.0,0.0,0,0,21.0,DEPLOY,750.0
849,28.2907,1526.971,187.379,100.0,0.0,0,0,20.71,DEPLOY,750.0
850,28.324,1528.713,188.758,100.0,0.0,0,0,20.42,DEPLOY,750.0
851,28.3574,1530.467,190.138,100.0,0.0,0,0,20.13,DEPLOY,750.0
852,28.3907,1532.233,191.518,100.0,0.0,0,0,19.84,DEPLOY,750.0
853,28.424,1534.012,192.899,100.0,0.0,0,0,19.54,DEPLOY,750.0
854,28.4573,1535.804,194.279,100.0,0.0,0,0,19.25,DEPLOY,750.0
855,28.4906,1537.609,195.659,100.0,0.0,0,0,18.96,DEPLOY,750.0
856,28.524,1539.426,197.038,100.0,0.0,0,0,18.67,DEPLOY,750.0
857,28.5573,1541.255,198.418,100.0,0.0,0,0,18.38,DEPLOY,750.0
858,28.5906,1543.098,199.8,100.0,0.0,0,0,18.09,DEPLOY,749.92
859,28.6239,1544.954,201.188,100.0,0.0,0,0,17.79,DEPLOY,745.71
860,28.6573,1546.823,202.582,100.0,0.0,0,0,17.51,DEPLOY,740.78
861,28.6906,1548.705,203.983,100.0,0.0,0,0,17.22,DEPLOY,735.77
862,28.7239,1550.6,205.391,100.0,0.0,0,0,16.94,DEPLOY,730.75
863,28.7572,1552.508,206.805,100.0,0.0,0,0,16.67,DEPLOY,725.7
864,28.7905,1554.428,208.215,100.0,0.0,0,0,16.4,DEPLOY,720.63
865,28.8239,1556.362,209.597,100.0,0.0,0,0,16.13,DEPLOY,715.55
866,28.8572,1558.309,210.964,100.0,0.0,0,0,15.87,DEPLOY,710.46
867,28.8905,1560.268,212.328,100.0,0.0,0,0,15.61,DEPLOY,705.36
868,28.9238,1562.239,213.688,100.0,0.0,0,0,15.35,DEPLOY,700.27
869,28.9572,1564.223,215.043,100.0,0.0,0,0,15.1,DEPLOY,695.17
870,28.9905,1566.22,216.392,100.0,0.0,0,0,14.86,DEPLOY,690.09
871,29.0238,1568.229,217.735,100.0,0.0,0,0,14.62,DEPLOY,685.01
872,29.0571,1570.251,219.072,100.0,0.0,0,0,14.38,DEPLOY,679.94
873,29.0904,1572.285,220.401,100.0,0.0,0,0,14.15,DEPLOY,674.88
874,29.1238,1574.331,221.722,100.0,0.0,0,0,13.92,DEPLOY,669.83
875,29.1571,1576.389,223.035,100.0,0.0,0,0,13.7,DEPLOY,664.79
876,29.1904,1578.46,224.339,100.0,0.0,0,0,13.48,DEPLOY,659.75
877,29.2237,1580.542,225.632,100.0,0.0,0,0,13.26,DEPLOY,654.73
878,29.2571,1582.636,226.915,100.0,0.0,0,0,13.05,DEPLOY,649.78
879,29.2904,1584.742,228.187,100.0,0.0,0,0,12.84,DEPLOY,644.93
880,29.3237,1586.86,229.448,100.0,0.0,0,0,12.64,DEPLOY,640.16
881,29.357,1588.99,230.697,100.0,0.0,0,0,12.44,DEPLOY,635.47
882,29.3904,1591.131,231.934,100.0,0.0,0,0,12.25,DEPLOY,630.87
883,29.4237,1593.283,233.157,100.0,0.0,0,0,12.05,DEPLOY,626.35
884,29.457,1595.447,234.366,100.0,0.0,0,0,11.87,DEPLOY,621.91
885,29.4903,1597.623,235.562,100.0,0.0,0,0,11.68,DEPLOY,617.55
886,29.5236,1599.809,236.744,100.0,0.0,0,0,11.5,DEPLOY,613.25
887,29.557,1602.005,237.912,100.0,0.0,0,0,11.33,DEPLOY,609.03
888,29.5903,1604.213,239.064,100.0,0.0,0,0,11.15,DEPLOY,604.88
889,29.6236,1606.431,240.201,100.0,0.0,0,0,10.99,DEPLOY,600.79
890,29.6569,1608.659,241.323,100.0,0.0,0,0,10.82,DEPLOY,596.77
891,29.6903,1610.898,242.428,100.0,0.0,0,0,10.66,DEPLOY,592.82
892,29.7236,1613.146,243.517,100.0,0.0,0,0,10.5,DEPLOY,588.93
893,29.7569,1615.406,244.588,100.0,0.0,0,0,10.34,DEPLOY,585.1
894,29.7902,1617.675,245.641,100.0,0.0,0,0,10.19,DEPLOY,581.33
895,29.8235,1619.954,246.677,100.0,0.0,0,0,10.04,DEPLOY,577.62
896,29.8569,1622.242,247.695,100.0,0.0,0,0,9.89,DEPLOY,573.97
897,29.8902,1624.539,248.695,100.0,0.0,0,0,9.75,DEPLOY,570.38
898,29.9235,1626.845,249.677,100.0,0.0,0,0,9.61,DEPLOY,566.83
899,29.9568,1629.16,250.638,100.0,0.0,0,0,9.47,DEPLOY,563.35
900,29.9902,1631.485,251.578,100.0,0.0,0,0,9.33,DEPLOY,559.92
901,30.0235,1633.818,252.499,100.0,0.0,0,0,9.2,DEPLOY,556.54
902,30.0568,1636.16,253.398,100.0,0.0,0,0,9.07,DEPLOY,553.21
903,30.0901,1638.509,254.277,100.0,0.0,0,0,8.95,DEPLOY,549.93
904,30.1234,1640.866,255.135,100.0,0.0,0,0,8.82,DEPLOY,546.69
905,30.1568,1643.232,255.969,100.0,0.0,0,0,8.7,DEPLOY,543.51
906,30.1901,1645.605,256.78,100.0,0.0,0,0,8.58,DEPLOY,540.38
907,30.2234,1647.986,257.567,100.0,0.0,0,0,8.47,DEPLOY,537.29
908,30.2567,1650.373,258.332,100.0,0.0,0,0,8.35,DEPLOY,534.24
909,30.2901,1652.768,259.073,100.0,0.0,0,0,8.24,DEPLOY,531.24
910,30.3234,1655.169,259.789,100.0,0.0,0,0,8.13,DEPLOY,528.29
911,30.3567,1657.577,260.479,100.0,0.0,0,0,8.03,DEPLOY,525.38
912,30.39,1659.991,261.143,100.0,0.0,0,0,7.93,DEPLOY,522.51
913,30.4233,1662.411,261.783,100.0,0.0,0,0,7.82,DEPLOY,519.69
914,30.4567,1664.837,262.399,100.0,0.0,0,0,7.73,DEPLOY,517.03
915,30.49,1667.269,262.987,100.0,0.0,0,0,7.63,DEPLOY,514.61
916,30.5233,1669.706,263.549,100.0,0.0,0,0,7.54,DEPLOY,512.32
917,30.5566,1672.148,264.086,100.0,0.0,0,0,7.44,DEPLOY,510.02
918,30.59,1674.594,264.598,100.0,0.0,0,0,7.35,DEPLOY,507.64
919,30.6233,1677.046,265.085,100.0,0.0,0,0,7.26,DEPLOY,505.26
920,30.6566,1679.502,265.545,100.0,0.0,0,0,7.18,DEPLOY,503.07
921,30.6899,1681.962,265.981,100.0,0.0,0,0,7.09,DEPLOY,501.7
922,30.7232,1684.426,266.393,100.0,0.0,0,0,7.01,DEPLOY,501.39
923,30.7566,1686.893,266.784,100.0,0.0,0,0,6.93,DEPLOY,501.07
924,30.7899,1689.364,267.151,100.0,0.0,0,0,6.84,DEPLOY,500.76
925,30.8232,1691.839,267.495,100.0,0.0,0,0,6.76,DEPLOY,500.46
926,30.8565,1694.316,267.818,100.0,0.0,0,0,6.68,DEPLOY,500.16
927,30.8899,1696.796,268.122,100.0,0.0,0,0,6.59,DEPLOY,499.88
928,30.9232,1699.28,268.405,100.0,0.0,0,0,6.51,DEPLOY,499.61
929,30.9565,1701.765,268.669,100.0,0.0,0,0,6.43,DEPLOY,499.35
930,30.9898,1704.253,268.915,100.0,0.0,0,0,6.35,DEPLOY,499.09
931,31.0231,1706.743,269.144,100.0,0.0,0,0,6.26,DEPLOY,498.83
932,31.0565,1709.236,269.357,100.0,0.0,0,0,6.18,DEPLOY,498.58
933,31.0898,1711.73,269.554,100.0,0.0,0,0,6.1,DEPLOY,498.34
934,31.1231,1714.226,269.737,100.0,0.0,0,0,6.02,DEPLOY,498.1
935,31.1564,1716.723,269.908,100.0,0.0,0,0,5.94,DEPLOY,497.86
936,31.1898,1719.222,270.066,100.0,0.0,0,0,5.86,DEPLOY,497.62
937,31.2231,1721.723,270.212,100.0,0.0,0,0,5.78,DEPLOY,497.4
938,31.2564,1724.225,270.348,100.0,0.0,0,0,5.69,DEPLOY,497.17
939,31.2897,1726.728,270.474,100.0,0.0,0,0,5.61,DEPLOY,496.95
940,31.3231,1729.232,270.592,100.0,0.0,0,0,5.53,DEPLOY,496.73
941,31.3564,1731.737,270.701,100.0,0.0,0,0,5.45,DEPLOY,496.52
942,31.3897,1734.243,270.804,100.0,0.0,0,0,5.37,DEPLOY,496.31
943,31.423,1736.75,270.9,100.0,0.0,0,0,5.29,DEPLOY,496.1
944,31.4563,1739.258,270.99,100.0,0.0,0,0,5.21,DEPLOY,495.9
945,31.4897,1741.767,271.074,100.0,0.0,0,0,5.13,DEPLOY,495.7
946,31.523,1744.276,271.154,100.0,0.0,0,0,5.05,DEPLOY,495.51
947,31.5563,1746.786,271.229,100.0,0.0,0,0,4.97,DEPLOY,495.31
948,31.5896,1749.297,271.301,100.0,0.0,0,0,4.89,DEPLOY,495.12
949,31.623,1751.809,271.369,100.0,0.0,0,0,4.81,DEPLOY,494.94
950,31.6563,1754.321,271.433,100.0,0.0,0,0,4.74,DEPLOY,494.76
951,31.6896,1756.834,271.495,100.0,0.0,0,0,4.66,DEPLOY,494.58
952,31.7229,1759.347,271.554,100.0,0.0,0,0,4.58,DEPLOY,494.4
953,31.7562,1761.861,271.61,100.0,0.0,0,0,4.5,DEPLOY,494.23
954,31.7896,1764.375,271.664,100.0,0.0,0,0,4.42,DEPLOY,494.06
955,31.8229,1766.89,271.716,100.0,0.0,0,0,4.34,DEPLOY,493.9
956,31.8562,1769.405,271.766,100.0,0.0,0,0,4.26,DEPLOY,493.73
957,31.8895,1771.921,271.814,100.0,0.0,0,0,4.19,DEPLOY,493.57
958,31.9229,1774.437,271.86,100.0,0.0,0,0,4.11,DEPLOY,493.41
959,31.9562,1776.954,271.904,100.0,0.0,0,0,4.03,DEPLOY,493.26
960,31.9895,1779.471,271.946,100.0,0.0,0,0,3.95,DEPLOY,493.11
961,32.0228,1781.988,271.986,100.0,0.0,0,0,3.88,DEPLOY,492.96
962,32.0561,1784.506,272.025,100.0,0.0,0,0,3.8,DEPLOY,492.81
963,32.0895,1787.024,272.062,100.0,0.0,0,0,3.72,DEPLOY,492.67
964,32.1228,1789.542,272.097,100.0,0.0,0,0,3.64,DEPLOY,492.53
965,32.1561,1792.061,272.131,100.0,0.0,0,0,3.57,DEPLOY,492.39
966,32.1894,1794.58,272.164,100.0,0.0,0,0,3.49,DEPLOY,492.25
967,32.2228,1797.1,272.195,100.0,0.0,0,0,3.41,DEPLOY,492.12
968,32.2561,1799.619,272.225,100.0,0.0,0,0,3.34,DEPLOY,491.99
969,32.2894,1802.139,272.254,100.0,0.0,0,0,3.26,DEPLOY,491.86
970,32.3227,1804.659,272.283,100.0,0.0,0,0,3.18,DEPLOY,491.73
971,32.356,1807.18,272.311,100.0,0.0,0,0,3.11,DEPLOY,491.6
972,32.3894,1809.7,272.338,100.0,0.0,0,0,3.03,DEPLOY,491.48
973,32.4227,1812.221,272.366,100.0,0.0,0,0,2.95,DEPLOY,491.36
974,32.456,1814.743,272.395,100.0,0.0,0,0,2.88,DEPLOY,491.24
975,32.4893,1817.264,272.425,100.0,0.0,0,0,2.8,DEPLOY,491.13
976,32.5227,1819.786,272.456,100.0,0.0,0,0,2.73,DEPLOY,491.01
977,32.556,1822.308,272.489,100.0,0.0,0,0,2.65,DEPLOY,490.9
978,32.5893,1824.83,272.525,100.0,0.0,0,0,2.58,DEPLOY,490.79
979,32.6226,1827.353,272.564,100.0,0.0,0,0,2.5,DEPLOY,490.68
980,32.6559,1829.876,272.607,100.0,0.0,0,0,2.42,DEPLOY,490.58
981,32.6893,1832.4,272.655,100.0,0.0,0,0,2.35,DEPLOY,490.47
982,32.7226,1834.924,272.708,100.0,0.0,0,0,2.27,DEPLOY,490.37
983,32.7559,1837.448,272.765,100.0,0.0,0,0,2.2,DEPLOY,490.27
984,32.7892,1839.972,272.515,100.0,0.0,0,0,2.12,DEPLOY,491.35
985,32.8226,1842.491,271.619,100.0,0.0,0,0,2.05,DEPLOY,494.6
986,32.8559,1845.004,271.43,100.0,0.0,0,0,1.97,DEPLOY,495.23
987,32.8892,1847.516,271.486,100.0,0.0,0,0,1.89,DEPLOY,495.05
988,32.9225,1850.03,271.541,100.0,0.0,0,0,1.81,DEPLOY,494.86
989,32.9558,1852.543,271.596,100.0,0.0,0,0,1.73,DEPLOY,494.68
990,32.9892,1855.057,271.649,100.0,0.0,0,0,1.65,DEPLOY,494.5
991,33.0225,1857.572,271.701,100.0,0.0,0,0,1.57,DEPLOY,494.33
992,33.0558,1860.087,271.752,100.0,0.0,0,0,1.49,DEPLOY,494.16
993,33.0891,1862.603,271.803,100.0,0.0,0,0,1.42,DEPLOY,493.99
994,33.1225,1865.119,271.86,100.0,0.0,0,0,1.34,DEPLOY,493.8
995,33.1558,1867.639,272.546,100.0,0.0,0,0,1.26,DEPLOY,491.51
996,33.1891,1870.165,273.224,100.0,0.0,0,0,1.18,DEPLOY,489.25
997,33.2224,1872.697,273.848,100.0,0.0,0,0,1.11,DEPLOY,487.08
998,33.2557,1875.232,273.985,100.0,0.0,0,0,1.04,DEPLOY,486.72
999,33.2891,1877.768,273.996,100.0,0.0,0,0,0.96,DEPLOY,486.68
1000,33.3224,1880.305,274.006,100.0,0.0,0,0,0.89,DEPLOY,486.65
1001,33.3557,1882.841,274.017,100.0,0.0,0,0,0.82,DEPLOY,486.61
1002,33.389,1885.377,274.027,100.0,0.0,0,0,0.75,DEPLOY,486.58
1003,33.4224,1887.914,274.037,100.0,0.0,0,0,0.68,DEPLOY,486.54
1004,33.4557,1890.45,274.047,100.0,0.0,0,0,0.6,DEPLOY,486.51
1005,33.489,1892.989,274.543,100.0,0.0,0,0,0.53,DEPLOY,484.86
1006,33.5223,1895.533,275.195,100.0,0.0,0,0,0.46,DEPLOY,482.68
1007,33.5557,1898.084,275.838,100.0,0.0,0,0,0.39,DEPLOY,480.54
1008,33.589,1900.64,276.473,100.0,0.0,0,0,0.33,DEPLOY,478.42
1009,33.6223,1903.202,277.101,100.0,0.0,0,0,0.26,DEPLOY,476.33
1010,33.6556,1905.77,277.719,100.0,0.0,0,0,0.2,DEPLOY,474.27
1011,33.6889,1908.343,278.331,100.0,0.0,0,0,0.14,DEPLOY,472.23
1012,33.7223,1910.922,278.935,100.0,0.0,0,0,0.08,DEPLOY,470.22
1013,33.7556,1913.507,279.521,100.0,0.0,0,0,0.02,DEPLOY,468.23
1014,33.7889,1916.096,279.986,100.0,0.0,0,0,0.0,DEPLOY,466.27
1015,33.8222,1918.689,280.343,100.0,0.0,0,0,0.0,DEPLOY,464.34
1016,33.8556,1921.286,280.694,100.0,0.0,0,0,0.0,DEPLOY,462.43
1017,33.8889,1923.886,281.039,100.0,0.0,0,0,0.0,DEPLOY,460.54
1018,33.9222,1926.489,281.377,100.0,0.0,0,0,0.0,DEPLOY,458.68
1019,33.9555,1929.095,281.706,100.0,0.0,0,0,0.0,DEPLOY,456.85
1020,33.9888,1931.704,282.022,100.0,0.0,0,0,0.0,DEPLOY,455.04
1021,34.0222,1934.316,282.328,100.0,0.0,0,0,0.0,DEPLOY,453.25
1022,34.0555,1936.93,282.62,100.0,0.0,0,0,0.0,DEPLOY,451.49
1023,34.0888,1939.548,282.898,100.0,0.0,0,0,0.0,DEPLOY,449.75
1024,34.1221,1942.167,283.16,100.0,0.0,0,0,0.0,DEPLOY,448.03
1025,34.1555,1944.789,283.406,100.0,0.0,0,0,0.0,DEPLOY,446.34
1026,34.1888,1947.414,283.636,100.0,0.0,0,0,0.0,DEPLOY,444.66
1027,34.2221,1950.04,283.847,100.0,0.0,0,0,0.0,DEPLOY,443.01
1028,34.2554,1952.668,284.042,100.0,0.0,0,0,0.0,DEPLOY,441.38
1029,34.2887,1955.298,284.219,100.0,0.0,0,0,0.0,DEPLOY,439.8
1030,34.3221,1957.93,284.376,100.0,0.0,0,0,0.0,DEPLOY,439.24
1031,34.3554,1960.563,284.517,100.0,0.0,0,0,0.0,DEPLOY,440.02
1032,34.3887,1963.197,284.641,100.0,0.0,0,0,0.0,DEPLOY,440.79
1033,34.422,1965.832,284.746,100.0,0.0,0,0,0.0,DEPLOY,441.54
1034,34.4554,1968.468,284.836,100.0,0.0,0,0,0.0,DEPLOY,442.28
1035,34.4887,1971.105,284.909,100.0,0.0,0,0,0.0,DEPLOY,444.19
1036,34.522,1973.743,284.965,100.0,0.0,0,0,0.0,DEPLOY,447.06
1037,34.5553,1976.38,285.007,100.0,0.0,0,0,0.0,DEPLOY,447.72
1038,34.5886,1979.019,285.035,100.0,0.0,0,0,0.0,DEPLOY,448.36
1039,34.622,1981.657,285.048,100.0,0.0,0,0,0.0,DEPLOY,448.99
1040,34.6553,1984.296,285.047,100.0,0.0,0,0,0.0,DEPLOY,449.61
1041,34.6886,1986.934,284.934,0.0,0.0,0,0,0.0,DEPLOY,-284.81
1042,34.7219,1989.571,284.924,0.0,100.0,0,0,0.27,REGEN,-350.0
1043,34.7553,1992.208,284.924,0.0,100.0,0,0,0.57,REGEN,-350.0
1044,34.7886,1994.846,284.924,0.0,100.0,0,0,0.86,REGEN,-350.0
1045,34.8219,1997.483,284.889,0.0,100.0,0,0,1.15,REGEN,-350.0
1046,34.8552,2000.119,284.831,0.0,100.0,0,0,1.44,REGEN,-350.0
1047,34.8885,2002.756,284.766,0.0,100.0,0,0,1.73,REGEN,-350.0
1048,34.9219,2005.391,284.694,0.0,100.0,0,0,2.02,REGEN,-350.0
1049,34.9552,2008.026,284.617,0.0,100.0,0,0,2.31,REGEN,-350.0
1050,34.9885,2010.66,284.536,0.0,100.0,0,0,2.61,REGEN,-350.0
1051,35.0218,2013.293,284.45,0.0,100.0,0,0,2.9,REGEN,-350.0
1052,35.0552,2015.926,284.361,0.0,100.0,0,0,3.19,REGEN,-18.08
1053,35.0885,2018.558,284.269,100.0,0.0,0,0,3.29,DEPLOY,450.59
1054,35.1218,2021.188,284.174,100.0,0.0,0,0,3.25,DEPLOY,451.18
1055,35.1551,2023.818,284.078,100.0,0.0,0,0,3.21,DEPLOY,451.76
1056,35.1884,2026.447,283.981,100.0,0.0,0,0,3.17,DEPLOY,452.33
1057,35.2218,2029.076,283.882,100.0,0.0,0,0,3.12,DEPLOY,452.89
1058,35.2551,2031.703,283.784,100.0,0.0,0,0,3.08,DEPLOY,453.45
1059,35.2884,2034.329,283.686,100.0,0.0,0,0,3.03,DEPLOY,453.99
1060,35.3217,2036.955,283.589,100.0,0.0,0,0,2.99,DEPLOY,454.52
1061,35.3551,2039.579,283.482,100.0,0.0,0,0,2.94,DEPLOY,455.05
1062,35.3884,2042.202,283.331,100.0,0.0,0,0,2.9,DEPLOY,455.56
1063,35.4217,2044.824,283.178,100.0,0.0,0,0,2.85,DEPLOY,456.07
1064,35.455,2047.445,283.029,100.0,0.0,0,0,2.8,DEPLOY,456.57
1065,35.4883,2050.064,282.882,100.0,0.0,0,0,2.76,DEPLOY,457.06
1066,35.5217,2052.681,282.737,100.0,0.0,0,0,2.71,DEPLOY,457.54
1067,35.555,2055.298,282.595,100.0,0.0,0,0,2.66,DEPLOY,458.02
1068,35.5883,2057.913,282.456,100.0,0.0,0,0,2.61,DEPLOY,458.48
1069,35.6216,2060.527,282.319,100.0,0.0,0,0,2.56,DEPLOY,458.94
1070,35.655,2063.139,282.184,100.0,0.0,0,0,2.51,DEPLOY,459.39
1071,35.6883,2065.751,282.052,100.0,0.0,0,0,2.47,DEPLOY,459.83
1072,35.7216,2068.361,281.922,100.0,0.0,0,0,2.42,DEPLOY,460.26
1073,35.7549,2070.97,281.794,100.0,0.0,0,0,2.37,DEPLOY,460.69
1074,35.7883,2073.578,281.668,100.0,0.0,0,0,2.31,DEPLOY,461.11
1075,35.8216,2076.184,281.545,100.0,0.0,0,0,2.26,DEPLOY,461.52
1076,35.8549,2078.79,281.424,100.0,0.0,0,0,2.21,DEPLOY,461.92
1077,35.8882,2081.394,281.304,100.0,0.0,0,0,2.16,DEPLOY,462.32
1078,35.9215,2083.997,281.187,100.0,0.0,0,0,2.11,DEPLOY,462.71
1079,35.9549,2086.599,281.072,100.0,0.0,0,0,2.06,DEPLOY,463.09
1080,35.9882,2089.201,280.959,100.0,0.0,0,0,2.0,DEPLOY,463.47
1081,36.0215,2091.801,280.848,100.0,0.0,0,0,1.95,DEPLOY,463.84
1082,36.0548,2094.4,280.739,100.0,0.0,0,0,1.9,DEPLOY,464.2
1083,36.0882,2096.998,280.631,100.0,0.0,0,0,1.84,DEPLOY,464.56
1084,36.1215,2099.595,280.526,100.0,0.0,0,0,1.79,DEPLOY,464.91
1085,36.1548,2102.191,280.422,100.0,0.0,0,0,1.74,DEPLOY,465.26
1086,36.1881,2104.788,280.737,100.0,0.0,0,0,1.68,DEPLOY,464.21
1087,36.2214,2107.389,281.305,100.0,0.0,0,0,1.63,DEPLOY,462.32
1088,36.2548,2109.996,281.87,100.0,0.0,0,0,1.58,DEPLOY,460.43
1089,36.2881,2112.607,282.43,100.0,0.0,0,0,1.53,DEPLOY,458.57
1090,36.3214,2115.224,282.982,100.0,0.0,0,0,1.48,DEPLOY,456.73
1091,36.3547,2117.846,283.527,100.0,0.0,0,0,1.43,DEPLOY,454.91
1092,36.3881,2120.473,284.066,100.0,0.0,0,0,1.39,DEPLOY,453.11
1093,36.4214,2123.104,284.598,100.0,0.0,0,0,1.34,DEPLOY,451.34
1094,36.4547,2125.741,285.123,100.0,0.0,0,0,1.3,DEPLOY,449.59
1095,36.488,2128.383,285.642,100.0,0.0,0,0,1.26,DEPLOY,447.86
1096,36.5213,2131.029,286.155,100.0,0.0,0,0,1.22,DEPLOY,446.15
1097,36.5547,2133.68,286.661,100.0,0.0,0,0,1.18,DEPLOY,444.46
1098,36.588,2136.336,287.161,100.0,0.0,0,0,1.14,DEPLOY,442.8
1099,36.6213,2138.996,287.655,100.0,0.0,0,0,1.11,DEPLOY,441.15
1100,36.6546,2141.661,288.143,100.0,0.0,0,0,1.07,DEPLOY,439.52
1101,36.688,2144.331,288.625,100.0,0.0,0,0,1.04,DEPLOY,437.92
1102,36.7213,2147.004,289.098,100.0,0.0,0,0,1.01,DEPLOY,436.33
1103,36.7546,2149.682,289.503,100.0,0.0,0,0,0.98,DEPLOY,434.76
1104,36.7879,2152.364,289.908,100.0,0.0,0,0,0.95,DEPLOY,433.21
1105,36.8212,2155.049,290.317,100.0,0.0,0,0,0.92,DEPLOY,431.68
1106,36.8546,2157.738,290.727,100.0,0.0,0,0,0.9,DEPLOY,430.17
1107,36.8879,2160.431,291.139,100.0,0.0,0,0,0.87,DEPLOY,428.67
1108,36.9212,2163.128,291.552,100.0,0.0,0,0,0.85,DEPLOY,427.19
1109,36.9545,2165.828,291.965,100.0,0.0,0,0,0.83,DEPLOY,425.74
1110,36.9879,2168.533,292.377,100.0,0.0,0,0,0.8,DEPLOY,424.3
1111,37.0212,2171.241,292.788,100.0,0.0,0,0,0.78,DEPLOY,422.87
1112,37.0545,2173.953,293.199,100.0,0.0,0,0,0.77,DEPLOY,421.47
1113,37.0878,2176.669,293.607,100.0,0.0,0,0,0.75,DEPLOY,420.07
1114,37.1211,2179.388,294.013,100.0,0.0,0,0,0.73,DEPLOY,418.7
1115,37.1545,2182.112,294.416,100.0,0.0,0,0,0.72,DEPLOY,417.34
1116,37.1878,2184.839,294.817,100.0,0.0,0,0,0.7,DEPLOY,416.0
1117,37.2211,2187.569,295.215,100.0,0.0,0,0,0.69,DEPLOY,414.67
1118,37.2544,2190.304,295.609,100.0,0.0,0,0,0.68,DEPLOY,413.36
1119,37.2878,2193.042,296.0,100.0,0.0,0,0,0.67,DEPLOY,412.07
1120,37.3211,2195.784,296.387,100.0,0.0,0,0,0.66,DEPLOY,410.79
1121,37.3544,2198.529,296.77,100.0,0.0,0,0,0.65,DEPLOY,409.52
1122,37.3877,2201.277,297.149,100.0,0.0,0,0,0.64,DEPLOY,408.27
1123,37.421,2204.03,297.524,100.0,0.0,0,0,0.63,DEPLOY,407.03
1124,37.4544,2206.785,297.894,100.0,0.0,0,0,0.63,DEPLOY,405.81
1125,37.4877,2209.544,298.259,100.0,0.0,0,0,0.62,DEPLOY,404.6
1126,37.521,2212.307,298.618,100.0,0.0,0,0,0.62,DEPLOY,403.41
1127,37.5543,2215.072,298.973,100.0,0.0,0,0,0.61,DEPLOY,402.23
1128,37.5877,2217.841,299.32,100.0,0.0,0,0,0.61,DEPLOY,401.06
1129,37.621,2220.614,299.661,100.0,0.0,0,0,0.61,DEPLOY,400.13
1130,37.6543,2223.389,299.994,100.0,0.0,0,0,0.61,DEPLOY,400.0
1131,37.6876,2226.167,300.318,100.0,0.0,0,0,0.61,DEPLOY,400.0
1132,37.7209,2228.948,300.633,100.0,0.0,0,0,0.61,DEPLOY,400.0
1133,37.7543,2231.733,300.936,100.0,0.0,0,0,0.61,DEPLOY,400.0
1134,37.7876,2234.519,301.227,100.0,0.0,0,0,0.61,DEPLOY,400.0
1135,37.8209,2237.309,301.504,100.0,0.0,0,0,0.61,DEPLOY,400.0
1136,37.8542,2240.101,301.764,100.0,0.0,0,0,0.61,DEPLOY,400.0
1137,37.8876,2242.895,302.008,100.0,0.0,0,0,0.61,DEPLOY,400.0
1138,37.9209,2245.692,302.229,100.0,0.0,0,0,0.61,DEPLOY,400.0
1139,37.9542,2248.49,302.426,100.0,0.0,0,0,0.61,DEPLOY,400.0
1140,37.9875,2251.29,302.599,100.0,0.0,0,0,0.61,DEPLOY,400.0
1141,38.0209,2254.092,302.738,100.0,0.0,0,0,0.61,DEPLOY,400.0
1142,38.0542,2256.895,302.846,100.0,0.0,0,0,0.61,DEPLOY,400.0
1143,38.0875,2259.698,302.914,100.0,0.0,0,0,0.61,DEPLOY,400.0
1144,38.1208,2262.502,302.94,100.0,0.0,0,0,0.61,DEPLOY,400.0
1145,38.1541,2265.306,302.921,100.0,0.0,0,0,0.61,DEPLOY,400.0
1146,38.1875,2268.11,302.846,100.0,0.0,0,0,0.61,DEPLOY,400.0
1147,38.2208,2270.912,302.719,100.0,0.0,0,0,0.61,DEPLOY,400.0
1148,38.2541,2273.713,302.526,100.0,0.0,0,0,0.61,DEPLOY,400.0
1149,38.2874,2276.513,302.267,100.0,0.0,0,0,0.61,DEPLOY,400.0
1150,38.3208,2279.309,301.939,100.0,0.0,0,0,0.61,DEPLOY,400.0
1151,38.3541,2282.102,301.526,100.0,0.0,0,0,0.61,DEPLOY,400.0
1152,38.3874,2284.891,301.039,100.0,0.0,0,0,0.61,DEPLOY,400.0
1153,38.4207,2287.674,300.459,100.0,0.0,0,0,0.61,DEPLOY,400.0
1154,38.454,2290.452,299.79,100.0,0.0,0,0,0.61,DEPLOY,400.0
1155,38.4874,2293.224,299.031,100.0,0.0,0,0,0.61,DEPLOY,400.0
1156,38.5207,2295.988,298.165,100.0,0.0,0,0,0.61,DEPLOY,400.0
1157,38.554,2298.743,297.206,100.0,0.0,0,0,0.61,DEPLOY,400.0
1158,38.5873,2301.49,296.143,100.0,0.0,0,0,0.61,DEPLOY,400.0
1159,38.6207,2304.225,294.974,100.0,0.0,0,0,0.61,DEPLOY,400.0
1160,38.654,2306.95,293.711,0.0,0.0,0,0,0.61,DEPLOY,-276.24
1161,38.6873,2309.662,292.337,0.0,100.0,0,0,0.87,REGEN,-350.0
1162,38.7206,2312.361,290.863,0.0,100.0,0,0,1.14,REGEN,-350.0
1163,38.7539,2315.047,289.297,0.0,100.0,0,0,1.42,REGEN,-350.0
1164,38.7873,2317.716,287.627,0.0,100.0,0,0,1.69,REGEN,-350.0
1165,38.8206,2320.37,285.869,0.0,100.0,0,0,1.96,REGEN,-350.0
1166,38.8539,2323.009,284.03,0.0,100.0,0,0,2.23,REGEN,-350.0
1167,38.8872,2325.628,282.101,0.0,100.0,0,0,2.49,REGEN,-350.0
1168,38.9206,2328.23,280.075,0.0,100.0,0,0,2.76,REGEN,-350.0
1169,38.9539,2330.813,277.942,0.0,100.0,0,0,3.03,REGEN,-350.0
1170,38.9872,2333.376,275.701,0.0,100.0,0,0,3.31,REGEN,-350.0
1171,39.0205,2335.916,273.352,0.0,100.0,0,0,3.59,REGEN,-350.0
1172,39.0538,2338.435,270.914,0.0,100.0,0,0,3.87,REGEN,-350.0
1173,39.0872,2340.932,268.393,0.0,100.0,0,0,4.15,REGEN,-350.0
1174,39.1205,2343.404,265.795,0.0,100.0,0,0,4.44,REGEN,-350.0
1175,39.1538,2345.851,263.133,0.0,100.0,0,0,4.73,REGEN,-350.0
1176,39.1871,2348.273,260.188,0.0,100.0,0,0,5.02,REGEN,-350.0
1177,39.2205,2350.664,256.263,0.0,100.0,0,0,5.31,REGEN,-350.0
1178,39.2538,2353.018,251.942,0.0,100.0,0,0,5.6,REGEN,-350.0
1179,39.2871,2355.33,247.636,0.0,100.0,0,0,5.89,REGEN,-350.0
1180,39.3204,2357.601,243.375,0.0,100.0,0,0,6.18,REGEN,-350.0
1181,39.3537,2359.833,239.16,0.0,100.0,0,0,6.47,REGEN,-350.0
1182,39.3871,2362.027,234.992,0.0,100.0,0,0,6.76,REGEN,-350.0
1183,39.4204,2364.183,230.89,0.0,100.0,0,0,7.06,REGEN,-350.0
1184,39.4537,2366.301,226.876,0.0,100.0,0,0,7.35,REGEN,-350.0
1185,39.487,2368.383,222.992,0.0,100.0,0,0,7.64,REGEN,-350.0
1186,39.5204,2370.43,219.323,0.0,100.0,0,0,7.93,REGEN,-350.0
1187,39.5537,2372.445,215.976,0.0,100.0,0,0,8.22,REGEN,-350.0
1188,39.587,2374.43,213.005,0.0,100.0,0,0,8.51,REGEN,-350.0
1189,39.6203,2376.389,210.275,0.0,100.0,0,0,8.81,REGEN,-350.0
1190,39.6536,2378.323,207.672,0.0,100.0,0,0,9.1,REGEN,-350.0
1191,39.687,2380.236,205.72,0.0,100.0,0,0,9.39,REGEN,-350.0
1192,39.7203,2382.137,204.987,100.0,100.0,0,0,9.68,REGEN,182.72
1193,39.7536,2384.033,204.728,100.0,0.0,0,0,9.71,DEPLOY,733.05
1194,39.7869,2385.926,204.194,100.0,0.0,0,0,9.43,DEPLOY,314.88
1195,39.8203,2387.814,203.714,100.0,100.0,0,0,9.35,REGEN,9.76
1196,39.8536,2389.694,202.514,100.0,0.0,0,0,9.48,DEPLOY,740.48
1197,39.8869,2391.557,199.833,100.0,0.0,0,0,9.19,DEPLOY,750.0
1198,39.9202,2393.404,199.31,100.0,0.0,0,0,8.9,DEPLOY,750.0
1199,39.9536,2395.247,198.787,100.0,0.0,0,0,8.61,DEPLOY,750.0
1200,39.9869,2397.084,198.266,100.0,0.0,0,0,8.32,DEPLOY,750.0
1201,40.0202,2398.917,197.749,100.0,0.0,0,0,8.03,DEPLOY,750.0
1202,40.0535,2400.753,198.917,100.0,0.0,0,0,7.74,DEPLOY,750.0
1203,40.0868,2402.601,200.205,100.0,0.0,0,0,7.45,DEPLOY,748.5
1204,40.1202,2404.46,201.569,100.0,0.0,0,0,7.16,DEPLOY,744.4
1205,40.1535,2406.333,202.976,100.0,0.0,0,0,6.87,DEPLOY,739.37
1206,40.1868,2408.218,204.376,100.0,0.0,0,0,6.59,DEPLOY,734.37
1207,40.2201,2410.116,205.764,100.0,0.0,0,0,6.31,DEPLOY,729.4
1208,40.2535,2412.027,207.077,100.0,0.0,0,0,6.03,DEPLOY,724.7
1209,40.2868,2413.949,208.253,100.0,0.0,0,0,5.76,DEPLOY,720.52
1210,40.3201,2415.88,209.034,100.0,0.0,0,0,5.49,DEPLOY,716.72
1211,40.3534,2417.815,209.159,100.0,0.0,0,0,5.23,DEPLOY,713.07
1212,40.3867,2419.751,209.029,100.0,0.0,0,0,4.97,DEPLOY,709.23
1213,40.4201,2421.685,208.891,100.0,0.0,0,0,4.72,DEPLOY,704.97
1214,40.4534,2423.618,208.738,100.0,0.0,0,0,4.47,DEPLOY,700.53
1215,40.4867,2425.549,208.562,100.0,0.0,0,0,4.23,DEPLOY,696.22
1216,40.52,2427.479,208.357,100.0,0.0,0,0,3.99,DEPLOY,692.03
1217,40.5534,2429.406,208.116,100.0,0.0,0,0,3.75,DEPLOY,688.13
1218,40.5867,2431.331,207.834,100.0,0.0,0,0,3.52,DEPLOY,685.63
1219,40.62,2433.254,207.506,100.0,0.0,0,0,3.3,DEPLOY,634.62
1220,40.6533,2435.173,207.128,0.0,100.0,0,0,3.08,REGEN,-350.0
1221,40.6866,2437.088,206.693,0.0,100.0,0,0,3.35,REGEN,-350.0
1222,40.72,2438.999,206.201,0.0,100.0,0,0,3.63,REGEN,-350.0
1223,40.7533,2440.905,205.651,0.0,100.0,0,0,3.9,REGEN,-350.0
1224,40.7866,2442.805,205.042,0.0,100.0,0,0,4.18,REGEN,-350.0
1225,40.8199,2444.7,204.375,0.0,100.0,0,0,4.45,REGEN,-350.0
1226,40.8533,2446.588,203.651,0.0,100.0,0,0,4.73,REGEN,-350.0
1227,40.8866,2448.47,202.872,0.0,100.0,0,0,5.0,REGEN,-350.0
1228,40.9199,2450.344,202.036,0.0,100.0,0,0,5.27,REGEN,-350.0
1229,40.9532,2452.209,201.142,0.0,100.0,0,0,5.54,REGEN,-350.0
1230,40.9865,2454.067,200.187,0.0,100.0,0,0,5.82,REGEN,-350.0
1231,41.0199,2455.915,199.174,0.0,100.0,0,0,6.1,REGEN,-350.0
1232,41.0532,2457.754,198.106,0.0,100.0,0,0,6.38,REGEN,-350.0
1233,41.0865,2459.583,196.986,0.0,100.0,0,0,6.66,REGEN,-350.0
1234,41.1198,2461.401,195.818,0.0,100.0,0,0,6.95,REGEN,-350.0
1235,41.1532,2463.208,194.582,0.0,100.0,0,0,7.24,REGEN,-350.0
1236,41.1865,2464.999,192.358,0.0,100.0,0,0,7.53,REGEN,-350.0
1237,41.2198,2466.765,189.617,0.0,100.0,0,0,7.82,REGEN,-350.0
1238,41.2531,2468.507,187.075,0.0,100.0,0,0,8.11,REGEN,-350.0
1239,41.2864,2470.229,184.954,0.0,100.0,0,0,8.4,REGEN,-350.0
1240,41.3198,2471.935,183.552,0.0,100.0,0,0,8.7,REGEN,-350.0
1241,41.3531,2473.631,182.856,0.0,100.0,0,0,8.99,REGEN,-350.0
1242,41.3864,2475.322,182.416,0.0,100.0,0,0,9.28,REGEN,-350.0
1243,41.4197,2477.008,181.956,0.0,100.0,0,0,9.57,REGEN,-350.0
1244,41.4531,2478.687,180.955,0.0,100.0,0,0,9.86,REGEN,-350.0
1245,41.4864,2480.353,179.272,0.0,100.0,0,0,10.15,REGEN,-350.0
1246,41.5197,2482.002,177.091,0.0,100.0,0,0,10.44,REGEN,-350.0
1247,41.553,2483.631,174.618,0.0,100.0,0,0,10.74,REGEN,-350.0
1248,41.5863,2485.238,172.017,0.0,100.0,0,0,11.03,REGEN,-350.0
1249,41.6197,2486.816,169.411,0.0,100.0,0,0,11.32,REGEN,-350.0
1250,41.653,2488.37,166.871,0.0,100.0,0,0,11.61,REGEN,-350.0
1251,41.6863,2489.904,164.486,100.0,100.0,0,0,11.9,REGEN,56.91
1252,41.7196,2491.42,162.567,100.0,0.0,0,0,12.09,DEPLOY,750.0
1253,41.753,2492.923,162.22,100.0,0.0,0,0,11.8,DEPLOY,750.0
1254,41.7863,2494.423,161.874,100.0,0.0,0,0,11.51,DEPLOY,750.0
1255,41.8196,2495.919,161.529,100.0,0.0,0,0,11.22,DEPLOY,750.0
1256,41.8529,2497.413,161.185,100.0,0.0,0,0,10.93,DEPLOY,750.0
1257,41.8862,2498.904,160.843,100.0,0.0,0,0,10.64,DEPLOY,750.0
1258,41.9196,2500.391,160.503,100.0,0.0,0,0,10.34,DEPLOY,750.0
1259,41.9529,2501.88,160.957,100.0,0.0,0,0,10.05,DEPLOY,750.0
1260,41.9862,2503.374,162.27,100.0,0.0,0,0,9.76,DEPLOY,750.0
1261,42.0195,2504.882,163.59,100.0,0.0,0,0,9.47,DEPLOY,750.0
1262,42.0529,2506.405,165.125,100.0,0.0,0,0,9.18,DEPLOY,750.0
1263,42.0862,2507.941,166.653,100.0,0.0,0,0,8.89,DEPLOY,750.0
1264,42.1195,2509.489,168.101,100.0,0.0,0,0,8.6,DEPLOY,750.0
1265,42.1528,2511.05,169.445,100.0,0.0,0,0,8.3,DEPLOY,750.0
1266,42.1862,2512.625,170.652,100.0,0.0,0,0,8.01,DEPLOY,750.0
1267,42.2195,2514.211,171.789,100.0,0.0,0,0,7.72,DEPLOY,750.0
1268,42.2528,2515.806,172.905,100.0,0.0,0,0,7.43,DEPLOY,750.0
1269,42.2861,2517.41,174.047,100.0,0.0,0,0,7.14,DEPLOY,750.0
1270,42.3194,2519.027,175.27,100.0,0.0,0,0,6.85,DEPLOY,750.0
1271,42.3528,2520.656,176.603,100.0,0.0,0,0,6.55,DEPLOY,750.0
1272,42.3861,2522.298,178.027,100.0,0.0,0,0,6.26,DEPLOY,750.0
1273,42.4194,2523.953,179.516,100.0,0.0,0,0,5.97,DEPLOY,750.0
1274,42.4527,2525.621,181.035,100.0,0.0,0,0,5.68,DEPLOY,750.0
1275,42.4861,2527.302,182.547,100.0,0.0,0,0,5.39,DEPLOY,750.0
1276,42.5194,2528.999,184.05,100.0,0.0,0,0,5.1,DEPLOY,750.0
1277,42.5527,2530.711,185.546,100.0,0.0,0,0,4.81,DEPLOY,750.0
1278,42.586,2532.435,187.035,100.0,0.0,0,0,4.51,DEPLOY,750.0
1279,42.6193,2534.174,188.517,100.0,0.0,0,0,4.22,DEPLOY,750.0
1280,42.6527,2535.925,189.991,100.0,0.0,0,0,3.93,DEPLOY,750.0
1281,42.686,2537.69,191.459,100.0,0.0,0,0,3.64,DEPLOY,750.0
1282,42.7193,2539.469,192.896,100.0,0.0,0,0,3.35,DEPLOY,750.0
1283,42.7526,2541.26,194.217,100.0,0.0,0,0,3.06,DEPLOY,750.0
1284,42.786,2543.063,195.506,100.0,0.0,0,0,2.76,DEPLOY,750.0
1285,42.8193,2544.879,196.803,100.0,0.0,0,0,2.47,DEPLOY,750.0
1286,42.8526,2546.707,198.108,100.0,0.0,0,0,2.18,DEPLOY,750.0
1287,42.8859,2548.548,199.418,100.0,0.0,0,0,1.89,DEPLOY,748.6
1288,42.9192,2550.4,200.732,100.0,0.0,0,0,1.6,DEPLOY,744.63
1289,42.9526,2552.264,202.049,100.0,0.0,0,0,1.32,DEPLOY,740.25
1290,42.9859,2554.14,203.37,100.0,0.0,0,0,1.03,DEPLOY,736.27
1291,43.0192,2556.029,204.694,100.0,0.0,0,0,0.75,DEPLOY,732.19
1292,43.0525,2557.929,206.02,100.0,0.0,0,0,0.48,DEPLOY,728.0
1293,43.0859,2559.842,207.334,100.0,0.0,0,0,0.2,DEPLOY,723.68
1294,43.1192,2561.767,208.608,100.0,0.0,0,0,0.01,DEPLOY,719.26
1295,43.1525,2563.704,209.849,100.0,0.0,0,0,0.0,DEPLOY,714.82
1296,43.1858,2565.652,211.115,100.0,0.0,0,0,0.0,DEPLOY,710.31
1297,43.2191,2567.612,212.403,100.0,0.0,0,0,0.0,DEPLOY,705.71
1298,43.2525,2569.584,213.713,100.0,0.0,0,0,0.0,DEPLOY,701.02
1299,43.2858,2571.568,215.046,100.0,0.0,0,0,0.0,DEPLOY,696.26
1300,43.3191,2573.565,216.401,100.0,0.0,0,0,0.0,DEPLOY,691.42
1301,43.3524,2575.574,217.779,100.0,0.0,0,0,0.0,DEPLOY,686.5
1302,43.3858,2577.597,219.162,100.0,0.0,0,0,0.0,DEPLOY,681.51
1303,43.4191,2579.632,220.488,100.0,0.0,0,0,0.0,DEPLOY,676.44
1304,43.4524,2581.678,221.778,100.0,0.0,0,0,0.0,DEPLOY,671.32
1305,43.4857,2583.737,223.061,100.0,0.0,0,0,0.0,DEPLOY,666.16
1306,43.519,2585.808,224.336,100.0,0.0,0,0,0.0,DEPLOY,661.0
1307,43.5524,2587.89,225.604,100.0,0.0,0,0,0.0,DEPLOY,655.93
1308,43.5857,2589.984,226.862,100.0,0.0,0,0,0.0,DEPLOY,650.95
1309,43.619,2592.09,228.112,100.0,0.0,0,0,0.0,DEPLOY,646.07
1310,43.6523,2594.207,229.353,100.0,0.0,0,0,0.0,DEPLOY,641.28
1311,43.6857,2596.336,230.584,100.0,0.0,0,0,0.0,DEPLOY,636.57
1312,43.719,2598.476,231.805,100.0,0.0,0,0,0.0,DEPLOY,631.95
1313,43.7523,2600.627,233.016,100.0,0.0,0,0,0.0,DEPLOY,627.4
1314,43.7856,2602.789,234.215,100.0,0.0,0,0,0.0,DEPLOY,622.94
1315,43.8189,2604.962,235.403,100.0,0.0,0,0,0.0,DEPLOY,618.55
1316,43.8523,2607.146,236.58,100.0,0.0,0,0,0.0,DEPLOY,614.23
1317,43.8856,2609.342,237.744,100.0,0.0,0,0,0.0,DEPLOY,610.0
1318,43.9189,2611.548,238.895,100.0,0.0,0,0,0.0,DEPLOY,605.83
1319,43.9522,2613.765,240.033,100.0,0.0,0,0,0.0,DEPLOY,601.73
1320,43.9856,2615.992,241.159,100.0,0.0,0,0,0.0,DEPLOY,597.69
1321,44.0189,2618.229,242.271,100.0,0.0,0,0,0.0,DEPLOY,593.72
1322,44.0522,2620.477,243.37,100.0,0.0,0,0,0.0,DEPLOY,589.82
1323,44.0855,2622.734,244.456,100.0,0.0,0,0,0.0,DEPLOY,585.97
1324,44.1188,2625.002,245.528,100.0,0.0,0,0,0.0,DEPLOY,582.19
1325,44.1522,2627.279,246.585,100.0,0.0,0,0,0.0,DEPLOY,578.46
1326,44.1855,2629.567,247.628,100.0,0.0,0,0,0.0,DEPLOY,574.8
1327,44.2188,2631.864,248.657,100.0,0.0,0,0,0.0,DEPLOY,571.19
1328,44.2521,2634.17,249.672,100.0,0.0,0,0,0.0,DEPLOY,567.63
1329,44.2855,2636.486,250.674,100.0,0.0,0,0,0.0,DEPLOY,564.13
1330,44.3188,2638.811,251.661,100.0,0.0,0,0,0.0,DEPLOY,560.68
1331,44.3521,2641.144,252.636,100.0,0.0,0,0,0.0,DEPLOY,557.28
1332,44.3854,2643.487,253.595,100.0,0.0,0,0,0.0,DEPLOY,553.94
1333,44.4188,2645.839,254.541,100.0,0.0,0,0,0.0,DEPLOY,550.64
1334,44.4521,2648.2,255.473,100.0,0.0,0,0,0.0,DEPLOY,547.39
1335,44.4854,2650.569,256.392,100.0,0.0,0,0,0.0,DEPLOY,544.19
1336,44.5187,2652.946,257.299,100.0,0.0,0,0,0.0,DEPLOY,541.04
1337,44.552,2655.331,258.192,100.0,0.0,0,0,0.0,DEPLOY,537.93
1338,44.5854,2657.726,259.072,100.0,0.0,0,0,0.0,DEPLOY,534.87
1339,44.6187,2660.128,259.939,100.0,0.0,0,0,0.0,DEPLOY,531.85
1340,44.652,2662.538,260.795,100.0,0.0,0,0,0.0,DEPLOY,528.88
1341,44.6853,2664.955,261.638,100.0,0.0,0,0,0.0,DEPLOY,525.94
1342,44.7187,2667.381,262.469,100.0,0.0,0,0,0.0,DEPLOY,523.05
1343,44.752,2669.815,263.288,100.0,0.0,0,0,0.0,DEPLOY,520.2
1344,44.7853,2672.255,264.095,100.0,0.0,0,0,0.0,DEPLOY,517.39
1345,44.8186,2674.703,264.892,100.0,0.0,0,0,0.0,DEPLOY,514.62
1346,44.8519,2677.159,265.677,100.0,0.0,0,0,0.0,DEPLOY,511.88
1347,44.8853,2679.622,266.451,100.0,0.0,0,0,0.0,DEPLOY,509.19
1348,44.9186,2682.092,267.214,100.0,0.0,0,0,0.0,DEPLOY,506.53
1349,44.9519,2684.569,267.966,100.0,0.0,0,0,0.0,DEPLOY,503.91
1350,44.9852,2687.052,268.709,100.0,0.0,0,0,0.0,DEPLOY,501.32
1351,45.0186,2689.543,269.441,100.0,0.0,0,0,0.0,DEPLOY,498.86
1352,45.0519,2692.04,270.163,100.0,0.0,0,0,0.0,DEPLOY,496.51
1353,45.0852,2694.544,270.875,100.0,0.0,0,0,0.0,DEPLOY,494.19
1354,45.1185,2697.055,271.578,100.0,0.0,0,0,0.0,DEPLOY,491.9
1355,45.1518,2699.572,272.271,100.0,0.0,0,0,0.0,DEPLOY,489.65
1356,45.1852,2702.095,272.955,100.0,0.0,0,0,0.0,DEPLOY,487.42
1357,45.2185,2704.625,273.63,100.0,0.0,0,0,0.0,DEPLOY,485.22
1358,45.2518,2707.16,274.296,100.0,0.0,0,0,0.0,DEPLOY,483.04
1359,45.2851,2709.703,274.952,100.0,0.0,0,0,0.0,DEPLOY,480.9
1360,45.3185,2712.251,275.6,100.0,0.0,0,0,0.0,DEPLOY,478.79
1361,45.3518,2714.805,276.239,100.0,0.0,0,0,0.0,DEPLOY,476.7
1362,45.3851,2717.364,276.87,100.0,0.0,0,0,0.0,DEPLOY,474.63
1363,45.4184,2719.93,277.492,100.0,0.0,0,0,0.0,DEPLOY,472.6
1364,45.4517,2722.502,278.105,100.0,0.0,0,0,0.0,DEPLOY,470.59
1365,45.4851,2725.078,278.71,100.0,0.0,0,0,0.0,DEPLOY,468.6
1366,45.5184,2727.661,279.306,100.0,0.0,0,0,0.0,DEPLOY,466.64
1367,45.5517,2730.249,279.893,100.0,0.0,0,0,0.0,DEPLOY,464.7
1368,45.585,2732.842,280.472,100.0,0.0,0,0,0.0,DEPLOY,462.79
1369,45.6184,2735.441,281.041,100.0,0.0,0,0,0.0,DEPLOY,460.9
1370,45.6517,2738.045,281.6,100.0,0.0,0,0,0.0,DEPLOY,459.04
1371,45.685,2740.654,282.15,100.0,0.0,0,0,0.0,DEPLOY,457.2
1372,45.7183,2743.268,282.69,100.0,0.0,0,0,0.0,DEPLOY,455.38
1373,45.7516,2745.888,283.218,100.0,0.0,0,0,0.0,DEPLOY,453.58
1374,45.785,2748.512,283.735,100.0,0.0,0,0,0.0,DEPLOY,451.81
1375,45.8183,2751.14,284.24,100.0,0.0,0,0,0.0,DEPLOY,450.05
1376,45.8516,2753.773,284.73,100.0,0.0,0,0,0.0,DEPLOY,448.32
1377,45.8849,2756.411,285.204,100.0,0.0,0,0,0.0,DEPLOY,446.61
1378,45.9183,2759.053,285.664,100.0,0.0,0,0,0.0,DEPLOY,444.92
1379,45.9516,2761.699,286.103,100.0,0.0,0,0,0.0,DEPLOY,443.26
1380,45.9849,2764.35,286.522,100.0,0.0,0,0,0.0,DEPLOY,441.61
1381,46.0182,2767.003,286.919,100.0,0.0,0,0,0.0,DEPLOY,439.98
1382,46.0515,2769.661,287.289,100.0,0.0,0,0,0.0,DEPLOY,438.38
1383,46.0849,2772.322,287.63,100.0,0.0,0,0,0.0,DEPLOY,436.79
1384,46.1182,2774.986,287.941,100.0,0.0,0,0,0.0,DEPLOY,435.22
1385,46.1515,2777.652,288.215,100.0,0.0,0,0,0.0,DEPLOY,433.68
1386,46.1848,2780.321,288.448,100.0,0.0,0,0,0.0,DEPLOY,432.15
1387,46.2182,2782.992,288.641,100.0,0.0,0,0,0.0,DEPLOY,430.64
1388,46.2515,2785.664,288.781,100.0,0.0,0,0,0.0,DEPLOY,429.15
1389,46.2848,2788.338,288.867,100.0,0.0,0,0,0.0,DEPLOY,427.68
1390,46.3181,2791.012,288.898,100.0,0.0,0,0,0.0,DEPLOY,426.23
1391,46.3514,2793.686,288.861,100.0,0.0,0,0,0.0,DEPLOY,424.8
1392,46.3848,2796.359,288.753,100.0,0.0,0,0,0.0,DEPLOY,423.39
1393,46.4181,2799.031,288.575,100.0,0.0,0,0,0.0,DEPLOY,421.99
1394,46.4514,2801.701,288.31,100.0,0.0,0,0,0.0,DEPLOY,420.62
1395,46.4847,2804.368,287.958,100.0,0.0,0,0,0.0,DEPLOY,419.27
1396,46.5181,2807.031,287.52,100.0,0.0,0,0,0.0,DEPLOY,417.93
1397,46.5514,2809.69,286.978,100.0,0.0,0,0,0.0,DEPLOY,416.61
1398,46.5847,2812.343,286.334,100.0,0.0,0,0,0.0,DEPLOY,415.32
1399,46.618,2814.991,285.59,100.0,0.0,0,0,0.0,DEPLOY,414.04
1400,46.6514,2817.63,284.732,100.0,0.0,0,0,0.0,DEPLOY,412.78
1401,46.6847,2820.261,283.759,100.0,0.0,0,0,0.0,DEPLOY,411.54
1402,46.718,2822.883,282.677,100.0,0.0,0,0,0.0,DEPLOY,410.33
1403,46.7513,2825.494,281.477,100.0,0.0,0,0,0.0,DEPLOY,409.13
1404,46.7846,2828.093,280.156,100.0,0.0,0,0,0.0,DEPLOY,407.95
1405,46.818,2830.679,278.725,0.0,0.0,0,0,0.0,DEPLOY,-136.79
1406,46.8513,2833.253,277.184,0.0,100.0,0,0,0.21,REGEN,-350.0
1407,46.8846,2835.81,275.517,0.0,100.0,0,0,0.48,REGEN,-350.0
1408,46.9179,2838.352,273.745,0.0,100.0,0,0,0.75,REGEN,-350.0
1409,46.9513,2840.878,271.87,0.0,100.0,0,0,1.02,REGEN,-350.0
1410,46.9846,2843.386,269.893,0.0,100.0,0,0,1.28,REGEN,-350.0
1411,47.0179,2845.873,267.809,0.0,100.0,0,0,1.55,REGEN,-350.0
1412,47.0512,2848.342,265.615,0.0,100.0,0,0,1.81,REGEN,-350.0
1413,47.0845,2850.79,263.296,0.0,100.0,0,0,2.08,REGEN,-350.0
1414,47.1179,2853.217,260.848,0.0,100.0,0,0,2.35,REGEN,-350.0
1415,47.1512,2855.619,258.257,0.0,100.0,0,0,2.62,REGEN,-350.0
1416,47.1845,2857.996,255.543,0.0,100.0,0,0,2.9,REGEN,-350.0
1417,47.2178,2860.348,252.71,0.0,100.0,0,0,3.18,REGEN,-350.0
1418,47.2512,2862.674,249.765,0.0,100.0,0,0,3.46,REGEN,-350.0
1419,47.2845,2864.972,246.716,0.0,100.0,0,0,3.74,REGEN,-350.0
1420,47.3178,2867.243,243.569,0.0,100.0,0,0,4.03,REGEN,-350.0
1421,47.3511,2869.481,240.251,0.0,100.0,0,0,4.32,REGEN,-350.0
1422,47.3844,2871.684,236.041,0.0,100.0,0,0,4.61,REGEN,-350.0
1423,47.4178,2873.845,231.176,0.0,100.0,0,0,4.9,REGEN,-350.0
1424,47.4511,2875.963,226.521,0.0,100.0,0,0,5.19,REGEN,-350.0
1425,47.4844,2878.039,222.059,0.0,100.0,0,0,5.49,REGEN,-350.0
1426,47.5177,2880.074,217.777,0.0,100.0,0,0,5.78,REGEN,-350.0
1427,47.5511,2882.071,213.662,0.0,100.0,0,0,6.07,REGEN,-350.0
1428,47.5844,2884.03,209.703,0.0,100.0,0,0,6.36,REGEN,-350.0
1429,47.6177,2885.954,205.889,0.0,100.0,0,0,6.65,REGEN,-350.0
1430,47.651,2887.843,202.21,0.0,100.0,0,0,6.94,REGEN,-350.0
1431,47.6843,2889.698,198.659,0.0,100.0,0,0,7.23,REGEN,-350.0
1432,47.7177,2891.522,195.225,0.0,100.0,0,0,7.53,REGEN,-350.0
1433,47.751,2893.316,191.902,0.0,100.0,0,0,7.82,REGEN,-350.0
1434,47.7843,2895.076,188.694,0.0,100.0,0,0,8.11,REGEN,-350.0
1435,47.8176,2896.806,185.588,0.0,100.0,0,0,8.4,REGEN,-350.0
1436,47.851,2898.509,182.574,0.0,100.0,0,0,8.69,REGEN,-350.0
1437,47.8843,2900.185,179.647,0.0,100.0,0,0,8.98,REGEN,-350.0
1438,47.9176,2901.835,176.8,0.0,100.0,0,0,9.28,REGEN,-350.0
1439,47.9509,2903.461,174.03,0.0,100.0,0,0,9.57,REGEN,-350.0
1440,47.9842,2905.06,171.343,0.0,100.0,0,0,9.86,REGEN,-350.0
1441,48.0176,2906.631,168.736,0.0,100.0,0,0,10.15,REGEN,-350.0
1442,48.0509,2908.18,166.192,0.0,100.0,0,0,10.44,REGEN,-350.0
1443,48.0842,2909.709,163.708,0.0,100.0,0,0,10.73,REGEN,-350.0
1444,48.1175,2911.216,161.283,0.0,100.0,0,0,11.03,REGEN,-350.0
1445,48.1509,2912.694,158.936,0.0,100.0,0,0,11.32,REGEN,-350.0
1446,48.1842,2914.154,156.638,0.0,100.0,0,0,11.61,REGEN,-350.0
1447,48.2175,2915.595,154.387,0.0,100.0,0,0,11.9,REGEN,-350.0
1448,48.2508,2917.015,152.192,0.0,100.0,0,0,12.19,REGEN,-350.0
1449,48.2841,2918.411,150.057,0.0,100.0,0,0,12.48,REGEN,-350.0
1450,48.3175,2919.791,147.962,0.0,100.0,0,0,12.77,REGEN,-350.0
1451,48.3508,2921.154,145.911,0.0,100.0,0,0,13.07,REGEN,-350.0
1452,48.3841,2922.491,143.92,0.0,100.0,0,0,13.36,REGEN,-350.0
1453,48.4174,2923.815,141.96,0.0,100.0,0,0,13.65,REGEN,-350.0
1454,48.4508,2925.123,140.035,0.0,100.0,0,0,13.94,REGEN,-350.0
1455,48.4841,2926.407,138.174,0.0,100.0,0,0,14.23,REGEN,-350.0
1456,48.5174,2927.679,136.342,0.0,100.0,0,0,14.52,REGEN,-350.0
1457,48.5507,2928.933,134.553,0.0,100.0,0,0,14.82,REGEN,-350.0
1458,48.5841,2930.168,132.808,0.0,100.0,0,0,15.11,REGEN,-350.0
1459,48.6174,2931.393,131.085,0.0,100.0,0,0,15.4,REGEN,-350.0
1460,48.6507,2932.596,129.415,0.0,100.0,0,0,15.69,REGEN,-350.0
1461,48.684,2933.786,127.77,0.0,100.0,0,0,15.98,REGEN,-350.0
1462,48.7173,2934.963,126.157,0.0,100.0,0,0,16.27,REGEN,-350.0
1463,48.7507,2936.121,124.585,0.0,100.0,0,0,16.57,REGEN,-350.0
1464,48.784,2937.272,123.028,0.0,100.0,0,0,16.86,REGEN,-350.0
1465,48.8173,2938.399,121.526,0.0,100.0,0,0,17.15,REGEN,-350.0
1466,48.8506,2939.519,120.035,0.0,100.0,0,0,17.44,REGEN,-350.0
1467,48.884,2940.621,118.585,0.0,100.0,0,0,17.73,REGEN,-350.0
1468,48.9173,2941.713,117.162,0.0,100.0,0,0,18.02,REGEN,-350.0
1469,48.9506,2942.791,115.779,0.0,100.0,0,0,18.31,REGEN,-350.0
1470,48.9839,2943.856,114.469,0.0,100.0,0,0,18.61,REGEN,-350.0
1471,49.0172,2944.911,113.218,0.0,100.0,0,0,18.9,REGEN,-350.0
1472,49.0506,2945.952,111.943,0.0,100.0,0,0,19.19,REGEN,-350.0
1473,49.0839,2946.984,110.656,0.0,100.0,0,0,19.48,REGEN,-350.0
1474,49.1172,2948.0,109.417,0.0,100.0,0,0,19.77,REGEN,-350.0
1475,49.1505,2949.01,108.197,0.0,100.0,0,0,20.06,REGEN,-350.0
1476,49.1839,2950.003,107.036,0.0,100.0,0,0,20.36,REGEN,-350.0
1477,49.2172,2950.991,105.896,0.0,100.0,0,0,20.65,REGEN,-350.0
1478,49.2505,2951.964,104.81,0.0,100.0,0,0,20.94,REGEN,-350.0
1479,49.2838,2952.931,103.746,0.0,100.0,0,0,21.23,REGEN,-350.0
1480,49.3171,2953.885,102.706,0.0,100.0,0,0,21.52,REGEN,-350.0
1481,49.3505,2954.832,101.68,0.0,100.0,0,0,21.81,REGEN,-350.0
1482,49.3838,2955.768,100.649,0.0,100.0,0,0,22.1,REGEN,-350.0
1483,49.4171,2956.694,99.612,0.0,100.0,0,0,22.4,REGEN,-350.0
1484,49.4504,2957.613,98.569,0.0,100.0,0,0,22.69,REGEN,-350.0
1485,49.4838,2958.518,97.516,0.0,100.0,0,0,22.98,REGEN,-350.0
1486,49.5171,2959.42,96.467,0.0,100.0,0,0,23.27,REGEN,-350.0
1487,49.5504,2960.303,95.433,0.0,100.0,0,0,23.56,REGEN,-350.0
1488,49.5837,2961.187,94.399,0.0,100.0,0,0,23.85,REGEN,-350.0
1489,49.617,2962.052,93.436,0.0,100.0,0,0,24.15,REGEN,-350.0
1490,49.6504,2962.914,92.481,0.0,100.0,0,0,24.44,REGEN,-350.0
1491,49.6837,2963.766,91.603,0.0,100.0,0,0,24.73,REGEN,-350.0
1492,49.717,2964.609,90.781,0.0,100.0,0,0,25.02,REGEN,-350.0
1493,49.7503,2965.449,89.994,0.0,100.0,0,0,25.31,REGEN,-260.08
1494,49.7837,2966.276,89.347,100.0,100.0,0,0,25.6,REGEN,194.39
1495,49.817,2967.103,88.701,100.0,100.0,0,0,25.9,REGEN,648.86
1496,49.8503,2967.92,88.194,100.0,0.0,0,0,25.73,DEPLOY,750.0
1497,49.8836,2968.734,87.728,100.0,0.0,0,0,25.44,DEPLOY,750.0
1498,49.9169,2969.546,87.289,100.0,0.0,0,0,25.15,DEPLOY,750.0
1499,49.9503,2970.35,86.909,100.0,0.0,0,0,24.86,DEPLOY,750.0
1500,49.9836,2971.155,86.53,100.0,0.0,0,0,24.57,DEPLOY,750.0
1501,50.0169,2971.953,86.159,100.0,0.0,0,0,24.28,DEPLOY,750.0
1502,50.0502,2972.749,85.789,100.0,0.0,0,0,23.98,DEPLOY,750.0
1503,50.0836,2973.542,85.427,100.0,0.0,0,0,23.69,DEPLOY,750.0
1504,50.1169,2974.33,85.08,100.0,0.0,0,0,23.4,DEPLOY,750.0
1505,50.1502,2975.117,84.734,100.0,0.0,0,0,23.11,DEPLOY,750.0
1506,50.1835,2975.899,84.443,100.0,0.0,0,0,22.82,DEPLOY,750.0
1507,50.2168,2976.68,84.172,100.0,0.0,0,0,22.53,DEPLOY,750.0
1508,50.2502,2977.459,83.928,100.0,0.0,0,0,22.23,DEPLOY,750.0
1509,50.2835,2978.235,83.836,100.0,0.0,0,0,21.94,DEPLOY,750.0
1510,50.3168,2979.011,83.744,100.0,0.0,0,0,21.65,DEPLOY,750.0
1511,50.3501,2979.786,83.652,100.0,0.0,0,0,21.36,DEPLOY,750.0
1512,50.3835,2980.559,83.56,100.0,0.0,0,0,21.07,DEPLOY,750.0
1513,50.4168,2981.333,83.467,100.0,0.0,0,0,20.78,DEPLOY,750.0
1514,50.4501,2982.105,83.376,100.0,0.0,0,0,20.49,DEPLOY,750.0
1515,50.4834,2982.876,83.284,100.0,0.0,0,0,20.19,DEPLOY,750.0
1516,50.5167,2983.647,83.192,100.0,0.0,0,0,19.9,DEPLOY,750.0
1517,50.5501,2984.416,83.101,100.0,0.0,0,0,19.61,DEPLOY,750.0
1518,50.5834,2985.185,83.01,100.0,0.0,0,0,19.32,DEPLOY,750.0
1519,50.6167,2985.953,82.966,100.0,0.0,0,0,19.03,DEPLOY,750.0
1520,50.65,2986.721,82.941,100.0,0.0,0,0,18.74,DEPLOY,750.0
1521,50.6834,2987.489,82.917,100.0,0.0,0,0,18.45,DEPLOY,750.0
1522,50.7167,2988.256,82.892,100.0,0.0,0,0,18.16,DEPLOY,750.0
1523,50.75,2989.023,82.867,100.0,0.0,0,0,17.86,DEPLOY,750.0
1524,50.7833,2989.79,82.842,100.0,0.0,0,0,17.57,DEPLOY,750.0
1525,50.8167,2990.557,82.817,100.0,0.0,0,0,17.28,DEPLOY,750.0
1526,50.85,2991.323,82.792,100.0,0.0,0,0,16.99,DEPLOY,750.0
1527,50.8833,2992.09,82.767,100.0,0.0,0,0,16.7,DEPLOY,750.0
1528,50.9166,2992.856,82.742,100.0,0.0,0,0,16.41,DEPLOY,750.0
1529,50.9499,2993.622,82.778,100.0,0.0,0,0,16.12,DEPLOY,750.0
1530,50.9833,2994.391,83.029,100.0,0.0,0,0,15.83,DEPLOY,750.0
1531,51.0166,2995.16,83.28,100.0,0.0,0,0,15.54,DEPLOY,750.0
1532,51.0499,2995.933,83.647,100.0,0.0,0,0,15.24,DEPLOY,750.0
1533,51.0832,2996.71,84.088,100.0,0.0,0,0,14.95,DEPLOY,750.0
1534,51.1166,2997.488,84.533,100.0,0.0,0,0,14.66,DEPLOY,750.0
1535,51.1499,2998.277,85.098,100.0,0.0,0,0,14.37,DEPLOY,750.0
1536,51.1832,2999.066,85.663,100.0,0.0,0,0,14.08,DEPLOY,750.0
1537,51.2165,2999.862,86.273,100.0,0.0,0,0,13.79,DEPLOY,750.0
1538,51.2498,3000.665,86.929,100.0,0.0,0,0,13.5,DEPLOY,750.0
1539,51.2832,3001.468,87.585,100.0,0.0,0,0,13.2,DEPLOY,750.0
1540,51.3165,3002.287,88.329,100.0,0.0,0,0,12.91,DEPLOY,750.0
1541,51.3498,3003.106,89.073,100.0,0.0,0,0,12.62,DEPLOY,750.0
1542,51.3831,3003.935,89.869,100.0,0.0,0,0,12.33,DEPLOY,750.0
1543,51.4165,3004.772,90.707,100.0,0.0,0,0,12.04,DEPLOY,750.0
1544,51.4498,3005.612,91.559,100.0,0.0,0,0,11.75,DEPLOY,750.0
1545,51.4831,3006.468,92.484,100.0,0.0,0,0,11.45,DEPLOY,750.0
1546,51.5164,3007.324,93.409,100.0,0.0,0,0,11.16,DEPLOY,750.0
1547,51.5497,3008.197,94.396,100.0,0.0,0,0,10.87,DEPLOY,750.0
1548,51.5831,3009.074,95.396,100.0,0.0,0,0,10.58,DEPLOY,750.0
1549,51.6164,3009.962,96.431,100.0,0.0,0,0,10.29,DEPLOY,750.0
1550,51.6497,3010.861,97.496,100.0,0.0,0,0,10.0,DEPLOY,750.0
1551,51.683,3011.766,98.58,100.0,0.0,0,0,9.7,DEPLOY,750.0
1552,51.7164,3012.686,99.705,100.0,0.0,0,0,9.41,DEPLOY,750.0
1553,51.7497,3013.61,100.837,100.0,0.0,0,0,9.12,DEPLOY,750.0
1554,51.783,3014.553,102.015,100.0,0.0,0,0,8.83,DEPLOY,750.0
1555,51.8163,3015.497,103.193,100.0,0.0,0,0,8.54,DEPLOY,750.0
1556,51.8496,3016.464,104.402,100.0,0.0,0,0,8.25,DEPLOY,750.0
1557,51.883,3017.43,105.611,100.0,0.0,0,0,7.96,DEPLOY,750.0
1558,51.9163,3018.419,106.816,100.0,0.0,0,0,7.66,DEPLOY,750.0
1559,51.9496,3019.408,108.021,100.0,0.0,0,0,7.37,DEPLOY,750.0
1560,51.9829,3020.416,108.962,100.0,0.0,0,0,7.08,DEPLOY,750.0
1561,52.0163,3021.425,109.881,100.0,0.0,0,0,6.79,DEPLOY,750.0
1562,52.0496,3022.453,111.149,100.0,0.0,0,0,6.5,DEPLOY,750.0
1563,52.0829,3023.482,112.439,100.0,0.0,0,0,6.21,DEPLOY,750.0
1564,52.1162,3024.535,113.875,100.0,0.0,0,0,5.91,DEPLOY,750.0
1565,52.1495,3025.591,115.292,100.0,0.0,0,0,5.62,DEPLOY,750.0
1566,52.1829,3026.668,116.542,100.0,0.0,0,0,5.33,DEPLOY,750.0
1567,52.2162,3027.75,117.793,100.0,0.0,0,0,5.04,DEPLOY,750.0
1568,52.2495,3028.848,119.049,100.0,0.0,0,0,4.75,DEPLOY,750.0
1569,52.2828,3029.955,120.306,100.0,0.0,0,0,4.46,DEPLOY,750.0
1570,52.3162,3031.074,121.562,100.0,0.0,0,0,4.17,DEPLOY,750.0
1571,52.3495,3032.206,122.818,100.0,0.0,0,0,3.87,DEPLOY,750.0
1572,52.3828,3033.346,124.074,100.0,0.0,0,0,3.58,DEPLOY,750.0
1573,52.4161,3034.503,125.332,100.0,0.0,0,0,3.29,DEPLOY,750.0
1574,52.4494,3035.666,126.591,100.0,0.0,0,0,3.0,DEPLOY,750.0
1575,52.4828,3036.846,127.851,100.0,0.0,0,0,2.71,DEPLOY,750.0
1576,52.5161,3038.035,129.111,100.0,0.0,0,0,2.42,DEPLOY,750.0
1577,52.5494,3039.234,130.372,100.0,0.0,0,0,2.12,DEPLOY,750.0
1578,52.5827,3040.449,131.637,100.0,0.0,0,0,1.83,DEPLOY,750.0
1579,52.6161,3041.671,132.904,100.0,0.0,0,0,1.54,DEPLOY,750.0
1580,52.6494,3042.909,134.178,100.0,0.0,0,0,1.25,DEPLOY,750.0
1581,52.6827,3044.157,135.455,100.0,0.0,0,0,0.96,DEPLOY,750.0
1582,52.716,3045.414,136.736,100.0,0.0,0,0,0.67,DEPLOY,750.0
1583,52.7493,3046.688,138.02,100.0,0.0,0,0,0.37,DEPLOY,750.0
1584,52.7827,3047.971,139.306,100.0,0.0,0,0,0.15,DEPLOY,750.0
1585,52.816,3049.265,140.592,100.0,0.0,0,0,0.02,DEPLOY,750.0
1586,52.8493,3050.574,141.876,100.0,0.0,0,0,0.0,DEPLOY,750.0
1587,52.8826,3051.892,143.159,100.0,0.0,0,0,0.0,DEPLOY,750.0
1588,52.916,3053.223,144.438,100.0,0.0,0,0,0.0,DEPLOY,750.0
1589,52.9493,3054.567,145.711,100.0,0.0,0,0,0.0,DEPLOY,750.0
1590,52.9826,3055.921,146.979,100.0,0.0,0,0,0.0,DEPLOY,750.0
1591,53.0159,3057.286,148.239,100.0,0.0,0,0,0.0,DEPLOY,750.0
1592,53.0493,3058.666,149.5,100.0,0.0,0,0,0.0,DEPLOY,750.0
1593,53.0826,3060.055,150.752,100.0,0.0,0,0,0.0,DEPLOY,750.0
1594,53.1159,3061.454,151.994,100.0,0.0,0,0,0.0,DEPLOY,750.0
1595,53.1492,3062.868,153.207,100.0,0.0,0,0,0.0,DEPLOY,750.0
1596,53.1825,3064.294,154.654,100.0,0.0,0,0,0.0,DEPLOY,750.0
1597,53.2159,3065.731,156.282,100.0,0.0,0,0,0.0,DEPLOY,750.0
1598,53.2492,3067.185,157.899,100.0,0.0,0,0,0.0,DEPLOY,750.0
1599,53.2825,3068.654,159.284,100.0,0.0,0,0,0.0,DEPLOY,750.0
1600,53.3158,3070.134,160.591,100.0,0.0,0,0,0.0,DEPLOY,750.0
1601,53.3492,3071.625,161.875,100.0,0.0,0,0,0.0,DEPLOY,750.0
1602,53.3825,3073.13,163.149,100.0,0.0,0,0,0.0,DEPLOY,750.0
1603,53.4158,3074.647,164.414,100.0,0.0,0,0,0.0,DEPLOY,750.0
1604,53.4491,3076.175,165.671,100.0,0.0,0,0,0.0,DEPLOY,750.0
1605,53.4824,3077.713,166.919,100.0,0.0,0,0,0.0,DEPLOY,750.0
1606,53.5158,3079.263,168.156,100.0,0.0,0,0,0.0,DEPLOY,750.0
1607,53.5491,3080.827,169.383,100.0,0.0,0,0,0.0,DEPLOY,750.0
1608,53.5824,3082.4,170.602,100.0,0.0,0,0,0.0,DEPLOY,750.0
1609,53.6157,3083.985,171.813,100.0,0.0,0,0,0.0,DEPLOY,750.0
1610,53.6491,3085.579,173.016,100.0,0.0,0,0,0.0,DEPLOY,750.0
1611,53.6824,3087.187,174.211,100.0,0.0,0,0,0.0,DEPLOY,750.0
1612,53.7157,3088.806,175.398,100.0,0.0,0,0,0.0,DEPLOY,750.0
1613,53.749,3090.435,176.578,100.0,0.0,0,0,0.0,DEPLOY,750.0
1614,53.7823,3092.074,177.752,100.0,0.0,0,0,0.0,DEPLOY,750.0
1615,53.8157,3093.724,178.921,100.0,0.0,0,0,0.0,DEPLOY,750.0
1616,53.849,3095.385,180.083,100.0,0.0,0,0,0.0,DEPLOY,750.0
1617,53.8823,3097.059,181.24,100.0,0.0,0,0,0.0,DEPLOY,750.0
1618,53.9156,3098.742,182.394,100.0,0.0,0,0,0.0,DEPLOY,750.0
1619,53.949,3100.436,183.546,100.0,0.0,0,0,0.0,DEPLOY,750.0
1620,53.9823,3102.139,184.597,100.0,0.0,0,0,0.0,DEPLOY,750.0
1621,54.0156,3103.851,185.455,100.0,0.0,0,0,0.0,DEPLOY,750.0
1622,54.0489,3105.571,186.224,100.0,0.0,0,0,0.0,DEPLOY,750.0
1623,54.0822,3107.299,187.086,100.0,0.0,0,0,0.0,DEPLOY,750.0
1624,54.1156,3109.035,188.01,100.0,0.0,0,0,0.0,DEPLOY,750.0
1625,54.1489,3110.781,188.982,100.0,0.0,0,0,0.0,DEPLOY,750.0
1626,54.1822,3112.535,190.0,100.0,0.0,0,0,0.0,DEPLOY,750.0
1627,54.2155,3114.298,191.068,100.0,0.0,0,0,0.0,DEPLOY,750.0
1628,54.2489,3116.072,192.197,100.0,0.0,0,0,0.0,DEPLOY,750.0
1629,54.2822,3117.856,193.394,100.0,0.0,0,0,0.0,DEPLOY,750.0
1630,54.3155,3119.651,194.657,100.0,0.0,0,0,0.0,DEPLOY,750.0
1631,54.3488,3121.459,195.977,100.0,0.0,0,0,0.0,DEPLOY,750.0
1632,54.3821,3123.28,197.345,100.0,0.0,0,0,0.0,DEPLOY,750.0
1633,54.4155,3125.113,198.754,100.0,0.0,0,0,0.0,DEPLOY,750.0
1634,54.4488,3126.96,200.173,100.0,0.0,0,0,0.0,DEPLOY,748.47
1635,54.4821,3128.82,201.588,100.0,0.0,0,0,0.0,DEPLOY,744.33
1636,54.5154,3130.692,202.995,100.0,0.0,0,0,0.0,DEPLOY,739.3
1637,54.5488,3132.577,204.342,100.0,0.0,0,0,0.0,DEPLOY,734.31
1638,54.5821,3134.474,205.577,100.0,0.0,0,0,0.0,DEPLOY,729.34
1639,54.6154,3136.383,206.741,100.0,0.0,0,0,0.0,DEPLOY,724.4
1640,54.6487,3138.302,207.902,100.0,0.0,0,0,0.0,DEPLOY,719.49
1641,54.682,3140.231,209.058,100.0,0.0,0,0,0.0,DEPLOY,714.64
1642,54.7154,3142.172,210.207,100.0,0.0,0,0,0.0,DEPLOY,709.9
1643,54.7487,3144.123,211.351,100.0,0.0,0,0,0.0,DEPLOY,705.27
1644,54.782,3146.084,212.486,100.0,0.0,0,0,0.0,DEPLOY,700.75
1645,54.8153,3148.056,213.614,100.0,0.0,0,0,0.0,DEPLOY,696.34
1646,54.8487,3150.038,214.732,100.0,0.0,0,0,0.0,DEPLOY,692.04
1647,54.882,3152.031,215.841,100.0,0.0,0,0,0.0,DEPLOY,687.84
1648,54.9153,3154.034,216.939,100.0,0.0,0,0,0.0,DEPLOY,683.74
1649,54.9486,3156.047,218.026,100.0,0.0,0,0,0.0,DEPLOY,679.73
1650,54.9819,3158.07,219.1,100.0,0.0,0,0,0.0,DEPLOY,675.82
1651,55.0153,3160.103,220.161,100.0,0.0,0,0,0.0,DEPLOY,671.99
1652,55.0486,3162.146,221.209,100.0,0.0,0,0,0.0,DEPLOY,668.25
1653,55.0819,3164.198,222.241,100.0,0.0,0,0,0.0,DEPLOY,664.59
1654,55.1152,3166.26,223.258,100.0,0.0,0,0,0.0,DEPLOY,661.02
1655,55.1486,3168.331,224.259,100.0,0.0,0,0,0.0,DEPLOY,657.52
1656,55.1819,3170.412,225.241,100.0,0.0,0,0,0.0,DEPLOY,654.1
1657,55.2152,3172.501,226.205,100.0,0.0,0,0,0.0,DEPLOY,650.75
1658,55.2485,3174.599,227.148,100.0,0.0,0,0,0.0,DEPLOY,647.48
1659,55.2819,3176.706,228.069,100.0,0.0,0,0,0.0,DEPLOY,644.28
1660,55.3152,3178.821,228.966,100.0,0.0,0,0,0.0,DEPLOY,641.14
1661,55.3485,3180.944,229.838,100.0,0.0,0,0,0.0,DEPLOY,638.07
1662,55.3818,3183.076,230.682,100.0,0.0,0,0,0.0,DEPLOY,635.07
1663,55.4151,3185.215,231.495,100.0,0.0,0,0,0.0,DEPLOY,632.13
1664,55.4485,3187.361,232.275,100.0,0.0,0,0,0.0,DEPLOY,629.25
1665,55.4818,3189.514,233.019,100.0,0.0,0,0,0.0,DEPLOY,626.44
1666,55.5151,3191.674,233.721,100.0,0.0,0,0,0.0,DEPLOY,623.69
1667,55.5484,3193.841,234.379,100.0,0.0,0,0,0.0,DEPLOY,620.99
1668,55.5818,3196.013,234.99,100.0,0.0,0,0,0.0,DEPLOY,618.35
1669,55.6151,3198.191,235.549,100.0,0.0,0,0,0.0,DEPLOY,615.56
1670,55.6484,3200.374,236.052,100.0,0.0,0,0,0.0,DEPLOY,612.29
1671,55.6817,3202.561,236.494,100.0,0.0,0,0,0.0,DEPLOY,608.93
1672,55.715,3204.752,236.872,100.0,0.0,0,0,0.0,DEPLOY,605.48
1673,55.7484,3206.945,237.18,100.0,0.0,0,0,0.0,DEPLOY,601.96
1674,55.7817,3209.142,237.415,100.0,0.0,0,0,0.0,DEPLOY,598.37
1675,55.815,3211.34,237.572,100.0,0.0,0,0,0.0,DEPLOY,594.74
1676,55.8483,3213.54,237.647,100.0,0.0,0,0,0.0,DEPLOY,591.11
1677,55.8817,3215.739,237.631,100.0,0.0,0,0,0.0,DEPLOY,587.53
1678,55.915,3217.938,237.527,100.0,0.0,0,0,0.0,DEPLOY,584.04
1679,55.9483,3220.136,237.333,100.0,0.0,0,0,0.0,DEPLOY,580.66
1680,55.9816,3222.331,237.046,100.0,0.0,0,0,0.0,DEPLOY,577.4
1681,56.0149,3224.524,236.666,100.0,0.0,0,0,0.0,DEPLOY,574.22
1682,56.0483,3226.712,236.191,100.0,0.0,0,0,0.0,DEPLOY,571.07
1683,56.0816,3228.896,235.622,100.0,0.0,0,0,0.0,DEPLOY,567.88
1684,56.1149,3231.074,234.959,100.0,0.0,0,0,0.0,DEPLOY,564.63
1685,56.1482,3233.245,234.204,0.0,0.0,0,0,0.0,DEPLOY,-233.64
1686,56.1816,3235.41,233.358,0.0,100.0,0,0,0.24,REGEN,-350.0
1687,56.2149,3237.565,232.419,0.0,100.0,0,0,0.51,REGEN,-350.0
1688,56.2482,3239.712,231.388,0.0,100.0,0,0,0.77,REGEN,-350.0
1689,56.2815,3241.848,230.273,0.0,100.0,0,0,1.04,REGEN,-350.0
1690,56.3148,3243.974,229.075,0.0,100.0,0,0,1.31,REGEN,-350.0
1691,56.3482,3246.088,227.784,0.0,100.0,0,0,1.57,REGEN,-350.0
1692,56.3815,3248.19,226.394,0.0,100.0,0,0,1.84,REGEN,-350.0
1693,56.4148,3250.278,224.908,0.0,100.0,0,0,2.12,REGEN,-350.0
1694,56.4481,3252.353,223.328,0.0,100.0,0,0,2.4,REGEN,-350.0
1695,56.4815,3254.412,221.658,0.0,100.0,0,0,2.68,REGEN,-350.0
1696,56.5148,3256.456,219.904,0.0,100.0,0,0,2.96,REGEN,-350.0
1697,56.5481,3258.483,218.072,0.0,100.0,0,0,3.25,REGEN,-350.0
1698,56.5814,3260.493,216.171,0.0,100.0,0,0,3.53,REGEN,-350.0
1699,56.6147,3262.483,213.894,0.0,100.0,0,0,3.82,REGEN,-350.0
1700,56.6481,3264.449,210.977,0.0,100.0,0,0,4.11,REGEN,-350.0
1701,56.6814,3266.387,207.824,0.0,100.0,0,0,4.41,REGEN,-350.0
1702,56.7147,3268.297,204.813,0.0,100.0,0,0,4.7,REGEN,-350.0
1703,56.748,3270.18,201.922,0.0,100.0,0,0,4.99,REGEN,-350.0
1704,56.7814,3272.036,199.137,0.0,100.0,0,0,5.28,REGEN,-350.0
1705,56.8147,3273.868,196.463,0.0,100.0,0,0,5.57,REGEN,-350.0
1706,56.848,3275.675,193.918,0.0,100.0,0,0,5.86,REGEN,-350.0
1707,56.8813,3277.46,191.529,0.0,100.0,0,0,6.16,REGEN,-350.0
1708,56.9146,3279.221,189.312,0.0,100.0,0,0,6.45,REGEN,-350.0
1709,56.948,3280.963,187.2,0.0,100.0,0,0,6.74,REGEN,-350.0
1710,56.9813,3282.685,185.111,0.0,100.0,0,0,7.03,REGEN,-350.0
1711,57.0146,3284.389,182.999,0.0,100.0,0,0,7.32,REGEN,-350.0
1712,57.0479,3286.074,180.939,0.0,100.0,0,0,7.61,REGEN,-350.0
1713,57.0813,3287.741,179.018,0.0,100.0,0,0,7.91,REGEN,-350.0
1714,57.1146,3289.39,177.086,0.0,100.0,0,0,8.2,REGEN,-350.0
1715,57.1479,3291.019,175.305,0.0,100.0,0,0,8.49,REGEN,-350.0
1716,57.1812,3292.634,173.764,0.0,100.0,0,0,8.78,REGEN,-350.0
1717,57.2146,3294.236,172.445,0.0,100.0,0,0,9.07,REGEN,-350.0
1718,57.2479,3295.828,171.265,0.0,100.0,0,0,9.36,REGEN,-350.0
1719,57.2812,3297.408,170.052,0.0,100.0,0,0,9.65,REGEN,-350.0
1720,57.3145,3298.974,168.669,0.0,100.0,0,0,9.95,REGEN,-350.0
1721,57.3478,3300.528,167.202,0.0,100.0,0,0,10.24,REGEN,-350.0
1722,57.3812,3302.069,165.724,0.0,100.0,0,0,10.53,REGEN,-350.0
1723,57.4145,3303.599,164.311,0.0,100.0,0,0,10.82,REGEN,-350.0
1724,57.4478,3305.114,163.231,0.0,100.0,0,0,11.11,REGEN,-350.0
1725,57.4811,3306.622,162.691,0.0,100.0,0,0,11.4,REGEN,-350.0
1726,57.5145,3308.127,162.485,0.0,100.0,0,0,11.7,REGEN,-350.0
1727,57.5478,3309.631,162.485,0.0,100.0,0,0,11.99,REGEN,-350.0
1728,57.5811,3311.135,162.485,0.0,100.0,0,0,12.28,REGEN,-350.0
1729,57.6144,3312.639,162.418,0.0,100.0,0,0,12.57,REGEN,-350.0
1730,57.6477,3314.14,161.97,0.0,100.0,0,0,12.86,REGEN,-350.0
1731,57.6811,3315.635,160.994,0.0,100.0,0,0,13.15,REGEN,-350.0
1732,57.7144,3317.118,159.668,0.0,100.0,0,0,13.44,REGEN,-350.0
1733,57.7477,3318.588,158.114,0.0,100.0,0,0,13.74,REGEN,-350.0
1734,57.781,3320.044,156.429,0.0,100.0,0,0,14.03,REGEN,-350.0
1735,57.8144,3321.487,154.663,0.0,100.0,0,0,14.32,REGEN,-350.0
1736,57.8477,3322.906,152.801,0.0,100.0,0,0,14.61,REGEN,-350.0
1737,57.881,3324.311,150.929,0.0,100.0,0,0,14.9,REGEN,-350.0
1738,57.9143,3325.703,149.088,0.0,100.0,0,0,15.19,REGEN,-249.72
1739,57.9476,3327.074,147.489,100.0,100.0,0,0,15.49,REGEN,503.88
1740,57.981,3328.436,146.776,100.0,0.0,0,0,15.38,DEPLOY,750.0
1741,58.0143,3329.794,146.493,100.0,0.0,0,0,15.09,DEPLOY,750.0
1742,58.0476,3331.149,146.211,100.0,0.0,0,0,14.8,DEPLOY,750.0
1743,58.0809,3332.5,145.929,100.0,0.0,0,0,14.51,DEPLOY,750.0
1744,58.1143,3333.85,145.648,100.0,0.0,0,0,14.22,DEPLOY,750.0
1745,58.1476,3335.197,145.369,100.0,0.0,0,0,13.93,DEPLOY,750.0
1746,58.1809,3336.544,145.506,100.0,0.0,0,0,13.63,DEPLOY,750.0
1747,58.2142,3337.892,145.838,100.0,0.0,0,0,13.34,DEPLOY,750.0
1748,58.2475,3339.244,146.341,100.0,0.0,0,0,13.05,DEPLOY,750.0
1749,58.2809,3340.601,146.752,100.0,0.0,0,0,12.76,DEPLOY,750.0
1750,58.3142,3341.961,147.14,100.0,0.0,0,0,12.47,DEPLOY,750.0
1751,58.3475,3343.324,147.529,100.0,0.0,0,0,12.18,DEPLOY,750.0
1752,58.3808,3344.692,147.919,100.0,0.0,0,0,11.9,DEPLOY,750.0
1753,58.4142,3346.063,148.31,100.0,0.0,0,0,11.61,DEPLOY,750.0
1754,58.4475,3347.437,148.703,100.0,0.0,0,0,11.32,DEPLOY,750.0
1755,58.4808,3348.816,149.096,100.0,0.0,0,0,11.03,DEPLOY,750.0
1756,58.5141,3350.197,149.391,100.0,0.0,0,0,10.74,DEPLOY,750.0
1757,58.5474,3351.581,149.596,100.0,0.0,0,0,10.45,DEPLOY,750.0
1758,58.5808,3352.969,150.144,100.0,0.0,0,0,10.16,DEPLOY,750.0
1759,58.6141,3354.362,150.776,100.0,0.0,0,0,9.86,DEPLOY,750.0
1760,58.6474,3355.76,151.481,100.0,0.0,0,0,9.57,DEPLOY,750.0
1761,58.6807,3357.166,152.276,100.0,0.0,0,0,9.28,DEPLOY,750.0
1762,58.7141,3358.58,153.154,100.0,0.0,0,0,8.99,DEPLOY,750.0
1763,58.7474,3360.002,154.098,100.0,0.0,0,0,8.7,DEPLOY,750.0
1764,58.7807,3361.432,155.118,100.0,0.0,0,0,8.41,DEPLOY,750.0
1765,58.814,3362.874,156.106,100.0,0.0,0,0,8.11,DEPLOY,750.0
1766,58.8473,3364.324,157.194,100.0,0.0,0,0,7.82,DEPLOY,750.0
1767,58.8807,3365.783,158.411,100.0,0.0,0,0,7.53,DEPLOY,750.0
1768,58.914,3367.256,159.843,100.0,0.0,0,0,7.24,DEPLOY,750.0
1769,58.9473,3368.744,161.327,100.0,0.0,0,0,6.95,DEPLOY,750.0
1770,58.9806,3370.244,162.817,100.0,0.0,0,0,6.66,DEPLOY,750.0
1771,59.014,3371.756,164.283,100.0,0.0,0,0,6.37,DEPLOY,750.0
1772,59.0473,3373.284,165.654,100.0,0.0,0,0,6.07,DEPLOY,750.0
1773,59.0806,3374.824,166.925,100.0,0.0,0,0,5.78,DEPLOY,750.0
1774,59.1139,3376.375,168.18,100.0,0.0,0,0,5.49,DEPLOY,750.0
1775,59.1472,3377.937,169.461,100.0,0.0,0,0,5.2,DEPLOY,750.0
1776,59.1806,3379.51,170.812,100.0,0.0,0,0,4.91,DEPLOY,750.0
1777,59.2139,3381.099,172.252,100.0,0.0,0,0,4.62,DEPLOY,750.0
1778,59.2472,3382.701,173.742,100.0,0.0,0,0,4.32,DEPLOY,750.0
1779,59.2805,3384.317,175.265,100.0,0.0,0,0,4.03,DEPLOY,750.0
1780,59.3139,3385.945,176.803,100.0,0.0,0,0,3.74,DEPLOY,750.0
1781,59.3472,3387.587,178.335,100.0,0.0,0,0,3.45,DEPLOY,750.0
1782,59.3805,3389.246,179.858,100.0,0.0,0,0,3.16,DEPLOY,750.0
1783,59.4138,3390.919,181.374,100.0,0.0,0,0,2.87,DEPLOY,750.0
1784,59.4472,3392.604,182.797,100.0,0.0,0,0,2.57,DEPLOY,750.0
1785,59.4805,3394.303,184.152,100.0,0.0,0,0,2.28,DEPLOY,750.0
1786,59.5138,3396.013,185.489,100.0,0.0,0,0,1.99,DEPLOY,750.0
1787,59.5471,3397.735,186.829,100.0,0.0,0,0,1.7,DEPLOY,750.0
1788,59.5804,3399.47,188.173,100.0,0.0,0,0,1.41,DEPLOY,750.0
1789,59.6138,3401.219,189.52,100.0,0.0,0,0,1.12,DEPLOY,750.0
1790,59.6471,3402.98,190.868,100.0,0.0,0,0,0.83,DEPLOY,750.0
1791,59.6804,3404.753,192.218,100.0,0.0,0,0,0.54,DEPLOY,750.0
1792,59.7137,3406.539,193.571,100.0,0.0,0,0,0.25,DEPLOY,750.0
1793,59.7471,3408.337,194.925,100.0,0.0,0,0,0.05,DEPLOY,750.0
1794,59.7804,3410.147,196.281,100.0,0.0,0,0,0.0,DEPLOY,750.0
1795,59.8137,3411.97,197.638,100.0,0.0,0,0,0.0,DEPLOY,750.0
1796,59.847,3413.805,198.981,100.0,0.0,0,0,0.0,DEPLOY,749.92
1797,59.8803,3415.652,200.249,100.0,0.0,0,0,0.0,DEPLOY,749.11
1798,59.9137,3417.511,201.521,100.0,0.0,0,0,0.0,DEPLOY,744.57
1799,59.947,3419.383,202.815,100.0,0.0,0,0,0.0,DEPLOY,739.95
1800,59.9803,3421.267,204.127,100.0,0.0,0,0,0.0,DEPLOY,735.26
1801,60.0136,3423.163,205.457,100.0,0.0,0,0,0.0,DEPLOY,730.51
1802,60.047,3425.071,206.803,100.0,0.0,0,0,0.0,DEPLOY,725.7
1803,60.0803,3426.991,208.164,100.0,0.0,0,0,0.0,DEPLOY,720.84
1804,60.1136,3428.925,209.537,100.0,0.0,0,0,0.0,DEPLOY,715.94
1805,60.1469,3430.871,210.923,100.0,0.0,0,0,0.0,DEPLOY,710.99
1806,60.1802,3432.829,212.319,100.0,0.0,0,0,0.0,DEPLOY,706.0
1807,60.2136,3434.801,213.724,100.0,0.0,0,0,0.0,DEPLOY,700.98
1808,60.2469,3436.786,215.137,100.0,0.0,0,0,0.0,DEPLOY,695.93
1809,60.2802,3438.784,216.502,100.0,0.0,0,0,0.0,DEPLOY,690.86
1810,60.3135,3440.794,217.83,100.0,0.0,0,0,0.0,DEPLOY,685.76
1811,60.3469,3442.816,219.149,100.0,0.0,0,0,0.0,DEPLOY,680.64
1812,60.3802,3444.851,220.463,100.0,0.0,0,0,0.0,DEPLOY,675.51
1813,60.4135,3446.897,221.769,100.0,0.0,0,0,0.0,DEPLOY,670.36
1814,60.4468,3448.956,223.068,100.0,0.0,0,0,0.0,DEPLOY,665.2
1815,60.4801,3451.027,224.359,100.0,0.0,0,0,0.0,DEPLOY,660.06
1816,60.5135,3453.109,225.641,100.0,0.0,0,0,0.0,DEPLOY,655.01
1817,60.5468,3455.203,226.914,100.0,0.0,0,0,0.0,DEPLOY,650.06
1818,60.5801,3457.31,228.178,100.0,0.0,0,0,0.0,DEPLOY,645.2
1819,60.6134,3459.427,229.432,100.0,0.0,0,0,0.0,DEPLOY,640.42
1820,60.6468,3461.556,230.675,100.0,0.0,0,0,0.0,DEPLOY,635.73
1821,60.6801,3463.697,231.907,100.0,0.0,0,0,0.0,DEPLOY,631.13
1822,60.7134,3465.85,233.127,100.0,0.0,0,0,0.0,DEPLOY,626.6
1823,60.7467,3468.014,234.335,100.0,0.0,0,0,0.0,DEPLOY,622.16
1824,60.78,3470.188,235.531,100.0,0.0,0,0,0.0,DEPLOY,617.78
1825,60.8134,3472.374,236.714,100.0,0.0,0,0,0.0,DEPLOY,613.49
1826,60.8467,3474.571,237.885,100.0,0.0,0,0,0.0,DEPLOY,609.26
1827,60.88,3476.778,239.042,100.0,0.0,0,0,0.0,DEPLOY,605.1
1828,60.9133,3478.996,240.186,100.0,0.0,0,0,0.0,DEPLOY,601.01
1829,60.9467,3481.224,241.316,100.0,0.0,0,0,0.0,DEPLOY,596.99
1830,60.98,3483.462,242.432,100.0,0.0,0,0,0.0,DEPLOY,593.03
1831,61.0133,3485.711,243.533,100.0,0.0,0,0,0.0,DEPLOY,589.13
1832,61.0466,3487.971,244.619,100.0,0.0,0,0,0.0,DEPLOY,585.3
1833,61.0799,3490.241,245.691,100.0,0.0,0,0,0.0,DEPLOY,581.53
1834,61.1133,3492.52,246.749,100.0,0.0,0,0,0.0,DEPLOY,577.82
1835,61.1466,3494.808,247.792,100.0,0.0,0,0,0.0,DEPLOY,574.16
1836,61.1799,3497.107,248.821,100.0,0.0,0,0,0.0,DEPLOY,570.56
1837,61.2132,3499.414,249.835,100.0,0.0,0,0,0.0,DEPLOY,567.01
1838,61.2466,3501.731,250.834,100.0,0.0,0,0,0.0,DEPLOY,563.52
1839,61.2799,3504.058,251.817,100.0,0.0,0,0,0.0,DEPLOY,560.08
1840,61.3132,3506.393,252.786,100.0,0.0,0,0,0.0,DEPLOY,556.7
1841,61.3465,3508.738,253.741,100.0,0.0,0,0,0.0,DEPLOY,553.36
1842,61.3798,3511.091,254.681,100.0,0.0,0,0,0.0,DEPLOY,550.07
1843,61.4132,3513.452,255.606,100.0,0.0,0,0,0.0,DEPLOY,546.83
1844,61.4465,3515.822,256.514,100.0,0.0,0,0,0.0,DEPLOY,543.64
1845,61.4798,3518.201,257.408,100.0,0.0,0,0,0.0,DEPLOY,540.49
1846,61.5131,3520.588,258.285,100.0,0.0,0,0,0.0,DEPLOY,537.4
1847,61.5465,3522.982,259.147,100.0,0.0,0,0,0.0,DEPLOY,534.34
1848,61.5798,3525.385,259.993,100.0,0.0,0,0,0.0,DEPLOY,531.33
1849,61.6131,3527.795,260.82,100.0,0.0,0,0,0.0,DEPLOY,528.36
1850,61.6464,3530.213,261.629,100.0,0.0,0,0,0.0,DEPLOY,525.44
1851,61.6798,3532.639,262.42,100.0,0.0,0,0,0.0,DEPLOY,522.56
1852,61.7131,3535.071,263.19,100.0,0.0,0,0,0.0,DEPLOY,519.72
1853,61.7464,3537.51,263.941,100.0,0.0,0,0,0.0,DEPLOY,516.91
1854,61.7797,3539.957,264.665,100.0,0.0,0,0,0.0,DEPLOY,514.15
1855,61.813,3542.41,265.366,100.0,0.0,0,0,0.0,DEPLOY,511.43
1856,61.8464,3544.87,266.04,100.0,0.0,0,0,0.0,DEPLOY,508.75
1857,61.8797,3547.335,266.687,100.0,0.0,0,0,0.0,DEPLOY,506.1
1858,61.913,3549.806,267.3,100.0,0.0,0,0,0.0,DEPLOY,503.49
1859,61.9463,3552.283,267.878,100.0,0.0,0,0,0.0,DEPLOY,500.93
1860,61.9797,3554.766,268.419,100.0,0.0,0,0,0.0,DEPLOY,498.49
1861,62.013,3557.252,268.922,100.0,0.0,0,0,0.0,DEPLOY,496.16
1862,62.0463,3559.744,269.379,100.0,0.0,0,0,0.0,DEPLOY,493.86
1863,62.0796,3562.239,269.786,100.0,0.0,0,0,0.0,DEPLOY,491.59
1864,62.1129,3564.738,270.142,100.0,0.0,0,0,0.0,DEPLOY,489.36
1865,62.1463,3567.24,270.445,100.0,0.0,0,0,0.0,DEPLOY,487.15
1866,62.1796,3569.744,270.687,100.0,0.0,0,0,0.0,DEPLOY,484.98
1867,62.2129,3572.251,270.86,100.0,0.0,0,0,0.0,DEPLOY,482.83
1868,62.2462,3574.758,270.968,100.0,0.0,0,0,0.0,DEPLOY,480.72
1869,62.2796,3577.267,271.006,100.0,0.0,0,0,0.0,DEPLOY,478.64
1870,62.3129,3579.775,270.967,100.0,0.0,0,0,0.0,DEPLOY,476.59
1871,62.3462,3582.282,270.844,100.0,0.0,0,0,0.0,DEPLOY,474.57
1872,62.3795,3584.789,270.641,100.0,0.0,0,0,0.0,DEPLOY,472.58
1873,62.4128,3587.292,270.356,100.0,0.0,0,0,0.0,DEPLOY,470.62
1874,62.4462,3589.793,269.981,100.0,0.0,0,0,0.0,DEPLOY,468.7
1875,62.4795,3592.29,269.513,100.0,0.0,0,0,0.0,DEPLOY,466.8
1876,62.5128,3594.782,268.959,100.0,0.0,0,0,0.0,DEPLOY,464.93
1877,62.5461,3597.269,268.318,100.0,0.0,0,0,0.0,DEPLOY,463.09
1878,62.5795,3599.749,267.587,100.0,0.0,0,0,0.0,DEPLOY,461.29
1879,62.6128,3602.222,266.762,100.0,0.0,0,0,0.0,DEPLOY,459.55
1880,62.6461,3604.687,265.855,100.0,0.0,0,0,0.0,DEPLOY,10.25
1881,62.6794,3607.143,264.867,0.0,100.0,0,0,0.17,REGEN,-350.0
1882,62.7127,3609.591,263.801,0.0,100.0,0,0,0.45,REGEN,-350.0
1883,62.7461,3612.027,262.649,0.0,100.0,0,0,0.72,REGEN,-350.0
1884,62.7794,3614.452,261.427,0.0,100.0,0,0,0.99,REGEN,-350.0
1885,62.8127,3616.866,260.141,0.0,100.0,0,0,1.26,REGEN,-350.0
1886,62.846,3619.268,258.787,0.0,100.0,0,0,1.53,REGEN,-350.0
1887,62.8794,3621.657,257.353,0.0,100.0,0,0,1.8,REGEN,-350.0
1888,62.9127,3624.031,255.837,0.0,100.0,0,0,2.08,REGEN,-350.0
1889,62.946,3626.392,254.252,0.0,100.0,0,0,2.35,REGEN,-350.0
1890,62.9793,3628.738,252.602,0.0,100.0,0,0,2.64,REGEN,-350.0
1891,63.0126,3631.068,250.895,0.0,100.0,0,0,2.92,REGEN,-350.0
1892,63.046,3633.382,248.914,0.0,100.0,0,0,3.21,REGEN,-350.0
1893,63.0793,3635.665,244.206,0.0,100.0,0,0,3.5,REGEN,-350.0
1894,63.1126,3637.902,239.546,0.0,100.0,0,0,3.8,REGEN,-350.0
1895,63.1459,3640.1,235.478,0.0,100.0,0,0,4.09,REGEN,-350.0
1896,63.1793,3642.265,232.508,0.0,100.0,0,0,4.38,REGEN,-350.0
1897,63.2126,3644.41,230.996,0.0,100.0,0,0,4.67,REGEN,-350.0
1898,63.2459,3646.541,229.444,0.0,100.0,0,0,4.96,REGEN,-350.0
1899,63.2792,3648.651,226.459,0.0,100.0,0,0,5.25,REGEN,-350.0
1900,63.3125,3650.731,222.958,0.0,100.0,0,0,5.55,REGEN,-350.0
1901,63.3459,3652.78,219.808,0.0,100.0,0,0,5.84,REGEN,-350.0
1902,63.3792,3654.807,218.297,0.0,100.0,0,0,6.13,REGEN,-350.0
1903,63.4125,3656.827,218.055,0.0,100.0,0,0,6.42,REGEN,-350.0
1904,63.4458,3658.845,218.055,0.0,100.0,0,0,6.71,REGEN,-350.0
1905,63.4792,3660.864,218.055,0.0,100.0,0,0,7.0,REGEN,-350.0
1906,63.5125,3662.882,218.055,0.0,100.0,0,0,7.29,REGEN,-350.0
1907,63.5458,3664.9,217.918,0.0,100.0,0,0,7.59,REGEN,-350.0
1908,63.5791,3666.905,215.273,0.0,100.0,0,0,7.88,REGEN,-350.0
1909,63.6124,3668.879,211.421,0.0,100.0,0,0,8.17,REGEN,-350.0
1910,63.6458,3670.822,208.495,0.0,100.0,0,0,8.46,REGEN,-350.0
1911,63.6791,3672.746,207.2,0.0,100.0,0,0,8.75,REGEN,-350.0
1912,63.7124,3674.663,206.955,0.0,100.0,0,0,9.04,REGEN,-350.0
1913,63.7457,3676.579,206.955,0.0,100.0,0,0,9.34,REGEN,-350.0
1914,63.7791,3678.494,206.955,100.0,100.0,0,0,9.63,REGEN,140.56
1915,63.8124,3680.41,206.972,100.0,0.0,0,0,9.68,DEPLOY,725.1
1916,63.8457,3682.328,207.472,100.0,0.0,0,0,9.4,DEPLOY,723.31
1917,63.879,3684.255,208.747,100.0,0.0,0,0,9.14,DEPLOY,718.76
1918,63.9124,3686.193,210.107,100.0,0.0,0,0,8.87,DEPLOY,713.9
1919,63.9457,3688.144,211.438,100.0,0.0,0,0,8.61,DEPLOY,709.15
1920,63.979,3690.107,212.736,100.0,0.0,0,0,8.35,DEPLOY,704.51
1921,64.0123,3692.082,214.003,100.0,0.0,0,0,8.1,DEPLOY,699.99
1922,64.0456,3694.068,215.24,100.0,0.0,0,0,7.85,DEPLOY,695.57
1923,64.079,3696.066,216.448,100.0,0.0,0,0,7.6,DEPLOY,691.26
1924,64.1123,3698.075,217.627,100.0,0.0,0,0,7.36,DEPLOY,687.05
1925,64.1456,3700.095,218.778,100.0,0.0,0,0,7.12,DEPLOY,682.93
1926,64.1789,3702.125,219.903,100.0,0.0,0,0,6.88,DEPLOY,678.91
1927,64.2123,3704.166,221.002,100.0,0.0,0,0,6.65,DEPLOY,674.99
1928,64.2456,3706.217,222.076,100.0,0.0,0,0,6.42,DEPLOY,671.15
1929,64.2789,3708.277,223.14,100.0,0.0,0,0,6.2,DEPLOY,667.36
1930,64.3122,3710.348,224.23,100.0,0.0,0,0,5.97,DEPLOY,663.47
1931,64.3455,3712.428,225.361,100.0,0.0,0,0,5.75,DEPLOY,659.43
1932,64.3789,3714.52,226.507,100.0,0.0,0,0,5.54,DEPLOY,655.33
1933,64.4122,3716.622,227.654,100.0,0.0,0,0,5.33,DEPLOY,651.24
1934,64.4455,3718.734,228.803,100.0,0.0,0,0,5.12,DEPLOY,647.13
1935,64.4788,3720.857,229.962,100.0,0.0,0,0,4.91,DEPLOY,642.99
1936,64.5122,3722.991,231.124,100.0,0.0,0,0,4.71,DEPLOY,638.84
1937,64.5455,3725.136,232.307,100.0,0.0,0,0,4.51,DEPLOY,634.62
1938,64.5788,3727.291,233.533,100.0,0.0,0,0,4.31,DEPLOY,630.24
1939,64.6121,3729.459,234.793,100.0,0.0,0,0,4.12,DEPLOY,625.72
1940,64.6454,3731.637,235.854,100.0,0.0,0,0,3.93,DEPLOY,621.26
1941,64.6788,3733.825,236.885,100.0,0.0,0,0,3.75,DEPLOY,616.89
1942,64.7121,3736.022,237.917,100.0,0.0,0,0,3.57,DEPLOY,612.59
1943,64.7454,3738.23,238.947,100.0,0.0,0,0,3.39,DEPLOY,608.36
1944,64.7787,3740.446,239.973,100.0,0.0,0,0,3.22,DEPLOY,604.21
1945,64.8121,3742.672,240.995,100.0,0.0,0,0,3.05,DEPLOY,600.12
1946,64.8454,3744.907,242.009,100.0,0.0,0,0,2.89,DEPLOY,596.11
1947,64.8787,3747.152,243.014,100.0,0.0,0,0,2.72,DEPLOY,592.15
1948,64.912,3749.406,244.01,100.0,0.0,0,0,2.56,DEPLOY,588.27
1949,64.9453,3751.669,244.993,100.0,0.0,0,0,2.41,DEPLOY,584.44
1950,64.9787,3753.941,245.962,100.0,0.0,0,0,2.26,DEPLOY,580.68
1951,65.012,3756.223,246.916,100.0,0.0,0,0,2.11,DEPLOY,576.99
1952,65.0453,3758.513,247.855,100.0,0.0,0,0,1.96,DEPLOY,573.34
1953,65.0786,3760.811,248.776,100.0,0.0,0,0,1.82,DEPLOY,569.76
1954,65.112,3763.118,249.68,100.0,0.0,0,0,1.68,DEPLOY,566.23
1955,65.1453,3765.433,250.564,100.0,0.0,0,0,1.54,DEPLOY,562.75
1956,65.1786,3767.756,251.427,100.0,0.0,0,0,1.4,DEPLOY,559.33
1957,65.2119,3770.087,252.267,100.0,0.0,0,0,1.27,DEPLOY,555.97
1958,65.2452,3772.426,253.086,100.0,0.0,0,0,1.14,DEPLOY,552.65
1959,65.2786,3774.773,253.881,100.0,0.0,0,0,1.02,DEPLOY,549.39
1960,65.3119,3777.126,254.653,100.0,0.0,0,0,0.9,DEPLOY,546.17
1961,65.3452,3779.486,255.4,100.0,0.0,0,0,0.78,DEPLOY,543.0
1962,65.3785,3781.854,256.121,100.0,0.0,0,0,0.66,DEPLOY,539.88
1963,65.4119,3784.228,256.816,100.0,0.0,0,0,0.54,DEPLOY,536.81
1964,65.4452,3786.608,257.484,100.0,0.0,0,0,0.43,DEPLOY,533.79
1965,65.4785,3788.995,258.127,100.0,0.0,0,0,0.32,DEPLOY,530.81
1966,65.5118,3791.386,258.744,100.0,0.0,0,0,0.21,DEPLOY,527.87
1967,65.5451,3793.784,259.333,100.0,0.0,0,0,0.11,DEPLOY,524.98
1968,65.5785,3796.187,259.893,100.0,0.0,0,0,0.02,DEPLOY,522.2
1969,65.6118,3798.596,260.428,100.0,0.0,0,0,0.0,DEPLOY,520.42
1970,65.6451,3801.008,260.937,100.0,0.0,0,0,0.0,DEPLOY,519.76
1971,65.6784,3803.426,261.42,100.0,0.0,0,0,0.0,DEPLOY,519.11
1972,65.7118,3805.848,261.876,100.0,0.0,0,0,0.0,DEPLOY,518.47
1973,65.7451,3808.274,262.305,100.0,0.0,0,0,0.0,DEPLOY,517.84
1974,65.7784,3810.704,262.709,100.0,0.0,0,0,0.0,DEPLOY,517.23
1975,65.8117,3813.137,263.087,100.0,0.0,0,0,0.0,DEPLOY,516.62
1976,65.8451,3815.574,263.439,100.0,0.0,0,0,0.0,DEPLOY,516.03
1977,65.8784,3818.014,263.762,100.0,0.0,0,0,0.0,DEPLOY,515.44
1978,65.9117,3820.457,264.058,100.0,0.0,0,0,0.0,DEPLOY,514.87
1979,65.945,3822.902,264.328,100.0,0.0,0,0,0.0,DEPLOY,514.31
1980,65.9783,3825.35,264.57,100.0,0.0,0,0,0.0,DEPLOY,513.75
1981,66.0117,3827.8,264.783,100.0,0.0,0,0,0.0,DEPLOY,513.21
1982,66.045,3830.252,264.965,100.0,0.0,0,0,0.0,DEPLOY,512.68
1983,66.0783,3832.705,265.116,100.0,0.0,0,0,0.0,DEPLOY,512.16
1984,66.1116,3835.159,265.236,100.0,0.0,0,0,0.0,DEPLOY,511.64
1985,66.145,3837.615,265.324,100.0,0.0,0,0,0.0,DEPLOY,511.14
1986,66.1783,3840.071,265.371,100.0,0.0,0,0,0.0,DEPLOY,510.65
1987,66.2116,3842.527,265.382,100.0,0.0,0,0,0.0,DEPLOY,510.16
1988,66.2449,3844.984,265.353,100.0,0.0,0,0,0.0,DEPLOY,509.68
1989,66.2782,3847.44,265.283,100.0,0.0,0,0,0.0,DEPLOY,509.22
1990,66.3116,3849.895,265.164,100.0,0.0,0,0,0.0,DEPLOY,508.76
1991,66.3449,3852.348,264.995,100.0,0.0,0,0,0.0,DEPLOY,508.31
1992,66.3782,3854.8,264.775,100.0,0.0,0,0,0.0,DEPLOY,507.87
1993,66.4115,3857.25,264.502,100.0,0.0,0,0,0.0,DEPLOY,507.44
1994,66.4449,3859.696,264.171,100.0,0.0,0,0,0.0,DEPLOY,507.02
1995,66.4782,3862.14,263.772,100.0,0.0,0,0,0.0,DEPLOY,506.6
1996,66.5115,3864.579,263.31,100.0,0.0,0,0,0.0,DEPLOY,506.2
1997,66.5448,3867.014,262.782,100.0,0.0,0,0,0.0,DEPLOY,505.8
1998,66.5781,3869.444,262.185,100.0,0.0,0,0,0.0,DEPLOY,505.41
1999,66.6115,3871.867,261.51,100.0,0.0,0,0,0.0,DEPLOY,505.03
2000,66.6448,3874.284,260.757,100.0,0.0,0,0,0.0,DEPLOY,504.65
2001,66.6781,3876.694,259.929,100.0,0.0,0,0,0.0,DEPLOY,504.29
2002,66.7114,3879.096,259.025,100.0,0.0,0,0,0.0,DEPLOY,503.93
2003,66.7448,3881.489,258.043,100.0,0.0,0,0,0.0,DEPLOY,503.58
2004,66.7781,3883.873,256.975,100.0,0.0,0,0,0.0,DEPLOY,387.78
2005,66.8114,3886.246,255.828,0.0,100.0,0,0,0.08,REGEN,-350.0
2006,66.8447,3888.608,254.605,0.0,100.0,0,0,0.35,REGEN,-350.0
2007,66.878,3890.959,253.305,0.0,100.0,0,0,0.63,REGEN,-350.0
2008,66.9114,3893.298,251.933,0.0,100.0,0,0,0.9,REGEN,-350.0
2009,66.9447,3895.623,250.489,0.0,100.0,0,0,1.17,REGEN,-350.0
2010,66.978,3897.934,248.969,0.0,100.0,0,0,1.44,REGEN,-350.0
2011,67.0113,3900.231,247.372,0.0,100.0,0,0,1.71,REGEN,-350.0
2012,67.0447,3902.513,245.69,0.0,100.0,0,0,1.99,REGEN,-350.0
2013,67.078,3904.779,243.922,0.0,100.0,0,0,2.26,REGEN,-350.0
2014,67.1113,3907.028,242.069,0.0,100.0,0,0,2.54,REGEN,-350.0
2015,67.1446,3909.26,240.136,0.0,100.0,0,0,2.82,REGEN,-350.0
2016,67.1779,3911.474,238.124,0.0,100.0,0,0,3.11,REGEN,-350.0
2017,67.2113,3913.669,236.036,0.0,100.0,0,0,3.39,REGEN,-350.0
2018,67.2446,3915.843,233.876,0.0,100.0,0,0,3.68,REGEN,-350.0
2019,67.2779,3917.997,231.648,0.0,100.0,0,0,3.97,REGEN,-350.0
2020,67.3112,3920.129,229.106,0.0,100.0,0,0,4.26,REGEN,-350.0
2021,67.3446,3922.235,225.845,0.0,100.0,0,0,4.55,REGEN,-350.0
2022,67.3779,3924.31,222.742,0.0,100.0,0,0,4.84,REGEN,-350.0
2023,67.4112,3926.358,219.764,0.0,100.0,0,0,5.13,REGEN,-350.0
2024,67.4445,3928.379,216.829,0.0,100.0,0,0,5.42,REGEN,-350.0
2025,67.4778,3930.372,213.931,0.0,100.0,0,0,5.72,REGEN,-350.0
2026,67.5112,3932.339,211.125,0.0,100.0,0,0,6.01,REGEN,-350.0
2027,67.5445,3934.281,208.489,0.0,100.0,0,0,6.3,REGEN,-350.0
2028,67.5778,3936.2,206.065,0.0,100.0,0,0,6.59,REGEN,-350.0
2029,67.6111,3938.097,203.832,0.0,100.0,0,0,6.88,REGEN,-350.0
2030,67.6445,3939.975,201.695,0.0,100.0,0,0,7.17,REGEN,-350.0
2031,67.6778,3941.832,199.543,0.0,100.0,0,0,7.47,REGEN,-350.0
2032,67.7111,3943.67,197.333,0.0,100.0,0,0,7.76,REGEN,-350.0
2033,67.7444,3945.485,195.053,0.0,100.0,0,0,8.05,REGEN,-350.0
2034,67.7777,3947.279,192.727,0.0,100.0,0,0,8.34,REGEN,-350.0
2035,67.8111,3949.051,190.368,0.0,100.0,0,0,8.63,REGEN,-350.0
2036,67.8444,3950.802,187.999,0.0,100.0,0,0,8.92,REGEN,-350.0
2037,67.8777,3952.531,185.651,0.0,100.0,0,0,9.21,REGEN,-350.0
2038,67.911,3954.239,183.364,0.0,100.0,0,0,9.51,REGEN,-350.0
2039,67.9444,3955.927,181.174,0.0,100.0,0,0,9.8,REGEN,-350.0
2040,67.9777,3957.596,179.102,0.0,100.0,0,0,10.09,REGEN,-350.0
2041,68.011,3959.243,177.164,0.0,100.0,0,0,10.38,REGEN,-350.0
2042,68.0443,3960.873,175.274,0.0,100.0,0,0,10.67,REGEN,-350.0
2043,68.0777,3962.487,173.385,0.0,100.0,0,0,10.96,REGEN,-350.0
2044,68.111,3964.084,171.505,0.0,100.0,0,0,11.26,REGEN,-350.0
2045,68.1443,3965.665,169.67,0.0,100.0,0,0,11.55,REGEN,-350.0
2046,68.1776,3967.225,167.782,0.0,100.0,0,0,11.84,REGEN,-350.0
2047,68.2109,3968.768,165.938,0.0,100.0,0,0,12.13,REGEN,-350.0
2048,68.2443,3970.296,164.175,0.0,100.0,0,0,12.42,REGEN,-350.0
2049,68.2776,3971.81,162.511,0.0,100.0,0,0,12.71,REGEN,-350.0
2050,68.3109,3973.306,160.969,0.0,100.0,0,0,13.01,REGEN,-350.0
2051,68.3442,3974.788,159.465,0.0,100.0,0,0,13.3,REGEN,-350.0
2052,68.3776,3976.257,157.945,0.0,100.0,0,0,13.59,REGEN,-350.0
2053,68.4109,3977.714,156.385,0.0,100.0,0,0,13.88,REGEN,-350.0
2054,68.4442,3979.152,154.752,0.0,100.0,0,0,14.17,REGEN,-350.0
2055,68.4775,3980.576,153.102,0.0,100.0,0,0,14.46,REGEN,-350.0
2056,68.5108,3981.987,151.463,0.0,100.0,0,0,14.75,REGEN,-350.0
2057,68.5442,3983.382,149.872,0.0,100.0,0,0,15.05,REGEN,-350.0
2058,68.5775,3984.761,148.411,0.0,100.0,0,0,15.34,REGEN,-350.0
2059,68.6108,3986.129,147.063,0.0,100.0,0,0,15.63,REGEN,-350.0
2060,68.6441,3987.486,145.857,0.0,100.0,0,0,15.92,REGEN,-350.0
2061,68.6775,3988.831,144.967,100.0,100.0,0,0,16.21,REGEN,317.76
2062,68.7108,3990.171,144.351,100.0,0.0,0,0,16.26,DEPLOY,750.0
2063,68.7441,3991.506,144.078,100.0,0.0,0,0,15.97,DEPLOY,750.0
2064,68.7774,3992.838,143.805,100.0,0.0,0,0,15.68,DEPLOY,750.0
2065,68.8107,3994.168,143.533,100.0,0.0,0,0,15.39,DEPLOY,750.0
2066,68.8441,3995.495,143.261,100.0,0.0,0,0,15.1,DEPLOY,750.0
2067,68.8774,3996.82,142.991,100.0,0.0,0,0,14.8,DEPLOY,750.0
2068,68.9107,3998.142,142.722,100.0,0.0,0,0,14.51,DEPLOY,750.0
2069,68.944,3999.462,142.453,100.0,0.0,0,0,14.22,DEPLOY,750.0
2070,68.9774,4000.779,142.18,100.0,0.0,0,0,13.93,DEPLOY,750.0
2071,69.0107,4002.094,141.906,100.0,0.0,0,0,13.64,DEPLOY,750.0
2072,69.044,4003.407,141.632,100.0,0.0,0,0,13.35,DEPLOY,750.0
2073,69.0773,4004.716,141.36,100.0,0.0,0,0,13.07,DEPLOY,750.0
2074,69.1106,4006.023,141.087,100.0,0.0,0,0,12.78,DEPLOY,750.0
2075,69.144,4007.328,140.815,100.0,0.0,0,0,12.5,DEPLOY,750.0
2076,69.1773,4008.63,140.544,100.0,0.0,0,0,12.22,DEPLOY,750.0
2077,69.2106,4009.93,140.273,100.0,0.0,0,0,11.94,DEPLOY,750.0
2078,69.2439,4011.227,140.003,100.0,0.0,0,0,11.66,DEPLOY,750.0
2079,69.2773,4012.521,139.733,100.0,0.0,0,0,11.38,DEPLOY,256.93
2080,69.3106,4013.814,139.464,0.0,100.0,0,0,11.18,REGEN,-350.0
2081,69.3439,4015.103,139.195,0.0,100.0,0,0,11.46,REGEN,-350.0
2082,69.3772,4016.39,138.927,0.0,100.0,0,0,11.74,REGEN,-350.0
2083,69.4105,4017.676,138.66,0.0,100.0,0,0,12.02,REGEN,-350.0
2084,69.4439,4018.957,138.393,0.0,100.0,0,0,12.3,REGEN,-350.0
2085,69.4772,4020.237,138.126,0.0,100.0,0,0,12.59,REGEN,-350.0
2086,69.5105,4021.515,137.86,0.0,100.0,0,0,12.87,REGEN,-350.0
2087,69.5438,4022.789,137.594,0.0,100.0,0,0,13.16,REGEN,-350.0
2088,69.5772,4024.062,137.329,0.0,100.0,0,0,13.45,REGEN,-350.0
2089,69.6105,4025.332,137.064,0.0,100.0,0,0,13.73,REGEN,-350.0
2090,69.6438,4026.599,136.8,0.0,100.0,0,0,14.02,REGEN,-350.0
2091,69.6771,4027.864,136.537,0.0,100.0,0,0,14.31,REGEN,-350.0
2092,69.7104,4029.127,136.274,0.0,100.0,0,0,14.6,REGEN,-350.0
2093,69.7438,4030.387,136.011,0.0,100.0,0,0,14.89,REGEN,-350.0
2094,69.7771,4031.645,135.749,0.0,100.0,0,0,15.18,REGEN,-341.53
2095,69.8104,4032.9,135.488,100.0,100.0,0,0,15.47,REGEN,348.35
2096,69.8437,4034.152,135.188,100.0,0.0,0,0,15.52,DEPLOY,750.0
2097,69.8771,4035.403,134.833,100.0,0.0,0,0,15.23,DEPLOY,750.0
2098,69.9104,4036.649,134.543,100.0,0.0,0,0,14.94,DEPLOY,750.0
2099,69.9437,4037.893,134.285,100.0,0.0,0,0,14.65,DEPLOY,750.0
2100,69.977,4039.135,134.09,100.0,0.0,0,0,14.35,DEPLOY,750.0
2101,70.0103,4040.375,133.871,100.0,0.0,0,0,14.06,DEPLOY,750.0
2102,70.0437,4041.614,133.636,100.0,0.0,0,0,13.77,DEPLOY,750.0
2103,70.077,4042.849,133.401,100.0,0.0,0,0,13.48,DEPLOY,750.0
2104,70.1103,4044.084,133.287,100.0,0.0,0,0,13.19,DEPLOY,750.0
2105,70.1436,4045.318,133.382,100.0,0.0,0,0,12.9,DEPLOY,750.0
2106,70.177,4046.555,133.731,100.0,0.0,0,0,12.6,DEPLOY,750.0
2107,70.2103,4047.794,134.182,100.0,0.0,0,0,12.31,DEPLOY,750.0
2108,70.2436,4049.04,134.734,100.0,0.0,0,0,12.02,DEPLOY,750.0
2109,70.2769,4050.29,135.314,100.0,0.0,0,0,11.73,DEPLOY,750.0
2110,70.3103,4051.544,135.922,100.0,0.0,0,0,11.44,DEPLOY,750.0
2111,70.3436,4052.806,136.589,100.0,0.0,0,0,11.15,DEPLOY,750.0
2112,70.3769,4054.074,137.299,100.0,0.0,0,0,10.86,DEPLOY,750.0
2113,70.4102,4055.348,138.081,100.0,0.0,0,0,10.56,DEPLOY,750.0
2114,70.4435,4056.631,138.959,100.0,0.0,0,0,10.27,DEPLOY,750.0
2115,70.4769,4057.92,139.889,100.0,0.0,0,0,9.98,DEPLOY,750.0
2116,70.5102,4059.22,140.898,100.0,0.0,0,0,9.69,DEPLOY,750.0
2117,70.5435,4060.53,141.965,100.0,0.0,0,0,9.4,DEPLOY,750.0
2118,70.5768,4061.848,143.063,100.0,0.0,0,0,9.11,DEPLOY,750.0
2119,70.6102,4063.178,144.189,100.0,0.0,0,0,8.81,DEPLOY,750.0
2120,70.6435,4064.518,145.196,100.0,0.0,0,0,8.52,DEPLOY,750.0
2121,70.6768,4065.865,146.206,100.0,0.0,0,0,8.23,DEPLOY,750.0
2122,70.7101,4067.226,147.556,100.0,0.0,0,0,7.94,DEPLOY,750.0
2123,70.7434,4068.599,148.948,100.0,0.0,0,0,7.65,DEPLOY,750.0
2124,70.7768,4069.983,150.371,100.0,0.0,0,0,7.36,DEPLOY,750.0
2125,70.8101,4071.381,151.836,100.0,0.0,0,0,7.06,DEPLOY,750.0
2126,70.8434,4072.795,153.342,100.0,0.0,0,0,6.77,DEPLOY,750.0
2127,70.8767,4074.221,154.874,100.0,0.0,0,0,6.48,DEPLOY,750.0
2128,70.9101,4075.659,156.433,100.0,0.0,0,0,6.19,DEPLOY,750.0
2129,70.9434,4077.117,158.029,100.0,0.0,0,0,5.9,DEPLOY,750.0
2130,70.9767,4078.588,159.634,100.0,0.0,0,0,5.61,DEPLOY,750.0
2131,71.01,4080.072,161.218,100.0,0.0,0,0,5.32,DEPLOY,750.0
2132,71.0433,4081.57,162.736,100.0,0.0,0,0,5.02,DEPLOY,750.0
2133,71.0767,4083.083,164.019,100.0,0.0,0,0,4.73,DEPLOY,750.0
2134,71.11,4084.608,165.3,100.0,0.0,0,0,4.44,DEPLOY,750.0
2135,71.1433,4086.143,166.59,100.0,0.0,0,0,4.15,DEPLOY,750.0
2136,71.1766,4087.69,167.89,100.0,0.0,0,0,3.86,DEPLOY,750.0
2137,71.21,4089.251,169.201,100.0,0.0,0,0,3.57,DEPLOY,750.0
2138,71.2433,4090.824,170.52,100.0,0.0,0,0,3.28,DEPLOY,750.0
2139,71.2766,4092.409,171.842,100.0,0.0,0,0,2.99,DEPLOY,750.0
2140,71.3099,4094.004,173.155,100.0,0.0,0,0,2.69,DEPLOY,750.0
2141,71.3432,4095.612,174.43,100.0,0.0,0,0,2.4,DEPLOY,750.0
2142,71.3766,4097.234,175.718,100.0,0.0,0,0,2.11,DEPLOY,750.0
2143,71.4099,4098.867,177.016,100.0,0.0,0,0,1.82,DEPLOY,750.0
2144,71.4432,4100.511,178.321,100.0,0.0,0,0,1.53,DEPLOY,750.0
2145,71.4765,4102.168,179.633,100.0,0.0,0,0,1.24,DEPLOY,750.0
2146,71.5099,4103.835,180.953,100.0,0.0,0,0,0.95,DEPLOY,750.0
2147,71.5432,4105.516,182.281,100.0,0.0,0,0,0.65,DEPLOY,750.0
2148,71.5765,4107.211,183.618,100.0,0.0,0,0,0.36,DEPLOY,750.0
2149,71.6098,4108.917,184.964,100.0,0.0,0,0,0.1,DEPLOY,750.0
2150,71.6431,4110.635,186.319,100.0,0.0,0,0,0.0,DEPLOY,750.0
2151,71.6765,4112.366,187.683,100.0,0.0,0,0,0.0,DEPLOY,750.0
2152,71.7098,4114.109,189.054,100.0,0.0,0,0,0.0,DEPLOY,750.0
2153,71.7431,4115.865,190.432,100.0,0.0,0,0,0.0,DEPLOY,750.0
2154,71.7764,4117.633,191.815,100.0,0.0,0,0,0.0,DEPLOY,750.0
2155,71.8098,4119.416,193.203,100.0,0.0,0,0,0.0,DEPLOY,750.0
2156,71.8431,4121.211,194.595,100.0,0.0,0,0,0.0,DEPLOY,750.0
2157,71.8764,4123.019,195.99,100.0,0.0,0,0,0.0,DEPLOY,750.0
2158,71.9097,4124.84,197.389,100.0,0.0,0,0,0.0,DEPLOY,750.0
2159,71.943,4126.674,198.791,100.0,0.0,0,0,0.0,DEPLOY,750.0
2160,71.9764,4128.52,200.196,100.0,0.0,0,0,0.0,DEPLOY,748.37
2161,72.0097,4130.38,201.603,100.0,0.0,0,0,0.0,DEPLOY,744.27
2162,72.043,4132.252,203.014,100.0,0.0,0,0,0.0,DEPLOY,739.24
2163,72.0763,4134.138,204.428,100.0,0.0,0,0,0.0,DEPLOY,734.19
2164,72.1097,4136.036,205.846,100.0,0.0,0,0,0.0,DEPLOY,729.12
2165,72.143,4137.948,207.267,100.0,0.0,0,0,0.0,DEPLOY,724.05
2166,72.1763,4139.873,208.69,100.0,0.0,0,0,0.0,DEPLOY,718.96
2167,72.2096,4141.811,210.096,100.0,0.0,0,0,0.0,DEPLOY,713.86
2168,72.2429,4143.762,211.469,100.0,0.0,0,0,0.0,DEPLOY,708.75
2169,72.2763,4145.725,212.839,100.0,0.0,0,0,0.0,DEPLOY,703.63
2170,72.3096,4147.702,214.205,100.0,0.0,0,0,0.0,DEPLOY,698.5
2171,72.3429,4149.691,215.565,100.0,0.0,0,0,0.0,DEPLOY,693.36
2172,72.3762,4151.692,216.92,100.0,0.0,0,0,0.0,DEPLOY,688.2
2173,72.4096,4153.706,218.269,100.0,0.0,0,0,0.0,DEPLOY,683.04
2174,72.4429,4155.733,219.61,100.0,0.0,0,0,0.0,DEPLOY,677.86
2175,72.4762,4157.772,220.944,100.0,0.0,0,0,0.0,DEPLOY,672.67
2176,72.5095,4159.823,222.269,100.0,0.0,0,0,0.0,DEPLOY,667.47
2177,72.5429,4161.887,223.585,100.0,0.0,0,0,0.0,DEPLOY,662.29
2178,72.5762,4163.963,224.892,100.0,0.0,0,0,0.0,DEPLOY,657.21
2179,72.6095,4166.05,226.188,100.0,0.0,0,0,0.0,DEPLOY,652.22
2180,72.6428,4168.15,227.473,100.0,0.0,0,0,0.0,DEPLOY,647.32
2181,72.6761,4170.262,228.747,100.0,0.0,0,0,0.0,DEPLOY,642.51
2182,72.7095,4172.385,230.01,100.0,0.0,0,0,0.0,DEPLOY,637.79
2183,72.7428,4174.52,231.26,100.0,0.0,0,0,0.0,DEPLOY,633.15
2184,72.7761,4176.666,232.498,100.0,0.0,0,0,0.0,DEPLOY,628.59
2185,72.8094,4178.824,233.723,100.0,0.0,0,0,0.0,DEPLOY,624.11
2186,72.8428,4180.993,234.935,100.0,0.0,0,0,0.0,DEPLOY,619.71
2187,72.8761,4183.173,236.133,100.0,0.0,0,0,0.0,DEPLOY,615.38
2188,72.9094,4185.364,237.318,100.0,0.0,0,0,0.0,DEPLOY,611.12
2189,72.9427,4187.565,238.488,100.0,0.0,0,0,0.0,DEPLOY,606.93
2190,72.976,4189.778,239.644,100.0,0.0,0,0,0.0,DEPLOY,602.81
2191,73.0094,4192.002,240.785,100.0,0.0,0,0,0.0,DEPLOY,598.76
2192,73.0427,4194.236,241.911,100.0,0.0,0,0,0.0,DEPLOY,594.78
2193,73.076,4196.481,243.023,100.0,0.0,0,0,0.0,DEPLOY,590.86
2194,73.1093,4198.735,244.12,100.0,0.0,0,0,0.0,DEPLOY,587.0
2195,73.1427,4201.0,245.202,100.0,0.0,0,0,0.0,DEPLOY,583.2
2196,73.176,4203.274,246.27,100.0,0.0,0,0,0.0,DEPLOY,579.45
2197,73.2093,4205.558,247.323,100.0,0.0,0,0,0.0,DEPLOY,575.77
2198,73.2426,4207.852,248.36,100.0,0.0,0,0,0.0,DEPLOY,572.15
2199,73.2759,4210.156,249.383,100.0,0.0,0,0,0.0,DEPLOY,568.58
2200,73.3093,4212.47,250.391,100.0,0.0,0,0,0.0,DEPLOY,565.06
2201,73.3426,4214.792,251.385,100.0,0.0,0,0,0.0,DEPLOY,561.6
2202,73.3759,4217.123,252.364,100.0,0.0,0,0,0.0,DEPLOY,558.19
2203,73.4092,4219.463,253.33,100.0,0.0,0,0,0.0,DEPLOY,554.83
2204,73.4426,4221.812,254.282,100.0,0.0,0,0,0.0,DEPLOY,551.52
2205,73.4759,4224.171,255.219,100.0,0.0,0,0,0.0,DEPLOY,548.26
2206,73.5092,4226.538,256.142,100.0,0.0,0,0,0.0,DEPLOY,545.05
2207,73.5425,4228.913,257.053,100.0,0.0,0,0,0.0,DEPLOY,541.88
2208,73.5758,4231.296,257.951,100.0,0.0,0,0,0.0,DEPLOY,538.76
2209,73.6092,4233.687,258.835,100.0,0.0,0,0,0.0,DEPLOY,535.68
2210,73.6425,4236.088,259.706,100.0,0.0,0,0,0.0,DEPLOY,532.66
2211,73.6758,4238.496,260.565,100.0,0.0,0,0,0.0,DEPLOY,529.67
2212,73.7091,4240.911,261.411,100.0,0.0,0,0,0.0,DEPLOY,526.73
2213,73.7425,4243.335,262.246,100.0,0.0,0,0,0.0,DEPLOY,523.82
2214,73.7758,4245.766,263.069,100.0,0.0,0,0,0.0,DEPLOY,520.96
2215,73.8091,4248.205,263.879,100.0,0.0,0,0,0.0,DEPLOY,518.14
2216,73.8424,4250.651,264.678,100.0,0.0,0,0,0.0,DEPLOY,515.36
2217,73.8757,4253.105,265.467,100.0,0.0,0,0,0.0,DEPLOY,512.61
2218,73.9091,4255.565,266.244,100.0,0.0,0,0,0.0,DEPLOY,509.91
2219,73.9424,4258.033,267.01,100.0,0.0,0,0,0.0,DEPLOY,507.24
2220,73.9757,4260.508,267.765,100.0,0.0,0,0,0.0,DEPLOY,504.61
2221,74.009,4262.99,268.51,100.0,0.0,0,0,0.0,DEPLOY,502.02
2222,74.0424,4265.479,269.246,100.0,0.0,0,0,0.0,DEPLOY,499.5
2223,74.0757,4267.975,269.971,100.0,0.0,0,0,0.0,DEPLOY,497.14
2224,74.109,4270.477,270.685,100.0,0.0,0,0,0.0,DEPLOY,494.81
2225,74.1423,4272.986,271.39,100.0,0.0,0,0,0.0,DEPLOY,492.52
2226,74.1756,4275.501,272.087,100.0,0.0,0,0,0.0,DEPLOY,490.25
2227,74.209,4278.023,272.773,100.0,0.0,0,0,0.0,DEPLOY,488.01
2228,74.2423,4280.551,273.45,100.0,0.0,0,0,0.0,DEPLOY,485.81
2229,74.2756,4283.085,274.118,100.0,0.0,0,0,0.0,DEPLOY,483.63
2230,74.3089,4285.625,274.778,100.0,0.0,0,0,0.0,DEPLOY,481.47
2231,74.3423,4288.172,275.428,100.0,0.0,0,0,0.0,DEPLOY,479.35
2232,74.3756,4290.724,276.071,100.0,0.0,0,0,0.0,DEPLOY,477.26
2233,74.4089,4293.282,276.705,100.0,0.0,0,0,0.0,DEPLOY,475.19
2234,74.4422,4295.846,277.331,100.0,0.0,0,0,0.0,DEPLOY,473.14
2235,74.4756,4298.416,277.948,100.0,0.0,0,0,0.0,DEPLOY,471.12
2236,74.5089,4300.992,278.557,100.0,0.0,0,0,0.0,DEPLOY,469.13
2237,74.5422,4303.573,279.159,100.0,0.0,0,0,0.0,DEPLOY,467.16
2238,74.5755,4306.16,279.753,100.0,0.0,0,0,0.0,DEPLOY,465.22
2239,74.6088,4308.752,280.34,100.0,0.0,0,0,0.0,DEPLOY,463.3
2240,74.6422,4311.349,280.919,100.0,0.0,0,0,0.0,DEPLOY,461.41
2241,74.6755,4313.952,281.491,100.0,0.0,0,0,0.0,DEPLOY,459.53
2242,74.7088,4316.561,282.055,100.0,0.0,0,0,0.0,DEPLOY,457.69
2243,74.7421,4319.174,282.613,100.0,0.0,0,0,0.0,DEPLOY,455.86
2244,74.7755,4321.792,283.164,100.0,0.0,0,0,0.0,DEPLOY,454.06
2245,74.8088,4324.416,283.707,100.0,0.0,0,0,0.0,DEPLOY,452.28
2246,74.8421,4327.044,284.244,100.0,0.0,0,0,0.0,DEPLOY,450.52
2247,74.8754,4329.678,284.775,100.0,0.0,0,0,0.0,DEPLOY,448.78
2248,74.9087,4332.316,285.298,100.0,0.0,0,0,0.0,DEPLOY,447.07
2249,74.9421,4334.96,285.815,100.0,0.0,0,0,0.0,DEPLOY,445.37
2250,74.9754,4337.607,286.327,100.0,0.0,0,0,0.0,DEPLOY,443.69
2251,75.0087,4340.26,286.831,100.0,0.0,0,0,0.0,DEPLOY,442.04
2252,75.042,4342.917,287.33,100.0,0.0,0,0,0.0,DEPLOY,440.41
2253,75.0754,4345.579,287.823,100.0,0.0,0,0,0.0,DEPLOY,438.79
2254,75.1087,4348.246,288.309,100.0,0.0,0,0,0.0,DEPLOY,437.19
2255,75.142,4350.917,288.79,100.0,0.0,0,0,0.0,DEPLOY,435.62
2256,75.1753,4353.592,289.265,100.0,0.0,0,0,0.0,DEPLOY,434.06
2257,75.2086,4356.271,289.735,100.0,0.0,0,0,0.0,DEPLOY,432.52
2258,75.242,4358.956,290.198,100.0,0.0,0,0,0.0,DEPLOY,431.0
2259,75.2753,4361.644,290.657,100.0,0.0,0,0,0.0,DEPLOY,429.5
2260,75.3086,4364.336,291.11,100.0,0.0,0,0,0.0,DEPLOY,428.01
2261,75.3419,4367.033,291.557,100.0,0.0,0,0,0.0,DEPLOY,426.55
2262,75.3753,4369.733,292.0,100.0,0.0,0,0,0.0,DEPLOY,425.1
2263,75.4086,4372.439,292.437,100.0,0.0,0,0,0.0,DEPLOY,423.66
2264,75.4419,4375.147,292.87,100.0,0.0,0,0,0.0,DEPLOY,422.25
2265,75.4752,4377.86,293.297,100.0,0.0,0,0,0.0,DEPLOY,420.85
2266,75.5085,4380.577,293.719,100.0,0.0,0,0,0.0,DEPLOY,419.47
2267,75.5419,4383.298,294.137,100.0,0.0,0,0,0.0,DEPLOY,418.1
2268,75.5752,4386.022,294.551,100.0,0.0,0,0,0.0,DEPLOY,416.75
2269,75.6085,4388.751,294.959,100.0,0.0,0,0,0.0,DEPLOY,415.41
2270,75.6418,4391.482,295.363,100.0,0.0,0,0,0.0,DEPLOY,414.09
2271,75.6752,4394.218,295.763,100.0,0.0,0,0,0.0,DEPLOY,412.79
2272,75.7085,4396.958,296.159,100.0,0.0,0,0,0.0,DEPLOY,411.5
2273,75.7418,4399.701,296.551,100.0,0.0,0,0,0.0,DEPLOY,410.23
2274,75.7751,4402.448,296.938,100.0,0.0,0,0,0.0,DEPLOY,408.97
2275,75.8084,4405.198,297.321,100.0,0.0,0,0,0.0,DEPLOY,407.72
2276,75.8418,4407.952,297.701,100.0,0.0,0,0,0.0,DEPLOY,406.49
2277,75.8751,4410.709,298.077,100.0,0.0,0,0,0.0,DEPLOY,405.28
2278,75.9084,4413.47,298.45,100.0,0.0,0,0,0.0,DEPLOY,404.07
2279,75.9417,4416.234,298.818,100.0,0.0,0,0,0.0,DEPLOY,402.89
2280,75.9751,4419.002,299.184,100.0,0.0,0,0,0.0,DEPLOY,401.71
2281,76.0084,4421.773,299.546,100.0,0.0,0,0,0.0,DEPLOY,400.55
2282,76.0417,4424.547,299.905,100.0,0.0,0,0,0.0,DEPLOY,400.0
2283,76.075,4427.325,300.261,100.0,0.0,0,0,0.0,DEPLOY,400.0
2284,76.1083,4430.106,300.614,100.0,0.0,0,0,0.0,DEPLOY,400.0
2285,76.1417,4432.89,300.964,100.0,0.0,0,0,0.0,DEPLOY,400.0
2286,76.175,4435.677,301.311,100.0,0.0,0,0,0.0,DEPLOY,400.0
2287,76.2083,4438.468,301.655,100.0,0.0,0,0,0.0,DEPLOY,400.0
2288,76.2416,4441.262,301.997,100.0,0.0,0,0,0.0,DEPLOY,400.0
2289,76.275,4444.058,302.336,100.0,0.0,0,0,0.0,DEPLOY,400.0
2290,76.3083,4446.859,302.673,100.0,0.0,0,0,0.0,DEPLOY,400.0
2291,76.3416,4449.662,303.007,100.0,0.0,0,0,0.0,DEPLOY,400.0
2292,76.3749,4452.468,303.339,100.0,0.0,0,0,0.0,DEPLOY,400.0
2293,76.4082,4455.277,303.669,100.0,0.0,0,0,0.0,DEPLOY,400.0
2294,76.4416,4458.089,303.996,100.0,0.0,0,0,0.0,DEPLOY,400.0
2295,76.4749,4460.905,304.321,100.0,0.0,0,0,0.0,DEPLOY,400.0
2296,76.5082,4463.723,304.645,100.0,0.0,0,0,0.0,DEPLOY,400.0
2297,76.5415,4466.545,304.966,100.0,0.0,0,0,0.0,DEPLOY,400.0
2298,76.5749,4469.369,305.285,100.0,0.0,0,0,0.0,DEPLOY,400.0
2299,76.6082,4472.196,305.603,100.0,0.0,0,0,0.0,DEPLOY,400.0
2300,76.6415,4475.026,305.918,100.0,0.0,0,0,0.0,DEPLOY,400.0
2301,76.6748,4477.859,306.232,100.0,0.0,0,0,0.0,DEPLOY,400.0
2302,76.7082,4480.695,306.544,100.0,0.0,0,0,0.0,DEPLOY,400.0
2303,76.7415,4483.534,306.854,100.0,0.0,0,0,0.0,DEPLOY,400.0
2304,76.7748,4486.376,307.162,100.0,0.0,0,0,0.0,DEPLOY,400.0
2305,76.8081,4489.221,307.469,100.0,0.0,0,0,0.0,DEPLOY,400.0
2306,76.8414,4492.068,307.774,100.0,0.0,0,0,0.0,DEPLOY,400.0
2307,76.8748,4494.918,308.077,100.0,0.0,0,0,0.0,DEPLOY,400.0
2308,76.9081,4497.771,308.379,100.0,0.0,0,0,0.0,DEPLOY,400.0
2309,76.9414,4500.627,308.679,100.0,0.0,0,0,0.0,DEPLOY,400.0
2310,76.9747,4503.486,308.977,100.0,0.0,0,0,0.0,DEPLOY,400.0
2311,77.0081,4506.347,309.274,100.0,0.0,0,0,0.0,DEPLOY,400.0
2312,77.0414,4509.211,309.569,100.0,0.0,0,0,0.0,DEPLOY,400.0
2313,77.0747,4512.078,309.862,100.0,0.0,0,0,0.0,DEPLOY,400.0
2314,77.108,4514.947,310.154,100.0,0.0,0,0,0.0,DEPLOY,400.0
2315,77.1413,4517.819,310.445,100.0,0.0,0,0,0.0,DEPLOY,400.0
2316,77.1747,4520.695,310.734,100.0,0.0,0,0,0.0,DEPLOY,400.0
2317,77.208,4523.572,311.021,100.0,0.0,0,0,0.0,DEPLOY,400.0
2318,77.2413,4526.452,311.306,100.0,0.0,0,0,0.0,DEPLOY,400.0
2319,77.2746,4529.335,311.59,100.0,0.0,0,0,0.0,DEPLOY,400.0
2320,77.308,4532.22,311.872,100.0,0.0,0,0,0.0,DEPLOY,400.0
2321,77.3413,4535.109,312.153,100.0,0.0,0,0,0.0,DEPLOY,400.0
2322,77.3746,4537.999,312.432,100.0,0.0,0,0,0.0,DEPLOY,400.0
2323,77.4079,4540.892,312.709,100.0,0.0,0,0,0.0,DEPLOY,400.0
2324,77.4412,4543.788,312.984,100.0,0.0,0,0,0.0,DEPLOY,400.0
2325,77.4746,4546.687,313.258,100.0,0.0,0,0,0.0,DEPLOY,400.0
2326,77.5079,4549.587,313.529,100.0,0.0,0,0,0.0,DEPLOY,400.0
2327,77.5412,4552.491,313.799,100.0,0.0,0,0,0.0,DEPLOY,400.0
2328,77.5745,4555.397,314.066,100.0,0.0,0,0,0.0,DEPLOY,400.0
2329,77.6079,4558.305,314.332,100.0,0.0,0,0,0.0,DEPLOY,400.0
2330,77.6412,4561.216,314.595,100.0,0.0,0,0,0.0,DEPLOY,400.0
2331,77.6745,4564.129,314.856,100.0,0.0,0,0,0.0,DEPLOY,400.0
2332,77.7078,4567.044,315.114,100.0,0.0,0,0,0.0,DEPLOY,400.0
2333,77.7411,4569.962,315.37,100.0,0.0,0,0,0.0,DEPLOY,400.0
2334,77.7745,4572.883,315.623,100.0,0.0,0,0,0.0,DEPLOY,400.0
2335,77.8078,4575.805,315.874,100.0,0.0,0,0,0.0,DEPLOY,400.0
2336,77.8411,4578.73,316.121,100.0,0.0,0,0,0.0,DEPLOY,400.0
2337,77.8744,4581.657,316.366,100.0,0.0,0,0,0.0,DEPLOY,400.0
2338,77.9078,4584.587,316.607,100.0,0.0,0,0,0.0,DEPLOY,400.0
2339,77.9411,4587.519,316.845,100.0,0.0,0,0,0.0,DEPLOY,400.0
2340,77.9744,4590.452,317.08,100.0,0.0,0,0,0.0,DEPLOY,400.0
2341,78.0077,4593.388,317.311,100.0,0.0,0,0,0.0,DEPLOY,400.0
2342,78.041,4596.327,317.538,100.0,0.0,0,0,0.0,DEPLOY,400.0
2343,78.0744,4599.267,317.762,100.0,0.0,0,0,0.0,DEPLOY,400.0
2344,78.1077,4602.209,317.981,100.0,0.0,0,0,0.0,NORMAL,400.0
2345,78.141,4605.153,318.197,100.0,0.0,0,0,0.0,NORMAL,400.0
2346,78.1743,4608.1,318.408,100.0,0.0,0,0,0.0,NORMAL,400.0
2347,78.2077,4611.048,318.615,100.0,0.0,0,0,0.0,NORMAL,400.0
2348,78.241,4613.998,318.818,100.0,0.0,0,0,0.0,NORMAL,400.0
2349,78.2743,4616.95,319.017,100.0,0.0,0,0,0.0,NORMAL,400.0
2350,78.3076,4619.904,319.212,100.0,0.0,0,0,0.0,NORMAL,400.0
2351,78.3409,4622.859,319.401,100.0,0.0,0,0,0.0,NORMAL,365.56
2352,78.3743,4625.817,319.587,100.0,0.0,0,0,0.04,SUPERCLIP,335.0
2353,78.4076,4628.776,319.768,100.0,0.0,0,0,0.09,SUPERCLIP,335.0
2354,78.4409,4631.736,319.946,100.0,0.0,0,0,0.14,SUPERCLIP,335.0
2355,78.4742,4634.699,320.119,100.0,0.0,0,0,0.2,SUPERCLIP,335.0
2356,78.5076,4637.663,320.288,100.0,0.0,0,0,0.25,SUPERCLIP,335.0
2357,78.5409,4640.628,320.453,100.0,0.0,0,0,0.31,SUPERCLIP,335.0
2358,78.5742,4643.595,320.614,100.0,0.0,0,0,0.36,SUPERCLIP,335.0
2359,78.6075,4646.563,320.771,100.0,0.0,0,0,0.42,SUPERCLIP,335.0
2360,78.6408,4649.533,320.925,100.0,0.0,0,0,0.47,SUPERCLIP,335.0
2361,78.6742,4652.504,321.075,100.0,0.0,0,0,0.52,SUPERCLIP,335.0
2362,78.7075,4655.477,321.221,100.0,0.0,0,0,0.58,SUPERCLIP,335.0
2363,78.7408,4658.451,321.364,100.0,0.0,0,0,0.63,SUPERCLIP,335.0
2364,78.7741,4661.426,321.503,100.0,0.0,0,0,0.69,SUPERCLIP,335.0
2365,78.8075,4664.403,321.639,100.0,0.0,0,0,0.74,SUPERCLIP,335.0
2366,78.8408,4667.381,321.772,100.0,0.0,0,0,0.79,SUPERCLIP,335.0
2367,78.8741,4670.36,321.901,100.0,0.0,0,0,0.85,SUPERCLIP,335.0
2368,78.9074,4673.34,322.027,100.0,0.0,0,0,0.9,SUPERCLIP,335.0
2369,78.9408,4676.321,322.149,100.0,0.0,0,0,0.96,SUPERCLIP,335.0
2370,78.9741,4679.303,322.267,100.0,0.0,0,0,1.01,SUPERCLIP,335.0
2371,79.0074,4682.287,322.381,100.0,0.0,0,0,1.06,SUPERCLIP,335.0
2372,79.0407,4685.272,322.491,100.0,0.0,0,0,1.12,SUPERCLIP,335.0
2373,79.074,4688.257,322.596,100.0,0.0,0,0,1.17,SUPERCLIP,335.0
2374,79.1074,4691.244,322.695,100.0,0.0,0,0,1.23,SUPERCLIP,335.0
2375,79.1407,4694.231,322.788,100.0,0.0,0,0,1.28,SUPERCLIP,335.0
2376,79.174,4697.219,322.873,100.0,0.0,0,0,1.34,SUPERCLIP,335.0
2377,79.2073,4700.208,322.95,100.0,0.0,0,0,1.39,SUPERCLIP,335.0
2378,79.2407,4703.198,323.016,100.0,0.0,0,0,1.44,SUPERCLIP,335.0
2379,79.274,4706.188,323.072,100.0,0.0,0,0,1.5,SUPERCLIP,335.0
2380,79.3073,4709.178,323.113,100.0,0.0,0,0,1.55,SUPERCLIP,335.0
2381,79.3406,4712.169,323.139,100.0,0.0,0,0,1.61,SUPERCLIP,335.0
2382,79.3739,4715.16,323.146,100.0,0.0,0,0,1.66,SUPERCLIP,335.0
2383,79.4073,4718.151,323.133,100.0,0.0,0,0,1.71,SUPERCLIP,335.0
2384,79.4406,4721.142,323.094,100.0,0.0,0,0,1.77,SUPERCLIP,335.0
2385,79.4739,4724.133,323.028,100.0,0.0,0,0,1.82,SUPERCLIP,335.0
2386,79.5072,4727.122,322.929,100.0,0.0,0,0,1.88,SUPERCLIP,335.0
2387,79.5406,4730.111,322.796,100.0,0.0,0,0,1.93,SUPERCLIP,335.0
2388,79.5739,4733.098,322.62,100.0,0.0,0,0,1.98,SUPERCLIP,335.0
2389,79.6072,4736.083,322.4,100.0,0.0,0,0,2.04,SUPERCLIP,335.0
2390,79.6405,4739.066,322.125,100.0,0.0,0,0,2.09,SUPERCLIP,335.0
2391,79.6738,4742.046,321.797,100.0,0.0,0,0,2.14,SUPERCLIP,335.0
2392,79.7072,4745.023,321.401,100.0,0.0,0,0,2.2,SUPERCLIP,335.0
2393,79.7405,4747.996,320.942,100.0,0.0,0,0,2.25,SUPERCLIP,335.0
2394,79.7738,4750.964,320.401,100.0,0.0,0,0,2.31,SUPERCLIP,335.0
2395,79.8071,4753.927,319.786,100.0,0.0,0,0,2.36,SUPERCLIP,335.0
2396,79.8405,4756.884,319.075,100.0,0.0,0,0,2.41,SUPERCLIP,335.0
2397,79.8738,4759.834,318.281,100.0,0.0,0,0,2.47,SUPERCLIP,335.0
2398,79.9071,4762.775,317.375,100.0,0.0,0,0,2.52,SUPERCLIP,335.0
2399,79.9404,4765.709,316.376,100.0,0.0,0,0,2.57,SUPERCLIP,335.0
2400,79.9737,4768.632,315.259,100.0,0.0,0,0,2.62,SUPERCLIP,335.0
2401,80.0071,4771.544,314.036,100.0,0.0,0,0,2.68,SUPERCLIP,335.0
2402,80.0404,4774.445,312.692,100.0,0.0,0,0,2.73,SUPERCLIP,335.0
2403,80.0737,4777.333,311.232,0.0,0.0,0,0,2.78,SUPERCLIP,-174.46
2404,80.107,4780.206,309.652,0.0,100.0,0,0,3.02,REGEN,-350.0
2405,80.1404,4783.064,307.947,0.0,100.0,0,0,3.29,REGEN,-350.0
2406,80.1737,4785.907,306.13,0.0,100.0,0,0,3.57,REGEN,-350.0
2407,80.207,4788.731,304.182,0.0,100.0,0,0,3.84,REGEN,-350.0
2408,80.2403,4791.537,302.125,0.0,100.0,0,0,4.11,REGEN,-350.0
2409,80.2736,4794.324,299.952,0.0,100.0,0,0,4.38,REGEN,-350.0
2410,80.307,4797.089,297.668,0.0,100.0,0,0,4.65,REGEN,-350.0
2411,80.3403,4799.835,295.29,0.0,100.0,0,0,4.91,REGEN,-350.0
2412,80.3736,4802.555,292.798,0.0,100.0,0,0,5.18,REGEN,-350.0
2413,80.4069,4805.254,290.197,0.0,100.0,0,0,5.44,REGEN,-350.0
2414,80.4403,4807.928,287.46,0.0,100.0,0,0,5.71,REGEN,-350.0
2415,80.4736,4810.574,284.564,0.0,100.0,0,0,5.98,REGEN,-350.0
2416,80.5069,4813.194,281.536,0.0,100.0,0,0,6.25,REGEN,-350.0
2417,80.5402,4815.787,278.38,0.0,100.0,0,0,6.53,REGEN,-350.0
2418,80.5735,4818.347,275.08,0.0,100.0,0,0,6.81,REGEN,-350.0
2419,80.6069,4820.877,271.661,0.0,100.0,0,0,7.09,REGEN,-350.0
2420,80.6402,4823.376,268.133,0.0,100.0,0,0,7.37,REGEN,-350.0
2421,80.6735,4825.843,264.506,0.0,100.0,0,0,7.66,REGEN,-350.0
2422,80.7068,4828.272,260.625,0.0,100.0,0,0,7.95,REGEN,-350.0
2423,80.7402,4830.66,255.65,0.0,100.0,0,0,8.24,REGEN,-350.0
2424,80.7735,4833.001,250.144,0.0,100.0,0,0,8.53,REGEN,-350.0
2425,80.8068,4835.292,244.807,0.0,100.0,0,0,8.83,REGEN,-350.0
2426,80.8401,4837.535,239.633,0.0,100.0,0,0,9.12,REGEN,-350.0
2427,80.8734,4839.731,234.627,0.0,100.0,0,0,9.41,REGEN,-350.0
2428,80.9068,4841.882,229.843,0.0,100.0,0,0,9.7,REGEN,-350.0
2429,80.9401,4843.987,225.277,0.0,100.0,0,0,9.99,REGEN,-350.0
2430,80.9734,4846.052,220.9,0.0,100.0,0,0,10.28,REGEN,-350.0
2431,81.0067,4848.077,216.698,0.0,100.0,0,0,10.58,REGEN,-350.0
2432,81.0401,4850.064,212.658,0.0,100.0,0,0,10.87,REGEN,-350.0
2433,81.0734,4852.015,208.771,0.0,100.0,0,0,11.16,REGEN,-350.0
2434,81.1067,4853.93,205.028,0.0,100.0,0,0,11.45,REGEN,-350.0
2435,81.14,4855.811,201.424,0.0,100.0,0,0,11.74,REGEN,-350.0
2436,81.1734,4857.659,197.953,0.0,100.0,0,0,12.03,REGEN,-350.0
2437,81.2067,4859.474,194.604,0.0,100.0,0,0,12.32,REGEN,-350.0
2438,81.24,4861.259,191.369,0.0,100.0,0,0,12.62,REGEN,-350.0
2439,81.2733,4863.015,188.24,0.0,100.0,0,0,12.91,REGEN,-350.0
2440,81.3066,4864.744,185.209,0.0,100.0,0,0,13.2,REGEN,-350.0
2441,81.34,4866.445,182.266,0.0,100.0,0,0,13.49,REGEN,-350.0
2442,81.3733,4868.121,179.408,0.0,100.0,0,0,13.78,REGEN,-350.0
2443,81.4066,4869.77,176.65,0.0,100.0,0,0,14.07,REGEN,-350.0
2444,81.4399,4871.39,173.991,0.0,100.0,0,0,14.37,REGEN,-350.0
2445,81.4733,4872.987,171.409,0.0,100.0,0,0,14.66,REGEN,-350.0
2446,81.5066,4874.562,168.902,0.0,100.0,0,0,14.95,REGEN,-350.0
2447,81.5399,4876.117,166.466,0.0,100.0,0,0,15.24,REGEN,-350.0
2448,81.5732,4877.647,164.109,0.0,100.0,0,0,15.53,REGEN,-350.0
2449,81.6065,4879.153,161.832,0.0,100.0,0,0,15.82,REGEN,-350.0
2450,81.6399,4880.64,159.616,0.0,100.0,0,0,16.12,REGEN,-350.0
2451,81.6732,4882.11,157.458,0.0,100.0,0,0,16.41,REGEN,-350.0
2452,81.7065,4883.558,155.375,0.0,100.0,0,0,16.7,REGEN,-350.0
2453,81.7398,4884.984,153.359,0.0,100.0,0,0,16.99,REGEN,-350.0
2454,81.7732,4886.396,151.393,0.0,100.0,0,0,17.28,REGEN,-350.0
2455,81.8065,4887.791,149.48,0.0,100.0,0,0,17.57,REGEN,-350.0
2456,81.8398,4889.162,147.641,0.0,100.0,0,0,17.86,REGEN,-350.0
2457,81.8731,4890.521,145.842,0.0,100.0,0,0,18.16,REGEN,-350.0
2458,81.9064,4891.867,144.081,0.0,100.0,0,0,18.45,REGEN,-350.0
2459,81.9398,4893.188,142.389,0.0,100.0,0,0,18.74,REGEN,-350.0
2460,81.9731,4894.499,140.746,0.0,100.0,0,0,19.03,REGEN,-350.0
2461,82.0064,4895.797,139.155,0.0,100.0,0,0,19.32,REGEN,-350.0
2462,82.0397,4897.076,137.715,0.0,100.0,0,0,19.61,REGEN,-350.0
2463,82.0731,4898.344,136.256,0.0,100.0,0,0,19.91,REGEN,-350.0
2464,82.1064,4899.6,134.751,0.0,100.0,0,0,20.2,REGEN,-350.0
2465,82.1397,4900.838,133.288,0.0,100.0,0,0,20.49,REGEN,-350.0
2466,82.173,4902.068,131.847,0.0,100.0,0,0,20.78,REGEN,-350.0
2467,82.2063,4903.28,130.455,0.0,100.0,0,0,21.07,REGEN,-350.0
2468,82.2397,4904.481,129.094,0.0,100.0,0,0,21.36,REGEN,-350.0
2469,82.273,4905.672,127.764,0.0,100.0,0,0,21.65,REGEN,-350.0
2470,82.3063,4906.845,126.482,0.0,100.0,0,0,21.95,REGEN,-350.0
2471,82.3396,4908.014,125.215,0.0,100.0,0,0,22.24,REGEN,-350.0
2472,82.373,4909.164,123.986,0.0,100.0,0,0,22.53,REGEN,-350.0
2473,82.4063,4910.307,122.767,0.0,100.0,0,0,22.82,REGEN,-350.0
2474,82.4396,4911.438,121.564,0.0,100.0,0,0,23.11,REGEN,-350.0
2475,82.4729,4912.556,120.378,0.0,100.0,0,0,23.4,REGEN,-350.0
2476,82.5062,4913.668,119.201,0.0,100.0,0,0,23.7,REGEN,-350.0
2477,82.5396,4914.763,118.057,0.0,100.0,0,0,23.99,REGEN,-350.0
2478,82.5729,4915.855,116.921,0.0,100.0,0,0,24.28,REGEN,-350.0
2479,82.6062,4916.928,115.846,0.0,100.0,0,0,24.57,REGEN,-350.0
2480,82.6395,4917.998,114.781,0.0,100.0,0,0,24.86,REGEN,-350.0
2481,82.6729,4919.053,113.783,0.0,100.0,0,0,25.15,REGEN,-350.0
2482,82.7062,4920.104,112.802,0.0,100.0,0,0,25.45,REGEN,-350.0
2483,82.7395,4921.142,111.881,0.0,100.0,0,0,25.74,REGEN,-350.0
2484,82.7728,4922.175,110.971,0.0,100.0,0,0,26.03,REGEN,-350.0
2485,82.8061,4923.197,110.085,0.0,100.0,0,0,26.32,REGEN,-350.0
2486,82.8395,4924.213,109.183,0.0,100.0,0,0,26.61,REGEN,-350.0
2487,82.8728,4925.217,108.242,0.0,100.0,0,0,26.9,REGEN,-350.0
2488,82.9061,4926.216,107.271,0.0,100.0,0,0,27.19,REGEN,-350.0
2489,82.9394,4927.202,106.238,0.0,100.0,0,0,27.49,REGEN,-350.0
2490,82.9728,4928.183,105.183,0.0,100.0,0,0,27.78,REGEN,-350.0
2491,83.0061,4929.149,104.081,0.0,100.0,0,0,28.07,REGEN,-350.0
2492,83.0394,4930.11,102.973,0.0,100.0,0,0,28.36,REGEN,-350.0
2493,83.0727,4931.054,101.848,0.0,100.0,0,0,28.65,REGEN,-350.0
2494,83.1061,4931.996,100.728,0.0,100.0,0,0,28.94,REGEN,-350.0
2495,83.1394,4932.919,99.651,0.0,100.0,0,0,29.24,REGEN,-350.0
2496,83.1727,4933.842,98.574,0.0,100.0,0,0,29.53,REGEN,-350.0
2497,83.206,4934.745,97.643,0.0,100.0,0,0,29.82,REGEN,-350.0
2498,83.2393,4935.648,96.722,0.0,100.0,0,0,30.11,REGEN,-350.0
2499,83.2727,4936.539,96.033,0.0,100.0,0,0,30.4,REGEN,-8.38
2500,83.306,4937.425,95.442,100.0,100.0,0,0,30.69,REGEN,477.48
2501,83.3393,4938.309,95.058,100.0,0.0,0,0,30.73,DEPLOY,750.0
2502,83.3726,4939.188,94.94,100.0,0.0,0,0,30.44,DEPLOY,750.0
2503,83.406,4940.066,94.822,100.0,0.0,0,0,30.15,DEPLOY,750.0
2504,83.4393,4940.943,94.703,100.0,0.0,0,0,29.85,DEPLOY,750.0
2505,83.4726,4941.82,94.585,100.0,0.0,0,0,29.56,DEPLOY,750.0
2506,83.5059,4942.694,94.467,100.0,0.0,0,0,29.27,DEPLOY,750.0
2507,83.5392,4943.568,94.349,100.0,0.0,0,0,28.98,DEPLOY,750.0
2508,83.5726,4944.441,94.232,100.0,0.0,0,0,28.69,DEPLOY,750.0
2509,83.6059,4945.313,94.115,100.0,0.0,0,0,28.4,DEPLOY,750.0
2510,83.6392,4946.184,94.079,100.0,0.0,0,0,28.1,DEPLOY,750.0
2511,83.6725,4947.056,94.213,100.0,0.0,0,0,27.81,DEPLOY,750.0
2512,83.7059,4947.928,94.348,100.0,0.0,0,0,27.52,DEPLOY,750.0
2513,83.7392,4948.804,94.566,100.0,0.0,0,0,27.23,DEPLOY,750.0
2514,83.7725,4949.679,94.783,100.0,0.0,0,0,26.94,DEPLOY,750.0
2515,83.8058,4950.558,94.972,100.0,0.0,0,0,26.66,DEPLOY,750.0
2516,83.8391,4951.438,95.149,100.0,0.0,0,0,26.37,DEPLOY,750.0
2517,83.8725,4952.319,95.326,100.0,0.0,0,0,26.08,DEPLOY,750.0
2518,83.9058,4953.202,95.504,100.0,0.0,0,0,25.8,DEPLOY,750.0
2519,83.9391,4954.087,95.683,100.0,0.0,0,0,25.52,DEPLOY,750.0
2520,83.9724,4954.974,95.862,100.0,0.0,0,0,25.23,DEPLOY,750.0
2521,84.0058,4955.861,96.042,100.0,0.0,0,0,24.95,DEPLOY,750.0
2522,84.0391,4956.752,96.222,100.0,0.0,0,0,24.66,DEPLOY,750.0
2523,84.0724,4957.643,96.403,100.0,0.0,0,0,24.38,DEPLOY,750.0
2524,84.1057,4958.536,96.584,100.0,0.0,0,0,24.09,DEPLOY,750.0
2525,84.139,4959.431,96.766,100.0,0.0,0,0,23.8,DEPLOY,750.0
2526,84.1724,4960.327,96.947,100.0,0.0,0,0,23.51,DEPLOY,750.0
2527,84.2057,4961.226,97.129,100.0,0.0,0,0,23.22,DEPLOY,750.0
2528,84.239,4962.125,97.3,100.0,0.0,0,0,22.93,DEPLOY,750.0
2529,84.2723,4963.027,97.427,100.0,0.0,0,0,22.64,DEPLOY,750.0
2530,84.3057,4963.929,97.554,100.0,0.0,0,0,22.35,DEPLOY,750.0
2531,84.339,4964.838,98.148,100.0,0.0,0,0,22.05,DEPLOY,750.0
2532,84.3723,4965.747,98.752,100.0,0.0,0,0,21.76,DEPLOY,750.0
2533,84.4056,4966.667,99.485,100.0,0.0,0,0,21.47,DEPLOY,750.0
2534,84.4389,4967.59,100.256,100.0,0.0,0,0,21.18,DEPLOY,750.0
2535,84.4723,4968.522,101.046,100.0,0.0,0,0,20.89,DEPLOY,750.0
2536,84.5056,4969.461,101.848,100.0,0.0,0,0,20.6,DEPLOY,750.0
2537,84.5389,4970.407,102.631,100.0,0.0,0,0,20.3,DEPLOY,750.0
2538,84.5722,4971.361,103.391,100.0,0.0,0,0,20.01,DEPLOY,750.0
2539,84.6056,4972.32,104.135,100.0,0.0,0,0,19.72,DEPLOY,750.0
2540,84.6389,4973.289,104.852,100.0,0.0,0,0,19.43,DEPLOY,750.0
2541,84.6722,4974.261,105.568,100.0,0.0,0,0,19.14,DEPLOY,750.0
2542,84.7055,4975.243,106.282,100.0,0.0,0,0,18.85,DEPLOY,750.0
2543,84.7388,4976.228,107.002,100.0,0.0,0,0,18.55,DEPLOY,750.0
2544,84.7722,4977.224,107.733,100.0,0.0,0,0,18.26,DEPLOY,750.0
2545,84.8055,4978.223,108.469,100.0,0.0,0,0,17.97,DEPLOY,750.0
2546,84.8388,4979.232,109.217,100.0,0.0,0,0,17.68,DEPLOY,750.0
2547,84.8721,4980.245,109.975,100.0,0.0,0,0,17.39,DEPLOY,750.0
2548,84.9055,4981.268,110.759,100.0,0.0,0,0,17.1,DEPLOY,750.0
2549,84.9388,4982.296,111.568,100.0,0.0,0,0,16.81,DEPLOY,750.0
2550,84.9721,4983.334,112.435,100.0,0.0,0,0,16.51,DEPLOY,750.0
2551,85.0054,4984.378,113.343,100.0,0.0,0,0,16.22,DEPLOY,750.0
2552,85.0387,4985.432,114.317,100.0,0.0,0,0,15.93,DEPLOY,750.0
2553,85.0721,4986.495,115.33,100.0,0.0,0,0,15.64,DEPLOY,750.0
2554,85.1054,4987.567,116.382,100.0,0.0,0,0,15.35,DEPLOY,750.0
2555,85.1387,4988.65,117.442,100.0,0.0,0,0,15.06,DEPLOY,750.0
2556,85.172,4989.74,118.507,100.0,0.0,0,0,14.76,DEPLOY,750.0
2557,85.2054,4990.844,119.539,100.0,0.0,0,0,14.47,DEPLOY,750.0
2558,85.2387,4991.951,120.563,100.0,0.0,0,0,14.18,DEPLOY,750.0
2559,85.272,4993.075,121.539,100.0,0.0,0,0,13.89,DEPLOY,750.0
2560,85.3053,4994.202,122.513,100.0,0.0,0,0,13.6,DEPLOY,750.0
2561,85.3387,4995.342,123.486,100.0,0.0,0,0,13.31,DEPLOY,750.0
2562,85.372,4996.49,124.488,100.0,0.0,0,0,13.02,DEPLOY,750.0
2563,85.4053,4997.646,125.525,100.0,0.0,0,0,12.72,DEPLOY,750.0
2564,85.4386,4998.815,126.622,100.0,0.0,0,0,12.43,DEPLOY,750.0
2565,85.4719,4999.988,127.744,100.0,0.0,0,0,12.14,DEPLOY,750.0
2566,85.5053,5001.18,128.945,100.0,0.0,0,0,11.85,DEPLOY,750.0
2567,85.5386,5002.378,130.167,100.0,0.0,0,0,11.56,DEPLOY,750.0
2568,85.5719,5003.589,131.434,100.0,0.0,0,0,11.27,DEPLOY,750.0
2569,85.6052,5004.812,132.688,100.0,0.0,0,0,10.97,DEPLOY,750.0
2570,85.6386,5006.043,133.935,100.0,0.0,0,0,10.68,DEPLOY,750.0
2571,85.6719,5007.291,135.182,100.0,0.0,0,0,10.39,DEPLOY,750.0
2572,85.7052,5008.548,136.46,100.0,0.0,0,0,10.1,DEPLOY,750.0
2573,85.7385,5009.815,137.78,100.0,0.0,0,0,9.81,DEPLOY,750.0
2574,85.7718,5011.099,139.103,100.0,0.0,0,0,9.52,DEPLOY,750.0
2575,85.8052,5012.392,140.438,100.0,0.0,0,0,9.22,DEPLOY,750.0
2576,85.8385,5013.697,141.796,100.0,0.0,0,0,8.93,DEPLOY,750.0
2577,85.8718,5015.018,143.193,100.0,0.0,0,0,8.64,DEPLOY,750.0
2578,85.9051,5016.349,144.614,100.0,0.0,0,0,8.35,DEPLOY,750.0
2579,85.9385,5017.694,146.069,100.0,0.0,0,0,8.06,DEPLOY,750.0
2580,85.9718,5019.054,147.549,100.0,0.0,0,0,7.77,DEPLOY,750.0
2581,86.0051,5020.426,149.04,100.0,0.0,0,0,7.48,DEPLOY,750.0
2582,86.0384,5021.811,150.542,100.0,0.0,0,0,7.18,DEPLOY,750.0
2583,86.0717,5023.214,152.053,100.0,0.0,0,0,6.89,DEPLOY,750.0
2584,86.1051,5024.628,153.574,100.0,0.0,0,0,6.6,DEPLOY,750.0
2585,86.1384,5026.054,155.102,100.0,0.0,0,0,6.31,DEPLOY,750.0
2586,86.1717,5027.498,156.566,100.0,0.0,0,0,6.02,DEPLOY,750.0
2587,86.205,5028.955,157.97,100.0,0.0,0,0,5.73,DEPLOY,750.0
2588,86.2384,5030.422,159.344,100.0,0.0,0,0,5.44,DEPLOY,750.0
2589,86.2717,5031.902,160.718,100.0,0.0,0,0,5.15,DEPLOY,750.0
2590,86.305,5033.398,162.091,100.0,0.0,0,0,4.86,DEPLOY,750.0
2591,86.3383,5034.905,163.466,100.0,0.0,0,0,4.57,DEPLOY,750.0
2592,86.3716,5036.423,164.841,100.0,0.0,0,0,4.28,DEPLOY,750.0
2593,86.405,5037.954,166.218,100.0,0.0,0,0,3.98,DEPLOY,750.0
2594,86.4383,5039.501,167.597,100.0,0.0,0,0,3.69,DEPLOY,750.0
2595,86.4716,5041.059,168.977,100.0,0.0,0,0,3.4,DEPLOY,750.0
2596,86.5049,5042.629,170.357,100.0,0.0,0,0,3.11,DEPLOY,750.0
2597,86.5383,5044.211,171.738,100.0,0.0,0,0,2.82,DEPLOY,750.0
2598,86.5716,5045.807,173.119,100.0,0.0,0,0,2.53,DEPLOY,750.0
2599,86.6049,5047.417,174.471,100.0,0.0,0,0,2.24,DEPLOY,750.0
2600,86.6382,5049.038,175.811,100.0,0.0,0,0,1.95,DEPLOY,750.0
2601,86.6715,5050.672,177.151,100.0,0.0,0,0,1.65,DEPLOY,750.0
2602,86.7049,5052.317,178.5,100.0,0.0,0,0,1.36,DEPLOY,750.0
2603,86.7382,5053.974,179.856,100.0,0.0,0,0,1.07,DEPLOY,750.0
2604,86.7715,5055.646,181.218,100.0,0.0,0,0,0.78,DEPLOY,750.0
2605,86.8048,5057.331,182.584,100.0,0.0,0,0,0.49,DEPLOY,750.0
2606,86.8382,5059.027,183.953,100.0,0.0,0,0,0.2,DEPLOY,750.0
2607,86.8715,5060.736,185.325,100.0,0.0,0,0,0.02,DEPLOY,750.0
2608,86.9048,5062.458,186.7,100.0,0.0,0,0,0.0,DEPLOY,750.0
2609,86.9381,5064.191,188.078,100.0,0.0,0,0,0.0,DEPLOY,750.0
2610,86.9714,5065.938,189.459,100.0,0.0,0,0,0.0,DEPLOY,750.0
2611,87.0048,5067.699,190.843,100.0,0.0,0,0,0.0,DEPLOY,750.0
2612,87.0381,5069.472,192.23,100.0,0.0,0,0,0.0,DEPLOY,750.0
2613,87.0714,5071.258,193.621,100.0,0.0,0,0,0.0,DEPLOY,750.0
2614,87.1047,5073.057,195.014,100.0,0.0,0,0,0.0,DEPLOY,750.0
2615,87.1381,5074.869,196.41,100.0,0.0,0,0,0.0,DEPLOY,750.0
2616,87.1714,5076.693,197.81,100.0,0.0,0,0,0.0,DEPLOY,750.0
2617,87.2047,5078.53,199.213,100.0,0.0,0,0,0.0,DEPLOY,749.69
2618,87.238,5080.38,200.619,100.0,0.0,0,0,0.0,DEPLOY,747.79
2619,87.2713,5082.243,202.028,100.0,0.0,0,0,0.0,DEPLOY,742.76
2620,87.3047,5084.12,203.44,100.0,0.0,0,0,0.0,DEPLOY,737.71
2621,87.338,5086.009,204.856,100.0,0.0,0,0,0.0,DEPLOY,732.66
2622,87.3713,5087.912,206.275,100.0,0.0,0,0,0.0,DEPLOY,727.59
2623,87.4046,5089.828,207.698,100.0,0.0,0,0,0.0,DEPLOY,722.51
2624,87.438,5091.757,209.108,100.0,0.0,0,0,0.0,DEPLOY,717.42
2625,87.4713,5093.699,210.491,100.0,0.0,0,0,0.0,DEPLOY,712.31
2626,87.5046,5095.654,211.866,100.0,0.0,0,0,0.0,DEPLOY,707.2
2627,87.5379,5097.622,213.237,100.0,0.0,0,0,0.0,DEPLOY,702.07
2628,87.5713,5099.602,214.604,100.0,0.0,0,0,0.0,DEPLOY,696.93
2629,87.6046,5101.594,215.965,100.0,0.0,0,0,0.0,DEPLOY,691.78
2630,87.6379,5103.6,217.32,100.0,0.0,0,0,0.0,DEPLOY,686.62
2631,87.6712,5105.618,218.668,100.0,0.0,0,0,0.0,DEPLOY,681.45
2632,87.7045,5107.648,220.009,100.0,0.0,0,0,0.0,DEPLOY,676.27
2633,87.7379,5109.69,221.342,100.0,0.0,0,0,0.0,DEPLOY,671.08
2634,87.7712,5111.745,222.665,100.0,0.0,0,0,0.0,DEPLOY,665.88
2635,87.8045,5113.812,223.98,100.0,0.0,0,0,0.0,DEPLOY,660.73
2636,87.8378,5115.891,225.284,100.0,0.0,0,0,0.0,DEPLOY,655.67
2637,87.8712,5117.982,226.578,100.0,0.0,0,0,0.0,DEPLOY,650.71
2638,87.9045,5120.085,227.861,100.0,0.0,0,0,0.0,DEPLOY,645.84
2639,87.9378,5122.201,229.132,100.0,0.0,0,0,0.0,DEPLOY,641.06
2640,87.9711,5124.328,230.391,100.0,0.0,0,0,0.0,DEPLOY,636.36
2641,88.0044,5126.466,231.638,100.0,0.0,0,0,0.0,DEPLOY,631.75
2642,88.0378,5128.616,232.872,100.0,0.0,0,0,0.0,DEPLOY,627.21
2643,88.0711,5130.777,234.093,100.0,0.0,0,0,0.0,DEPLOY,622.76
2644,88.1044,5132.95,235.301,100.0,0.0,0,0,0.0,DEPLOY,618.38
2645,88.1377,5135.133,236.495,100.0,0.0,0,0,0.0,DEPLOY,614.07
2646,88.1711,5137.328,237.675,100.0,0.0,0,0,0.0,DEPLOY,609.83
2647,88.2044,5139.533,238.841,100.0,0.0,0,0,0.0,DEPLOY,605.67
2648,88.2377,5141.749,239.993,100.0,0.0,0,0,0.0,DEPLOY,601.57
2649,88.271,5143.975,241.13,100.0,0.0,0,0,0.0,DEPLOY,597.53
2650,88.3043,5146.212,242.252,100.0,0.0,0,0,0.0,DEPLOY,593.57
2651,88.3377,5148.46,243.359,100.0,0.0,0,0,0.0,DEPLOY,589.67
2652,88.371,5150.718,244.451,100.0,0.0,0,0,0.0,DEPLOY,585.83
2653,88.4043,5152.986,245.529,100.0,0.0,0,0,0.0,DEPLOY,582.05
2654,88.4376,5155.263,246.592,100.0,0.0,0,0,0.0,DEPLOY,578.33
2655,88.471,5157.551,247.64,100.0,0.0,0,0,0.0,DEPLOY,574.66
2656,88.5043,5159.847,248.674,100.0,0.0,0,0,0.0,DEPLOY,571.05
2657,88.5376,5162.154,249.693,100.0,0.0,0,0,0.0,DEPLOY,567.5
2658,88.5709,5164.47,250.696,100.0,0.0,0,0,0.0,DEPLOY,564.0
2659,88.6042,5166.795,251.685,100.0,0.0,0,0,0.0,DEPLOY,560.55
2660,88.6376,5169.129,252.66,100.0,0.0,0,0,0.0,DEPLOY,557.16
2661,88.6709,5171.472,253.622,100.0,0.0,0,0,0.0,DEPLOY,553.82
2662,88.7042,5173.824,254.569,100.0,0.0,0,0,0.0,DEPLOY,550.52
2663,88.7375,5176.185,255.503,100.0,0.0,0,0,0.0,DEPLOY,547.27
2664,88.7709,5178.554,256.422,100.0,0.0,0,0,0.0,DEPLOY,544.08
2665,88.8042,5180.932,257.328,100.0,0.0,0,0,0.0,DEPLOY,540.93
2666,88.8375,5183.318,258.221,100.0,0.0,0,0,0.0,DEPLOY,537.82
2667,88.8708,5185.712,259.102,100.0,0.0,0,0,0.0,DEPLOY,534.76
2668,88.9041,5188.114,259.97,100.0,0.0,0,0,0.0,DEPLOY,531.74
2669,88.9375,5190.525,260.825,100.0,0.0,0,0,0.0,DEPLOY,528.77
2670,88.9708,5192.943,261.667,100.0,0.0,0,0,0.0,DEPLOY,525.84
2671,89.0041,5195.369,262.498,100.0,0.0,0,0,0.0,DEPLOY,522.94
2672,89.0374,5197.802,263.317,100.0,0.0,0,0,0.0,DEPLOY,520.09
2673,89.0708,5200.243,264.125,100.0,0.0,0,0,0.0,DEPLOY,517.28
2674,89.1041,5202.692,264.92,100.0,0.0,0,0,0.0,DEPLOY,514.52
2675,89.1374,5205.148,265.705,100.0,0.0,0,0,0.0,DEPLOY,511.79
2676,89.1707,5207.611,266.479,100.0,0.0,0,0,0.0,DEPLOY,509.09
2677,89.204,5210.08,267.242,100.0,0.0,0,0,0.0,DEPLOY,506.43
2678,89.2374,5212.558,267.994,100.0,0.0,0,0,0.0,DEPLOY,503.81
2679,89.2707,5215.042,268.736,100.0,0.0,0,0,0.0,DEPLOY,501.23
2680,89.304,5217.533,269.468,100.0,0.0,0,0,0.0,DEPLOY,498.77
2681,89.3373,5220.03,270.19,100.0,0.0,0,0,0.0,DEPLOY,496.42
2682,89.3707,5222.535,270.901,100.0,0.0,0,0,0.0,DEPLOY,494.11
2683,89.404,5225.045,271.604,100.0,0.0,0,0,0.0,DEPLOY,491.82
2684,89.4373,5227.563,272.297,100.0,0.0,0,0,0.0,DEPLOY,489.56
2685,89.4706,5230.086,272.981,100.0,0.0,0,0,0.0,DEPLOY,487.33
2686,89.5039,5232.616,273.655,100.0,0.0,0,0,0.0,DEPLOY,485.14
2687,89.5373,5235.152,274.32,100.0,0.0,0,0,0.0,DEPLOY,482.97
2688,89.5706,5237.694,274.977,100.0,0.0,0,0,0.0,DEPLOY,480.82
2689,89.6039,5240.242,275.626,100.0,0.0,0,0,0.0,DEPLOY,478.71
2690,89.6372,5242.797,276.265,100.0,0.0,0,0,0.0,DEPLOY,476.62
2691,89.6706,5245.357,276.896,100.0,0.0,0,0,0.0,DEPLOY,474.56
2692,89.7039,5247.923,277.52,100.0,0.0,0,0,0.0,DEPLOY,472.52
2693,89.7372,5250.494,278.135,100.0,0.0,0,0,0.0,DEPLOY,470.51
2694,89.7705,5253.072,278.742,100.0,0.0,0,0,0.0,DEPLOY,468.53
2695,89.8039,5255.655,279.341,100.0,0.0,0,0,0.0,DEPLOY,466.57
2696,89.8372,5258.243,279.933,100.0,0.0,0,0,0.0,DEPLOY,464.63
2697,89.8705,5260.837,280.517,100.0,0.0,0,0,0.0,DEPLOY,462.72
2698,89.9038,5263.436,281.094,100.0,0.0,0,0,0.0,DEPLOY,460.83
2699,89.9371,5266.04,281.664,100.0,0.0,0,0,0.0,DEPLOY,458.97
2700,89.9705,5268.65,282.226,100.0,0.0,0,0,0.0,DEPLOY,457.13
2701,90.0038,5271.265,282.781,100.0,0.0,0,0,0.0,DEPLOY,455.31
2702,90.0371,5273.885,283.33,100.0,0.0,0,0,0.0,DEPLOY,453.51
2703,90.0704,5276.51,283.872,100.0,0.0,0,0,0.0,DEPLOY,451.74
2704,90.1038,5279.14,284.406,100.0,0.0,0,0,0.0,DEPLOY,449.99
2705,90.1371,5281.775,284.935,100.0,0.0,0,0,0.0,DEPLOY,448.25
2706,90.1704,5284.415,285.457,100.0,0.0,0,0,0.0,DEPLOY,446.55
2707,90.2037,5287.06,285.972,100.0,0.0,0,0,0.0,DEPLOY,444.86
2708,90.237,5289.709,286.481,100.0,0.0,0,0,0.0,DEPLOY,443.19
2709,90.2704,5292.363,286.984,100.0,0.0,0,0,0.0,DEPLOY,441.54
2710,90.3037,5295.022,287.481,100.0,0.0,0,0,0.0,DEPLOY,439.91
2711,90.337,5297.685,287.972,100.0,0.0,0,0,0.0,DEPLOY,438.3
2712,90.3703,5300.353,288.457,100.0,0.0,0,0,0.0,DEPLOY,436.71
2713,90.4037,5303.025,288.936,100.0,0.0,0,0,0.0,DEPLOY,435.14
2714,90.437,5305.702,289.409,100.0,0.0,0,0,0.0,DEPLOY,433.59
2715,90.4703,5308.383,289.877,100.0,0.0,0,0,0.0,DEPLOY,432.06
2716,90.5036,5311.068,290.339,100.0,0.0,0,0,0.0,DEPLOY,430.54
2717,90.5369,5313.758,290.796,100.0,0.0,0,0,0.0,DEPLOY,429.04
2718,90.5703,5316.451,291.247,100.0,0.0,0,0,0.0,DEPLOY,427.56
2719,90.6036,5319.149,291.693,100.0,0.0,0,0,0.0,DEPLOY,426.1
2720,90.6369,5321.851,292.134,100.0,0.0,0,0,0.0,DEPLOY,424.66
2721,90.6702,5324.557,292.569,100.0,0.0,0,0,0.0,DEPLOY,423.23
2722,90.7036,5327.268,292.999,100.0,0.0,0,0,0.0,DEPLOY,421.82
2723,90.7369,5329.981,293.425,100.0,0.0,0,0,0.0,DEPLOY,420.42
2724,90.7702,5332.7,293.846,100.0,0.0,0,0,0.0,DEPLOY,419.05
2725,90.8035,5335.421,294.262,100.0,0.0,0,0,0.0,DEPLOY,417.69
2726,90.8368,5338.147,294.673,100.0,0.0,0,0,0.0,DEPLOY,416.34
2727,90.8702,5340.876,295.079,100.0,0.0,0,0,0.0,DEPLOY,415.01
2728,90.9035,5343.61,295.481,100.0,0.0,0,0,0.0,DEPLOY,413.69
2729,90.9368,5346.346,295.879,100.0,0.0,0,0,0.0,DEPLOY,412.4
2730,90.9701,5349.087,296.271,100.0,0.0,0,0,0.0,DEPLOY,411.11
2731,91.0035,5351.831,296.66,100.0,0.0,0,0,0.0,DEPLOY,409.84
2732,91.0368,5354.579,297.043,100.0,0.0,0,0,0.0,DEPLOY,408.59
2733,91.0701,5357.33,297.423,100.0,0.0,0,0,0.0,DEPLOY,407.35
2734,91.1034,5360.085,297.798,100.0,0.0,0,0,0.0,DEPLOY,406.12
2735,91.1367,5362.843,298.168,100.0,0.0,0,0,0.0,DEPLOY,404.91
2736,91.1701,5365.605,298.534,100.0,0.0,0,0,0.0,DEPLOY,403.71
2737,91.2034,5368.37,298.896,100.0,0.0,0,0,0.0,DEPLOY,402.53
2738,91.2367,5371.138,299.253,100.0,0.0,0,0,0.0,DEPLOY,401.36
2739,91.27,5373.909,299.605,100.0,0.0,0,0,0.0,DEPLOY,400.2
2740,91.3034,5376.684,299.953,100.0,0.0,0,0,0.0,DEPLOY,400.0
2741,91.3367,5379.462,300.295,100.0,0.0,0,0,0.0,DEPLOY,400.0
2742,91.37,5382.243,300.633,100.0,0.0,0,0,0.0,DEPLOY,400.0
2743,91.4033,5385.028,300.965,100.0,0.0,0,0,0.0,DEPLOY,400.0
2744,91.4366,5387.815,301.293,100.0,0.0,0,0,0.0,DEPLOY,400.0
2745,91.47,5390.605,301.614,100.0,0.0,0,0,0.0,DEPLOY,400.0
2746,91.5033,5393.399,301.93,100.0,0.0,0,0,0.0,DEPLOY,400.0
2747,91.5366,5396.195,302.239,100.0,0.0,0,0,0.0,DEPLOY,400.0
2748,91.5699,5398.994,302.542,100.0,0.0,0,0,0.0,DEPLOY,400.0
2749,91.6033,5401.796,302.839,100.0,0.0,0,0,0.0,DEPLOY,400.0
2750,91.6366,5404.6,303.128,100.0,0.0,0,0,0.0,DEPLOY,400.0
2751,91.6699,5407.407,303.41,100.0,0.0,0,0,0.0,DEPLOY,400.0
2752,91.7032,5410.217,303.685,100.0,0.0,0,0,0.0,DEPLOY,400.0
2753,91.7366,5413.029,303.951,100.0,0.0,0,0,0.0,DEPLOY,400.0
2754,91.7699,5415.844,304.21,100.0,0.0,0,0,0.0,DEPLOY,400.0
2755,91.8032,5418.661,304.46,100.0,0.0,0,0,0.0,DEPLOY,400.0
2756,91.8365,5421.48,304.701,100.0,0.0,0,0,0.0,DEPLOY,400.0
2757,91.8698,5424.301,304.934,100.0,0.0,0,0,0.0,DEPLOY,400.0
2758,91.9032,5427.125,305.156,100.0,0.0,0,0,0.0,DEPLOY,400.0
2759,91.9365,5429.951,305.37,100.0,0.0,0,0,0.0,DEPLOY,400.0
2760,91.9698,5432.778,305.574,100.0,0.0,0,0,0.0,DEPLOY,400.0
2761,92.0031,5435.608,305.768,100.0,0.0,0,0,0.0,DEPLOY,400.0
2762,92.0365,5438.439,305.952,100.0,0.0,0,0,0.0,DEPLOY,400.0
2763,92.0698,5441.271,306.127,100.0,0.0,0,0,0.0,DEPLOY,400.0
