frame,time_s,distance,speed,throttle,brake,gear,rpm,soc_pct,mode,power_kw
0,0.0,0.0,308.84,100.0,0.0,0,0,100.0,DEPLOY,400.0
1,0.0333,2.86,309.034,100.0,0.0,0,0,100.0,DEPLOY,400.0
2,0.0666,5.721,309.33,100.0,0.0,0,0,100.0,DEPLOY,400.0
3,0.1,8.586,309.625,100.0,0.0,0,0,100.0,DEPLOY,400.0
4,0.1333,11.453,309.919,100.0,0.0,0,0,100.0,DEPLOY,400.0
5,0.1666,14.323,310.21,100.0,0.0,0,0,100.0,DEPLOY,400.0
6,0.1999,17.196,310.501,100.0,0.0,0,0,100.0,DEPLOY,400.0
7,0.2333,20.071,310.79,100.0,0.0,0,0,100.0,DEPLOY,400.0
8,0.2666,22.949,311.077,100.0,0.0,0,0,100.0,DEPLOY,400.0
9,0.2999,25.83,311.363,100.0,0.0,0,0,100.0,DEPLOY,400.0
10,0.3332,28.713,311.648,100.0,0.0,0,0,100.0,DEPLOY,400.0
11,0.3665,31.599,311.931,100.0,0.0,0,0,100.0,DEPLOY,400.0
12,0.3999,34.487,312.213,100.0,0.0,0,0,100.0,DEPLOY,400.0
13,0.4332,37.378,312.493,100.0,0.0,0,0,100.0,DEPLOY,400.0
14,0.4665,40.272,312.771,100.0,0.0,0,0,100.0,DEPLOY,400.0
15,0.4998,43.169,313.049,100.0,0.0,0,0,100.0,DEPLOY,400.0
16,0.5331,46.067,313.325,100.0,0.0,0,0,100.0,DEPLOY,400.0
17,0.5665,48.969,313.599,100.0,0.0,0,0,100.0,DEPLOY,400.0
18,0.5998,51.873,313.872,100.0,0.0,0,0,100.0,DEPLOY,400.0
19,0.6331,54.779,314.144,100.0,0.0,0,0,100.0,DEPLOY,400.0
20,0.6664,57.688,314.413,100.0,0.0,0,0,100.0,DEPLOY,400.0
21,0.6998,60.599,314.664,100.0,0.0,0,0,100.0,DEPLOY,400.0
22,0.7331,63.513,314.912,100.0,0.0,0,0,100.0,DEPLOY,400.0
23,0.7664,66.429,315.161,100.0,0.0,0,0,100.0,DEPLOY,400.0
24,0.7997,69.347,315.411,100.0,0.0,0,0,100.0,DEPLOY,400.0
25,0.833,72.268,315.661,100.0,0.0,0,0,100.0,DEPLOY,400.0
26,0.8664,75.191,315.911,100.0,0.0,0,0,100.0,DEPLOY,400.0
27,0.8997,78.116,316.16,100.0,0.0,0,0,100.0,DEPLOY,400.0
28,0.933,81.044,316.408,100.0,0.0,0,0,100.0,DEPLOY,400.0
29,0.9663,83.973,316.656,100.0,0.0,0,0,100.0,DEPLOY,400.0
30,0.9996,86.906,316.902,100.0,0.0,0,0,100.0,DEPLOY,400.0
31,1.033,89.84,317.146,100.0,0.0,0,0,100.0,DEPLOY,400.0
32,1.0663,92.777,317.389,100.0,0.0,0,0,100.0,DEPLOY,400.0
33,1.0996,95.715,317.63,100.0,0.0,0,0,100.0,DEPLOY,400.0
34,1.1329,98.656,317.869,100.0,0.0,0,0,100.0,DEPLOY,400.0
35,1.1663,101.6,318.105,100.0,0.0,0,0,100.0,DEPLOY,400.0
36,1.1996,104.545,318.339,100.0,0.0,0,0,100.0,DEPLOY,400.0
37,1.2329,107.493,318.57,100.0,0.0,0,0,100.0,DEPLOY,400.0
38,1.2662,110.443,318.798,100.0,0.0,0,0,100.0,DEPLOY,400.0
39,1.2995,113.394,319.023,100.0,0.0,0,0,100.0,DEPLOY,400.0
40,1.3329,116.348,319.245,100.0,0.0,0,0,100.0,DEPLOY,400.0
41,1.3662,119.304,319.463,100.0,0.0,0,0,100.0,DEPLOY,400.0
42,1.3995,122.262,319.677,100.0,0.0,0,0,100.0,DEPLOY,400.0
43,1.4328,125.222,319.888,100.0,0.0,0,0,100.0,DEPLOY,400.0
44,1.4661,128.184,320.095,100.0,0.0,0,0,100.0,DEPLOY,400.0
45,1.4995,131.148,320.298,100.0,0.0,0,0,100.0,DEPLOY,400.0
46,1.5328,134.113,320.497,100.0,0.0,0,0,100.0,DEPLOY,400.0
47,1.5661,137.081,320.692,100.0,0.0,0,0,100.0,DEPLOY,400.0
48,1.5994,140.05,320.883,100.0,0.0,0,0,100.0,DEPLOY,400.0
49,1.6328,143.021,321.069,100.0,0.0,0,0,100.0,DEPLOY,400.0
50,1.6661,145.993,321.251,100.0,0.0,0,0,100.0,DEPLOY,400.0
51,1.6994,148.968,321.429,100.0,0.0,0,0,100.0,SUPERCLIP,335.0
52,1.7327,151.944,321.602,100.0,0.0,0,0,100.0,SUPERCLIP,335.0
53,1.766,154.921,321.772,100.0,0.0,0,0,100.0,SUPERCLIP,335.0
54,1.7994,157.9,321.937,100.0,0.0,0,0,100.0,SUPERCLIP,335.0
55,1.8327,160.881,322.099,100.0,0.0,0,0,100.0,SUPERCLIP,335.0
56,1.866,163.863,322.256,100.0,0.0,0,0,100.0,SUPERCLIP,335.0
57,1.8993,166.846,322.41,100.0,0.0,0,0,100.0,SUPERCLIP,335.0
58,1.9326,169.831,322.56,100.0,0.0,0,0,100.0,SUPERCLIP,335.0
59,1.966,172.818,322.706,100.0,0.0,0,0,100.0,SUPERCLIP,335.0
60,1.9993,175.805,322.849,100.0,0.0,0,0,100.0,SUPERCLIP,335.0
61,2.0326,178.794,322.988,100.0,0.0,0,0,100.0,SUPERCLIP,335.0
62,2.0659,181.784,323.125,100.0,0.0,0,0,100.0,SUPERCLIP,335.0
63,2.0993,184.776,323.258,100.0,0.0,0,0,100.0,SUPERCLIP,335.0
64,2.1326,187.768,323.388,100.0,0.0,0,0,100.0,SUPERCLIP,335.0
65,2.1659,190.762,323.516,100.0,0.0,0,0,100.0,SUPERCLIP,335.0
66,2.1992,193.757,323.641,100.0,0.0,0,0,100.0,SUPERCLIP,335.0
67,2.2325,196.754,323.764,100.0,0.0,0,0,100.0,SUPERCLIP,335.0
68,2.2659,199.751,323.885,100.0,0.0,0,0,100.0,SUPERCLIP,335.0
69,2.2992,202.749,324.004,100.0,0.0,0,0,100.0,SUPERCLIP,335.0
70,2.3325,205.749,324.12,100.0,0.0,0,0,100.0,SUPERCLIP,335.0
71,2.3658,208.749,324.235,100.0,0.0,0,0,100.0,SUPERCLIP,335.0
72,2.3991,211.751,324.349,100.0,0.0,0,0,100.0,SUPERCLIP,335.0
73,2.4325,214.754,324.46,100.0,0.0,0,0,100.0,SUPERCLIP,335.0
74,2.4658,217.757,324.571,100.0,0.0,0,0,100.0,SUPERCLIP,335.0
75,2.4991,220.762,324.68,100.0,0.0,0,0,100.0,SUPERCLIP,335.0
76,2.5324,223.768,324.787,100.0,0.0,0,0,100.0,SUPERCLIP,335.0
77,2.5658,226.775,324.893,100.0,0.0,0,0,100.0,SUPERCLIP,335.0
78,2.5991,229.782,324.998,100.0,0.0,0,0,100.0,SUPERCLIP,335.0
79,2.6324,232.791,325.102,100.0,0.0,0,0,100.0,SUPERCLIP,335.0
80,2.6657,235.801,325.204,100.0,0.0,0,0,100.0,SUPERCLIP,335.0
81,2.699,238.811,325.305,100.0,0.0,0,0,100.0,SUPERCLIP,335.0
82,2.7324,241.823,325.404,100.0,0.0,0,0,100.0,SUPERCLIP,335.0
83,2.7657,244.835,325.501,100.0,0.0,0,0,100.0,SUPERCLIP,335.0
84,2.799,247.848,325.596,100.0,0.0,0,0,100.0,SUPERCLIP,335.0
85,2.8323,250.862,325.689,100.0,0.0,0,0,100.0,SUPERCLIP,335.0
86,2.8657,253.877,325.78,100.0,0.0,0,0,100.0,SUPERCLIP,335.0
87,2.899,256.893,325.866,100.0,0.0,0,0,100.0,SUPERCLIP,335.0
88,2.9323,259.91,325.95,100.0,0.0,0,0,100.0,SUPERCLIP,335.0
89,2.9656,262.927,326.028,100.0,0.0,0,0,100.0,SUPERCLIP,335.0
90,2.9989,265.945,326.102,100.0,0.0,0,0,100.0,SUPERCLIP,335.0
91,3.0323,268.964,326.168,100.0,0.0,0,0,100.0,SUPERCLIP,335.0
92,3.0656,271.983,326.228,100.0,0.0,0,0,100.0,SUPERCLIP,335.0
93,3.0989,275.003,326.277,100.0,0.0,0,0,100.0,SUPERCLIP,335.0
94,3.1322,278.023,326.317,100.0,0.0,0,0,100.0,SUPERCLIP,335.0
95,3.1655,281.044,326.343,100.0,0.0,0,0,100.0,SUPERCLIP,335.0
96,3.1989,284.064,326.355,100.0,0.0,0,0,100.0,SUPERCLIP,335.0
97,3.2322,287.085,326.347,100.0,0.0,0,0,100.0,SUPERCLIP,335.0
98,3.2655,290.106,326.322,100.0,0.0,0,0,100.0,SUPERCLIP,335.0
99,3.2988,293.126,326.27,100.0,0.0,0,0,100.0,SUPERCLIP,335.0
100,3.3322,296.145,326.193,100.0,0.0,0,0,100.0,SUPERCLIP,335.0
101,3.3655,299.164,326.082,100.0,0.0,0,0,100.0,SUPERCLIP,335.0
102,3.3988,302.182,325.939,100.0,0.0,0,0,100.0,SUPERCLIP,335.0
103,3.4321,305.198,325.752,100.0,0.0,0,0,100.0,SUPERCLIP,335.0
104,3.4654,308.212,325.522,100.0,0.0,0,0,100.0,SUPERCLIP,335.0
105,3.4988,311.224,325.238,100.0,0.0,0,0,100.0,SUPERCLIP,335.0
106,3.5321,314.233,324.902,100.0,0.0,0,0,100.0,SUPERCLIP,335.0
107,3.5654,317.238,324.498,100.0,0.0,0,0,100.0,SUPERCLIP,335.0
108,3.5987,320.239,324.03,100.0,0.0,0,0,100.0,SUPERCLIP,335.0
109,3.632,323.236,323.482,100.0,0.0,0,0,100.0,SUPERCLIP,335.0
110,3.6654,326.227,322.859,100.0,0.0,0,0,100.0,SUPERCLIP,335.0
111,3.6987,329.212,322.14,100.0,0.0,0,0,100.0,SUPERCLIP,335.0
112,3.732,332.191,321.337,100.0,0.0,0,0,100.0,SUPERCLIP,335.0
113,3.7653,335.16,320.425,100.0,0.0,0,0,100.0,SUPERCLIP,335.0
114,3.7987,338.122,319.419,100.0,0.0,0,0,100.0,SUPERCLIP,335.0
115,3.832,341.073,318.29,100.0,0.0,0,0,100.0,SUPERCLIP,335.0
116,3.8653,344.014,317.061,100.0,0.0,0,0,100.0,SUPERCLIP,335.0
117,3.8986,346.942,315.702,100.0,0.0,0,0,100.0,SUPERCLIP,335.0
118,3.9319,349.858,314.234,100.0,0.0,0,0,100.0,SUPERCLIP,335.0
119,3.9653,352.758,312.637,100.0,0.0,0,0,100.0,SUPERCLIP,335.0
120,3.9986,355.644,310.922,0.0,0.0,0,0,100.0,SUPERCLIP,-192.35
121,4.0319,358.514,309.085,0.0,100.0,0,0,100.0,REGEN,-350.0
122,4.0652,361.365,307.124,0.0,100.0,0,0,100.0,REGEN,-350.0
123,4.0985,364.199,305.053,0.0,100.0,0,0,100.0,REGEN,-350.0
124,4.1319,367.012,302.855,0.0,100.0,0,0,100.0,REGEN,-350.0
125,4.1652,369.805,300.556,0.0,100.0,0,0,100.0,REGEN,-350.0
126,4.1985,372.576,298.147,0.0,100.0,0,0,100.0,REGEN,-350.0
127,4.2318,375.323,295.638,0.0,100.0,0,0,100.0,REGEN,-350.0
128,4.2652,378.049,293.023,0.0,100.0,0,0,100.0,REGEN,-350.0
129,4.2985,380.747,290.251,0.0,100.0,0,0,100.0,REGEN,-350.0
130,4.3318,383.42,287.339,0.0,100.0,0,0,100.0,REGEN,-350.0
131,4.3651,386.067,284.293,0.0,100.0,0,0,100.0,REGEN,-350.0
132,4.3984,388.682,281.094,0.0,100.0,0,0,100.0,REGEN,-350.0
133,4.4318,391.268,277.769,0.0,100.0,0,0,100.0,REGEN,-350.0
134,4.4651,393.825,274.325,0.0,100.0,0,0,100.0,REGEN,-350.0
135,4.4984,396.348,270.763,0.0,100.0,0,0,100.0,REGEN,-350.0
136,4.5317,398.835,267.09,0.0,100.0,0,0,100.0,REGEN,-350.0
137,4.565,401.29,263.307,0.0,100.0,0,0,100.0,REGEN,-350.0
138,4.5984,403.706,258.342,0.0,100.0,0,0,100.0,REGEN,-350.0
139,4.6317,406.074,252.769,0.0,100.0,0,0,100.0,REGEN,-350.0
140,4.665,408.386,247.352,0.0,100.0,0,0,100.0,REGEN,-350.0
141,4.6983,410.65,242.097,0.0,100.0,0,0,100.0,REGEN,-350.0
142,4.7317,412.866,236.999,0.0,100.0,0,0,100.0,REGEN,-350.0
143,4.765,415.037,232.089,0.0,100.0,0,0,100.0,REGEN,-350.0
144,4.7983,417.163,227.392,0.0,100.0,0,0,100.0,REGEN,-350.0
145,4.8316,419.247,222.893,0.0,100.0,0,0,100.0,REGEN,-350.0
146,4.8649,421.29,218.576,0.0,100.0,0,0,100.0,REGEN,-350.0
147,4.8983,423.293,214.429,0.0,100.0,0,0,100.0,REGEN,-350.0
148,4.9316,425.259,210.442,0.0,100.0,0,0,100.0,REGEN,-350.0
149,4.9649,427.189,206.602,0.0,100.0,0,0,100.0,REGEN,-350.0
150,4.9982,429.084,202.9,0.0,100.0,0,0,100.0,REGEN,-350.0
151,5.0315,430.946,199.326,0.0,100.0,0,0,100.0,REGEN,-350.0
152,5.0649,432.775,195.877,0.0,100.0,0,0,100.0,REGEN,-350.0
153,5.0982,434.573,192.551,0.0,100.0,0,0,100.0,REGEN,-350.0
154,5.1315,436.342,189.346,0.0,100.0,0,0,100.0,REGEN,-350.0
155,5.1648,438.082,186.262,0.0,100.0,0,0,100.0,REGEN,-350.0
156,5.1982,439.79,183.275,0.0,100.0,0,0,100.0,REGEN,-350.0
157,5.2315,441.471,180.401,0.0,100.0,0,0,100.0,REGEN,-350.0
158,5.2648,443.128,177.633,0.0,100.0,0,0,100.0,REGEN,-350.0
159,5.2981,444.76,174.962,0.0,100.0,0,0,100.0,REGEN,-350.0
160,5.3314,446.37,172.384,0.0,100.0,0,0,100.0,REGEN,-350.0
161,5.3648,447.954,169.911,0.0,100.0,0,0,100.0,REGEN,-350.0
162,5.3981,449.514,167.552,0.0,100.0,0,0,100.0,REGEN,-350.0
163,5.4314,451.053,165.283,0.0,100.0,0,0,100.0,REGEN,-350.0
164,5.4647,452.574,163.102,0.0,100.0,0,0,100.0,REGEN,-350.0
165,5.4981,454.077,161.01,0.0,100.0,0,0,100.0,REGEN,-350.0
166,5.5314,455.555,159.051,0.0,100.0,0,0,100.0,REGEN,-350.0
167,5.5647,457.019,157.357,0.0,100.0,0,0,100.0,REGEN,-350.0
168,5.598,458.47,155.875,0.0,100.0,0,0,100.0,REGEN,-350.0
169,5.6313,459.907,154.543,0.0,100.0,0,0,100.0,REGEN,-350.0
170,5.6647,461.33,153.213,0.0,100.0,0,0,100.0,REGEN,-350.0
171,5.698,462.742,151.945,0.0,100.0,0,0,100.0,REGEN,-350.0
172,5.7313,464.146,150.757,0.0,100.0,0,0,100.0,REGEN,-350.0
173,5.7646,465.533,149.541,0.0,100.0,0,0,100.0,REGEN,-350.0
174,5.7979,466.911,148.274,0.0,100.0,0,0,100.0,REGEN,-350.0
175,5.8313,468.279,146.96,0.0,100.0,0,0,100.0,REGEN,-350.0
176,5.8646,469.631,145.57,0.0,100.0,0,0,100.0,REGEN,-350.0
177,5.8979,470.971,144.135,0.0,100.0,0,0,100.0,REGEN,-350.0
178,5.9312,472.301,142.679,0.0,100.0,0,0,100.0,REGEN,-350.0
179,5.9646,473.613,141.268,0.0,100.0,0,0,100.0,REGEN,-350.0
180,5.9979,474.913,139.771,0.0,100.0,0,0,100.0,REGEN,-350.0
181,6.0312,476.203,138.21,0.0,100.0,0,0,100.0,REGEN,-350.0
182,6.0645,477.471,136.545,0.0,100.0,0,0,100.0,REGEN,-350.0
183,6.0978,478.727,134.867,0.0,100.0,0,0,100.0,REGEN,-350.0
184,6.1312,479.97,133.173,0.0,100.0,0,0,100.0,REGEN,-350.0
185,6.1645,481.191,131.477,0.0,100.0,0,0,100.0,REGEN,-350.0
186,6.1978,482.403,129.785,0.0,100.0,0,0,100.0,REGEN,-350.0
187,6.2311,483.595,128.114,0.0,100.0,0,0,100.0,REGEN,-350.0
188,6.2644,484.773,126.486,0.0,100.0,0,0,100.0,REGEN,-350.0
189,6.2978,485.939,124.896,0.0,100.0,0,0,100.0,REGEN,-350.0
190,6.3311,487.086,123.507,0.0,100.0,0,0,100.0,REGEN,-350.0
191,6.3644,488.227,122.187,0.0,100.0,0,0,100.0,REGEN,-350.0
192,6.3977,489.35,121.189,0.0,100.0,0,0,100.0,REGEN,-350.0
193,6.4311,490.468,120.113,0.0,100.0,0,0,100.0,REGEN,-350.0
194,6.4644,491.573,118.854,0.0,100.0,0,0,100.0,REGEN,-350.0
195,6.4977,492.667,117.545,0.0,100.0,0,0,100.0,REGEN,-350.0
196,6.531,493.749,116.182,0.0,100.0,0,0,100.0,REGEN,-350.0
197,6.5643,494.816,114.82,0.0,100.0,0,0,100.0,REGEN,-350.0
198,6.5977,495.875,113.457,0.0,100.0,0,0,100.0,REGEN,-350.0
199,6.631,496.917,112.138,0.0,100.0,0,0,100.0,REGEN,-350.0
200,6.6643,497.952,110.834,0.0,100.0,0,0,100.0,REGEN,-350.0
201,6.6976,498.969,109.601,0.0,100.0,0,0,100.0,REGEN,-350.0
202,6.7309,499.981,108.384,0.0,100.0,0,0,100.0,REGEN,-350.0
203,6.7643,500.976,107.249,0.0,100.0,0,0,100.0,REGEN,-350.0
204,6.7976,501.967,106.131,0.0,100.0,0,0,100.0,REGEN,-350.0
205,6.8309,502.941,105.098,0.0,100.0,0,0,100.0,REGEN,-350.0
206,6.8642,503.912,104.083,0.0,100.0,0,0,100.0,REGEN,-350.0
207,6.8976,504.869,103.153,0.0,100.0,0,0,100.0,REGEN,-350.0
208,6.9309,505.821,102.25,0.0,100.0,0,0,100.0,REGEN,-350.0
209,6.9642,506.762,101.41,0.0,100.0,0,0,100.0,REGEN,-350.0
210,6.9975,507.698,100.603,0.0,100.0,0,0,100.0,REGEN,-350.0
211,7.0308,508.625,99.787,0.0,100.0,0,0,100.0,REGEN,-350.0
212,7.0642,509.544,98.964,0.0,100.0,0,0,100.0,REGEN,-350.0
213,7.0975,510.457,98.111,0.0,100.0,0,0,100.0,REGEN,-350.0
214,7.1308,511.359,97.201,0.0,100.0,0,0,100.0,REGEN,-350.0
215,7.1641,512.258,96.294,0.0,100.0,0,0,100.0,REGEN,-350.0
216,7.1974,513.141,95.399,0.0,100.0,0,0,100.0,REGEN,-350.0
217,7.2308,514.024,94.504,0.0,100.0,0,0,100.0,REGEN,-350.0
218,7.2641,514.892,93.728,0.0,100.0,0,0,100.0,REGEN,-350.0
219,7.2974,515.758,92.972,0.0,100.0,0,0,100.0,REGEN,-350.0
220,7.3307,516.615,92.289,0.0,100.0,0,0,100.0,REGEN,-350.0
221,7.3641,517.466,91.667,0.0,100.0,0,0,100.0,REGEN,-350.0
222,7.3974,518.313,91.029,0.0,100.0,0,0,100.0,REGEN,-350.0
223,7.4307,519.149,90.325,0.0,100.0,0,0,100.0,REGEN,-350.0
224,7.464,519.985,89.621,0.0,100.0,0,0,100.0,REGEN,-350.0
225,7.4973,520.808,88.858,0.0,100.0,0,0,100.0,REGEN,-350.0
226,7.5307,521.628,88.081,0.0,100.0,0,0,100.0,REGEN,-350.0
227,7.564,522.441,87.355,0.0,100.0,0,0,100.0,REGEN,-189.67
228,7.5973,523.245,86.719,100.0,100.0,0,0,100.0,REGEN,251.09
229,7.6306,524.048,86.083,100.0,100.0,0,0,100.0,REGEN,691.85
230,7.6639,524.844,85.915,100.0,0.0,0,0,99.75,DEPLOY,750.0
231,7.6973,525.639,85.819,100.0,0.0,0,0,99.46,DEPLOY,750.0
232,7.7306,526.433,85.722,100.0,0.0,0,0,99.16,DEPLOY,750.0
233,7.7639,527.226,85.625,100.0,0.0,0,0,98.87,DEPLOY,750.0
234,7.7972,528.018,85.528,100.0,0.0,0,0,98.58,DEPLOY,750.0
235,7.8306,528.809,85.432,100.0,0.0,0,0,98.29,DEPLOY,750.0
236,7.8639,529.599,85.336,100.0,0.0,0,0,98.0,DEPLOY,750.0
237,7.8972,530.389,85.24,100.0,0.0,0,0,97.71,DEPLOY,750.0
238,7.9305,531.177,85.144,100.0,0.0,0,0,97.41,DEPLOY,750.0
239,7.9638,531.965,85.048,100.0,0.0,0,0,97.12,DEPLOY,750.0
240,7.9972,532.754,85.181,100.0,0.0,0,0,96.83,DEPLOY,750.0
241,8.0305,533.544,85.383,100.0,0.0,0,0,96.54,DEPLOY,750.0
242,8.0638,534.334,85.586,100.0,0.0,0,0,96.25,DEPLOY,750.0
243,8.0971,535.128,85.789,100.0,0.0,0,0,95.96,DEPLOY,750.0
244,8.1305,535.922,85.992,100.0,0.0,0,0,95.67,DEPLOY,750.0
245,8.1638,536.72,86.197,100.0,0.0,0,0,95.38,DEPLOY,750.0
246,8.1971,537.519,86.402,100.0,0.0,0,0,95.1,DEPLOY,750.0
247,8.2304,538.319,86.607,100.0,0.0,0,0,94.81,DEPLOY,750.0
248,8.2637,539.122,86.814,100.0,0.0,0,0,94.53,DEPLOY,750.0
249,8.2971,539.926,87.02,100.0,0.0,0,0,94.24,DEPLOY,750.0
250,8.3304,540.733,87.227,100.0,0.0,0,0,93.96,DEPLOY,750.0
251,8.3637,541.541,87.434,100.0,0.0,0,0,93.67,DEPLOY,750.0
252,8.397,542.351,87.642,100.0,0.0,0,0,93.39,DEPLOY,750.0
253,8.4303,543.164,87.85,100.0,0.0,0,0,93.1,DEPLOY,750.0
254,8.4637,543.977,88.058,100.0,0.0,0,0,92.82,DEPLOY,750.0
255,8.497,544.794,88.268,100.0,0.0,0,0,92.54,DEPLOY,750.0
256,8.5303,545.612,88.478,100.0,0.0,0,0,92.26,DEPLOY,750.0
257,8.5636,546.431,88.688,100.0,0.0,0,0,91.98,DEPLOY,750.0
258,8.597,547.254,88.899,100.0,0.0,0,0,91.69,DEPLOY,750.0
259,8.6303,548.076,89.11,100.0,0.0,0,0,91.41,DEPLOY,750.0
260,8.6636,548.903,89.322,100.0,0.0,0,0,91.13,DEPLOY,750.0
261,8.6969,549.731,89.534,100.0,0.0,0,0,90.85,DEPLOY,750.0
262,8.7302,550.56,89.747,100.0,0.0,0,0,90.56,DEPLOY,750.0
263,8.7636,551.392,89.96,100.0,0.0,0,0,90.28,DEPLOY,750.0
264,8.7969,552.225,90.173,100.0,0.0,0,0,89.99,DEPLOY,750.0
265,8.8302,553.062,90.388,100.0,0.0,0,0,89.7,DEPLOY,750.0
266,8.8635,553.899,90.603,100.0,0.0,0,0,89.42,DEPLOY,750.0
267,8.8968,554.739,90.818,100.0,0.0,0,0,89.13,DEPLOY,750.0
268,8.9302,555.58,91.034,100.0,0.0,0,0,88.84,DEPLOY,750.0
269,8.9635,556.424,91.335,100.0,0.0,0,0,88.55,DEPLOY,750.0
270,8.9968,557.274,91.821,100.0,0.0,0,0,88.26,DEPLOY,750.0
271,9.0301,558.123,92.306,100.0,0.0,0,0,87.96,DEPLOY,750.0
272,9.0635,558.982,92.798,100.0,0.0,0,0,87.67,DEPLOY,750.0
273,9.0968,559.842,93.29,100.0,0.0,0,0,87.38,DEPLOY,750.0
274,9.1301,560.709,93.786,100.0,0.0,0,0,87.1,DEPLOY,750.0
275,9.1634,561.579,94.284,100.0,0.0,0,0,86.81,DEPLOY,750.0
276,9.1967,562.453,94.784,100.0,0.0,0,0,86.52,DEPLOY,750.0
277,9.2301,563.334,95.289,100.0,0.0,0,0,86.23,DEPLOY,750.0
278,9.2634,564.216,95.794,100.0,0.0,0,0,85.95,DEPLOY,750.0
279,9.2967,565.108,96.304,100.0,0.0,0,0,85.66,DEPLOY,750.0
280,9.33,565.999,96.814,100.0,0.0,0,0,85.37,DEPLOY,750.0
281,9.3633,566.9,97.329,100.0,0.0,0,0,85.08,DEPLOY,750.0
282,9.3967,567.802,97.845,100.0,0.0,0,0,84.79,DEPLOY,750.0
283,9.43,568.711,98.365,100.0,0.0,0,0,84.5,DEPLOY,750.0
284,9.4633,569.623,98.887,100.0,0.0,0,0,84.21,DEPLOY,750.0
285,9.4966,570.541,99.412,100.0,0.0,0,0,83.92,DEPLOY,750.0
286,9.53,571.464,99.94,100.0,0.0,0,0,83.64,DEPLOY,750.0
287,9.5633,572.39,100.47,100.0,0.0,0,0,83.35,DEPLOY,750.0
288,9.5966,573.324,101.004,100.0,0.0,0,0,83.07,DEPLOY,750.0
289,9.6299,574.259,101.539,100.0,0.0,0,0,82.78,DEPLOY,750.0
290,9.6632,575.204,102.08,100.0,0.0,0,0,82.5,DEPLOY,750.0
291,9.6966,576.149,102.621,100.0,0.0,0,0,82.22,DEPLOY,750.0
292,9.7299,577.104,103.168,100.0,0.0,0,0,81.93,DEPLOY,750.0
293,9.7632,578.059,103.715,100.0,0.0,0,0,81.64,DEPLOY,750.0
294,9.7965,579.024,104.267,100.0,0.0,0,0,81.36,DEPLOY,750.0
295,9.8298,579.989,104.82,100.0,0.0,0,0,81.07,DEPLOY,750.0
296,9.8632,580.962,105.163,100.0,0.0,0,0,80.77,DEPLOY,750.0
297,9.8965,581.936,105.462,100.0,0.0,0,0,80.48,DEPLOY,750.0
298,9.9298,582.916,105.916,100.0,0.0,0,0,80.19,DEPLOY,750.0
299,9.9631,583.897,106.416,100.0,0.0,0,0,79.9,DEPLOY,750.0
300,9.9965,584.887,107.087,100.0,0.0,0,0,79.61,DEPLOY,750.0
301,10.0298,585.88,107.822,100.0,0.0,0,0,79.32,DEPLOY,750.0
302,10.0631,586.886,108.86,100.0,0.0,0,0,79.02,DEPLOY,750.0
303,10.0964,587.896,110.019,100.0,0.0,0,0,78.73,DEPLOY,750.0
304,10.1297,588.921,111.074,100.0,0.0,0,0,78.44,DEPLOY,750.0
305,10.1631,589.952,112.091,100.0,0.0,0,0,78.15,DEPLOY,750.0
306,10.1964,590.992,112.637,100.0,0.0,0,0,77.86,DEPLOY,750.0
307,10.2297,592.035,113.062,100.0,0.0,0,0,77.58,DEPLOY,750.0
308,10.263,593.085,113.428,100.0,0.0,0,0,77.29,DEPLOY,750.0
309,10.2963,594.135,113.786,100.0,0.0,0,0,77.01,DEPLOY,750.0
310,10.3297,595.19,114.071,100.0,0.0,0,0,76.73,DEPLOY,750.0
311,10.363,596.247,114.348,100.0,0.0,0,0,76.45,DEPLOY,750.0
312,10.3963,597.307,114.55,100.0,0.0,0,0,76.18,DEPLOY,750.0
313,10.4296,598.367,114.737,100.0,0.0,0,0,75.9,DEPLOY,637.64
314,10.463,599.43,114.855,100.0,0.0,0,0,75.63,DEPLOY,53.08
315,10.4963,600.493,114.947,0.0,100.0,0,0,75.53,REGEN,-350.0
316,10.5296,601.557,114.98,0.0,100.0,0,0,75.8,REGEN,-350.0
317,10.5629,602.621,114.974,0.0,100.0,0,0,76.06,REGEN,-350.0
318,10.5962,603.685,114.919,0.0,100.0,0,0,76.33,REGEN,-350.0
319,10.6296,604.748,114.815,0.0,100.0,0,0,76.6,REGEN,-350.0
320,10.6629,605.81,114.67,0.0,100.0,0,0,76.87,REGEN,-350.0
321,10.6962,606.87,114.467,0.0,100.0,0,0,77.14,REGEN,-350.0
322,10.7295,607.929,114.234,0.0,100.0,0,0,77.41,REGEN,-350.0
323,10.7628,608.985,113.931,0.0,100.0,0,0,77.68,REGEN,-350.0
324,10.7962,610.039,113.608,0.0,100.0,0,0,77.95,REGEN,-350.0
325,10.8295,611.087,113.206,0.0,100.0,0,0,78.23,REGEN,-350.0
326,10.8628,612.134,112.794,0.0,100.0,0,0,78.51,REGEN,-350.0
327,10.8961,613.174,112.301,0.0,100.0,0,0,78.79,REGEN,-350.0
328,10.9295,614.213,111.802,0.0,100.0,0,0,79.07,REGEN,-350.0
329,10.9628,615.243,111.232,0.0,100.0,0,0,79.35,REGEN,-350.0
330,10.9961,616.272,110.656,0.0,100.0,0,0,79.64,REGEN,-350.0
331,11.0294,617.291,110.021,0.0,100.0,0,0,79.92,REGEN,-350.0
332,11.0627,618.308,109.38,0.0,100.0,0,0,80.21,REGEN,-350.0
333,11.0961,619.315,108.694,0.0,100.0,0,0,80.5,REGEN,-350.0
334,11.1294,620.32,107.95,0.0,100.0,0,0,80.79,REGEN,-350.0
335,11.1627,621.311,106.889,0.0,100.0,0,0,81.08,REGEN,-350.0
336,11.196,622.299,105.809,0.0,100.0,0,0,81.37,REGEN,-350.0
337,11.2294,623.268,104.613,0.0,100.0,0,0,81.66,REGEN,-350.0
338,11.2627,624.236,103.421,0.0,100.0,0,0,81.95,REGEN,-350.0
339,11.296,625.183,102.298,0.0,100.0,0,0,82.24,REGEN,-350.0
340,11.3293,626.13,101.174,0.0,100.0,0,0,82.54,REGEN,-350.0
341,11.3626,627.057,100.152,0.0,100.0,0,0,82.83,REGEN,-350.0
342,11.396,627.982,99.135,0.0,100.0,0,0,83.12,REGEN,-350.0
343,11.4293,628.893,98.22,0.0,100.0,0,0,83.41,REGEN,-350.0
344,11.4626,629.8,97.331,0.0,100.0,0,0,83.7,REGEN,-350.0
345,11.4959,630.696,96.523,0.0,100.0,0,0,83.99,REGEN,-350.0
346,11.5292,631.586,95.772,0.0,100.0,0,0,84.28,REGEN,-350.0
347,11.5626,632.471,95.063,0.0,100.0,0,0,84.58,REGEN,-350.0
348,11.5959,633.346,94.44,0.0,100.0,0,0,84.87,REGEN,-350.0
349,11.6292,634.221,93.823,0.0,100.0,0,0,85.16,REGEN,-328.58
350,11.6625,635.084,93.337,100.0,100.0,0,0,85.45,REGEN,145.61
351,11.6959,635.947,92.85,100.0,100.0,0,0,85.74,REGEN,619.8
352,11.7292,636.805,92.558,100.0,0.0,0,0,85.61,DEPLOY,750.0
353,11.7625,637.661,92.34,100.0,0.0,0,0,85.32,DEPLOY,750.0
354,11.7958,638.516,92.163,100.0,0.0,0,0,85.03,DEPLOY,750.0
355,11.8291,639.368,92.052,100.0,0.0,0,0,84.74,DEPLOY,750.0
356,11.8625,640.22,91.94,100.0,0.0,0,0,84.44,DEPLOY,750.0
357,11.8958,641.07,91.829,100.0,0.0,0,0,84.15,DEPLOY,750.0
358,11.9291,641.92,91.718,100.0,0.0,0,0,83.86,DEPLOY,750.0
359,11.9624,642.768,91.607,100.0,0.0,0,0,83.57,DEPLOY,750.0
360,11.9957,643.615,91.496,100.0,0.0,0,0,83.28,DEPLOY,750.0
361,12.0291,644.462,91.386,100.0,0.0,0,0,82.99,DEPLOY,750.0
362,12.0624,645.307,91.276,100.0,0.0,0,0,82.7,DEPLOY,750.0
363,12.0957,646.152,91.166,100.0,0.0,0,0,82.4,DEPLOY,750.0
364,12.129,646.994,91.036,100.0,0.0,0,0,82.11,DEPLOY,750.0
365,12.1624,647.837,90.903,100.0,0.0,0,0,81.82,DEPLOY,750.0
366,12.1957,648.677,90.772,100.0,0.0,0,0,81.53,DEPLOY,750.0
367,12.229,649.517,90.64,100.0,0.0,0,0,81.24,DEPLOY,750.0
368,12.2623,650.356,90.509,100.0,0.0,0,0,80.95,DEPLOY,750.0
369,12.2956,651.192,90.377,100.0,0.0,0,0,80.66,DEPLOY,750.0
370,12.329,652.029,90.246,100.0,0.0,0,0,80.37,DEPLOY,750.0
371,12.3623,652.862,90.041,100.0,0.0,0,0,80.08,DEPLOY,750.0
372,12.3956,653.694,89.809,100.0,0.0,0,0,79.79,DEPLOY,750.0
373,12.4289,654.526,89.616,100.0,0.0,0,0,79.5,DEPLOY,750.0
374,12.4622,655.354,89.511,100.0,0.0,0,0,79.21,DEPLOY,750.0
375,12.4956,656.183,89.406,100.0,0.0,0,0,78.92,DEPLOY,750.0
376,12.5289,657.009,89.301,100.0,0.0,0,0,78.63,DEPLOY,750.0
377,12.5622,657.836,89.196,100.0,0.0,0,0,78.33,DEPLOY,750.0
378,12.5955,658.661,89.091,100.0,0.0,0,0,78.04,DEPLOY,750.0
379,12.6289,659.485,88.986,100.0,0.0,0,0,77.75,DEPLOY,750.0
380,12.6622,660.309,88.881,100.0,0.0,0,0,77.46,DEPLOY,750.0
381,12.6955,661.13,88.778,100.0,0.0,0,0,77.17,DEPLOY,750.0
382,12.7288,661.952,88.674,100.0,0.0,0,0,76.88,DEPLOY,750.0
383,12.7621,662.774,88.724,100.0,0.0,0,0,76.59,DEPLOY,750.0
384,12.7955,663.596,88.877,100.0,0.0,0,0,76.29,DEPLOY,750.0
385,12.8288,664.419,89.087,100.0,0.0,0,0,76.0,DEPLOY,750.0
386,12.8621,665.248,89.586,100.0,0.0,0,0,75.71,DEPLOY,750.0
387,12.8954,666.078,90.085,100.0,0.0,0,0,75.42,DEPLOY,750.0
388,12.9287,666.917,90.71,100.0,0.0,0,0,75.13,DEPLOY,750.0
389,12.9621,667.759,91.378,100.0,0.0,0,0,74.84,DEPLOY,750.0
390,12.9954,668.607,92.084,100.0,0.0,0,0,74.54,DEPLOY,750.0
391,13.0287,669.465,92.856,100.0,0.0,0,0,74.25,DEPLOY,750.0
392,13.062,670.324,93.63,100.0,0.0,0,0,73.96,DEPLOY,750.0
393,13.0954,671.199,94.465,100.0,0.0,0,0,73.67,DEPLOY,750.0
394,13.1287,672.074,95.299,100.0,0.0,0,0,73.38,DEPLOY,750.0
395,13.162,672.963,96.164,100.0,0.0,0,0,73.09,DEPLOY,750.0
396,13.1953,673.856,97.04,100.0,0.0,0,0,72.79,DEPLOY,750.0
397,13.2286,674.758,97.935,100.0,0.0,0,0,72.5,DEPLOY,750.0
398,13.262,675.67,98.851,100.0,0.0,0,0,72.21,DEPLOY,750.0
399,13.2953,676.587,99.781,100.0,0.0,0,0,71.92,DEPLOY,750.0
400,13.3286,677.518,100.744,100.0,0.0,0,0,71.63,DEPLOY,750.0
401,13.3619,678.451,101.715,100.0,0.0,0,0,71.34,DEPLOY,750.0
402,13.3952,679.401,102.73,100.0,0.0,0,0,71.05,DEPLOY,750.0
403,13.4286,680.352,103.749,100.0,0.0,0,0,70.75,DEPLOY,750.0
404,13.4619,681.322,104.819,100.0,0.0,0,0,70.46,DEPLOY,750.0
405,13.4952,682.292,105.89,100.0,0.0,0,0,70.17,DEPLOY,750.0
406,13.5285,683.283,107.016,100.0,0.0,0,0,69.88,DEPLOY,750.0
407,13.5619,684.273,108.143,100.0,0.0,0,0,69.59,DEPLOY,750.0
408,13.5952,685.285,109.33,100.0,0.0,0,0,69.3,DEPLOY,750.0
409,13.6285,686.297,110.519,100.0,0.0,0,0,69.0,DEPLOY,750.0
410,13.6618,687.33,111.677,100.0,0.0,0,0,68.71,DEPLOY,750.0
411,13.6951,688.365,112.838,100.0,0.0,0,0,68.42,DEPLOY,750.0
412,13.7285,689.42,114.077,100.0,0.0,0,0,68.13,DEPLOY,750.0
413,13.7618,690.478,115.346,100.0,0.0,0,0,67.84,DEPLOY,750.0
414,13.7951,691.556,116.776,100.0,0.0,0,0,67.55,DEPLOY,750.0
415,13.8284,692.641,118.215,100.0,0.0,0,0,67.26,DEPLOY,750.0
416,13.8618,693.743,119.679,100.0,0.0,0,0,66.96,DEPLOY,750.0
417,13.8951,694.857,121.031,100.0,0.0,0,0,66.67,DEPLOY,750.0
418,13.9284,695.982,122.264,100.0,0.0,0,0,66.38,DEPLOY,750.0
419,13.9617,697.121,123.506,100.0,0.0,0,0,66.09,DEPLOY,750.0
420,13.995,698.266,124.751,100.0,0.0,0,0,65.8,DEPLOY,750.0
421,14.0284,699.43,126.012,100.0,0.0,0,0,65.51,DEPLOY,750.0
422,14.0617,700.6,127.273,100.0,0.0,0,0,65.21,DEPLOY,750.0
423,14.095,701.785,128.532,100.0,0.0,0,0,64.92,DEPLOY,750.0
424,14.1283,702.981,129.796,100.0,0.0,0,0,64.63,DEPLOY,750.0
425,14.1616,704.186,131.064,100.0,0.0,0,0,64.34,DEPLOY,750.0
426,14.195,705.408,132.339,100.0,0.0,0,0,64.05,DEPLOY,750.0
427,14.2283,706.637,133.615,100.0,0.0,0,0,63.76,DEPLOY,750.0
428,14.2616,707.88,134.894,100.0,0.0,0,0,63.46,DEPLOY,750.0
429,14.2949,709.135,136.175,100.0,0.0,0,0,63.17,DEPLOY,750.0
430,14.3283,710.399,137.458,100.0,0.0,0,0,62.88,DEPLOY,750.0
431,14.3616,711.68,138.744,100.0,0.0,0,0,62.59,DEPLOY,750.0
432,14.3949,712.97,140.031,100.0,0.0,0,0,62.3,DEPLOY,750.0
433,14.4282,714.269,141.32,100.0,0.0,0,0,62.01,DEPLOY,750.0
434,14.4615,715.586,142.611,100.0,0.0,0,0,61.72,DEPLOY,750.0
435,14.4949,716.911,143.904,100.0,0.0,0,0,61.42,DEPLOY,750.0
436,14.5282,718.247,145.198,100.0,0.0,0,0,61.13,DEPLOY,750.0
437,14.5615,719.6,146.493,100.0,0.0,0,0,60.84,DEPLOY,750.0
438,14.5948,720.961,147.788,100.0,0.0,0,0,60.55,DEPLOY,750.0
439,14.6281,722.332,149.083,100.0,0.0,0,0,60.26,DEPLOY,750.0
440,14.6615,723.721,150.374,100.0,0.0,0,0,59.97,DEPLOY,750.0
441,14.6948,725.119,151.661,100.0,0.0,0,0,59.67,DEPLOY,750.0
442,14.7281,726.527,152.943,100.0,0.0,0,0,59.38,DEPLOY,750.0
443,14.7614,727.949,154.215,100.0,0.0,0,0,59.09,DEPLOY,750.0
444,14.7948,729.383,155.474,100.0,0.0,0,0,58.8,DEPLOY,750.0
445,14.8281,730.828,156.731,100.0,0.0,0,0,58.51,DEPLOY,750.0
446,14.8614,732.282,157.989,100.0,0.0,0,0,58.22,DEPLOY,750.0
447,14.8947,733.752,159.205,100.0,0.0,0,0,57.93,DEPLOY,750.0
448,14.928,735.233,160.659,100.0,0.0,0,0,57.63,DEPLOY,750.0
449,14.9614,736.726,162.263,100.0,0.0,0,0,57.34,DEPLOY,750.0
450,14.9947,738.234,163.86,100.0,0.0,0,0,57.05,DEPLOY,750.0
451,15.028,739.76,165.448,100.0,0.0,0,0,56.76,DEPLOY,750.0
452,15.0613,741.299,167.03,100.0,0.0,0,0,56.47,DEPLOY,750.0
453,15.0946,742.852,168.606,100.0,0.0,0,0,56.18,DEPLOY,750.0
454,15.128,744.418,170.175,100.0,0.0,0,0,55.88,DEPLOY,750.0
455,15.1613,746.002,171.736,100.0,0.0,0,0,55.59,DEPLOY,750.0
456,15.1946,747.599,173.29,100.0,0.0,0,0,55.3,DEPLOY,750.0
457,15.2279,749.211,174.834,100.0,0.0,0,0,55.01,DEPLOY,750.0
458,15.2613,750.835,176.342,100.0,0.0,0,0,54.72,DEPLOY,750.0
459,15.2946,752.473,177.789,100.0,0.0,0,0,54.43,DEPLOY,750.0
460,15.3279,754.125,179.231,100.0,0.0,0,0,54.14,DEPLOY,750.0
461,15.3612,755.792,180.672,100.0,0.0,0,0,53.84,DEPLOY,750.0
462,15.3945,757.471,182.111,100.0,0.0,0,0,53.55,DEPLOY,750.0
463,15.4279,759.164,183.546,100.0,0.0,0,0,53.26,DEPLOY,750.0
464,15.4612,760.869,184.978,100.0,0.0,0,0,52.97,DEPLOY,750.0
465,15.4945,762.587,186.406,100.0,0.0,0,0,52.68,DEPLOY,750.0
466,15.5278,764.318,187.829,100.0,0.0,0,0,52.39,DEPLOY,750.0
467,15.5611,766.064,189.245,100.0,0.0,0,0,52.1,DEPLOY,750.0
468,15.5945,767.822,190.654,100.0,0.0,0,0,51.81,DEPLOY,750.0
469,15.6278,769.594,192.056,100.0,0.0,0,0,51.52,DEPLOY,750.0
470,15.6611,771.378,193.449,100.0,0.0,0,0,51.23,DEPLOY,750.0
471,15.6944,773.175,194.834,100.0,0.0,0,0,50.94,DEPLOY,750.0
472,15.7278,774.985,196.209,100.0,0.0,0,0,50.65,DEPLOY,750.0
473,15.7611,776.807,197.573,100.0,0.0,0,0,50.36,DEPLOY,750.0
474,15.7944,778.641,198.927,100.0,0.0,0,0,50.07,DEPLOY,749.29
475,15.8277,780.488,200.268,100.0,0.0,0,0,49.78,DEPLOY,745.1
476,15.861,782.348,201.597,100.0,0.0,0,0,49.49,DEPLOY,740.1
477,15.8944,784.22,202.912,100.0,0.0,0,0,49.21,DEPLOY,735.13
478,15.9277,786.104,204.213,100.0,0.0,0,0,48.93,DEPLOY,730.18
479,15.961,788.001,205.499,100.0,0.0,0,0,48.66,DEPLOY,725.27
480,15.9943,789.909,206.77,100.0,0.0,0,0,48.39,DEPLOY,720.38
481,16.0276,791.829,208.026,100.0,0.0,0,0,48.12,DEPLOY,715.53
482,16.061,793.76,209.265,100.0,0.0,0,0,47.86,DEPLOY,710.78
483,16.0943,795.703,210.488,100.0,0.0,0,0,47.61,DEPLOY,706.14
484,16.1276,797.657,211.694,100.0,0.0,0,0,47.35,DEPLOY,701.62
485,16.1609,799.622,212.883,100.0,0.0,0,0,47.11,DEPLOY,697.2
486,16.1943,801.598,214.055,100.0,0.0,0,0,46.86,DEPLOY,692.89
487,16.2276,803.584,215.209,100.0,0.0,0,0,46.62,DEPLOY,688.68
488,16.2609,805.581,216.345,100.0,0.0,0,0,46.38,DEPLOY,684.56
489,16.2942,807.589,217.462,100.0,0.0,0,0,46.14,DEPLOY,680.54
490,16.3275,809.607,218.562,100.0,0.0,0,0,45.91,DEPLOY,676.62
491,16.3609,811.635,219.643,100.0,0.0,0,0,45.68,DEPLOY,672.78
492,16.3942,813.673,220.706,100.0,0.0,0,0,45.46,DEPLOY,669.02
493,16.4275,815.72,221.75,100.0,0.0,0,0,45.24,DEPLOY,665.35
494,16.4608,817.778,222.775,100.0,0.0,0,0,45.02,DEPLOY,661.76
495,16.4942,819.844,223.782,100.0,0.0,0,0,44.8,DEPLOY,658.25
496,16.5275,821.92,224.77,100.0,0.0,0,0,44.59,DEPLOY,654.82
497,16.5608,824.005,225.74,100.0,0.0,0,0,44.38,DEPLOY,651.46
498,16.5941,826.098,226.691,100.0,0.0,0,0,44.17,DEPLOY,648.17
499,16.6274,828.201,227.625,100.0,0.0,0,0,43.97,DEPLOY,644.96
500,16.6608,830.312,228.54,100.0,0.0,0,0,43.76,DEPLOY,641.81
501,16.6941,832.431,229.436,100.0,0.0,0,0,43.56,DEPLOY,638.73
502,16.7274,834.559,230.315,100.0,0.0,0,0,43.37,DEPLOY,635.72
503,16.7607,836.695,231.176,100.0,0.0,0,0,43.17,DEPLOY,632.77
504,16.794,838.839,232.02,100.0,0.0,0,0,42.98,DEPLOY,629.89
505,16.8274,840.991,232.847,100.0,0.0,0,0,42.79,DEPLOY,627.06
506,16.8607,843.15,233.657,100.0,0.0,0,0,42.6,DEPLOY,624.29
507,16.894,845.316,234.451,100.0,0.0,0,0,42.42,DEPLOY,621.58
508,16.9273,847.49,235.229,100.0,0.0,0,0,42.23,DEPLOY,618.93
509,16.9607,849.67,235.991,100.0,0.0,0,0,42.05,DEPLOY,616.33
510,16.994,851.858,236.737,100.0,0.0,0,0,41.87,DEPLOY,613.78
511,17.0273,854.053,237.469,100.0,0.0,0,0,41.69,DEPLOY,611.29
512,17.0606,856.254,238.185,100.0,0.0,0,0,41.52,DEPLOY,608.84
513,17.0939,858.462,238.886,100.0,0.0,0,0,41.35,DEPLOY,606.45
514,17.1273,860.676,239.573,100.0,0.0,0,0,41.18,DEPLOY,604.11
515,17.1606,862.897,240.245,100.0,0.0,0,0,41.01,DEPLOY,601.82
516,17.1939,865.124,240.904,100.0,0.0,0,0,40.84,DEPLOY,599.57
517,17.2272,867.357,241.55,100.0,0.0,0,0,40.67,DEPLOY,597.36
518,17.2605,869.595,242.183,100.0,0.0,0,0,40.51,DEPLOY,595.2
519,17.2939,871.84,242.803,100.0,0.0,0,0,40.35,DEPLOY,593.09
520,17.3272,874.09,243.411,100.0,0.0,0,0,40.19,DEPLOY,591.01
521,17.3605,876.345,244.006,100.0,0.0,0,0,40.03,DEPLOY,588.98
522,17.3938,878.607,244.589,100.0,0.0,0,0,39.87,DEPLOY,586.99
523,17.4272,880.873,245.161,100.0,0.0,0,0,39.72,DEPLOY,585.04
524,17.4605,883.145,245.722,100.0,0.0,0,0,39.57,DEPLOY,583.13
525,17.4938,885.422,246.272,100.0,0.0,0,0,39.41,DEPLOY,581.25
526,17.5271,887.704,246.811,100.0,0.0,0,0,39.26,DEPLOY,579.41
527,17.5604,889.991,247.341,100.0,0.0,0,0,39.11,DEPLOY,577.61
528,17.5938,892.282,247.861,100.0,0.0,0,0,38.97,DEPLOY,575.84
529,17.6271,894.579,248.371,100.0,0.0,0,0,38.82,DEPLOY,574.11
530,17.6604,896.881,248.872,100.0,0.0,0,0,38.68,DEPLOY,572.42
531,17.6937,899.187,249.365,100.0,0.0,0,0,38.53,DEPLOY,570.75
532,17.727,901.497,249.85,100.0,0.0,0,0,38.39,DEPLOY,569.12
533,17.7604,903.812,250.327,100.0,0.0,0,0,38.25,DEPLOY,567.52
534,17.7937,906.131,250.797,100.0,0.0,0,0,38.11,DEPLOY,565.95
535,17.827,908.454,251.261,100.0,0.0,0,0,37.98,DEPLOY,564.41
536,17.8603,910.782,251.718,100.0,0.0,0,0,37.84,DEPLOY,562.91
537,17.8937,913.114,252.17,100.0,0.0,0,0,37.7,DEPLOY,561.43
538,17.927,915.45,252.617,100.0,0.0,0,0,37.57,DEPLOY,559.98
539,17.9603,917.791,253.06,100.0,0.0,0,0,37.44,DEPLOY,558.55
540,17.9936,920.135,253.499,100.0,0.0,0,0,37.3,DEPLOY,557.16
541,18.0269,922.483,253.936,100.0,0.0,0,0,37.17,DEPLOY,555.79
542,18.0603,924.836,254.37,100.0,0.0,0,0,37.04,DEPLOY,554.45
543,18.0936,927.192,254.804,100.0,0.0,0,0,36.92,DEPLOY,553.13
544,18.1269,929.553,255.237,100.0,0.0,0,0,36.79,DEPLOY,551.84
545,18.1602,931.917,255.67,100.0,0.0,0,0,36.66,DEPLOY,550.57
546,18.1935,934.285,256.104,100.0,0.0,0,0,36.54,DEPLOY,549.33
547,18.2269,936.658,256.523,100.0,0.0,0,0,36.41,DEPLOY,548.11
548,18.2602,939.034,256.863,100.0,0.0,0,0,36.29,DEPLOY,546.92
549,18.2935,941.413,257.191,100.0,0.0,0,0,36.17,DEPLOY,545.75
550,18.3268,943.795,257.513,100.0,0.0,0,0,36.05,DEPLOY,544.6
551,18.3602,946.18,257.829,100.0,0.0,0,0,35.93,DEPLOY,543.47
552,18.3935,948.568,258.139,100.0,0.0,0,0,35.81,DEPLOY,542.36
553,18.4268,950.959,258.443,100.0,0.0,0,0,35.69,DEPLOY,541.28
554,18.4601,953.352,258.741,100.0,0.0,0,0,35.57,DEPLOY,540.21
555,18.4934,955.748,259.033,100.0,0.0,0,0,35.45,DEPLOY,539.17
556,18.5268,958.147,259.32,100.0,0.0,0,0,35.34,DEPLOY,538.14
557,18.5601,960.549,259.601,100.0,0.0,0,0,35.22,DEPLOY,537.14
558,18.5934,962.953,259.877,100.0,0.0,0,0,35.11,DEPLOY,536.15
559,18.6267,965.36,260.148,100.0,0.0,0,0,35.0,DEPLOY,535.18
560,18.66,967.769,260.414,100.0,0.0,0,0,34.88,DEPLOY,534.24
561,18.6934,970.182,261.1,100.0,0.0,0,0,34.77,DEPLOY,531.79
562,18.7267,972.603,261.933,100.0,0.0,0,0,34.66,DEPLOY,528.81
563,18.76,975.031,262.757,100.0,0.0,0,0,34.55,DEPLOY,525.86
564,18.7933,977.467,263.563,100.0,0.0,0,0,34.45,DEPLOY,522.98
565,18.8267,979.91,264.33,100.0,0.0,0,0,34.35,DEPLOY,520.25
566,18.86,982.36,265.07,100.0,0.0,0,0,34.25,DEPLOY,517.61
567,18.8933,984.817,265.81,100.0,0.0,0,0,34.15,DEPLOY,514.96
568,18.9266,987.281,266.557,100.0,0.0,0,0,34.05,DEPLOY,512.3
569,18.9599,989.752,267.31,100.0,0.0,0,0,33.96,DEPLOY,509.61
570,18.9933,992.229,268.059,100.0,0.0,0,0,33.87,DEPLOY,506.93
571,19.0266,994.714,268.797,100.0,0.0,0,0,33.78,DEPLOY,504.3
572,19.0599,997.205,269.524,100.0,0.0,0,0,33.69,DEPLOY,501.7
573,19.0932,999.703,270.195,100.0,0.0,0,0,33.61,DEPLOY,499.2
574,19.1266,1002.207,270.813,100.0,0.0,0,0,33.53,DEPLOY,496.83
575,19.1599,1004.716,271.429,100.0,0.0,0,0,33.45,DEPLOY,494.5
576,19.1932,1007.232,272.046,100.0,0.0,0,0,33.37,DEPLOY,492.21
577,19.2265,1009.752,272.664,100.0,0.0,0,0,33.29,DEPLOY,489.94
578,19.2598,1012.279,273.281,100.0,0.0,0,0,33.22,DEPLOY,487.71
579,19.2932,1014.811,273.898,100.0,0.0,0,0,33.14,DEPLOY,485.5
580,19.3265,1017.349,274.513,100.0,0.0,0,0,33.07,DEPLOY,483.32
581,19.3598,1019.893,275.125,100.0,0.0,0,0,33.0,DEPLOY,481.17
582,19.3931,1022.442,275.736,100.0,0.0,0,0,32.94,DEPLOY,479.05
583,19.4264,1024.998,276.343,100.0,0.0,0,0,32.87,DEPLOY,476.96
584,19.4598,1027.558,276.946,100.0,0.0,0,0,32.81,DEPLOY,474.89
585,19.4931,1030.124,277.546,100.0,0.0,0,0,32.75,DEPLOY,472.85
586,19.5264,1032.696,278.141,100.0,0.0,0,0,32.69,DEPLOY,470.83
587,19.5597,1035.273,278.731,100.0,0.0,0,0,32.63,DEPLOY,468.85
588,19.5931,1037.856,279.317,100.0,0.0,0,0,32.57,DEPLOY,466.88
589,19.6264,1040.444,279.897,100.0,0.0,0,0,32.51,DEPLOY,464.94
590,19.6597,1043.037,280.472,100.0,0.0,0,0,32.46,DEPLOY,463.02
591,19.693,1045.636,281.041,100.0,0.0,0,0,32.41,DEPLOY,461.13
592,19.7263,1048.24,281.605,100.0,0.0,0,0,32.36,DEPLOY,459.26
593,19.7597,1050.849,282.162,100.0,0.0,0,0,32.31,DEPLOY,457.42
594,19.793,1053.463,282.713,100.0,0.0,0,0,32.26,DEPLOY,455.6
595,19.8263,1056.082,283.259,100.0,0.0,0,0,32.21,DEPLOY,453.8
596,19.8596,1058.707,283.798,100.0,0.0,0,0,32.17,DEPLOY,452.02
597,19.8929,1061.336,284.332,100.0,0.0,0,0,32.13,DEPLOY,450.26
598,19.9263,1063.97,284.859,100.0,0.0,0,0,32.09,DEPLOY,448.53
599,19.9596,1066.609,285.38,100.0,0.0,0,0,32.05,DEPLOY,446.82
600,19.9929,1069.253,285.895,100.0,0.0,0,0,32.01,DEPLOY,445.12
601,20.0262,1071.902,286.404,100.0,0.0,0,0,31.97,DEPLOY,443.45
602,20.0596,1074.555,286.907,100.0,0.0,0,0,31.93,DEPLOY,441.8
603,20.0929,1077.213,287.404,100.0,0.0,0,0,31.9,DEPLOY,440.17
604,20.1262,1079.875,287.895,100.0,0.0,0,0,31.87,DEPLOY,438.56
605,20.1595,1082.542,288.381,100.0,0.0,0,0,31.83,DEPLOY,436.96
606,20.1928,1085.214,288.86,100.0,0.0,0,0,31.8,DEPLOY,435.39
607,20.2262,1087.89,289.335,100.0,0.0,0,0,31.77,DEPLOY,433.84
608,20.2595,1090.57,289.803,100.0,0.0,0,0,31.75,DEPLOY,432.3
609,20.2928,1093.255,290.266,100.0,0.0,0,0,31.72,DEPLOY,430.78
610,20.3261,1095.943,290.723,100.0,0.0,0,0,31.69,DEPLOY,429.28
611,20.3594,1098.636,291.175,100.0,0.0,0,0,31.67,DEPLOY,427.8
612,20.3928,1101.334,291.622,100.0,0.0,0,0,31.65,DEPLOY,426.33
613,20.4261,1104.035,292.064,100.0,0.0,0,0,31.62,DEPLOY,424.89
614,20.4594,1106.74,292.5,100.0,0.0,0,0,31.6,DEPLOY,423.46
615,20.4927,1109.45,292.932,100.0,0.0,0,0,31.58,DEPLOY,422.04
616,20.5261,1112.163,293.359,100.0,0.0,0,0,31.57,DEPLOY,420.65
617,20.5594,1114.88,293.781,100.0,0.0,0,0,31.55,DEPLOY,419.27
618,20.5927,1117.602,294.198,100.0,0.0,0,0,31.53,DEPLOY,417.9
619,20.626,1120.326,294.61,100.0,0.0,0,0,31.52,DEPLOY,416.55
620,20.6593,1123.055,295.018,100.0,0.0,0,0,31.51,DEPLOY,415.22
621,20.6927,1125.788,295.422,100.0,0.0,0,0,31.49,DEPLOY,413.9
622,20.726,1128.524,295.821,100.0,0.0,0,0,31.48,DEPLOY,412.6
623,20.7593,1131.264,296.216,100.0,0.0,0,0,31.47,DEPLOY,411.32
624,20.7926,1134.008,296.607,100.0,0.0,0,0,31.46,DEPLOY,410.04
625,20.8259,1136.755,296.994,100.0,0.0,0,0,31.45,DEPLOY,408.79
626,20.8593,1139.506,297.377,100.0,0.0,0,0,31.45,DEPLOY,407.54
627,20.8926,1142.26,297.756,100.0,0.0,0,0,31.44,DEPLOY,406.31
628,20.9259,1145.018,298.131,100.0,0.0,0,0,31.44,DEPLOY,405.1
629,20.9592,1147.779,298.503,100.0,0.0,0,0,31.43,DEPLOY,403.9
630,20.9926,1150.543,298.872,100.0,0.0,0,0,31.43,DEPLOY,402.71
631,21.0259,1153.312,299.236,100.0,0.0,0,0,31.43,DEPLOY,401.54
632,21.0592,1156.083,299.598,100.0,0.0,0,0,31.42,DEPLOY,400.38
633,21.0925,1158.858,299.957,100.0,0.0,0,0,31.42,DEPLOY,400.0
634,21.1258,1161.636,300.312,100.0,0.0,0,0,31.42,DEPLOY,400.0
635,21.1592,1164.417,300.664,100.0,0.0,0,0,31.42,DEPLOY,400.0
636,21.1925,1167.202,301.013,100.0,0.0,0,0,31.42,DEPLOY,400.0
637,21.2258,1169.989,301.36,100.0,0.0,0,0,31.42,DEPLOY,400.0
638,21.2591,1172.78,301.703,100.0,0.0,0,0,31.42,DEPLOY,400.0
639,21.2924,1175.574,302.043,100.0,0.0,0,0,31.42,DEPLOY,400.0
640,21.3258,1178.371,302.381,100.0,0.0,0,0,31.42,DEPLOY,400.0
641,21.3591,1181.172,302.715,100.0,0.0,0,0,31.42,DEPLOY,400.0
642,21.3924,1183.975,303.046,100.0,0.0,0,0,31.42,DEPLOY,400.0
643,21.4257,1186.782,303.374,100.0,0.0,0,0,31.42,DEPLOY,400.0
644,21.4591,1189.592,303.699,100.0,0.0,0,0,31.42,DEPLOY,400.0
645,21.4924,1192.404,304.021,100.0,0.0,0,0,31.42,DEPLOY,400.0
646,21.5257,1195.22,304.338,100.0,0.0,0,0,31.42,DEPLOY,400.0
647,21.559,1198.038,304.652,100.0,0.0,0,0,31.42,DEPLOY,400.0
648,21.5923,1200.859,304.96,100.0,0.0,0,0,31.42,DEPLOY,400.0
649,21.6257,1203.683,305.264,100.0,0.0,0,0,31.42,DEPLOY,400.0
650,21.659,1206.51,305.562,100.0,0.0,0,0,31.42,DEPLOY,400.0
651,21.6923,1209.34,305.853,100.0,0.0,0,0,31.42,DEPLOY,400.0
652,21.7256,1212.172,306.137,100.0,0.0,0,0,31.42,DEPLOY,400.0
653,21.759,1215.007,306.412,100.0,0.0,0,0,31.42,DEPLOY,400.0
654,21.7923,1217.844,306.676,100.0,0.0,0,0,31.42,DEPLOY,400.0
655,21.8256,1220.684,306.929,100.0,0.0,0,0,31.42,DEPLOY,400.0
656,21.8589,1223.526,307.168,100.0,0.0,0,0,31.42,DEPLOY,400.0
657,21.8922,1226.37,307.393,100.0,0.0,0,0,31.42,DEPLOY,400.0
658,21.9256,1229.217,307.597,100.0,0.0,0,0,31.42,DEPLOY,400.0
659,21.9589,1232.064,307.782,100.0,0.0,0,0,31.42,DEPLOY,400.0
660,21.9922,1234.914,307.942,100.0,0.0,0,0,31.42,DEPLOY,400.0
661,22.0255,1237.765,308.074,100.0,0.0,0,0,31.42,DEPLOY,400.0
662,22.0588,1240.617,308.177,100.0,0.0,0,0,31.42,DEPLOY,400.0
663,22.0922,1243.47,308.241,100.0,0.0,0,0,31.42,DEPLOY,400.0
664,22.1255,1246.323,308.269,100.0,0.0,0,0,31.42,DEPLOY,400.0
665,22.1588,1249.176,308.247,100.0,0.0,0,0,31.42,DEPLOY,400.0
666,22.1921,1252.029,308.179,100.0,0.0,0,0,31.42,DEPLOY,400.0
667,22.2255,1254.881,308.053,100.0,0.0,0,0,31.42,DEPLOY,400.0
668,22.2588,1257.731,307.867,100.0,0.0,0,0,31.42,DEPLOY,400.0
669,22.2921,1260.58,307.615,100.0,0.0,0,0,31.42,DEPLOY,400.0
670,22.3254,1263.426,307.285,100.0,0.0,0,0,31.42,DEPLOY,400.0
671,22.3587,1266.268,306.882,100.0,0.0,0,0,31.42,DEPLOY,400.0
672,22.3921,1269.106,306.386,100.0,0.0,0,0,31.42,DEPLOY,400.0
673,22.4254,1271.94,305.803,100.0,0.0,0,0,31.42,DEPLOY,400.0
674,22.4587,1274.767,305.124,100.0,0.0,0,0,31.42,DEPLOY,400.0
675,22.492,1277.588,304.339,100.0,0.0,0,0,31.42,DEPLOY,400.0
676,22.5253,1280.401,303.456,100.0,0.0,0,0,31.42,DEPLOY,400.0
677,22.5587,1283.204,302.449,100.0,0.0,0,0,31.42,DEPLOY,400.0
678,22.592,1285.999,301.335,100.0,0.0,0,0,31.42,DEPLOY,400.0
679,22.6253,1288.783,300.104,100.0,0.0,0,0,31.42,DEPLOY,400.0
680,22.6586,1291.554,298.75,100.0,0.0,0,0,31.42,DEPLOY,400.0
681,22.692,1294.313,297.285,0.0,0.0,0,0,31.42,DEPLOY,-314.22
682,22.7253,1297.057,295.688,0.0,100.0,0,0,31.69,REGEN,-350.0
683,22.7586,1299.786,293.977,0.0,100.0,0,0,31.96,REGEN,-350.0
684,22.7919,1302.499,292.152,0.0,100.0,0,0,32.23,REGEN,-350.0
685,22.8252,1305.193,290.202,0.0,100.0,0,0,32.5,REGEN,-350.0
686,22.8586,1307.87,288.147,0.0,100.0,0,0,32.77,REGEN,-350.0
687,22.8919,1310.528,285.988,0.0,100.0,0,0,33.04,REGEN,-350.0
688,22.9252,1313.164,283.72,0.0,100.0,0,0,33.3,REGEN,-350.0
689,22.9585,1315.779,281.353,0.0,100.0,0,0,33.56,REGEN,-350.0
690,22.9918,1318.373,278.859,0.0,100.0,0,0,33.83,REGEN,-350.0
691,23.0252,1320.94,276.21,0.0,100.0,0,0,34.1,REGEN,-350.0
692,23.0585,1323.484,273.427,0.0,100.0,0,0,34.37,REGEN,-350.0
693,23.0918,1326.002,270.515,0.0,100.0,0,0,34.65,REGEN,-350.0
694,23.1251,1328.493,267.475,0.0,100.0,0,0,34.92,REGEN,-350.0
695,23.1585,1330.952,264.3,0.0,100.0,0,0,35.2,REGEN,-350.0
696,23.1918,1333.383,261.014,0.0,100.0,0,0,35.49,REGEN,-350.0
697,23.2251,1335.783,257.625,0.0,100.0,0,0,35.77,REGEN,-350.0
698,23.2584,1338.153,254.141,0.0,100.0,0,0,36.06,REGEN,-350.0
699,23.2917,1340.489,250.28,0.0,100.0,0,0,36.35,REGEN,-350.0
700,23.3251,1342.778,244.95,0.0,100.0,0,0,36.64,REGEN,-350.0
701,23.3584,1345.02,239.776,0.0,100.0,0,0,36.94,REGEN,-350.0
702,23.3917,1347.216,234.768,0.0,100.0,0,0,37.23,REGEN,-350.0
703,23.425,1349.366,229.964,0.0,100.0,0,0,37.52,REGEN,-350.0
704,23.4583,1351.473,225.366,0.0,100.0,0,0,37.81,REGEN,-350.0
705,23.4917,1353.538,220.96,0.0,100.0,0,0,38.1,REGEN,-350.0
706,23.525,1355.564,216.73,0.0,100.0,0,0,38.39,REGEN,-350.0
707,23.5583,1357.551,212.666,0.0,100.0,0,0,38.69,REGEN,-350.0
708,23.5916,1359.501,208.755,0.0,100.0,0,0,38.98,REGEN,-350.0
709,23.625,1361.416,204.986,0.0,100.0,0,0,39.27,REGEN,-350.0
710,23.6583,1363.296,201.351,0.0,100.0,0,0,39.56,REGEN,-350.0
711,23.6916,1365.144,197.84,0.0,100.0,0,0,39.85,REGEN,-350.0
712,23.7249,1366.96,194.445,0.0,100.0,0,0,40.14,REGEN,-350.0
713,23.7582,1368.745,191.161,0.0,100.0,0,0,40.43,REGEN,-350.0
714,23.7916,1370.502,187.98,0.0,100.0,0,0,40.73,REGEN,-350.0
715,23.8249,1372.227,184.909,0.0,100.0,0,0,41.02,REGEN,-350.0
716,23.8582,1373.922,181.937,0.0,100.0,0,0,41.31,REGEN,-350.0
717,23.8915,1375.592,179.053,0.0,100.0,0,0,41.6,REGEN,-350.0
718,23.9248,1377.236,176.252,0.0,100.0,0,0,41.89,REGEN,-350.0
719,23.9582,1378.856,173.53,0.0,100.0,0,0,42.18,REGEN,-350.0
720,23.9915,1380.453,170.884,0.0,100.0,0,0,42.48,REGEN,-350.0
721,24.0248,1382.02,168.327,0.0,100.0,0,0,42.77,REGEN,-350.0
722,24.0581,1383.565,165.833,0.0,100.0,0,0,43.06,REGEN,-350.0
723,24.0915,1385.089,163.406,0.0,100.0,0,0,43.35,REGEN,-350.0
724,24.1248,1386.593,161.046,0.0,100.0,0,0,43.64,REGEN,-350.0
725,24.1581,1388.072,158.766,0.0,100.0,0,0,43.93,REGEN,-350.0
726,24.1914,1389.529,156.552,0.0,100.0,0,0,44.23,REGEN,-350.0
727,24.2247,1390.969,154.391,0.0,100.0,0,0,44.52,REGEN,-350.0
728,24.2581,1392.392,152.285,0.0,100.0,0,0,44.81,REGEN,-350.0
729,24.2914,1393.788,150.262,0.0,100.0,0,0,45.1,REGEN,-350.0
730,24.3247,1395.17,148.287,0.0,100.0,0,0,45.39,REGEN,-350.0
731,24.358,1396.537,146.36,0.0,100.0,0,0,45.68,REGEN,-350.0
732,24.3914,1397.88,144.511,0.0,100.0,0,0,45.97,REGEN,-350.0
733,24.4247,1399.209,142.709,0.0,100.0,0,0,46.27,REGEN,-350.0
734,24.458,1400.525,140.945,0.0,100.0,0,0,46.56,REGEN,-350.0
735,24.4913,1401.819,139.247,0.0,100.0,0,0,46.85,REGEN,-350.0
736,24.5246,1403.1,137.657,0.0,100.0,0,0,47.14,REGEN,-350.0
737,24.558,1404.37,136.164,0.0,100.0,0,0,47.43,REGEN,-350.0
738,24.5913,1405.62,134.71,0.0,100.0,0,0,47.72,REGEN,-350.0
739,24.6246,1406.862,133.262,0.0,100.0,0,0,48.02,REGEN,-350.0
740,24.6579,1408.089,131.821,0.0,100.0,0,0,48.31,REGEN,-350.0
741,24.6912,1409.301,130.455,0.0,100.0,0,0,48.6,REGEN,-350.0
742,24.7246,1410.506,129.126,0.0,100.0,0,0,48.89,REGEN,-350.0
743,24.7579,1411.692,127.898,0.0,100.0,0,0,49.18,REGEN,-350.0
744,24.7912,1412.872,126.705,0.0,100.0,0,0,49.47,REGEN,-350.0
745,24.8245,1414.039,125.572,0.0,100.0,0,0,49.76,REGEN,-350.0
746,24.8579,1415.196,124.488,0.0,100.0,0,0,50.06,REGEN,-350.0
747,24.8912,1416.346,123.429,0.0,100.0,0,0,50.35,REGEN,-350.0
748,24.9245,1417.481,122.422,0.0,100.0,0,0,50.64,REGEN,-350.0
749,24.9578,1418.611,121.415,0.0,100.0,0,0,50.93,REGEN,-350.0
750,24.9911,1419.728,120.384,0.0,100.0,0,0,51.22,REGEN,-350.0
751,25.0245,1420.838,119.299,0.0,100.0,0,0,51.51,REGEN,-350.0
752,25.0578,1421.936,118.116,0.0,100.0,0,0,51.81,REGEN,-350.0
753,25.0911,1423.023,116.845,0.0,100.0,0,0,52.1,REGEN,-350.0
754,25.1244,1424.1,115.5,0.0,100.0,0,0,52.39,REGEN,-350.0
755,25.1577,1425.16,114.121,0.0,100.0,0,0,52.68,REGEN,-350.0
756,25.1911,1426.213,112.726,0.0,100.0,0,0,52.97,REGEN,-350.0
757,25.2244,1427.247,111.387,0.0,100.0,0,0,53.26,REGEN,-350.0
758,25.2577,1428.275,110.063,0.0,100.0,0,0,53.56,REGEN,-350.0
759,25.291,1429.287,109.094,100.0,100.0,0,0,53.85,REGEN,112.22
760,25.3244,1430.296,108.195,100.0,100.0,0,0,54.14,REGEN,666.27
761,25.3577,1431.296,107.93,100.0,0.0,0,0,53.93,DEPLOY,750.0
762,25.391,1432.295,107.777,100.0,0.0,0,0,53.64,DEPLOY,750.0
763,25.4243,1433.291,107.624,100.0,0.0,0,0,53.35,DEPLOY,750.0
764,25.4576,1434.287,107.471,100.0,0.0,0,0,53.06,DEPLOY,750.0
765,25.491,1435.281,107.319,100.0,0.0,0,0,52.77,DEPLOY,750.0
766,25.5243,1436.274,107.167,100.0,0.0,0,0,52.48,DEPLOY,750.0
767,25.5576,1437.265,107.016,100.0,0.0,0,0,52.19,DEPLOY,750.0
768,25.5909,1438.255,106.865,100.0,0.0,0,0,51.89,DEPLOY,750.0
769,25.6242,1439.247,107.193,100.0,0.0,0,0,51.6,DEPLOY,750.0
770,25.6576,1440.24,107.637,100.0,0.0,0,0,51.32,DEPLOY,750.0
771,25.6909,1441.24,108.085,100.0,0.0,0,0,51.03,DEPLOY,750.0
772,25.7242,1442.241,108.534,100.0,0.0,0,0,50.75,DEPLOY,750.0
773,25.7575,1443.249,108.986,100.0,0.0,0,0,50.46,DEPLOY,750.0
774,25.7909,1444.259,109.439,100.0,0.0,0,0,50.18,DEPLOY,750.0
775,25.8242,1445.275,109.895,100.0,0.0,0,0,49.89,DEPLOY,750.0
776,25.8575,1446.293,110.351,100.0,0.0,0,0,49.61,DEPLOY,750.0
777,25.8908,1447.318,110.81,100.0,0.0,0,0,49.32,DEPLOY,750.0
778,25.9241,1448.344,111.27,100.0,0.0,0,0,49.03,DEPLOY,750.0
779,25.9575,1449.377,111.624,100.0,0.0,0,0,48.73,DEPLOY,750.0
780,25.9908,1450.41,111.968,100.0,0.0,0,0,48.44,DEPLOY,750.0
781,26.0241,1451.45,112.378,100.0,0.0,0,0,48.15,DEPLOY,750.0
782,26.0574,1452.49,112.786,100.0,0.0,0,0,47.86,DEPLOY,750.0
783,26.0907,1453.537,113.092,100.0,0.0,0,0,47.57,DEPLOY,750.0
784,26.1241,1454.584,113.408,100.0,0.0,0,0,47.28,DEPLOY,750.0
785,26.1574,1455.637,113.787,100.0,0.0,0,0,46.98,DEPLOY,750.0
786,26.1907,1456.691,114.215,100.0,0.0,0,0,46.69,DEPLOY,750.0
787,26.224,1457.753,114.811,100.0,0.0,0,0,46.4,DEPLOY,750.0
788,26.2574,1458.818,115.471,100.0,0.0,0,0,46.11,DEPLOY,750.0
789,26.2907,1459.891,116.255,100.0,0.0,0,0,45.82,DEPLOY,750.0
790,26.324,1460.971,117.101,100.0,0.0,0,0,45.53,DEPLOY,750.0
791,26.3573,1462.058,118.017,100.0,0.0,0,0,45.24,DEPLOY,750.0
792,26.3906,1463.156,118.988,100.0,0.0,0,0,44.94,DEPLOY,750.0
793,26.424,1464.26,119.99,100.0,0.0,0,0,44.65,DEPLOY,750.0
794,26.4573,1465.378,121.042,100.0,0.0,0,0,44.36,DEPLOY,750.0
795,26.4906,1466.5,122.106,100.0,0.0,0,0,44.07,DEPLOY,750.0
796,26.5239,1467.639,123.213,100.0,0.0,0,0,43.78,DEPLOY,750.0
797,26.5572,1468.783,124.33,100.0,0.0,0,0,43.49,DEPLOY,750.0
798,26.5906,1469.94,125.474,100.0,0.0,0,0,43.19,DEPLOY,750.0
799,26.6239,1471.107,126.637,100.0,0.0,0,0,42.9,DEPLOY,750.0
800,26.6572,1472.282,127.816,100.0,0.0,0,0,42.61,DEPLOY,750.0
801,26.6905,1473.474,129.024,100.0,0.0,0,0,42.32,DEPLOY,750.0
802,26.7239,1474.671,130.23,100.0,0.0,0,0,42.03,DEPLOY,750.0
803,26.7572,1475.883,131.402,100.0,0.0,0,0,41.74,DEPLOY,750.0
804,26.7905,1477.105,132.589,100.0,0.0,0,0,41.45,DEPLOY,750.0
805,26.8238,1478.336,133.79,100.0,0.0,0,0,41.15,DEPLOY,750.0
806,26.8571,1479.583,135.121,100.0,0.0,0,0,40.86,DEPLOY,750.0
807,26.8905,1480.839,136.478,100.0,0.0,0,0,40.57,DEPLOY,750.0
808,26.9238,1482.108,137.858,100.0,0.0,0,0,40.28,DEPLOY,750.0
809,26.9571,1483.392,139.263,100.0,0.0,0,0,39.99,DEPLOY,750.0
810,26.9904,1484.685,140.682,100.0,0.0,0,0,39.7,DEPLOY,750.0
811,27.0238,1485.996,142.131,100.0,0.0,0,0,39.4,DEPLOY,750.0
812,27.0571,1487.319,143.603,100.0,0.0,0,0,39.11,DEPLOY,750.0
813,27.0904,1488.652,145.094,100.0,0.0,0,0,38.82,DEPLOY,750.0
814,27.1237,1490.004,146.619,100.0,0.0,0,0,38.53,DEPLOY,750.0
815,27.157,1491.369,148.17,100.0,0.0,0,0,38.24,DEPLOY,750.0
816,27.1904,1492.746,149.694,100.0,0.0,0,0,37.95,DEPLOY,750.0
817,27.2237,1494.138,151.065,100.0,0.0,0,0,37.66,DEPLOY,750.0
818,27.257,1495.544,152.403,100.0,0.0,0,0,37.36,DEPLOY,750.0
819,27.2903,1496.96,153.733,100.0,0.0,0,0,37.07,DEPLOY,750.0
820,27.3236,1498.387,155.066,100.0,0.0,0,0,36.78,DEPLOY,750.0
821,27.357,1499.83,156.406,100.0,0.0,0,0,36.49,DEPLOY,750.0
822,27.3903,1501.285,157.748,100.0,0.0,0,0,36.2,DEPLOY,750.0
823,27.4236,1502.75,159.092,100.0,0.0,0,0,35.91,DEPLOY,750.0
824,27.4569,1504.228,160.44,100.0,0.0,0,0,35.62,DEPLOY,750.0
825,27.4903,1505.721,161.789,100.0,0.0,0,0,35.33,DEPLOY,750.0
826,27.5236,1507.225,163.14,100.0,0.0,0,0,35.04,DEPLOY,750.0
827,27.5569,1508.739,164.493,100.0,0.0,0,0,34.75,DEPLOY,750.0
828,27.5902,1510.268,165.847,100.0,0.0,0,0,34.46,DEPLOY,750.0
829,27.6235,1511.811,167.184,100.0,0.0,0,0,34.16,DEPLOY,750.0
830,27.6569,1513.364,168.509,100.0,0.0,0,0,33.87,DEPLOY,750.0
831,27.6902,1514.929,169.828,100.0,0.0,0,0,33.58,DEPLOY,750.0
832,27.7235,1516.506,171.15,100.0,0.0,0,0,33.29,DEPLOY,750.0
833,27.7568,1518.098,172.477,100.0,0.0,0,0,33.0,DEPLOY,750.0
834,27.7901,1519.701,173.81,100.0,0.0,0,0,32.71,DEPLOY,750.0
835,27.8235,1521.316,175.147,100.0,0.0,0,0,32.41,DEPLOY,750.0
836,27.8568,1522.943,176.491,100.0,0.0,0,0,32.12,DEPLOY,750.0
837,27.8901,1524.581,177.839,100.0,0.0,0,0,31.83,DEPLOY,750.0
838,27.9234,1526.234,179.194,100.0,0.0,0,0,31.54,DEPLOY,750.0
839,27.9568,1527.9,180.553,100.0,0.0,0,0,31.25,DEPLOY,750.0
840,27.9901,1529.578,181.916,100.0,0.0,0,0,30.96,DEPLOY,750.0
841,28.0234,1531.268,183.283,100.0,0.0,0,0,30.67,DEPLOY,750.0
842,28.0567,1532.97,184.654,100.0,0.0,0,0,30.37,DEPLOY,750.0
843,28.09,1534.685,186.027,100.0,0.0,0,0,30.08,DEPLOY,750.0
844,28.1234,1536.412,187.403,100.0,0.0,0,0,29.79,DEPLOY,750.0
845,28.1567,1538.154,188.782,100.0,0.0,0,0,29.5,DEPLOY,750.0
846,28.19,1539.909,190.162,100.0,0.0,0,0,29.21,DEPLOY,750.0
847,28.2233,1541.675,191.542,100.0,0.0,0,0,28.92,DEPLOY,750.0
848,28.2566,1543.455,192.923,100.0,0.0,0,0,28.62,DEPLOY,750.0
849,28.29,1545.247,194.303,100.0,0.0,0,0,28.33,DEPLOY,750.0
850,28.3233,1547.051,195.683,100.0,0.0,0,0,28.04,DEPLOY,750.0
851,28.3566,1548.869,197.062,100.0,0.0,0,0,27.75,DEPLOY,750.0
852,28.3899,1550.698,198.442,100.0,0.0,0,0,27.46,DEPLOY,750.0
853,28.4233,1552.541,199.824,100.0,0.0,0,0,27.17,DEPLOY,749.85
854,28.4566,1554.397,201.212,100.0,0.0,0,0,26.87,DEPLOY,745.64
855,28.4899,1556.266,202.606,100.0,0.0,0,0,26.59,DEPLOY,740.69
856,28.5232,1558.149,204.007,100.0,0.0,0,0,26.3,DEPLOY,735.69
857,28.5565,1560.044,205.415,100.0,0.0,0,0,26.02,DEPLOY,730.66
858,28.5899,1561.952,206.829,100.0,0.0,0,0,25.75,DEPLOY,725.61
859,28.6232,1563.873,208.239,100.0,0.0,0,0,25.48,DEPLOY,720.54
860,28.6565,1565.807,209.62,100.0,0.0,0,0,25.21,DEPLOY,715.46
861,28.6898,1567.753,210.988,100.0,0.0,0,0,24.95,DEPLOY,710.37
862,28.7231,1569.712,212.352,100.0,0.0,0,0,24.69,DEPLOY,705.28
863,28.7565,1571.684,213.711,100.0,0.0,0,0,24.43,DEPLOY,700.18
864,28.7898,1573.669,215.066,100.0,0.0,0,0,24.18,DEPLOY,695.09
865,28.8231,1575.665,216.415,100.0,0.0,0,0,23.94,DEPLOY,690.0
866,28.8564,1577.675,217.758,100.0,0.0,0,0,23.7,DEPLOY,684.92
867,28.8898,1579.696,219.095,100.0,0.0,0,0,23.46,DEPLOY,679.85
868,28.9231,1581.73,220.424,100.0,0.0,0,0,23.23,DEPLOY,674.79
869,28.9564,1583.777,221.745,100.0,0.0,0,0,23.0,DEPLOY,669.74
870,28.9897,1585.835,223.057,100.0,0.0,0,0,22.78,DEPLOY,664.7
871,29.023,1587.906,224.36,100.0,0.0,0,0,22.56,DEPLOY,659.67
872,29.0564,1589.988,225.654,100.0,0.0,0,0,22.34,DEPLOY,654.65
873,29.0897,1592.083,226.937,100.0,0.0,0,0,22.13,DEPLOY,649.7
874,29.123,1594.189,228.209,100.0,0.0,0,0,21.92,DEPLOY,644.85
875,29.1563,1596.307,229.469,100.0,0.0,0,0,21.72,DEPLOY,640.08
876,29.1896,1598.436,230.718,100.0,0.0,0,0,21.52,DEPLOY,635.39
877,29.223,1600.578,231.954,100.0,0.0,0,0,21.33,DEPLOY,630.8
878,29.2563,1602.731,233.177,100.0,0.0,0,0,21.14,DEPLOY,626.28
879,29.2896,1604.895,234.386,100.0,0.0,0,0,20.95,DEPLOY,621.84
880,29.3229,1607.07,235.582,100.0,0.0,0,0,20.77,DEPLOY,617.47
881,29.3563,1609.256,236.764,100.0,0.0,0,0,20.59,DEPLOY,613.18
882,29.3896,1611.453,237.931,100.0,0.0,0,0,20.41,DEPLOY,608.96
883,29.4229,1613.661,239.083,100.0,0.0,0,0,20.24,DEPLOY,604.81
884,29.4562,1615.879,240.22,100.0,0.0,0,0,20.07,DEPLOY,600.73
885,29.4895,1618.107,241.341,100.0,0.0,0,0,19.9,DEPLOY,596.71
886,29.5229,1620.346,242.446,100.0,0.0,0,0,19.74,DEPLOY,592.75
887,29.5562,1622.595,243.535,100.0,0.0,0,0,19.58,DEPLOY,588.86
888,29.5895,1624.854,244.605,100.0,0.0,0,0,19.42,DEPLOY,585.04
889,29.6228,1627.123,245.658,100.0,0.0,0,0,19.27,DEPLOY,581.27
890,29.6561,1629.402,246.694,100.0,0.0,0,0,19.12,DEPLOY,577.56
891,29.6895,1631.69,247.712,100.0,0.0,0,0,18.97,DEPLOY,573.91
892,29.7228,1633.987,248.711,100.0,0.0,0,0,18.83,DEPLOY,570.32
893,29.7561,1636.294,249.692,100.0,0.0,0,0,18.69,DEPLOY,566.78
894,29.7894,1638.609,250.653,100.0,0.0,0,0,18.55,DEPLOY,563.29
895,29.8228,1640.934,251.593,100.0,0.0,0,0,18.42,DEPLOY,559.86
896,29.8561,1643.267,252.513,100.0,0.0,0,0,18.28,DEPLOY,556.48
897,29.8894,1645.609,253.413,100.0,0.0,0,0,18.16,DEPLOY,553.15
898,29.9227,1647.958,254.291,100.0,0.0,0,0,18.03,DEPLOY,549.87
899,29.956,1650.315,255.148,100.0,0.0,0,0,17.9,DEPLOY,546.64
900,29.9894,1652.681,255.982,100.0,0.0,0,0,17.78,DEPLOY,543.46
901,30.0227,1655.054,256.792,100.0,0.0,0,0,17.67,DEPLOY,540.33
902,30.056,1657.435,257.58,100.0,0.0,0,0,17.55,DEPLOY,537.24
903,30.0893,1659.823,258.344,100.0,0.0,0,0,17.44,DEPLOY,534.2
904,30.1227,1662.217,259.084,100.0,0.0,0,0,17.33,DEPLOY,531.2
905,30.156,1664.618,259.8,100.0,0.0,0,0,17.22,DEPLOY,528.24
906,30.1893,1667.027,260.489,100.0,0.0,0,0,17.11,DEPLOY,525.33
907,30.2226,1669.441,261.154,100.0,0.0,0,0,17.01,DEPLOY,522.47
908,30.2559,1671.861,261.793,100.0,0.0,0,0,16.91,DEPLOY,519.64
909,30.2893,1674.287,262.408,100.0,0.0,0,0,16.81,DEPLOY,516.99
910,30.3226,1676.718,262.996,100.0,0.0,0,0,16.71,DEPLOY,514.57
911,30.3559,1679.155,263.557,100.0,0.0,0,0,16.62,DEPLOY,512.28
912,30.3892,1681.597,264.094,100.0,0.0,0,0,16.53,DEPLOY,509.98
913,30.4225,1684.044,264.605,100.0,0.0,0,0,16.44,DEPLOY,507.6
914,30.4559,1686.495,265.093,100.0,0.0,0,0,16.35,DEPLOY,505.22
915,30.4892,1688.951,265.552,100.0,0.0,0,0,16.26,DEPLOY,503.04
916,30.5225,1691.411,265.987,100.0,0.0,0,0,16.18,DEPLOY,501.7
917,30.5558,1693.875,266.4,100.0,0.0,0,0,16.09,DEPLOY,501.38
918,30.5892,1696.343,266.79,100.0,0.0,0,0,16.01,DEPLOY,501.07
919,30.6225,1698.814,267.156,100.0,0.0,0,0,15.93,DEPLOY,500.76
920,30.6558,1701.288,267.5,100.0,0.0,0,0,15.84,DEPLOY,500.46
921,30.6891,1703.766,267.823,100.0,0.0,0,0,15.76,DEPLOY,500.16
922,30.7224,1706.246,268.127,100.0,0.0,0,0,15.68,DEPLOY,499.88
923,30.7558,1708.729,268.41,100.0,0.0,0,0,15.6,DEPLOY,499.61
924,30.7891,1711.215,268.673,100.0,0.0,0,0,15.51,DEPLOY,499.34
925,30.8224,1713.703,268.918,100.0,0.0,0,0,15.43,DEPLOY,499.08
926,30.8557,1716.193,269.148,100.0,0.0,0,0,15.35,DEPLOY,498.83
927,30.889,1718.685,269.36,100.0,0.0,0,0,15.27,DEPLOY,498.58
928,30.9224,1721.179,269.557,100.0,0.0,0,0,15.18,DEPLOY,498.33
929,30.9557,1723.675,269.74,100.0,0.0,0,0,15.1,DEPLOY,498.09
930,30.989,1726.173,269.91,100.0,0.0,0,0,15.02,DEPLOY,497.85
931,31.0223,1728.672,270.068,100.0,0.0,0,0,14.94,DEPLOY,497.62
932,31.0557,1731.172,270.214,100.0,0.0,0,0,14.86,DEPLOY,497.39
933,31.089,1733.674,270.35,100.0,0.0,0,0,14.78,DEPLOY,497.17
934,31.1223,1736.177,270.476,100.0,0.0,0,0,14.7,DEPLOY,496.95
935,31.1556,1738.681,270.594,100.0,0.0,0,0,14.62,DEPLOY,496.73
936,31.1889,1741.186,270.703,100.0,0.0,0,0,14.54,DEPLOY,496.51
937,31.2223,1743.692,270.805,100.0,0.0,0,0,14.46,DEPLOY,496.31
938,31.2556,1746.199,270.901,100.0,0.0,0,0,14.38,DEPLOY,496.1
939,31.2889,1748.707,270.991,100.0,0.0,0,0,14.3,DEPLOY,495.9
940,31.3222,1751.216,271.075,100.0,0.0,0,0,14.22,DEPLOY,495.7
941,31.3555,1753.725,271.155,100.0,0.0,0,0,14.14,DEPLOY,495.5
942,31.3889,1756.235,271.231,100.0,0.0,0,0,14.06,DEPLOY,495.31
943,31.4222,1758.746,271.302,100.0,0.0,0,0,13.98,DEPLOY,495.12
944,31.4555,1761.258,271.37,100.0,0.0,0,0,13.9,DEPLOY,494.94
945,31.4888,1763.77,271.434,100.0,0.0,0,0,13.82,DEPLOY,494.76
946,31.5222,1766.282,271.496,100.0,0.0,0,0,13.74,DEPLOY,494.58
947,31.5555,1768.795,271.555,100.0,0.0,0,0,13.66,DEPLOY,494.4
948,31.5888,1771.309,271.611,100.0,0.0,0,0,13.58,DEPLOY,494.23
949,31.6221,1773.824,271.665,100.0,0.0,0,0,13.5,DEPLOY,494.06
950,31.6554,1776.338,271.717,100.0,0.0,0,0,13.43,DEPLOY,493.89
951,31.6888,1778.854,271.767,100.0,0.0,0,0,13.35,DEPLOY,493.73
952,31.7221,1781.369,271.814,100.0,0.0,0,0,13.27,DEPLOY,493.57
953,31.7554,1783.885,271.86,100.0,0.0,0,0,13.19,DEPLOY,493.41
954,31.7887,1786.402,271.904,100.0,0.0,0,0,13.11,DEPLOY,493.26
955,31.822,1788.919,271.946,100.0,0.0,0,0,13.04,DEPLOY,493.11
956,31.8554,1791.436,271.987,100.0,0.0,0,0,12.96,DEPLOY,492.96
957,31.8887,1793.954,272.025,100.0,0.0,0,0,12.88,DEPLOY,492.81
958,31.922,1796.472,272.062,100.0,0.0,0,0,12.8,DEPLOY,492.67
959,31.9553,1798.99,272.098,100.0,0.0,0,0,12.73,DEPLOY,492.52
960,31.9887,1801.509,272.131,100.0,0.0,0,0,12.65,DEPLOY,492.39
961,32.022,1804.028,272.164,100.0,0.0,0,0,12.57,DEPLOY,492.25
962,32.0553,1806.547,272.195,100.0,0.0,0,0,12.5,DEPLOY,492.11
963,32.0886,1809.067,272.225,100.0,0.0,0,0,12.42,DEPLOY,491.98
964,32.1219,1811.587,272.254,100.0,0.0,0,0,12.34,DEPLOY,491.85
965,32.1553,1814.107,272.283,100.0,0.0,0,0,12.27,DEPLOY,491.73
966,32.1886,1816.627,272.311,100.0,0.0,0,0,12.19,DEPLOY,491.6
967,32.2219,1819.148,272.339,100.0,0.0,0,0,12.11,DEPLOY,491.48
968,32.2552,1821.669,272.367,100.0,0.0,0,0,12.04,DEPLOY,491.36
969,32.2885,1824.19,272.395,100.0,0.0,0,0,11.96,DEPLOY,491.24
970,32.3219,1826.711,272.425,100.0,0.0,0,0,11.89,DEPLOY,491.12
971,32.3552,1829.233,272.456,100.0,0.0,0,0,11.81,DEPLOY,491.01
972,32.3885,1831.755,272.489,100.0,0.0,0,0,11.73,DEPLOY,490.9
973,32.4218,1834.277,272.525,100.0,0.0,0,0,11.66,DEPLOY,490.79
974,32.4552,1836.8,272.564,100.0,0.0,0,0,11.58,DEPLOY,490.68
975,32.4885,1839.323,272.608,100.0,0.0,0,0,11.51,DEPLOY,490.57
976,32.5218,1841.846,272.656,100.0,0.0,0,0,11.43,DEPLOY,490.47
977,32.5551,1844.37,272.709,100.0,0.0,0,0,11.36,DEPLOY,490.37
978,32.5884,1846.895,272.768,100.0,0.0,0,0,11.28,DEPLOY,490.27
979,32.6218,1849.419,272.511,100.0,0.0,0,0,11.21,DEPLOY,491.39
980,32.6551,1851.937,271.605,100.0,0.0,0,0,11.13,DEPLOY,494.65
981,32.6884,1854.45,271.431,100.0,0.0,0,0,11.05,DEPLOY,495.23
982,32.7217,1856.963,271.487,100.0,0.0,0,0,10.97,DEPLOY,495.04
983,32.7551,1859.476,271.542,100.0,0.0,0,0,10.89,DEPLOY,494.86
984,32.7884,1861.989,271.596,100.0,0.0,0,0,10.81,DEPLOY,494.68
985,32.8217,1864.503,271.65,100.0,0.0,0,0,10.74,DEPLOY,494.5
986,32.855,1867.018,271.702,100.0,0.0,0,0,10.66,DEPLOY,494.33
987,32.8883,1869.533,271.753,100.0,0.0,0,0,10.58,DEPLOY,494.16
988,32.9217,1872.049,271.804,100.0,0.0,0,0,10.5,DEPLOY,493.99
989,32.955,1874.565,271.87,100.0,0.0,0,0,10.42,DEPLOY,493.77
990,32.9883,1877.085,272.556,100.0,0.0,0,0,10.34,DEPLOY,491.48
991,33.0216,1879.611,273.232,100.0,0.0,0,0,10.27,DEPLOY,489.22
992,33.0549,1882.143,273.852,100.0,0.0,0,0,10.19,DEPLOY,487.05
993,33.0883,1884.678,273.985,100.0,0.0,0,0,10.12,DEPLOY,486.72
994,33.1216,1887.214,273.996,100.0,0.0,0,0,10.05,DEPLOY,486.68
995,33.1549,1889.75,274.006,100.0,0.0,0,0,9.98,DEPLOY,486.65
996,33.1882,1892.286,274.017,100.0,0.0,0,0,9.9,DEPLOY,486.61
997,33.2216,1894.823,274.027,100.0,0.0,0,0,9.83,DEPLOY,486.58
998,33.2549,1897.359,274.037,100.0,0.0,0,0,9.76,DEPLOY,486.54
999,33.2882,1899.896,274.047,100.0,0.0,0,0,9.69,DEPLOY,486.51
1000,33.3215,1902.434,274.552,100.0,0.0,0,0,9.62,DEPLOY,484.83
1001,33.3548,1904.979,275.203,100.0,0.0,0,0,9.55,DEPLOY,482.66
1002,33.3882,1907.529,275.846,100.0,0.0,0,0,9.48,DEPLOY,480.51
1003,33.4215,1910.085,276.482,100.0,0.0,0,0,9.41,DEPLOY,478.39
1004,33.4548,1912.647,277.109,100.0,0.0,0,0,9.34,DEPLOY,476.3
1005,33.4881,1915.215,277.728,100.0,0.0,0,0,9.28,DEPLOY,474.24
1006,33.5214,1917.788,278.339,100.0,0.0,0,0,9.22,DEPLOY,472.2
1007,33.5548,1920.367,278.943,100.0,0.0,0,0,9.16,DEPLOY,470.19
1008,33.5881,1922.952,279.528,100.0,0.0,0,0,9.1,DEPLOY,468.21
1009,33.6214,1925.542,279.991,100.0,0.0,0,0,9.05,DEPLOY,466.25
1010,33.6547,1928.135,280.347,100.0,0.0,0,0,8.99,DEPLOY,464.31
1011,33.6881,1930.731,280.699,100.0,0.0,0,0,8.94,DEPLOY,462.4
1012,33.7214,1933.331,281.044,100.0,0.0,0,0,8.89,DEPLOY,460.52
1013,33.7547,1935.934,281.381,100.0,0.0,0,0,8.84,DEPLOY,458.66
1014,33.788,1938.54,281.71,100.0,0.0,0,0,8.79,DEPLOY,456.83
1015,33.8213,1941.149,282.026,100.0,0.0,0,0,8.74,DEPLOY,455.02
1016,33.8547,1943.761,282.331,100.0,0.0,0,0,8.69,DEPLOY,453.23
1017,33.888,1946.375,282.624,100.0,0.0,0,0,8.65,DEPLOY,451.47
1018,33.9213,1948.993,282.901,100.0,0.0,0,0,8.61,DEPLOY,449.73
1019,33.9546,1951.612,283.163,100.0,0.0,0,0,8.57,DEPLOY,448.01
1020,33.9879,1954.234,283.41,100.0,0.0,0,0,8.53,DEPLOY,446.31
1021,34.0213,1956.859,283.639,100.0,0.0,0,0,8.49,DEPLOY,444.64
1022,34.0546,1959.485,283.85,100.0,0.0,0,0,8.45,DEPLOY,442.99
1023,34.0879,1962.113,284.044,100.0,0.0,0,0,8.42,DEPLOY,441.36
1024,34.1212,1964.743,284.221,100.0,0.0,0,0,8.38,DEPLOY,439.79
1025,34.1546,1967.375,284.378,100.0,0.0,0,0,8.35,DEPLOY,439.25
1026,34.1879,1970.008,284.519,100.0,0.0,0,0,8.32,DEPLOY,440.03
1027,34.2212,1972.642,284.643,100.0,0.0,0,0,8.29,DEPLOY,440.8
1028,34.2545,1975.277,284.747,100.0,0.0,0,0,8.25,DEPLOY,441.55
1029,34.2878,1977.913,284.837,100.0,0.0,0,0,8.22,DEPLOY,442.29
1030,34.3212,1980.55,284.91,100.0,0.0,0,0,8.18,DEPLOY,444.24
1031,34.3545,1983.187,284.966,100.0,0.0,0,0,8.15,DEPLOY,447.07
1032,34.3878,1985.825,285.008,100.0,0.0,0,0,8.11,DEPLOY,447.72
1033,34.4211,1988.463,285.035,100.0,0.0,0,0,8.07,DEPLOY,448.36
1034,34.4544,1991.101,285.048,100.0,0.0,0,0,8.03,DEPLOY,448.99
1035,34.4878,1993.74,285.046,100.0,0.0,0,0,7.99,DEPLOY,449.61
1036,34.5211,1996.378,284.932,0.0,0.0,0,0,7.94,DEPLOY,-297.93
1037,34.5544,1999.015,284.924,0.0,100.0,0,0,8.22,REGEN,-350.0
1038,34.5877,2001.652,284.924,0.0,100.0,0,0,8.51,REGEN,-350.0
1039,34.6211,2004.289,284.924,0.0,100.0,0,0,8.8,REGEN,-350.0
1040,34.6544,2006.927,284.888,0.0,100.0,0,0,9.09,REGEN,-350.0
1041,34.6877,2009.563,284.83,0.0,100.0,0,0,9.39,REGEN,-350.0
1042,34.721,2012.199,284.765,0.0,100.0,0,0,9.68,REGEN,-350.0
1043,34.7543,2014.835,284.693,0.0,100.0,0,0,9.97,REGEN,-350.0
1044,34.7877,2017.47,284.616,0.0,100.0,0,0,10.26,REGEN,-350.0
1045,34.821,2020.104,284.535,0.0,100.0,0,0,10.55,REGEN,-350.0
1046,34.8543,2022.737,284.449,0.0,100.0,0,0,10.84,REGEN,-350.0
1047,34.8876,2025.369,284.36,0.0,100.0,0,0,11.13,REGEN,-5.28
1048,34.9209,2028.001,284.268,100.0,0.0,0,0,11.24,DEPLOY,450.59
1049,34.9543,2030.632,284.173,100.0,0.0,0,0,11.19,DEPLOY,451.19
1050,34.9876,2033.261,284.077,100.0,0.0,0,0,11.15,DEPLOY,451.77
1051,35.0209,2035.89,283.979,100.0,0.0,0,0,11.11,DEPLOY,452.34
1052,35.0542,2038.518,283.881,100.0,0.0,0,0,11.06,DEPLOY,452.9
1053,35.0876,2041.146,283.783,100.0,0.0,0,0,11.02,DEPLOY,453.45
1054,35.1209,2043.772,283.685,100.0,0.0,0,0,10.97,DEPLOY,454.0
1055,35.1542,2046.397,283.588,100.0,0.0,0,0,10.93,DEPLOY,454.53
1056,35.1875,2049.022,283.48,100.0,0.0,0,0,10.88,DEPLOY,455.06
1057,35.2208,2051.645,283.329,100.0,0.0,0,0,10.84,DEPLOY,455.57
1058,35.2542,2054.267,283.177,100.0,0.0,0,0,10.79,DEPLOY,456.08
1059,35.2875,2056.887,283.027,100.0,0.0,0,0,10.75,DEPLOY,456.58
1060,35.3208,2059.506,282.88,100.0,0.0,0,0,10.7,DEPLOY,457.07
1061,35.3541,2062.124,282.736,100.0,0.0,0,0,10.65,DEPLOY,457.55
1062,35.3875,2064.74,282.594,100.0,0.0,0,0,10.6,DEPLOY,458.02
1063,35.4208,2067.355,282.454,100.0,0.0,0,0,10.55,DEPLOY,458.49
1064,35.4541,2069.969,282.317,100.0,0.0,0,0,10.51,DEPLOY,458.94
1065,35.4874,2072.581,282.183,100.0,0.0,0,0,10.46,DEPLOY,459.39
1066,35.5207,2075.192,282.05,100.0,0.0,0,0,10.41,DEPLOY,459.83
1067,35.5541,2077.802,281.92,100.0,0.0,0,0,10.36,DEPLOY,460.27
1068,35.5874,2080.411,281.792,100.0,0.0,0,0,10.31,DEPLOY,460.69
1069,35.6207,2083.019,281.667,100.0,0.0,0,0,10.26,DEPLOY,461.11
1070,35.654,2085.626,281.544,100.0,0.0,0,0,10.21,DEPLOY,461.52
1071,35.6873,2088.231,281.422,100.0,0.0,0,0,10.15,DEPLOY,461.93
1072,35.7207,2090.835,281.303,100.0,0.0,0,0,10.1,DEPLOY,462.32
1073,35.754,2093.438,281.186,100.0,0.0,0,0,10.05,DEPLOY,462.71
1074,35.7873,2096.041,281.071,100.0,0.0,0,0,10.0,DEPLOY,463.1
1075,35.8206,2098.642,280.958,100.0,0.0,0,0,9.95,DEPLOY,463.47
1076,35.854,2101.242,280.847,100.0,0.0,0,0,9.89,DEPLOY,463.84
1077,35.8873,2103.841,280.737,100.0,0.0,0,0,9.84,DEPLOY,464.21
1078,35.9206,2106.439,280.63,100.0,0.0,0,0,9.79,DEPLOY,464.57
1079,35.9539,2109.036,280.525,100.0,0.0,0,0,9.73,DEPLOY,464.92
1080,35.9872,2111.632,280.421,100.0,0.0,0,0,9.68,DEPLOY,465.26
1081,36.0206,2114.228,280.743,100.0,0.0,0,0,9.62,DEPLOY,464.19
1082,36.0539,2116.83,281.311,100.0,0.0,0,0,9.57,DEPLOY,462.3
1083,36.0872,2119.436,281.877,100.0,0.0,0,0,9.52,DEPLOY,460.41
1084,36.1205,2122.048,282.436,100.0,0.0,0,0,9.47,DEPLOY,458.55
1085,36.1538,2124.664,282.988,100.0,0.0,0,0,9.42,DEPLOY,456.71
1086,36.1872,2127.286,283.533,100.0,0.0,0,0,9.37,DEPLOY,454.89
1087,36.2205,2129.913,284.072,100.0,0.0,0,0,9.33,DEPLOY,453.09
1088,36.2538,2132.545,284.604,100.0,0.0,0,0,9.28,DEPLOY,451.32
1089,36.2871,2135.182,285.129,100.0,0.0,0,0,9.24,DEPLOY,449.57
1090,36.3205,2137.823,285.648,100.0,0.0,0,0,9.2,DEPLOY,447.84
1091,36.3538,2140.469,286.161,100.0,0.0,0,0,9.16,DEPLOY,446.13
1092,36.3871,2143.121,286.666,100.0,0.0,0,0,9.12,DEPLOY,444.45
1093,36.4204,2145.776,287.166,100.0,0.0,0,0,9.08,DEPLOY,442.78
1094,36.4537,2148.436,287.661,100.0,0.0,0,0,9.05,DEPLOY,441.13
1095,36.4871,2151.101,288.149,100.0,0.0,0,0,9.02,DEPLOY,439.5
1096,36.5204,2153.771,288.631,100.0,0.0,0,0,8.98,DEPLOY,437.9
1097,36.5537,2156.444,289.104,100.0,0.0,0,0,8.95,DEPLOY,436.31
1098,36.587,2159.122,289.507,100.0,0.0,0,0,8.92,DEPLOY,434.74
1099,36.6203,2161.804,289.913,100.0,0.0,0,0,8.89,DEPLOY,433.19
1100,36.6537,2164.489,290.321,100.0,0.0,0,0,8.86,DEPLOY,431.66
1101,36.687,2167.178,290.732,100.0,0.0,0,0,8.84,DEPLOY,430.15
1102,36.7203,2169.871,291.144,100.0,0.0,0,0,8.81,DEPLOY,428.66
1103,36.7536,2172.568,291.556,100.0,0.0,0,0,8.79,DEPLOY,427.18
1104,36.787,2175.269,291.969,100.0,0.0,0,0,8.77,DEPLOY,425.72
1105,36.8203,2177.973,292.381,100.0,0.0,0,0,8.75,DEPLOY,424.28
1106,36.8536,2180.681,292.793,100.0,0.0,0,0,8.73,DEPLOY,422.86
1107,36.8869,2183.393,293.203,100.0,0.0,0,0,8.71,DEPLOY,421.45
1108,36.9202,2186.109,293.611,100.0,0.0,0,0,8.69,DEPLOY,420.06
1109,36.9536,2188.828,294.017,100.0,0.0,0,0,8.67,DEPLOY,418.69
1110,36.9869,2191.552,294.421,100.0,0.0,0,0,8.66,DEPLOY,417.33
1111,37.0202,2194.279,294.821,100.0,0.0,0,0,8.64,DEPLOY,415.99
1112,37.0535,2197.009,295.219,100.0,0.0,0,0,8.63,DEPLOY,414.66
1113,37.0868,2199.744,295.613,100.0,0.0,0,0,8.62,DEPLOY,413.35
1114,37.1202,2202.481,296.004,100.0,0.0,0,0,8.61,DEPLOY,412.05
1115,37.1535,2205.223,296.391,100.0,0.0,0,0,8.6,DEPLOY,410.77
1116,37.1868,2207.968,296.774,100.0,0.0,0,0,8.59,DEPLOY,409.51
1117,37.2201,2210.717,297.153,100.0,0.0,0,0,8.58,DEPLOY,408.26
1118,37.2535,2213.469,297.527,100.0,0.0,0,0,8.57,DEPLOY,407.02
1119,37.2868,2216.225,297.898,100.0,0.0,0,0,8.57,DEPLOY,405.8
1120,37.3201,2218.984,298.262,100.0,0.0,0,0,8.56,DEPLOY,404.59
1121,37.3534,2221.746,298.622,100.0,0.0,0,0,8.56,DEPLOY,403.4
1122,37.3867,2224.512,298.976,100.0,0.0,0,0,8.56,DEPLOY,402.21
1123,37.4201,2227.281,299.323,100.0,0.0,0,0,8.56,DEPLOY,401.05
1124,37.4534,2230.053,299.664,100.0,0.0,0,0,8.55,DEPLOY,400.13
1125,37.4867,2232.828,299.997,100.0,0.0,0,0,8.55,DEPLOY,400.0
1126,37.52,2235.607,300.321,100.0,0.0,0,0,8.55,DEPLOY,400.0
1127,37.5533,2238.388,300.636,100.0,0.0,0,0,8.55,DEPLOY,400.0
1128,37.5867,2241.172,300.939,100.0,0.0,0,0,8.55,DEPLOY,400.0
1129,37.62,2243.959,301.23,100.0,0.0,0,0,8.55,DEPLOY,400.0
1130,37.6533,2246.748,301.507,100.0,0.0,0,0,8.55,DEPLOY,400.0
1131,37.6866,2249.54,301.767,100.0,0.0,0,0,8.55,DEPLOY,400.0
1132,37.72,2252.334,302.01,100.0,0.0,0,0,8.55,DEPLOY,400.0
1133,37.7533,2255.131,302.231,100.0,0.0,0,0,8.55,DEPLOY,400.0
1134,37.7866,2257.929,302.428,100.0,0.0,0,0,8.55,DEPLOY,400.0
1135,37.8199,2260.729,302.6,100.0,0.0,0,0,8.55,DEPLOY,400.0
1136,37.8532,2263.531,302.739,100.0,0.0,0,0,8.55,DEPLOY,400.0
1137,37.8866,2266.333,302.847,100.0,0.0,0,0,8.55,DEPLOY,400.0
1138,37.9199,2269.137,302.914,100.0,0.0,0,0,8.55,DEPLOY,400.0
1139,37.9532,2271.941,302.94,100.0,0.0,0,0,8.55,DEPLOY,400.0
1140,37.9865,2274.745,302.92,100.0,0.0,0,0,8.55,DEPLOY,400.0
1141,38.0199,2277.548,302.845,100.0,0.0,0,0,8.55,DEPLOY,400.0
1142,38.0532,2280.351,302.717,100.0,0.0,0,0,8.55,DEPLOY,400.0
1143,38.0865,2283.152,302.523,100.0,0.0,0,0,8.55,DEPLOY,400.0
1144,38.1198,2285.951,302.264,100.0,0.0,0,0,8.55,DEPLOY,400.0
1145,38.1531,2288.747,301.935,100.0,0.0,0,0,8.55,DEPLOY,400.0
1146,38.1865,2291.54,301.522,100.0,0.0,0,0,8.55,DEPLOY,400.0
1147,38.2198,2294.329,301.033,100.0,0.0,0,0,8.55,DEPLOY,400.0
1148,38.2531,2297.112,300.453,100.0,0.0,0,0,8.55,DEPLOY,400.0
1149,38.2864,2299.89,299.783,100.0,0.0,0,0,8.55,DEPLOY,400.0
1150,38.3197,2302.662,299.023,100.0,0.0,0,0,8.55,DEPLOY,400.0
1151,38.3531,2305.425,298.156,100.0,0.0,0,0,8.55,DEPLOY,400.0
1152,38.3864,2308.181,297.196,100.0,0.0,0,0,8.55,DEPLOY,400.0
1153,38.4197,2310.926,296.133,100.0,0.0,0,0,8.55,DEPLOY,400.0
1154,38.453,2313.662,294.963,100.0,0.0,0,0,8.55,DEPLOY,400.0
1155,38.4864,2316.387,293.698,0.0,0.0,0,0,8.55,DEPLOY,-285.73
1156,38.5197,2319.098,292.323,0.0,100.0,0,0,8.81,REGEN,-350.0
1157,38.553,2321.797,290.849,0.0,100.0,0,0,9.09,REGEN,-350.0
1158,38.5863,2324.483,289.282,0.0,100.0,0,0,9.36,REGEN,-350.0
1159,38.6196,2327.152,287.611,0.0,100.0,0,0,9.63,REGEN,-350.0
1160,38.653,2329.806,285.852,0.0,100.0,0,0,9.9,REGEN,-350.0
1161,38.6863,2332.444,284.012,0.0,100.0,0,0,10.17,REGEN,-350.0
1162,38.7196,2335.063,282.083,0.0,100.0,0,0,10.44,REGEN,-350.0
1163,38.7529,2337.665,280.055,0.0,100.0,0,0,10.71,REGEN,-350.0
1164,38.7862,2340.248,277.923,0.0,100.0,0,0,10.98,REGEN,-350.0
1165,38.8196,2342.81,275.68,0.0,100.0,0,0,11.25,REGEN,-350.0
1166,38.8529,2345.35,273.33,0.0,100.0,0,0,11.53,REGEN,-350.0
1167,38.8862,2347.869,270.891,0.0,100.0,0,0,11.81,REGEN,-350.0
1168,38.9195,2350.365,268.37,0.0,100.0,0,0,12.09,REGEN,-350.0
1169,38.9529,2352.837,265.771,0.0,100.0,0,0,12.38,REGEN,-350.0
1170,38.9862,2355.284,263.109,0.0,100.0,0,0,12.67,REGEN,-350.0
1171,39.0195,2357.705,260.159,0.0,100.0,0,0,12.96,REGEN,-350.0
1172,39.0528,2360.096,256.225,0.0,100.0,0,0,13.25,REGEN,-350.0
1173,39.0861,2362.45,251.904,0.0,100.0,0,0,13.54,REGEN,-350.0
1174,39.1195,2364.761,247.599,0.0,100.0,0,0,13.83,REGEN,-350.0
1175,39.1528,2367.031,243.338,0.0,100.0,0,0,14.13,REGEN,-350.0
1176,39.1861,2369.263,239.124,0.0,100.0,0,0,14.42,REGEN,-350.0
1177,39.2194,2371.457,234.956,0.0,100.0,0,0,14.71,REGEN,-350.0
1178,39.2527,2373.613,230.855,0.0,100.0,0,0,15.0,REGEN,-350.0
1179,39.2861,2375.731,226.842,0.0,100.0,0,0,15.29,REGEN,-350.0
1180,39.3194,2377.812,222.959,0.0,100.0,0,0,15.58,REGEN,-350.0
1181,39.3527,2379.859,219.292,0.0,100.0,0,0,15.88,REGEN,-350.0
1182,39.386,2381.873,215.948,0.0,100.0,0,0,16.17,REGEN,-350.0
1183,39.4194,2383.858,212.981,0.0,100.0,0,0,16.46,REGEN,-350.0
1184,39.4527,2385.817,210.252,0.0,100.0,0,0,16.75,REGEN,-350.0
1185,39.486,2387.751,207.65,0.0,100.0,0,0,17.04,REGEN,-350.0
1186,39.5193,2389.664,205.707,0.0,100.0,0,0,17.33,REGEN,-350.0
1187,39.5526,2391.565,204.993,100.0,100.0,0,0,17.63,REGEN,191.39
1188,39.586,2393.461,204.73,100.0,0.0,0,0,17.65,DEPLOY,733.07
1189,39.6193,2395.353,204.189,100.0,0.0,0,0,17.37,DEPLOY,306.23
1190,39.6526,2397.241,203.706,100.0,100.0,0,0,17.3,REGEN,18.36
1191,39.6859,2399.121,202.475,100.0,0.0,0,0,17.42,DEPLOY,740.58
1192,39.7192,2400.983,199.828,100.0,0.0,0,0,17.13,DEPLOY,750.0
1193,39.7526,2402.831,199.305,100.0,0.0,0,0,16.84,DEPLOY,750.0
1194,39.7859,2404.673,198.782,100.0,0.0,0,0,16.55,DEPLOY,750.0
1195,39.8192,2406.511,198.262,100.0,0.0,0,0,16.26,DEPLOY,750.0
1196,39.8525,2408.343,197.745,100.0,0.0,0,0,15.97,DEPLOY,750.0
1197,39.8859,2410.18,198.928,100.0,0.0,0,0,15.68,DEPLOY,750.0
1198,39.9192,2412.027,200.215,100.0,0.0,0,0,15.39,DEPLOY,748.49
1199,39.9525,2413.887,201.58,100.0,0.0,0,0,15.09,DEPLOY,744.35
1200,39.9858,2415.759,202.987,100.0,0.0,0,0,14.81,DEPLOY,739.33
1201,40.0191,2417.645,204.387,100.0,0.0,0,0,14.53,DEPLOY,734.33
1202,40.0525,2419.543,205.776,100.0,0.0,0,0,14.25,DEPLOY,729.36
1203,40.0858,2421.453,207.09,100.0,0.0,0,0,13.97,DEPLOY,724.67
1204,40.1191,2423.376,208.263,100.0,0.0,0,0,13.7,DEPLOY,720.48
1205,40.1524,2425.307,209.035,100.0,0.0,0,0,13.43,DEPLOY,716.69
1206,40.1857,2427.242,209.158,100.0,0.0,0,0,13.17,DEPLOY,713.04
1207,40.2191,2429.177,209.027,100.0,0.0,0,0,12.91,DEPLOY,709.19
1208,40.2524,2431.112,208.89,100.0,0.0,0,0,12.66,DEPLOY,704.94
1209,40.2857,2433.044,208.737,100.0,0.0,0,0,12.41,DEPLOY,700.5
1210,40.319,2434.976,208.561,100.0,0.0,0,0,12.17,DEPLOY,696.19
1211,40.3524,2436.905,208.355,100.0,0.0,0,0,11.93,DEPLOY,692.0
1212,40.3857,2438.833,208.114,100.0,0.0,0,0,11.69,DEPLOY,688.11
1213,40.419,2440.758,207.831,100.0,0.0,0,0,11.46,DEPLOY,685.63
1214,40.4523,2442.68,207.503,100.0,0.0,0,0,11.24,DEPLOY,626.96
1215,40.4856,2444.599,207.124,0.0,100.0,0,0,11.02,REGEN,-350.0
1216,40.519,2446.514,206.689,0.0,100.0,0,0,11.3,REGEN,-350.0
1217,40.5523,2448.425,206.196,0.0,100.0,0,0,11.57,REGEN,-350.0
1218,40.5856,2450.331,205.646,0.0,100.0,0,0,11.85,REGEN,-350.0
1219,40.6189,2452.231,205.037,0.0,100.0,0,0,12.12,REGEN,-350.0
1220,40.6523,2454.126,204.37,0.0,100.0,0,0,12.4,REGEN,-350.0
1221,40.6856,2456.014,203.645,0.0,100.0,0,0,12.67,REGEN,-350.0
1222,40.7189,2457.895,202.865,0.0,100.0,0,0,12.94,REGEN,-350.0
1223,40.7522,2459.769,202.029,0.0,100.0,0,0,13.21,REGEN,-350.0
1224,40.7855,2461.635,201.134,0.0,100.0,0,0,13.49,REGEN,-350.0
1225,40.8189,2463.492,200.179,0.0,100.0,0,0,13.76,REGEN,-350.0
1226,40.8522,2465.34,199.166,0.0,100.0,0,0,14.04,REGEN,-350.0
1227,40.8855,2467.179,198.097,0.0,100.0,0,0,14.32,REGEN,-350.0
1228,40.9188,2469.007,196.977,0.0,100.0,0,0,14.61,REGEN,-350.0
1229,40.9521,2470.825,195.809,0.0,100.0,0,0,14.89,REGEN,-350.0
1230,40.9855,2472.633,194.565,0.0,100.0,0,0,15.18,REGEN,-350.0
1231,41.0188,2474.423,192.342,0.0,100.0,0,0,15.47,REGEN,-350.0
1232,41.0521,2476.189,189.597,0.0,100.0,0,0,15.76,REGEN,-350.0
1233,41.0854,2477.931,187.057,0.0,100.0,0,0,16.06,REGEN,-350.0
1234,41.1188,2479.652,184.94,0.0,100.0,0,0,16.35,REGEN,-350.0
1235,41.1521,2481.358,183.546,0.0,100.0,0,0,16.64,REGEN,-350.0
1236,41.1854,2483.054,182.853,0.0,100.0,0,0,16.93,REGEN,-350.0
1237,41.2187,2484.745,182.414,0.0,100.0,0,0,17.22,REGEN,-350.0
1238,41.252,2486.431,181.967,0.0,100.0,0,0,17.51,REGEN,-350.0
1239,41.2854,2488.11,180.956,0.0,100.0,0,0,17.81,REGEN,-350.0
1240,41.3187,2489.776,179.259,0.0,100.0,0,0,18.1,REGEN,-350.0
1241,41.352,2491.425,177.07,0.0,100.0,0,0,18.39,REGEN,-350.0
1242,41.3853,2493.053,174.598,0.0,100.0,0,0,18.68,REGEN,-350.0
1243,41.4186,2494.66,171.998,0.0,100.0,0,0,18.97,REGEN,-350.0
1244,41.452,2496.238,169.393,0.0,100.0,0,0,19.26,REGEN,-350.0
1245,41.4853,2497.792,166.854,0.0,100.0,0,0,19.55,REGEN,-350.0
1246,41.5186,2499.326,164.471,100.0,100.0,0,0,19.85,REGEN,62.69
1247,41.5519,2500.842,162.564,100.0,0.0,0,0,20.03,DEPLOY,750.0
1248,41.5853,2502.345,162.218,100.0,0.0,0,0,19.74,DEPLOY,750.0
1249,41.6186,2503.844,161.872,100.0,0.0,0,0,19.45,DEPLOY,750.0
1250,41.6519,2505.341,161.527,100.0,0.0,0,0,19.16,DEPLOY,750.0
1251,41.6852,2506.835,161.183,100.0,0.0,0,0,18.87,DEPLOY,750.0
1252,41.7185,2508.325,160.841,100.0,0.0,0,0,18.58,DEPLOY,750.0
1253,41.7519,2509.812,160.5,100.0,0.0,0,0,18.29,DEPLOY,750.0
1254,41.7852,2511.301,160.966,100.0,0.0,0,0,17.99,DEPLOY,750.0
1255,41.8185,2512.795,162.278,100.0,0.0,0,0,17.7,DEPLOY,750.0
1256,41.8518,2514.304,163.599,100.0,0.0,0,0,17.41,DEPLOY,750.0
1257,41.8851,2515.827,165.134,100.0,0.0,0,0,17.12,DEPLOY,750.0
1258,41.9185,2517.362,166.663,100.0,0.0,0,0,16.83,DEPLOY,750.0
1259,41.9518,2518.91,168.111,100.0,0.0,0,0,16.54,DEPLOY,750.0
1260,41.9851,2520.472,169.456,100.0,0.0,0,0,16.24,DEPLOY,750.0
1261,42.0184,2522.047,170.662,100.0,0.0,0,0,15.95,DEPLOY,750.0
1262,42.0518,2523.632,171.798,100.0,0.0,0,0,15.66,DEPLOY,750.0
1263,42.0851,2525.227,172.912,100.0,0.0,0,0,15.37,DEPLOY,750.0
1264,42.1184,2526.832,174.055,100.0,0.0,0,0,15.08,DEPLOY,750.0
1265,42.1517,2528.448,175.278,100.0,0.0,0,0,14.79,DEPLOY,750.0
1266,42.185,2530.078,176.612,100.0,0.0,0,0,14.49,DEPLOY,750.0
1267,42.2184,2531.72,178.037,100.0,0.0,0,0,14.2,DEPLOY,750.0
1268,42.2517,2533.375,179.526,100.0,0.0,0,0,13.91,DEPLOY,750.0
1269,42.285,2535.043,181.044,100.0,0.0,0,0,13.62,DEPLOY,750.0
1270,42.3183,2536.724,182.556,100.0,0.0,0,0,13.33,DEPLOY,750.0
1271,42.3516,2538.421,184.06,100.0,0.0,0,0,13.04,DEPLOY,750.0
1272,42.385,2540.133,185.555,100.0,0.0,0,0,12.75,DEPLOY,750.0
1273,42.4183,2541.858,187.044,100.0,0.0,0,0,12.45,DEPLOY,750.0
1274,42.4516,2543.596,188.526,100.0,0.0,0,0,12.16,DEPLOY,750.0
1275,42.4849,2545.348,190.001,100.0,0.0,0,0,11.87,DEPLOY,750.0
1276,42.5183,2547.113,191.468,100.0,0.0,0,0,11.58,DEPLOY,750.0
1277,42.5516,2548.891,192.905,100.0,0.0,0,0,11.29,DEPLOY,750.0
1278,42.5849,2550.682,194.225,100.0,0.0,0,0,11.0,DEPLOY,750.0
1279,42.6182,2552.486,195.513,100.0,0.0,0,0,10.71,DEPLOY,750.0
1280,42.6515,2554.302,196.811,100.0,0.0,0,0,10.41,DEPLOY,750.0
1281,42.6849,2556.13,198.116,100.0,0.0,0,0,10.12,DEPLOY,750.0
1282,42.7182,2557.97,199.426,100.0,0.0,0,0,9.83,DEPLOY,748.59
1283,42.7515,2559.822,200.74,100.0,0.0,0,0,9.54,DEPLOY,744.6
1284,42.7848,2561.686,202.057,100.0,0.0,0,0,9.26,DEPLOY,740.23
1285,42.8181,2563.563,203.378,100.0,0.0,0,0,8.97,DEPLOY,736.24
1286,42.8515,2565.451,204.702,100.0,0.0,0,0,8.69,DEPLOY,732.16
1287,42.8848,2567.352,206.028,100.0,0.0,0,0,8.42,DEPLOY,727.97
1288,42.9181,2569.265,207.341,100.0,0.0,0,0,8.14,DEPLOY,723.65
1289,42.9514,2571.19,208.615,100.0,0.0,0,0,7.88,DEPLOY,719.23
1290,42.9848,2573.126,209.857,100.0,0.0,0,0,7.61,DEPLOY,714.8
1291,43.0181,2575.075,211.122,100.0,0.0,0,0,7.35,DEPLOY,710.28
1292,43.0514,2577.035,212.41,100.0,0.0,0,0,7.09,DEPLOY,705.68
1293,43.0847,2579.007,213.721,100.0,0.0,0,0,6.83,DEPLOY,701.0
1294,43.118,2580.991,215.054,100.0,0.0,0,0,6.58,DEPLOY,696.24
1295,43.1514,2582.988,216.409,100.0,0.0,0,0,6.34,DEPLOY,691.4
1296,43.1847,2584.997,217.787,100.0,0.0,0,0,6.09,DEPLOY,686.48
1297,43.218,2587.019,219.169,100.0,0.0,0,0,5.85,DEPLOY,681.48
1298,43.2513,2589.054,220.495,100.0,0.0,0,0,5.62,DEPLOY,676.41
1299,43.2847,2591.101,221.785,100.0,0.0,0,0,5.39,DEPLOY,671.29
1300,43.318,2593.16,223.068,100.0,0.0,0,0,5.16,DEPLOY,666.13
1301,43.3513,2595.231,224.343,100.0,0.0,0,0,4.94,DEPLOY,660.97
1302,43.3846,2597.313,225.61,100.0,0.0,0,0,4.73,DEPLOY,655.9
1303,43.4179,2599.407,226.869,100.0,0.0,0,0,4.51,DEPLOY,650.93
1304,43.4513,2601.513,228.119,100.0,0.0,0,0,4.31,DEPLOY,646.05
1305,43.4846,2603.63,229.36,100.0,0.0,0,0,4.1,DEPLOY,641.25
1306,43.5179,2605.759,230.591,100.0,0.0,0,0,3.9,DEPLOY,636.55
1307,43.5512,2607.899,231.812,100.0,0.0,0,0,3.71,DEPLOY,631.92
1308,43.5845,2610.05,233.022,100.0,0.0,0,0,3.51,DEPLOY,627.38
1309,43.6179,2612.212,234.222,100.0,0.0,0,0,3.33,DEPLOY,622.92
1310,43.6512,2614.385,235.41,100.0,0.0,0,0,3.14,DEPLOY,618.53
1311,43.6845,2616.569,236.586,100.0,0.0,0,0,2.96,DEPLOY,614.21
1312,43.7178,2618.765,237.75,100.0,0.0,0,0,2.78,DEPLOY,609.97
1313,43.7512,2620.971,238.901,100.0,0.0,0,0,2.61,DEPLOY,605.81
1314,43.7845,2623.188,240.039,100.0,0.0,0,0,2.44,DEPLOY,601.71
1315,43.8178,2625.415,241.165,100.0,0.0,0,0,2.27,DEPLOY,597.67
1316,43.8511,2627.652,242.277,100.0,0.0,0,0,2.11,DEPLOY,593.7
1317,43.8844,2629.9,243.376,100.0,0.0,0,0,1.95,DEPLOY,589.8
1318,43.9178,2632.157,244.461,100.0,0.0,0,0,1.79,DEPLOY,585.95
1319,43.9511,2634.424,245.533,100.0,0.0,0,0,1.64,DEPLOY,582.17
1320,43.9844,2636.702,246.59,100.0,0.0,0,0,1.49,DEPLOY,578.44
1321,44.0177,2638.99,247.633,100.0,0.0,0,0,1.34,DEPLOY,574.78
1322,44.051,2641.287,248.662,100.0,0.0,0,0,1.2,DEPLOY,571.17
1323,44.0844,2643.593,249.677,100.0,0.0,0,0,1.05,DEPLOY,567.61
1324,44.1177,2645.909,250.679,100.0,0.0,0,0,0.92,DEPLOY,564.11
1325,44.151,2648.233,251.666,100.0,0.0,0,0,0.78,DEPLOY,560.66
1326,44.1843,2650.567,252.64,100.0,0.0,0,0,0.65,DEPLOY,557.26
1327,44.2177,2652.91,253.599,100.0,0.0,0,0,0.52,DEPLOY,553.92
1328,44.251,2655.262,254.545,100.0,0.0,0,0,0.39,DEPLOY,550.63
1329,44.2843,2657.622,255.477,100.0,0.0,0,0,0.26,DEPLOY,547.38
1330,44.3176,2659.991,256.397,100.0,0.0,0,0,0.14,DEPLOY,544.18
1331,44.3509,2662.368,257.303,100.0,0.0,0,0,0.02,DEPLOY,541.02
1332,44.3843,2664.754,258.196,100.0,0.0,0,0,0.0,DEPLOY,537.92
1333,44.4176,2667.148,259.076,100.0,0.0,0,0,0.0,DEPLOY,534.85
1334,44.4509,2669.55,259.943,100.0,0.0,0,0,0.0,DEPLOY,531.84
1335,44.4842,2671.96,260.798,100.0,0.0,0,0,0.0,DEPLOY,528.86
1336,44.5175,2674.378,261.642,100.0,0.0,0,0,0.0,DEPLOY,525.93
1337,44.5509,2676.803,262.473,100.0,0.0,0,0,0.0,DEPLOY,523.04
1338,44.5842,2679.237,263.291,100.0,0.0,0,0,0.0,DEPLOY,520.19
1339,44.6175,2681.678,264.099,100.0,0.0,0,0,0.0,DEPLOY,517.38
1340,44.6508,2684.126,264.895,100.0,0.0,0,0,0.0,DEPLOY,514.6
1341,44.6842,2686.581,265.681,100.0,0.0,0,0,0.0,DEPLOY,511.87
1342,44.7175,2689.044,266.454,100.0,0.0,0,0,0.0,DEPLOY,509.18
1343,44.7508,2691.514,267.217,100.0,0.0,0,0,0.0,DEPLOY,506.52
1344,44.7841,2693.991,267.97,100.0,0.0,0,0,0.0,DEPLOY,503.9
1345,44.8174,2696.474,268.712,100.0,0.0,0,0,0.0,DEPLOY,501.31
1346,44.8508,2698.965,269.444,100.0,0.0,0,0,0.0,DEPLOY,498.85
1347,44.8841,2701.462,270.166,100.0,0.0,0,0,0.0,DEPLOY,496.5
1348,44.9174,2703.966,270.878,100.0,0.0,0,0,0.0,DEPLOY,494.18
1349,44.9507,2706.476,271.581,100.0,0.0,0,0,0.0,DEPLOY,491.89
1350,44.984,2708.994,272.274,100.0,0.0,0,0,0.0,DEPLOY,489.64
1351,45.0174,2711.517,272.958,100.0,0.0,0,0,0.0,DEPLOY,487.41
1352,45.0507,2714.047,273.633,100.0,0.0,0,0,0.0,DEPLOY,485.21
1353,45.084,2716.582,274.299,100.0,0.0,0,0,0.0,DEPLOY,483.04
1354,45.1173,2719.124,274.955,100.0,0.0,0,0,0.0,DEPLOY,480.89
1355,45.1507,2721.672,275.603,100.0,0.0,0,0,0.0,DEPLOY,478.78
1356,45.184,2724.226,276.242,100.0,0.0,0,0,0.0,DEPLOY,476.69
1357,45.2173,2726.786,276.873,100.0,0.0,0,0,0.0,DEPLOY,474.62
1358,45.2506,2729.352,277.494,100.0,0.0,0,0,0.0,DEPLOY,472.59
1359,45.2839,2731.923,278.107,100.0,0.0,0,0,0.0,DEPLOY,470.58
1360,45.3173,2734.5,278.712,100.0,0.0,0,0,0.0,DEPLOY,468.59
1361,45.3506,2737.082,279.308,100.0,0.0,0,0,0.0,DEPLOY,466.63
1362,45.3839,2739.671,279.895,100.0,0.0,0,0,0.0,DEPLOY,464.7
1363,45.4172,2742.264,280.474,100.0,0.0,0,0,0.0,DEPLOY,462.78
1364,45.4505,2744.862,281.043,100.0,0.0,0,0,0.0,DEPLOY,460.89
1365,45.4839,2747.467,281.602,100.0,0.0,0,0,0.0,DEPLOY,459.03
1366,45.5172,2750.076,282.152,100.0,0.0,0,0,0.0,DEPLOY,457.19
1367,45.5505,2752.689,282.692,100.0,0.0,0,0,0.0,DEPLOY,455.37
1368,45.5838,2755.309,283.22,100.0,0.0,0,0,0.0,DEPLOY,453.57
1369,45.6172,2757.933,283.737,100.0,0.0,0,0,0.0,DEPLOY,451.8
1370,45.6505,2760.561,284.242,100.0,0.0,0,0,0.0,DEPLOY,450.05
1371,45.6838,2763.194,284.731,100.0,0.0,0,0,0.0,DEPLOY,448.32
1372,45.7171,2765.832,285.206,100.0,0.0,0,0,0.0,DEPLOY,446.61
1373,45.7504,2768.474,285.665,100.0,0.0,0,0,0.0,DEPLOY,444.92
1374,45.7838,2771.12,286.104,100.0,0.0,0,0,0.0,DEPLOY,443.25
1375,45.8171,2773.77,286.523,100.0,0.0,0,0,0.0,DEPLOY,441.6
1376,45.8504,2776.424,286.92,100.0,0.0,0,0,0.0,DEPLOY,439.98
1377,45.8837,2779.082,287.29,100.0,0.0,0,0,0.0,DEPLOY,438.37
1378,45.9171,2781.742,287.631,100.0,0.0,0,0,0.0,DEPLOY,436.78
1379,45.9504,2784.406,287.942,100.0,0.0,0,0,0.0,DEPLOY,435.22
1380,45.9837,2787.073,288.216,100.0,0.0,0,0,0.0,DEPLOY,433.67
1381,46.017,2789.741,288.449,100.0,0.0,0,0,0.0,DEPLOY,432.14
1382,46.0503,2792.412,288.641,100.0,0.0,0,0,0.0,DEPLOY,430.63
1383,46.0837,2795.084,288.781,100.0,0.0,0,0,0.0,DEPLOY,429.15
1384,46.117,2797.758,288.868,100.0,0.0,0,0,0.0,DEPLOY,427.68
1385,46.1503,2800.432,288.899,100.0,0.0,0,0,0.0,DEPLOY,426.23
1386,46.1836,2803.106,288.861,100.0,0.0,0,0,0.0,DEPLOY,424.79
1387,46.2169,2805.779,288.753,100.0,0.0,0,0,0.0,DEPLOY,423.38
1388,46.2503,2808.451,288.575,100.0,0.0,0,0,0.0,DEPLOY,421.99
1389,46.2836,2811.121,288.309,100.0,0.0,0,0,0.0,DEPLOY,420.62
1390,46.3169,2813.788,287.957,100.0,0.0,0,0,0.0,DEPLOY,419.26
1391,46.3502,2816.451,287.518,100.0,0.0,0,0,0.0,DEPLOY,417.93
1392,46.3836,2819.11,286.976,100.0,0.0,0,0,0.0,DEPLOY,416.61
1393,46.4169,2821.763,286.332,100.0,0.0,0,0,0.0,DEPLOY,415.31
1394,46.4502,2824.41,285.588,100.0,0.0,0,0,0.0,DEPLOY,414.04
1395,46.4835,2827.049,284.729,100.0,0.0,0,0,0.0,DEPLOY,412.78
1396,46.5168,2829.68,283.756,100.0,0.0,0,0,0.0,DEPLOY,411.54
1397,46.5502,2832.302,282.675,100.0,0.0,0,0,0.0,DEPLOY,410.32
1398,46.5835,2834.913,281.474,100.0,0.0,0,0,0.0,DEPLOY,409.12
1399,46.6168,2837.512,280.152,100.0,0.0,0,0,0.0,DEPLOY,407.94
1400,46.6501,2840.098,278.721,0.0,0.0,0,0,0.0,DEPLOY,-139.65
1401,46.6834,2842.672,277.18,0.0,100.0,0,0,0.21,REGEN,-350.0
1402,46.7168,2845.229,275.512,0.0,100.0,0,0,0.48,REGEN,-350.0
1403,46.7501,2847.771,273.74,0.0,100.0,0,0,0.75,REGEN,-350.0
1404,46.7834,2850.296,271.865,0.0,100.0,0,0,1.02,REGEN,-350.0
1405,46.8167,2852.804,269.888,0.0,100.0,0,0,1.28,REGEN,-350.0
1406,46.8501,2855.291,267.804,0.0,100.0,0,0,1.55,REGEN,-350.0
1407,46.8834,2857.76,265.61,0.0,100.0,0,0,1.81,REGEN,-350.0
1408,46.9167,2860.208,263.291,0.0,100.0,0,0,2.08,REGEN,-350.0
1409,46.95,2862.635,260.842,0.0,100.0,0,0,2.35,REGEN,-350.0
1410,46.9833,2865.036,258.251,0.0,100.0,0,0,2.62,REGEN,-350.0
1411,47.0167,2867.413,255.535,0.0,100.0,0,0,2.9,REGEN,-350.0
1412,47.05,2869.765,252.703,0.0,100.0,0,0,3.18,REGEN,-350.0
1413,47.0833,2872.091,249.758,0.0,100.0,0,0,3.46,REGEN,-350.0
1414,47.1166,2874.39,246.708,0.0,100.0,0,0,3.74,REGEN,-350.0
1415,47.1499,2876.66,243.561,0.0,100.0,0,0,4.03,REGEN,-350.0
1416,47.1833,2878.898,240.241,0.0,100.0,0,0,4.32,REGEN,-350.0
1417,47.2166,2881.101,236.029,0.0,100.0,0,0,4.61,REGEN,-350.0
1418,47.2499,2883.262,231.164,0.0,100.0,0,0,4.9,REGEN,-350.0
1419,47.2832,2885.38,226.509,0.0,100.0,0,0,5.19,REGEN,-350.0
1420,47.3166,2887.455,222.048,0.0,100.0,0,0,5.49,REGEN,-350.0
1421,47.3499,2889.49,217.767,0.0,100.0,0,0,5.78,REGEN,-350.0
1422,47.3832,2891.487,213.652,0.0,100.0,0,0,6.07,REGEN,-350.0
1423,47.4165,2893.446,209.694,0.0,100.0,0,0,6.36,REGEN,-350.0
1424,47.4498,2895.369,205.88,0.0,100.0,0,0,6.65,REGEN,-350.0
1425,47.4832,2897.258,202.202,0.0,100.0,0,0,6.94,REGEN,-350.0
1426,47.5165,2899.114,198.651,0.0,100.0,0,0,7.24,REGEN,-350.0
1427,47.5498,2900.938,195.217,0.0,100.0,0,0,7.53,REGEN,-350.0
1428,47.5831,2902.731,191.895,0.0,100.0,0,0,7.82,REGEN,-350.0
1429,47.6164,2904.491,188.687,0.0,100.0,0,0,8.11,REGEN,-350.0
1430,47.6498,2906.221,185.582,0.0,100.0,0,0,8.4,REGEN,-350.0
1431,47.6831,2907.924,182.568,0.0,100.0,0,0,8.69,REGEN,-350.0
1432,47.7164,2909.6,179.641,0.0,100.0,0,0,8.98,REGEN,-350.0
1433,47.7497,2911.25,176.794,0.0,100.0,0,0,9.28,REGEN,-350.0
1434,47.7831,2912.876,174.024,0.0,100.0,0,0,9.57,REGEN,-350.0
1435,47.8164,2914.474,171.338,0.0,100.0,0,0,9.86,REGEN,-350.0
1436,47.8497,2916.046,168.73,0.0,100.0,0,0,10.15,REGEN,-350.0
1437,47.883,2917.595,166.187,0.0,100.0,0,0,10.44,REGEN,-350.0
1438,47.9163,2919.123,163.704,0.0,100.0,0,0,10.73,REGEN,-350.0
1439,47.9497,2920.63,161.279,0.0,100.0,0,0,11.03,REGEN,-350.0
1440,47.983,2922.108,158.931,0.0,100.0,0,0,11.32,REGEN,-350.0
1441,48.0163,2923.568,156.634,0.0,100.0,0,0,11.61,REGEN,-350.0
1442,48.0496,2925.009,154.383,0.0,100.0,0,0,11.9,REGEN,-350.0
1443,48.0829,2926.429,152.188,0.0,100.0,0,0,12.19,REGEN,-350.0
1444,48.1163,2927.824,150.054,0.0,100.0,0,0,12.48,REGEN,-350.0
1445,48.1496,2929.205,147.959,0.0,100.0,0,0,12.78,REGEN,-350.0
1446,48.1829,2930.568,145.907,0.0,100.0,0,0,13.07,REGEN,-350.0
1447,48.2162,2931.905,143.917,0.0,100.0,0,0,13.36,REGEN,-350.0
1448,48.2496,2933.229,141.957,0.0,100.0,0,0,13.65,REGEN,-350.0
1449,48.2829,2934.536,140.032,0.0,100.0,0,0,13.94,REGEN,-350.0
1450,48.3162,2935.82,138.171,0.0,100.0,0,0,14.23,REGEN,-350.0
1451,48.3495,2937.092,136.339,0.0,100.0,0,0,14.52,REGEN,-350.0
1452,48.3828,2938.346,134.55,0.0,100.0,0,0,14.82,REGEN,-350.0
1453,48.4162,2939.581,132.805,0.0,100.0,0,0,15.11,REGEN,-350.0
1454,48.4495,2940.807,131.083,0.0,100.0,0,0,15.4,REGEN,-350.0
1455,48.4828,2942.009,129.412,0.0,100.0,0,0,15.69,REGEN,-350.0
1456,48.5161,2943.199,127.767,0.0,100.0,0,0,15.98,REGEN,-350.0
1457,48.5494,2944.376,126.154,0.0,100.0,0,0,16.27,REGEN,-350.0
1458,48.5828,2945.534,124.583,0.0,100.0,0,0,16.57,REGEN,-350.0
1459,48.6161,2946.685,123.026,0.0,100.0,0,0,16.86,REGEN,-350.0
1460,48.6494,2947.811,121.524,0.0,100.0,0,0,17.15,REGEN,-350.0
1461,48.6827,2948.932,120.033,0.0,100.0,0,0,17.44,REGEN,-350.0
1462,48.7161,2950.034,118.583,0.0,100.0,0,0,17.73,REGEN,-350.0
1463,48.7494,2951.126,117.16,0.0,100.0,0,0,18.02,REGEN,-350.0
1464,48.7827,2952.204,115.777,0.0,100.0,0,0,18.31,REGEN,-350.0
1465,48.816,2953.269,114.467,0.0,100.0,0,0,18.61,REGEN,-350.0
1466,48.8493,2954.324,113.215,0.0,100.0,0,0,18.9,REGEN,-350.0
1467,48.8827,2955.364,111.941,0.0,100.0,0,0,19.19,REGEN,-350.0
1468,48.916,2956.397,110.654,0.0,100.0,0,0,19.48,REGEN,-350.0
1469,48.9493,2957.413,109.416,0.0,100.0,0,0,19.77,REGEN,-350.0
1470,48.9826,2958.422,108.196,0.0,100.0,0,0,20.06,REGEN,-350.0
1471,49.016,2959.416,107.035,0.0,100.0,0,0,20.36,REGEN,-350.0
1472,49.0493,2960.404,105.895,0.0,100.0,0,0,20.65,REGEN,-350.0
1473,49.0826,2961.377,104.809,0.0,100.0,0,0,20.94,REGEN,-350.0
1474,49.1159,2962.344,103.745,0.0,100.0,0,0,21.23,REGEN,-350.0
1475,49.1492,2963.297,102.705,0.0,100.0,0,0,21.52,REGEN,-350.0
1476,49.1826,2964.244,101.679,0.0,100.0,0,0,21.81,REGEN,-350.0
1477,49.2159,2965.18,100.648,0.0,100.0,0,0,22.11,REGEN,-350.0
1478,49.2492,2966.106,99.611,0.0,100.0,0,0,22.4,REGEN,-350.0
1479,49.2825,2967.025,98.568,0.0,100.0,0,0,22.69,REGEN,-350.0
1480,49.3158,2967.93,97.515,0.0,100.0,0,0,22.98,REGEN,-350.0
1481,49.3492,2968.832,96.466,0.0,100.0,0,0,23.27,REGEN,-350.0
1482,49.3825,2969.715,95.432,0.0,100.0,0,0,23.56,REGEN,-350.0
1483,49.4158,2970.599,94.398,0.0,100.0,0,0,23.85,REGEN,-350.0
1484,49.4491,2971.464,93.435,0.0,100.0,0,0,24.15,REGEN,-350.0
1485,49.4825,2972.326,92.481,0.0,100.0,0,0,24.44,REGEN,-350.0
1486,49.5158,2973.178,91.602,0.0,100.0,0,0,24.73,REGEN,-350.0
1487,49.5491,2974.021,90.781,0.0,100.0,0,0,25.02,REGEN,-350.0
1488,49.5824,2974.861,89.994,0.0,100.0,0,0,25.31,REGEN,-259.8
1489,49.6157,2975.688,89.347,100.0,100.0,0,0,25.6,REGEN,194.66
1490,49.6491,2976.515,88.701,100.0,100.0,0,0,25.9,REGEN,649.12
1491,49.6824,2977.332,88.194,100.0,0.0,0,0,25.73,DEPLOY,750.0
1492,49.7157,2978.146,87.727,100.0,0.0,0,0,25.44,DEPLOY,750.0
1493,49.749,2978.957,87.289,100.0,0.0,0,0,25.15,DEPLOY,750.0
1494,49.7823,2979.762,86.909,100.0,0.0,0,0,24.86,DEPLOY,750.0
1495,49.8157,2980.567,86.53,100.0,0.0,0,0,24.57,DEPLOY,750.0
1496,49.849,2981.364,86.159,100.0,0.0,0,0,24.28,DEPLOY,750.0
1497,49.8823,2982.16,85.789,100.0,0.0,0,0,23.98,DEPLOY,750.0
1498,49.9156,2982.954,85.427,100.0,0.0,0,0,23.69,DEPLOY,750.0
1499,49.949,2983.741,85.08,100.0,0.0,0,0,23.4,DEPLOY,750.0
1500,49.9823,2984.529,84.734,100.0,0.0,0,0,23.11,DEPLOY,750.0
1501,50.0156,2985.311,84.443,100.0,0.0,0,0,22.82,DEPLOY,750.0
1502,50.0489,2986.091,84.172,100.0,0.0,0,0,22.53,DEPLOY,750.0
1503,50.0822,2986.871,83.928,100.0,0.0,0,0,22.23,DEPLOY,750.0
1504,50.1156,2987.647,83.836,100.0,0.0,0,0,21.94,DEPLOY,750.0
1505,50.1489,2988.422,83.744,100.0,0.0,0,0,21.65,DEPLOY,750.0
1506,50.1822,2989.197,83.652,100.0,0.0,0,0,21.36,DEPLOY,750.0
1507,50.2155,2989.971,83.56,100.0,0.0,0,0,21.07,DEPLOY,750.0
1508,50.2488,2990.744,83.467,100.0,0.0,0,0,20.78,DEPLOY,750.0
1509,50.2822,2991.516,83.376,100.0,0.0,0,0,20.49,DEPLOY,750.0
1510,50.3155,2992.287,83.284,100.0,0.0,0,0,20.19,DEPLOY,750.0
1511,50.3488,2993.058,83.192,100.0,0.0,0,0,19.9,DEPLOY,750.0
1512,50.3821,2993.827,83.101,100.0,0.0,0,0,19.61,DEPLOY,750.0
1513,50.4155,2994.596,83.01,100.0,0.0,0,0,19.32,DEPLOY,750.0
1514,50.4488,2995.365,82.966,100.0,0.0,0,0,19.03,DEPLOY,750.0
1515,50.4821,2996.132,82.941,100.0,0.0,0,0,18.74,DEPLOY,750.0
1516,50.5154,2996.9,82.917,100.0,0.0,0,0,18.45,DEPLOY,750.0
1517,50.5487,2997.667,82.892,100.0,0.0,0,0,18.16,DEPLOY,750.0
1518,50.5821,2998.435,82.867,100.0,0.0,0,0,17.87,DEPLOY,750.0
1519,50.6154,2999.201,82.842,100.0,0.0,0,0,17.57,DEPLOY,750.0
1520,50.6487,2999.968,82.817,100.0,0.0,0,0,17.28,DEPLOY,750.0
1521,50.682,3000.735,82.792,100.0,0.0,0,0,16.99,DEPLOY,750.0
1522,50.7153,3001.501,82.767,100.0,0.0,0,0,16.7,DEPLOY,750.0
1523,50.7487,3002.267,82.742,100.0,0.0,0,0,16.41,DEPLOY,750.0
1524,50.782,3003.033,82.778,100.0,0.0,0,0,16.12,DEPLOY,750.0
1525,50.8153,3003.802,83.029,100.0,0.0,0,0,15.83,DEPLOY,750.0
1526,50.8486,3004.571,83.28,100.0,0.0,0,0,15.54,DEPLOY,750.0
1527,50.882,3005.344,83.647,100.0,0.0,0,0,15.24,DEPLOY,750.0
1528,50.9153,3006.121,84.088,100.0,0.0,0,0,14.95,DEPLOY,750.0
1529,50.9486,3006.899,84.533,100.0,0.0,0,0,14.66,DEPLOY,750.0
1530,50.9819,3007.688,85.098,100.0,0.0,0,0,14.37,DEPLOY,750.0
1531,51.0152,3008.477,85.663,100.0,0.0,0,0,14.08,DEPLOY,750.0
1532,51.0486,3009.273,86.273,100.0,0.0,0,0,13.79,DEPLOY,750.0
1533,51.0819,3010.076,86.928,100.0,0.0,0,0,13.5,DEPLOY,750.0
1534,51.1152,3010.879,87.584,100.0,0.0,0,0,13.2,DEPLOY,750.0
1535,51.1485,3011.698,88.328,100.0,0.0,0,0,12.91,DEPLOY,750.0
1536,51.1818,3012.517,89.073,100.0,0.0,0,0,12.62,DEPLOY,750.0
1537,51.2152,3013.346,89.869,100.0,0.0,0,0,12.33,DEPLOY,750.0
1538,51.2485,3014.183,90.706,100.0,0.0,0,0,12.04,DEPLOY,750.0
1539,51.2818,3015.023,91.558,100.0,0.0,0,0,11.75,DEPLOY,750.0
1540,51.3151,3015.879,92.483,100.0,0.0,0,0,11.45,DEPLOY,750.0
1541,51.3485,3016.735,93.409,100.0,0.0,0,0,11.16,DEPLOY,750.0
1542,51.3818,3017.608,94.395,100.0,0.0,0,0,10.87,DEPLOY,750.0
1543,51.4151,3018.485,95.395,100.0,0.0,0,0,10.58,DEPLOY,750.0
1544,51.4484,3019.373,96.43,100.0,0.0,0,0,10.29,DEPLOY,750.0
1545,51.4817,3020.271,97.495,100.0,0.0,0,0,10.0,DEPLOY,750.0
1546,51.5151,3021.176,98.579,100.0,0.0,0,0,9.71,DEPLOY,750.0
1547,51.5484,3022.097,99.704,100.0,0.0,0,0,9.41,DEPLOY,750.0
1548,51.5817,3023.02,100.836,100.0,0.0,0,0,9.12,DEPLOY,750.0
1549,51.615,3023.964,102.014,100.0,0.0,0,0,8.83,DEPLOY,750.0
1550,51.6484,3024.908,103.192,100.0,0.0,0,0,8.54,DEPLOY,750.0
1551,51.6817,3025.874,104.401,100.0,0.0,0,0,8.25,DEPLOY,750.0
1552,51.715,3026.841,105.61,100.0,0.0,0,0,7.96,DEPLOY,750.0
1553,51.7483,3027.829,106.818,100.0,0.0,0,0,7.66,DEPLOY,750.0
1554,51.7816,3028.818,108.026,100.0,0.0,0,0,7.37,DEPLOY,750.0
1555,51.815,3029.826,108.964,100.0,0.0,0,0,7.08,DEPLOY,750.0
1556,51.8483,3030.835,109.88,100.0,0.0,0,0,6.79,DEPLOY,750.0
1557,51.8816,3031.863,111.148,100.0,0.0,0,0,6.5,DEPLOY,750.0
1558,51.9149,3032.892,112.438,100.0,0.0,0,0,6.21,DEPLOY,750.0
1559,51.9482,3033.945,113.871,100.0,0.0,0,0,5.91,DEPLOY,750.0
1560,51.9816,3035.001,115.287,100.0,0.0,0,0,5.62,DEPLOY,750.0
1561,52.0149,3036.078,116.539,100.0,0.0,0,0,5.33,DEPLOY,750.0
1562,52.0482,3037.16,117.792,100.0,0.0,0,0,5.04,DEPLOY,750.0
1563,52.0815,3038.258,119.048,100.0,0.0,0,0,4.75,DEPLOY,750.0
1564,52.1149,3039.365,120.304,100.0,0.0,0,0,4.46,DEPLOY,750.0
1565,52.1482,3040.484,121.56,100.0,0.0,0,0,4.17,DEPLOY,750.0
1566,52.1815,3041.616,122.816,100.0,0.0,0,0,3.87,DEPLOY,750.0
1567,52.2148,3042.755,124.072,100.0,0.0,0,0,3.58,DEPLOY,750.0
1568,52.2481,3043.913,125.33,100.0,0.0,0,0,3.29,DEPLOY,750.0
1569,52.2815,3045.076,126.589,100.0,0.0,0,0,3.0,DEPLOY,750.0
1570,52.3148,3046.255,127.849,100.0,0.0,0,0,2.71,DEPLOY,750.0
1571,52.3481,3047.444,129.109,100.0,0.0,0,0,2.42,DEPLOY,750.0
1572,52.3814,3048.644,130.37,100.0,0.0,0,0,2.12,DEPLOY,750.0
1573,52.4147,3049.858,131.635,100.0,0.0,0,0,1.83,DEPLOY,750.0
1574,52.4481,3051.08,132.902,100.0,0.0,0,0,1.54,DEPLOY,750.0
1575,52.4814,3052.318,134.176,100.0,0.0,0,0,1.25,DEPLOY,750.0
1576,52.5147,3053.566,135.453,100.0,0.0,0,0,0.96,DEPLOY,750.0
1577,52.548,3054.823,136.733,100.0,0.0,0,0,0.67,DEPLOY,750.0
1578,52.5814,3056.097,138.018,100.0,0.0,0,0,0.38,DEPLOY,750.0
1579,52.6147,3057.38,139.303,100.0,0.0,0,0,0.15,DEPLOY,750.0
1580,52.648,3058.674,140.589,100.0,0.0,0,0,0.02,DEPLOY,750.0
1581,52.6813,3059.983,141.874,100.0,0.0,0,0,0.0,DEPLOY,750.0
1582,52.7146,3061.301,143.156,100.0,0.0,0,0,0.0,DEPLOY,750.0
1583,52.748,3062.631,144.435,100.0,0.0,0,0,0.0,DEPLOY,750.0
1584,52.7813,3063.976,145.708,100.0,0.0,0,0,0.0,DEPLOY,750.0
1585,52.8146,3065.329,146.976,100.0,0.0,0,0,0.0,DEPLOY,750.0
1586,52.8479,3066.695,148.237,100.0,0.0,0,0,0.0,DEPLOY,750.0
1587,52.8812,3068.074,149.498,100.0,0.0,0,0,0.0,DEPLOY,750.0
1588,52.9146,3069.463,150.75,100.0,0.0,0,0,0.0,DEPLOY,750.0
1589,52.9479,3070.862,151.991,100.0,0.0,0,0,0.0,DEPLOY,750.0
1590,52.9812,3072.277,153.205,100.0,0.0,0,0,0.0,DEPLOY,750.0
1591,53.0145,3073.702,154.65,100.0,0.0,0,0,0.0,DEPLOY,750.0
1592,53.0479,3075.139,156.278,100.0,0.0,0,0,0.0,DEPLOY,750.0
1593,53.0812,3076.594,157.894,100.0,0.0,0,0,0.0,DEPLOY,750.0
1594,53.1145,3078.063,159.281,100.0,0.0,0,0,0.0,DEPLOY,750.0
1595,53.1478,3079.543,160.588,100.0,0.0,0,0,0.0,DEPLOY,750.0
1596,53.1811,3081.033,161.873,100.0,0.0,0,0,0.0,DEPLOY,750.0
1597,53.2145,3082.538,163.147,100.0,0.0,0,0,0.0,DEPLOY,750.0
1598,53.2478,3084.055,164.412,100.0,0.0,0,0,0.0,DEPLOY,750.0
1599,53.2811,3085.583,165.668,100.0,0.0,0,0,0.0,DEPLOY,750.0
1600,53.3144,3087.12,166.916,100.0,0.0,0,0,0.0,DEPLOY,750.0
1601,53.3477,3088.671,168.153,100.0,0.0,0,0,0.0,DEPLOY,750.0
1602,53.3811,3090.234,169.38,100.0,0.0,0,0,0.0,DEPLOY,750.0
1603,53.4144,3091.808,170.599,100.0,0.0,0,0,0.0,DEPLOY,750.0
1604,53.4477,3093.392,171.81,100.0,0.0,0,0,0.0,DEPLOY,750.0
1605,53.481,3094.987,173.014,100.0,0.0,0,0,0.0,DEPLOY,750.0
1606,53.5144,3096.594,174.208,100.0,0.0,0,0,0.0,DEPLOY,750.0
1607,53.5477,3098.213,175.395,100.0,0.0,0,0,0.0,DEPLOY,750.0
1608,53.581,3099.842,176.575,100.0,0.0,0,0,0.0,DEPLOY,750.0
1609,53.6143,3101.482,177.75,100.0,0.0,0,0,0.0,DEPLOY,750.0
1610,53.6476,3103.131,178.918,100.0,0.0,0,0,0.0,DEPLOY,750.0
1611,53.681,3104.792,180.08,100.0,0.0,0,0,0.0,DEPLOY,750.0
1612,53.7143,3106.466,181.237,100.0,0.0,0,0,0.0,DEPLOY,750.0
1613,53.7476,3108.149,182.391,100.0,0.0,0,0,0.0,DEPLOY,750.0
1614,53.7809,3109.842,183.543,100.0,0.0,0,0,0.0,DEPLOY,750.0
1615,53.8142,3111.546,184.595,100.0,0.0,0,0,0.0,DEPLOY,750.0
1616,53.8476,3113.258,185.453,100.0,0.0,0,0,0.0,DEPLOY,750.0
1617,53.8809,3114.978,186.222,100.0,0.0,0,0,0.0,DEPLOY,750.0
1618,53.9142,3116.706,187.083,100.0,0.0,0,0,0.0,DEPLOY,750.0
1619,53.9475,3118.442,188.008,100.0,0.0,0,0,0.0,DEPLOY,750.0
1620,53.9809,3120.187,188.979,100.0,0.0,0,0,0.0,DEPLOY,750.0
1621,54.0142,3121.941,189.997,100.0,0.0,0,0,0.0,DEPLOY,750.0
1622,54.0475,3123.704,191.065,100.0,0.0,0,0,0.0,DEPLOY,750.0
1623,54.0808,3125.478,192.194,100.0,0.0,0,0,0.0,DEPLOY,750.0
1624,54.1141,3127.262,193.391,100.0,0.0,0,0,0.0,DEPLOY,750.0
1625,54.1475,3129.057,194.653,100.0,0.0,0,0,0.0,DEPLOY,750.0
1626,54.1808,3130.865,195.973,100.0,0.0,0,0,0.0,DEPLOY,750.0
1627,54.2141,3132.686,197.341,100.0,0.0,0,0,0.0,DEPLOY,750.0
1628,54.2474,3134.519,198.75,100.0,0.0,0,0,0.0,DEPLOY,750.0
1629,54.2808,3136.366,200.169,100.0,0.0,0,0,0.0,DEPLOY,748.47
1630,54.3141,3138.225,201.583,100.0,0.0,0,0,0.0,DEPLOY,744.34
1631,54.3474,3140.098,202.99,100.0,0.0,0,0,0.0,DEPLOY,739.32
1632,54.3807,3141.983,204.338,100.0,0.0,0,0,0.0,DEPLOY,734.32
1633,54.414,3143.88,205.573,100.0,0.0,0,0,0.0,DEPLOY,729.35
1634,54.4474,3145.788,206.738,100.0,0.0,0,0,0.0,DEPLOY,724.42
1635,54.4807,3147.707,207.898,100.0,0.0,0,0,0.0,DEPLOY,719.51
1636,54.514,3149.636,209.054,100.0,0.0,0,0,0.0,DEPLOY,714.66
1637,54.5473,3151.577,210.204,100.0,0.0,0,0,0.0,DEPLOY,709.91
1638,54.5806,3153.527,211.347,100.0,0.0,0,0,0.0,DEPLOY,705.28
1639,54.614,3155.489,212.483,100.0,0.0,0,0,0.0,DEPLOY,700.76
1640,54.6473,3157.461,213.61,100.0,0.0,0,0,0.0,DEPLOY,696.36
1641,54.6806,3159.443,214.729,100.0,0.0,0,0,0.0,DEPLOY,692.06
1642,54.7139,3161.436,215.837,100.0,0.0,0,0,0.0,DEPLOY,687.85
1643,54.7473,3163.439,216.935,100.0,0.0,0,0,0.0,DEPLOY,683.75
1644,54.7806,3165.452,218.022,100.0,0.0,0,0,0.0,DEPLOY,679.75
1645,54.8139,3167.475,219.096,100.0,0.0,0,0,0.0,DEPLOY,675.83
1646,54.8472,3169.507,220.158,100.0,0.0,0,0,0.0,DEPLOY,672.0
1647,54.8805,3171.55,221.205,100.0,0.0,0,0,0.0,DEPLOY,668.26
1648,54.9139,3173.602,222.238,100.0,0.0,0,0,0.0,DEPLOY,664.61
1649,54.9472,3175.664,223.255,100.0,0.0,0,0,0.0,DEPLOY,661.03
1650,54.9805,3177.735,224.255,100.0,0.0,0,0,0.0,DEPLOY,657.53
1651,55.0138,3179.816,225.238,100.0,0.0,0,0,0.0,DEPLOY,654.11
1652,55.0471,3181.905,226.201,100.0,0.0,0,0,0.0,DEPLOY,650.77
1653,55.0805,3184.003,227.144,100.0,0.0,0,0,0.0,DEPLOY,647.49
1654,55.1138,3186.11,228.065,100.0,0.0,0,0,0.0,DEPLOY,644.29
1655,55.1471,3188.225,228.963,100.0,0.0,0,0,0.0,DEPLOY,641.15
1656,55.1804,3190.348,229.834,100.0,0.0,0,0,0.0,DEPLOY,638.08
1657,55.2138,3192.479,230.678,100.0,0.0,0,0,0.0,DEPLOY,635.08
1658,55.2471,3194.618,231.492,100.0,0.0,0,0,0.0,DEPLOY,632.14
1659,55.2804,3196.764,232.272,100.0,0.0,0,0,0.0,DEPLOY,629.26
1660,55.3137,3198.917,233.016,100.0,0.0,0,0,0.0,DEPLOY,626.45
1661,55.347,3201.077,233.718,100.0,0.0,0,0,0.0,DEPLOY,623.7
1662,55.3804,3203.244,234.376,100.0,0.0,0,0,0.0,DEPLOY,621.0
1663,55.4137,3205.416,234.987,100.0,0.0,0,0,0.0,DEPLOY,618.36
1664,55.447,3207.594,235.547,100.0,0.0,0,0,0.0,DEPLOY,615.57
1665,55.4803,3209.776,236.05,100.0,0.0,0,0,0.0,DEPLOY,612.31
1666,55.5136,3211.963,236.492,100.0,0.0,0,0,0.0,DEPLOY,608.95
1667,55.547,3214.154,236.87,100.0,0.0,0,0,0.0,DEPLOY,605.5
1668,55.5803,3216.348,237.179,100.0,0.0,0,0,0.0,DEPLOY,601.97
1669,55.6136,3218.544,237.414,100.0,0.0,0,0,0.0,DEPLOY,598.38
1670,55.6469,3220.742,237.571,100.0,0.0,0,0,0.0,DEPLOY,594.76
1671,55.6803,3222.942,237.646,100.0,0.0,0,0,0.0,DEPLOY,591.13
1672,55.7136,3225.141,237.631,100.0,0.0,0,0,0.0,DEPLOY,587.55
1673,55.7469,3227.34,237.527,100.0,0.0,0,0,0.0,DEPLOY,584.05
1674,55.7802,3229.538,237.334,100.0,0.0,0,0,0.0,DEPLOY,580.68
1675,55.8135,3231.733,237.047,100.0,0.0,0,0,0.0,DEPLOY,577.42
1676,55.8469,3233.926,236.667,100.0,0.0,0,0,0.0,DEPLOY,574.24
1677,55.8802,3236.114,236.193,100.0,0.0,0,0,0.0,DEPLOY,571.08
1678,55.9135,3238.298,235.624,100.0,0.0,0,0,0.0,DEPLOY,567.89
1679,55.9468,3240.476,234.962,100.0,0.0,0,0,0.0,DEPLOY,564.65
1680,55.9801,3242.647,234.208,0.0,0.0,0,0,0.0,DEPLOY,-229.27
1681,56.0135,3244.811,233.361,0.0,100.0,0,0,0.24,REGEN,-350.0
1682,56.0468,3246.967,232.423,0.0,100.0,0,0,0.51,REGEN,-350.0
1683,56.0801,3249.113,231.393,0.0,100.0,0,0,0.77,REGEN,-350.0
1684,56.1134,3251.25,230.278,0.0,100.0,0,0,1.04,REGEN,-350.0
1685,56.1468,3253.375,229.08,0.0,100.0,0,0,1.3,REGEN,-350.0
1686,56.1801,3255.49,227.79,0.0,100.0,0,0,1.57,REGEN,-350.0
1687,56.2134,3257.592,226.401,0.0,100.0,0,0,1.84,REGEN,-350.0
1688,56.2467,3259.68,224.914,0.0,100.0,0,0,2.12,REGEN,-350.0
1689,56.28,3261.755,223.335,0.0,100.0,0,0,2.39,REGEN,-350.0
1690,56.3134,3263.814,221.666,0.0,100.0,0,0,2.67,REGEN,-350.0
1691,56.3467,3265.858,219.912,0.0,100.0,0,0,2.96,REGEN,-350.0
1692,56.38,3267.885,218.081,0.0,100.0,0,0,3.24,REGEN,-350.0
1693,56.4133,3269.894,216.18,0.0,100.0,0,0,3.53,REGEN,-350.0
1694,56.4466,3271.885,213.906,0.0,100.0,0,0,3.82,REGEN,-350.0
1695,56.48,3273.851,210.993,0.0,100.0,0,0,4.11,REGEN,-350.0
1696,56.5133,3275.789,207.838,0.0,100.0,0,0,4.41,REGEN,-350.0
1697,56.5466,3277.699,204.827,0.0,100.0,0,0,4.7,REGEN,-350.0
1698,56.5799,3279.582,201.935,0.0,100.0,0,0,4.99,REGEN,-350.0
1699,56.6133,3281.438,199.15,0.0,100.0,0,0,5.28,REGEN,-350.0
1700,56.6466,3283.27,196.475,0.0,100.0,0,0,5.57,REGEN,-350.0
1701,56.6799,3285.078,193.93,0.0,100.0,0,0,5.86,REGEN,-350.0
1702,56.7132,3286.862,191.54,0.0,100.0,0,0,6.15,REGEN,-350.0
1703,56.7465,3288.624,189.324,0.0,100.0,0,0,6.45,REGEN,-350.0
1704,56.7799,3290.365,187.211,0.0,100.0,0,0,6.74,REGEN,-350.0
1705,56.8132,3292.088,185.121,0.0,100.0,0,0,7.03,REGEN,-350.0
1706,56.8465,3293.791,183.01,0.0,100.0,0,0,7.32,REGEN,-350.0
1707,56.8798,3295.476,180.949,0.0,100.0,0,0,7.61,REGEN,-350.0
1708,56.9132,3297.144,179.029,0.0,100.0,0,0,7.9,REGEN,-350.0
1709,56.9465,3298.792,177.096,0.0,100.0,0,0,8.2,REGEN,-350.0
1710,56.9798,3300.422,175.314,0.0,100.0,0,0,8.49,REGEN,-350.0
1711,57.0131,3302.037,173.771,0.0,100.0,0,0,8.78,REGEN,-350.0
1712,57.0464,3303.639,172.451,0.0,100.0,0,0,9.07,REGEN,-350.0
1713,57.0798,3305.231,171.272,0.0,100.0,0,0,9.36,REGEN,-350.0
1714,57.1131,3306.811,170.06,0.0,100.0,0,0,9.65,REGEN,-350.0
1715,57.1464,3308.377,168.679,0.0,100.0,0,0,9.94,REGEN,-350.0
1716,57.1797,3309.931,167.211,0.0,100.0,0,0,10.24,REGEN,-350.0
1717,57.213,3311.472,165.732,0.0,100.0,0,0,10.53,REGEN,-350.0
1718,57.2464,3313.002,164.317,0.0,100.0,0,0,10.82,REGEN,-350.0
1719,57.2797,3314.517,163.237,0.0,100.0,0,0,11.11,REGEN,-350.0
1720,57.313,3316.025,162.693,0.0,100.0,0,0,11.4,REGEN,-350.0
1721,57.3463,3317.53,162.485,0.0,100.0,0,0,11.69,REGEN,-350.0
1722,57.3797,3319.034,162.485,0.0,100.0,0,0,11.99,REGEN,-350.0
1723,57.413,3320.538,162.485,0.0,100.0,0,0,12.28,REGEN,-350.0
1724,57.4463,3322.042,162.417,0.0,100.0,0,0,12.57,REGEN,-350.0
1725,57.4796,3323.543,161.974,0.0,100.0,0,0,12.86,REGEN,-350.0
1726,57.5129,3325.038,161.001,0.0,100.0,0,0,13.15,REGEN,-350.0
1727,57.5463,3326.521,159.674,0.0,100.0,0,0,13.44,REGEN,-350.0
1728,57.5796,3327.991,158.124,0.0,100.0,0,0,13.73,REGEN,-350.0
1729,57.6129,3329.447,156.442,0.0,100.0,0,0,14.03,REGEN,-350.0
1730,57.6462,3330.89,154.673,0.0,100.0,0,0,14.32,REGEN,-350.0
1731,57.6795,3332.309,152.812,0.0,100.0,0,0,14.61,REGEN,-350.0
1732,57.7129,3333.715,150.94,0.0,100.0,0,0,14.9,REGEN,-350.0
1733,57.7462,3335.106,149.097,0.0,100.0,0,0,15.19,REGEN,-254.09
1734,57.7795,3336.477,147.498,100.0,100.0,0,0,15.48,REGEN,499.49
1735,57.8128,3337.84,146.778,100.0,0.0,0,0,15.39,DEPLOY,750.0
1736,57.8462,3339.197,146.495,100.0,0.0,0,0,15.09,DEPLOY,750.0
1737,57.8795,3340.552,146.212,100.0,0.0,0,0,14.8,DEPLOY,750.0
1738,57.9128,3341.904,145.931,100.0,0.0,0,0,14.51,DEPLOY,750.0
1739,57.9461,3343.253,145.65,100.0,0.0,0,0,14.22,DEPLOY,750.0
1740,57.9794,3344.6,145.371,100.0,0.0,0,0,13.93,DEPLOY,750.0
1741,58.0128,3345.947,145.504,100.0,0.0,0,0,13.64,DEPLOY,750.0
1742,58.0461,3347.295,145.835,100.0,0.0,0,0,13.35,DEPLOY,750.0
1743,58.0794,3348.647,146.337,100.0,0.0,0,0,13.05,DEPLOY,750.0
1744,58.1127,3350.004,146.749,100.0,0.0,0,0,12.76,DEPLOY,750.0
1745,58.146,3351.364,147.137,100.0,0.0,0,0,12.47,DEPLOY,750.0
1746,58.1794,3352.727,147.526,100.0,0.0,0,0,12.19,DEPLOY,750.0
1747,58.2127,3354.095,147.917,100.0,0.0,0,0,11.9,DEPLOY,750.0
1748,58.246,3355.466,148.308,100.0,0.0,0,0,11.61,DEPLOY,750.0
1749,58.2793,3356.84,148.7,100.0,0.0,0,0,11.32,DEPLOY,750.0
1750,58.3127,3358.219,149.094,100.0,0.0,0,0,11.03,DEPLOY,750.0
1751,58.346,3359.6,149.39,100.0,0.0,0,0,10.74,DEPLOY,750.0
1752,58.3793,3360.983,149.592,100.0,0.0,0,0,10.45,DEPLOY,750.0
1753,58.4126,3362.371,150.141,100.0,0.0,0,0,10.16,DEPLOY,750.0
1754,58.4459,3363.764,150.772,100.0,0.0,0,0,9.87,DEPLOY,750.0
1755,58.4793,3365.162,151.476,100.0,0.0,0,0,9.57,DEPLOY,750.0
1756,58.5126,3366.568,152.27,100.0,0.0,0,0,9.28,DEPLOY,750.0
1757,58.5459,3367.983,153.148,100.0,0.0,0,0,8.99,DEPLOY,750.0
1758,58.5792,3369.404,154.091,100.0,0.0,0,0,8.7,DEPLOY,750.0
1759,58.6125,3370.834,155.11,100.0,0.0,0,0,8.41,DEPLOY,750.0
1760,58.6459,3372.276,156.1,100.0,0.0,0,0,8.12,DEPLOY,750.0
1761,58.6792,3373.726,157.186,100.0,0.0,0,0,7.82,DEPLOY,750.0
1762,58.7125,3375.185,158.401,100.0,0.0,0,0,7.53,DEPLOY,750.0
1763,58.7458,3376.658,159.833,100.0,0.0,0,0,7.24,DEPLOY,750.0
1764,58.7792,3378.146,161.317,100.0,0.0,0,0,6.95,DEPLOY,750.0
1765,58.8125,3379.645,162.807,100.0,0.0,0,0,6.66,DEPLOY,750.0
1766,58.8458,3381.158,164.274,100.0,0.0,0,0,6.37,DEPLOY,750.0
1767,58.8791,3382.685,165.647,100.0,0.0,0,0,6.08,DEPLOY,750.0
1768,58.9124,3384.225,166.917,100.0,0.0,0,0,5.78,DEPLOY,750.0
1769,58.9458,3385.776,168.171,100.0,0.0,0,0,5.49,DEPLOY,750.0
1770,58.9791,3387.337,169.452,100.0,0.0,0,0,5.2,DEPLOY,750.0
1771,59.0124,3388.911,170.803,100.0,0.0,0,0,4.91,DEPLOY,750.0
1772,59.0457,3390.5,172.243,100.0,0.0,0,0,4.62,DEPLOY,750.0
1773,59.079,3392.102,173.731,100.0,0.0,0,0,4.33,DEPLOY,750.0
1774,59.1124,3393.717,175.254,100.0,0.0,0,0,4.03,DEPLOY,750.0
1775,59.1457,3395.345,176.793,100.0,0.0,0,0,3.74,DEPLOY,750.0
1776,59.179,3396.987,178.325,100.0,0.0,0,0,3.45,DEPLOY,750.0
1777,59.2123,3398.646,179.848,100.0,0.0,0,0,3.16,DEPLOY,750.0
1778,59.2457,3400.318,181.364,100.0,0.0,0,0,2.87,DEPLOY,750.0
1779,59.279,3402.004,182.788,100.0,0.0,0,0,2.58,DEPLOY,750.0
1780,59.3123,3403.702,184.142,100.0,0.0,0,0,2.29,DEPLOY,750.0
1781,59.3456,3405.412,185.479,100.0,0.0,0,0,1.99,DEPLOY,750.0
1782,59.3789,3407.134,186.82,100.0,0.0,0,0,1.7,DEPLOY,750.0
1783,59.4123,3408.869,188.164,100.0,0.0,0,0,1.41,DEPLOY,750.0
1784,59.4456,3410.618,189.51,100.0,0.0,0,0,1.12,DEPLOY,750.0
1785,59.4789,3412.379,190.858,100.0,0.0,0,0,0.83,DEPLOY,750.0
1786,59.5122,3414.152,192.208,100.0,0.0,0,0,0.54,DEPLOY,750.0
1787,59.5456,3415.937,193.561,100.0,0.0,0,0,0.25,DEPLOY,750.0
1788,59.5789,3417.735,194.915,100.0,0.0,0,0,0.05,DEPLOY,750.0
1789,59.6122,3419.545,196.271,100.0,0.0,0,0,0.0,DEPLOY,750.0
1790,59.6455,3421.368,197.628,100.0,0.0,0,0,0.0,DEPLOY,750.0
1791,59.6788,3423.203,198.973,100.0,0.0,0,0,0.0,DEPLOY,749.92
1792,59.7122,3425.05,200.239,100.0,0.0,0,0,0.0,DEPLOY,749.15
1793,59.7455,3426.909,201.512,100.0,0.0,0,0,0.0,DEPLOY,744.6
1794,59.7788,3428.781,202.805,100.0,0.0,0,0,0.0,DEPLOY,739.98
1795,59.8121,3430.664,204.117,100.0,0.0,0,0,0.0,DEPLOY,735.3
1796,59.8454,3432.56,205.447,100.0,0.0,0,0,0.0,DEPLOY,730.55
1797,59.8788,3434.468,206.793,100.0,0.0,0,0,0.0,DEPLOY,725.74
1798,59.9121,3436.388,208.153,100.0,0.0,0,0,0.0,DEPLOY,720.88
1799,59.9454,3438.321,209.527,100.0,0.0,0,0,0.0,DEPLOY,715.98
1800,59.9787,3440.267,210.912,100.0,0.0,0,0,0.0,DEPLOY,711.03
1801,60.0121,3442.226,212.308,100.0,0.0,0,0,0.0,DEPLOY,706.04
1802,60.0454,3444.198,213.714,100.0,0.0,0,0,0.0,DEPLOY,701.02
1803,60.0787,3446.182,215.125,100.0,0.0,0,0,0.0,DEPLOY,695.97
1804,60.112,3448.18,216.492,100.0,0.0,0,0,0.0,DEPLOY,690.9
1805,60.1453,3450.19,217.82,100.0,0.0,0,0,0.0,DEPLOY,685.8
1806,60.1787,3452.212,219.139,100.0,0.0,0,0,0.0,DEPLOY,680.68
1807,60.212,3454.246,220.452,100.0,0.0,0,0,0.0,DEPLOY,675.55
1808,60.2453,3456.293,221.759,100.0,0.0,0,0,0.0,DEPLOY,670.4
1809,60.2786,3458.351,223.058,100.0,0.0,0,0,0.0,DEPLOY,665.24
1810,60.3119,3460.422,224.349,100.0,0.0,0,0,0.0,DEPLOY,660.1
1811,60.3453,3462.504,225.631,100.0,0.0,0,0,0.0,DEPLOY,655.05
1812,60.3786,3464.598,226.904,100.0,0.0,0,0,0.0,DEPLOY,650.1
1813,60.4119,3466.704,228.168,100.0,0.0,0,0,0.0,DEPLOY,645.23
1814,60.4452,3468.822,229.422,100.0,0.0,0,0,0.0,DEPLOY,640.46
1815,60.4786,3470.951,230.665,100.0,0.0,0,0,0.0,DEPLOY,635.77
1816,60.5119,3473.092,231.897,100.0,0.0,0,0,0.0,DEPLOY,631.16
1817,60.5452,3475.244,233.117,100.0,0.0,0,0,0.0,DEPLOY,626.64
1818,60.5785,3477.408,234.325,100.0,0.0,0,0,0.0,DEPLOY,622.19
1819,60.6118,3479.582,235.521,100.0,0.0,0,0,0.0,DEPLOY,617.82
1820,60.6452,3481.768,236.705,100.0,0.0,0,0,0.0,DEPLOY,613.52
1821,60.6785,3483.964,237.875,100.0,0.0,0,0,0.0,DEPLOY,609.29
1822,60.7118,3486.171,239.032,100.0,0.0,0,0,0.0,DEPLOY,605.14
1823,60.7451,3488.389,240.176,100.0,0.0,0,0,0.0,DEPLOY,601.05
1824,60.7784,3490.617,241.306,100.0,0.0,0,0,0.0,DEPLOY,597.02
1825,60.8118,3492.855,242.422,100.0,0.0,0,0,0.0,DEPLOY,593.06
1826,60.8451,3495.104,243.524,100.0,0.0,0,0,0.0,DEPLOY,589.17
1827,60.8784,3497.364,244.61,100.0,0.0,0,0,0.0,DEPLOY,585.33
1828,60.9117,3499.633,245.682,100.0,0.0,0,0,0.0,DEPLOY,581.56
1829,60.9451,3501.912,246.74,100.0,0.0,0,0,0.0,DEPLOY,577.85
1830,60.9784,3504.201,247.783,100.0,0.0,0,0,0.0,DEPLOY,574.19
1831,61.0117,3506.499,248.812,100.0,0.0,0,0,0.0,DEPLOY,570.59
1832,61.045,3508.806,249.826,100.0,0.0,0,0,0.0,DEPLOY,567.04
1833,61.0783,3511.123,250.826,100.0,0.0,0,0,0.0,DEPLOY,563.55
1834,61.1117,3513.449,251.809,100.0,0.0,0,0,0.0,DEPLOY,560.11
1835,61.145,3515.785,252.778,100.0,0.0,0,0,0.0,DEPLOY,556.72
1836,61.1783,3518.129,253.733,100.0,0.0,0,0,0.0,DEPLOY,553.39
1837,61.2116,3520.482,254.673,100.0,0.0,0,0,0.0,DEPLOY,550.1
1838,61.2449,3522.843,255.598,100.0,0.0,0,0,0.0,DEPLOY,546.86
1839,61.2783,3525.213,256.507,100.0,0.0,0,0,0.0,DEPLOY,543.67
1840,61.3116,3527.592,257.4,100.0,0.0,0,0,0.0,DEPLOY,540.52
1841,61.3449,3529.978,258.278,100.0,0.0,0,0,0.0,DEPLOY,537.42
1842,61.3782,3532.373,259.14,100.0,0.0,0,0,0.0,DEPLOY,534.37
1843,61.4116,3534.775,259.986,100.0,0.0,0,0,0.0,DEPLOY,531.36
1844,61.4449,3537.185,260.813,100.0,0.0,0,0,0.0,DEPLOY,528.39
1845,61.4782,3539.603,261.622,100.0,0.0,0,0,0.0,DEPLOY,525.47
1846,61.5115,3542.029,262.413,100.0,0.0,0,0,0.0,DEPLOY,522.58
1847,61.5448,3544.461,263.184,100.0,0.0,0,0,0.0,DEPLOY,519.74
1848,61.5782,3546.9,263.934,100.0,0.0,0,0,0.0,DEPLOY,516.94
1849,61.6115,3549.347,264.659,100.0,0.0,0,0,0.0,DEPLOY,514.18
1850,61.6448,3551.8,265.36,100.0,0.0,0,0,0.0,DEPLOY,511.46
1851,61.6781,3554.259,266.034,100.0,0.0,0,0,0.0,DEPLOY,508.77
1852,61.7114,3556.724,266.681,100.0,0.0,0,0,0.0,DEPLOY,506.12
1853,61.7448,3559.196,267.295,100.0,0.0,0,0,0.0,DEPLOY,503.51
1854,61.7781,3561.673,267.873,100.0,0.0,0,0,0.0,DEPLOY,500.95
1855,61.8114,3564.155,268.415,100.0,0.0,0,0,0.0,DEPLOY,498.52
1856,61.8447,3566.641,268.917,100.0,0.0,0,0,0.0,DEPLOY,496.18
1857,61.8781,3569.132,269.375,100.0,0.0,0,0,0.0,DEPLOY,493.88
1858,61.9114,3571.628,269.782,100.0,0.0,0,0,0.0,DEPLOY,491.61
1859,61.9447,3574.126,270.139,100.0,0.0,0,0,0.0,DEPLOY,489.38
1860,61.978,3576.628,270.442,100.0,0.0,0,0,0.0,DEPLOY,487.17
1861,62.0113,3579.132,270.685,100.0,0.0,0,0,0.0,DEPLOY,485.0
1862,62.0447,3581.639,270.859,100.0,0.0,0,0,0.0,DEPLOY,482.85
1863,62.078,3584.146,270.967,100.0,0.0,0,0,0.0,DEPLOY,480.74
1864,62.1113,3586.655,271.006,100.0,0.0,0,0,0.0,DEPLOY,478.66
1865,62.1446,3589.163,270.968,100.0,0.0,0,0,0.0,DEPLOY,476.61
1866,62.178,3591.67,270.845,100.0,0.0,0,0,0.0,DEPLOY,474.59
1867,62.2113,3594.176,270.643,100.0,0.0,0,0,0.0,DEPLOY,472.6
1868,62.2446,3596.68,270.358,100.0,0.0,0,0,0.0,DEPLOY,470.64
1869,62.2779,3599.181,269.985,100.0,0.0,0,0,0.0,DEPLOY,468.71
1870,62.3112,3601.678,269.518,100.0,0.0,0,0,0.0,DEPLOY,466.82
1871,62.3446,3604.17,268.964,100.0,0.0,0,0,0.0,DEPLOY,464.95
1872,62.3779,3606.657,268.325,100.0,0.0,0,0,0.0,DEPLOY,463.11
1873,62.4112,3609.137,267.595,100.0,0.0,0,0,0.0,DEPLOY,461.3
1874,62.4445,3611.61,266.771,100.0,0.0,0,0,0.0,DEPLOY,459.56
1875,62.4778,3614.075,265.864,100.0,0.0,0,0,0.0,DEPLOY,19.76
1876,62.5112,3616.531,264.877,0.0,100.0,0,0,0.17,REGEN,-350.0
1877,62.5445,3618.978,263.811,0.0,100.0,0,0,0.44,REGEN,-350.0
1878,62.5778,3621.414,262.66,0.0,100.0,0,0,0.72,REGEN,-350.0
1879,62.6111,3623.84,261.439,0.0,100.0,0,0,0.99,REGEN,-350.0
1880,62.6445,3626.254,260.153,0.0,100.0,0,0,1.26,REGEN,-350.0
1881,62.6778,3628.656,258.799,0.0,100.0,0,0,1.52,REGEN,-350.0
1882,62.7111,3631.045,257.368,0.0,100.0,0,0,1.8,REGEN,-350.0
1883,62.7444,3633.42,255.852,0.0,100.0,0,0,2.07,REGEN,-350.0
1884,62.7777,3635.78,254.267,0.0,100.0,0,0,2.35,REGEN,-350.0
1885,62.8111,3638.126,252.618,0.0,100.0,0,0,2.63,REGEN,-350.0
1886,62.8444,3640.456,250.912,0.0,100.0,0,0,2.92,REGEN,-350.0
1887,62.8777,3642.77,248.879,0.0,100.0,0,0,3.21,REGEN,-350.0
1888,62.911,3645.054,244.254,0.0,100.0,0,0,3.5,REGEN,-350.0
1889,62.9443,3647.291,239.589,0.0,100.0,0,0,3.79,REGEN,-350.0
1890,62.9777,3649.489,235.513,0.0,100.0,0,0,4.08,REGEN,-350.0
1891,63.011,3651.654,232.528,0.0,100.0,0,0,4.38,REGEN,-350.0
1892,63.0443,3653.799,230.986,0.0,100.0,0,0,4.67,REGEN,-350.0
1893,63.0776,3655.93,229.452,0.0,100.0,0,0,4.96,REGEN,-350.0
1894,63.111,3658.04,226.5,0.0,100.0,0,0,5.25,REGEN,-350.0
1895,63.1443,3660.121,222.996,0.0,100.0,0,0,5.54,REGEN,-350.0
1896,63.1776,3662.17,219.838,0.0,100.0,0,0,5.83,REGEN,-350.0
1897,63.2109,3664.198,218.303,0.0,100.0,0,0,6.13,REGEN,-350.0
1898,63.2442,3666.217,218.055,0.0,100.0,0,0,6.42,REGEN,-350.0
1899,63.2776,3668.235,218.055,0.0,100.0,0,0,6.71,REGEN,-350.0
1900,63.3109,3670.254,218.055,0.0,100.0,0,0,7.0,REGEN,-350.0
1901,63.3442,3672.272,218.055,0.0,100.0,0,0,7.29,REGEN,-350.0
1902,63.3775,3674.289,217.892,0.0,100.0,0,0,7.58,REGEN,-350.0
1903,63.4108,3676.294,215.299,0.0,100.0,0,0,7.87,REGEN,-350.0
1904,63.4442,3678.269,211.463,0.0,100.0,0,0,8.17,REGEN,-350.0
1905,63.4775,3680.213,208.521,0.0,100.0,0,0,8.46,REGEN,-350.0
1906,63.5108,3682.137,207.207,0.0,100.0,0,0,8.75,REGEN,-350.0
1907,63.5441,3684.054,206.955,0.0,100.0,0,0,9.04,REGEN,-350.0
1908,63.5775,3685.969,206.955,0.0,100.0,0,0,9.33,REGEN,-350.0
1909,63.6108,3687.885,206.955,100.0,100.0,0,0,9.62,REGEN,129.21
1910,63.6441,3689.8,206.972,100.0,0.0,0,0,9.68,DEPLOY,725.1
1911,63.6774,3691.718,207.458,100.0,0.0,0,0,9.41,DEPLOY,723.36
1912,63.7107,3693.644,208.732,100.0,0.0,0,0,9.14,DEPLOY,718.81
1913,63.7441,3695.583,210.093,100.0,0.0,0,0,8.87,DEPLOY,713.95
1914,63.7774,3697.533,211.424,100.0,0.0,0,0,8.61,DEPLOY,709.2
1915,63.8107,3699.496,212.723,100.0,0.0,0,0,8.35,DEPLOY,704.56
1916,63.844,3701.471,213.989,100.0,0.0,0,0,8.1,DEPLOY,700.04
1917,63.8773,3703.457,215.226,100.0,0.0,0,0,7.85,DEPLOY,695.62
1918,63.9107,3705.455,216.434,100.0,0.0,0,0,7.6,DEPLOY,691.3
1919,63.944,3707.464,217.614,100.0,0.0,0,0,7.36,DEPLOY,687.09
1920,63.9773,3709.483,218.766,100.0,0.0,0,0,7.12,DEPLOY,682.98
1921,64.0106,3711.514,219.891,100.0,0.0,0,0,6.89,DEPLOY,678.96
1922,64.044,3713.554,220.99,100.0,0.0,0,0,6.65,DEPLOY,675.03
1923,64.0773,3715.604,222.065,100.0,0.0,0,0,6.42,DEPLOY,671.2
1924,64.1106,3717.665,223.127,100.0,0.0,0,0,6.2,DEPLOY,667.4
1925,64.1439,3719.735,224.217,100.0,0.0,0,0,5.98,DEPLOY,663.51
1926,64.1772,3721.816,225.348,100.0,0.0,0,0,5.76,DEPLOY,659.47
1927,64.2106,3723.907,226.494,100.0,0.0,0,0,5.54,DEPLOY,655.38
1928,64.2439,3726.009,227.641,100.0,0.0,0,0,5.33,DEPLOY,651.28
1929,64.2772,3728.121,228.79,100.0,0.0,0,0,5.12,DEPLOY,647.18
1930,64.3105,3730.244,229.949,100.0,0.0,0,0,4.91,DEPLOY,643.04
1931,64.3438,3732.378,231.11,100.0,0.0,0,0,4.71,DEPLOY,638.89
1932,64.3772,3734.522,232.293,100.0,0.0,0,0,4.51,DEPLOY,634.67
1933,64.4105,3736.678,233.519,100.0,0.0,0,0,4.32,DEPLOY,630.29
1934,64.4438,3738.845,234.775,100.0,0.0,0,0,4.12,DEPLOY,625.78
1935,64.4771,3741.022,235.842,100.0,0.0,0,0,3.94,DEPLOY,621.32
1936,64.5105,3743.21,236.873,100.0,0.0,0,0,3.75,DEPLOY,616.94
1937,64.5438,3745.408,237.905,100.0,0.0,0,0,3.57,DEPLOY,612.64
1938,64.5771,3747.615,238.935,100.0,0.0,0,0,3.4,DEPLOY,608.41
1939,64.6104,3749.831,239.961,100.0,0.0,0,0,3.22,DEPLOY,604.26
1940,64.6437,3752.057,240.982,100.0,0.0,0,0,3.05,DEPLOY,600.17
1941,64.6771,3754.292,241.997,100.0,0.0,0,0,2.89,DEPLOY,596.15
1942,64.7104,3756.537,243.002,100.0,0.0,0,0,2.73,DEPLOY,592.2
1943,64.7437,3758.79,243.998,100.0,0.0,0,0,2.57,DEPLOY,588.31
1944,64.777,3761.053,244.981,100.0,0.0,0,0,2.41,DEPLOY,584.49
1945,64.8104,3763.325,245.95,100.0,0.0,0,0,2.26,DEPLOY,580.73
1946,64.8437,3765.606,246.905,100.0,0.0,0,0,2.11,DEPLOY,577.03
1947,64.877,3767.896,247.844,100.0,0.0,0,0,1.96,DEPLOY,573.39
1948,64.9103,3770.195,248.765,100.0,0.0,0,0,1.82,DEPLOY,569.8
1949,64.9436,3772.501,249.669,100.0,0.0,0,0,1.68,DEPLOY,566.27
1950,64.977,3774.816,250.553,100.0,0.0,0,0,1.54,DEPLOY,562.79
1951,65.0103,3777.139,251.417,100.0,0.0,0,0,1.41,DEPLOY,559.37
1952,65.0436,3779.47,252.257,100.0,0.0,0,0,1.27,DEPLOY,556.01
1953,65.0769,3781.809,253.076,100.0,0.0,0,0,1.15,DEPLOY,552.69
1954,65.1102,3784.155,253.871,100.0,0.0,0,0,1.02,DEPLOY,549.43
1955,65.1436,3786.509,254.643,100.0,0.0,0,0,0.9,DEPLOY,546.21
1956,65.1769,3788.869,255.391,100.0,0.0,0,0,0.78,DEPLOY,543.04
1957,65.2102,3791.236,256.113,100.0,0.0,0,0,0.66,DEPLOY,539.92
1958,65.2435,3793.61,256.807,100.0,0.0,0,0,0.54,DEPLOY,536.85
1959,65.2769,3795.99,257.476,100.0,0.0,0,0,0.43,DEPLOY,533.82
1960,65.3102,3798.376,258.119,100.0,0.0,0,0,0.32,DEPLOY,530.84
1961,65.3435,3800.768,258.736,100.0,0.0,0,0,0.21,DEPLOY,527.91
1962,65.3768,3803.166,259.326,100.0,0.0,0,0,0.11,DEPLOY,525.01
1963,65.4101,3805.569,259.887,100.0,0.0,0,0,0.02,DEPLOY,522.23
1964,65.4435,3807.977,260.421,100.0,0.0,0,0,0.0,DEPLOY,520.43
1965,65.4768,3810.39,260.931,100.0,0.0,0,0,0.0,DEPLOY,519.77
1966,65.5101,3812.807,261.414,100.0,0.0,0,0,0.0,DEPLOY,519.12
1967,65.5434,3815.229,261.871,100.0,0.0,0,0,0.0,DEPLOY,518.48
1968,65.5767,3817.655,262.3,100.0,0.0,0,0,0.0,DEPLOY,517.85
1969,65.6101,3820.084,262.704,100.0,0.0,0,0,0.0,DEPLOY,517.24
1970,65.6434,3822.518,263.082,100.0,0.0,0,0,0.0,DEPLOY,516.63
1971,65.6767,3824.954,263.435,100.0,0.0,0,0,0.0,DEPLOY,516.03
1972,65.71,3827.394,263.758,100.0,0.0,0,0,0.0,DEPLOY,515.45
1973,65.7434,3829.837,264.055,100.0,0.0,0,0,0.0,DEPLOY,514.88
1974,65.7767,3832.282,264.324,100.0,0.0,0,0,0.0,DEPLOY,514.32
1975,65.81,3834.73,264.567,100.0,0.0,0,0,0.0,DEPLOY,513.76
1976,65.8433,3837.18,264.781,100.0,0.0,0,0,0.0,DEPLOY,513.22
1977,65.8766,3839.631,264.962,100.0,0.0,0,0,0.0,DEPLOY,512.69
1978,65.91,3842.085,265.114,100.0,0.0,0,0,0.0,DEPLOY,512.16
1979,65.9433,3844.539,265.235,100.0,0.0,0,0,0.0,DEPLOY,511.65
1980,65.9766,3846.994,265.323,100.0,0.0,0,0,0.0,DEPLOY,511.15
1981,66.0099,3849.451,265.371,100.0,0.0,0,0,0.0,DEPLOY,510.65
1982,66.0432,3851.907,265.382,100.0,0.0,0,0,0.0,DEPLOY,510.17
1983,66.0766,3854.363,265.353,100.0,0.0,0,0,0.0,DEPLOY,509.69
1984,66.1099,3856.819,265.284,100.0,0.0,0,0,0.0,DEPLOY,509.22
1985,66.1432,3859.274,265.166,100.0,0.0,0,0,0.0,DEPLOY,508.77
1986,66.1765,3861.727,264.997,100.0,0.0,0,0,0.0,DEPLOY,508.32
1987,66.2099,3864.179,264.778,100.0,0.0,0,0,0.0,DEPLOY,507.88
1988,66.2432,3866.629,264.506,100.0,0.0,0,0,0.0,DEPLOY,507.44
1989,66.2765,3869.076,264.176,100.0,0.0,0,0,0.0,DEPLOY,507.02
1990,66.3098,3871.519,263.777,100.0,0.0,0,0,0.0,DEPLOY,506.61
1991,66.3431,3873.958,263.316,100.0,0.0,0,0,0.0,DEPLOY,506.2
1992,66.3765,3876.393,262.789,100.0,0.0,0,0,0.0,DEPLOY,505.8
1993,66.4098,3878.823,262.193,100.0,0.0,0,0,0.0,DEPLOY,505.41
1994,66.4431,3881.247,261.519,100.0,0.0,0,0,0.0,DEPLOY,505.03
1995,66.4764,3883.664,260.767,100.0,0.0,0,0,0.0,DEPLOY,504.66
1996,66.5097,3886.073,259.94,100.0,0.0,0,0,0.0,DEPLOY,504.29
1997,66.5431,3888.475,259.037,100.0,0.0,0,0,0.0,DEPLOY,503.93
1998,66.5764,3890.869,258.055,100.0,0.0,0,0,0.0,DEPLOY,503.58
1999,66.6097,3893.252,256.99,100.0,0.0,0,0,0.0,DEPLOY,401.38
2000,66.643,3895.625,255.844,0.0,100.0,0,0,0.07,REGEN,-350.0
2001,66.6764,3897.988,254.621,0.0,100.0,0,0,0.35,REGEN,-350.0
2002,66.7097,3900.338,253.322,0.0,100.0,0,0,0.62,REGEN,-350.0
2003,66.743,3902.677,251.951,0.0,100.0,0,0,0.9,REGEN,-350.0
2004,66.7763,3905.003,250.509,0.0,100.0,0,0,1.17,REGEN,-350.0
2005,66.8096,3907.314,248.99,0.0,100.0,0,0,1.44,REGEN,-350.0
2006,66.843,3909.611,247.394,0.0,100.0,0,0,1.71,REGEN,-350.0
2007,66.8763,3911.893,245.714,0.0,100.0,0,0,1.98,REGEN,-350.0
2008,66.9096,3914.159,243.946,0.0,100.0,0,0,2.26,REGEN,-350.0
2009,66.9429,3916.409,242.094,0.0,100.0,0,0,2.54,REGEN,-350.0
2010,66.9762,3918.641,240.162,0.0,100.0,0,0,2.82,REGEN,-350.0
2011,67.0096,3920.855,238.151,0.0,100.0,0,0,3.1,REGEN,-350.0
2012,67.0429,3923.05,236.065,0.0,100.0,0,0,3.39,REGEN,-350.0
2013,67.0762,3925.225,233.906,0.0,100.0,0,0,3.67,REGEN,-350.0
2014,67.1095,3927.379,231.677,0.0,100.0,0,0,3.96,REGEN,-350.0
2015,67.1429,3929.511,229.14,0.0,100.0,0,0,4.25,REGEN,-350.0
2016,67.1762,3931.617,225.889,0.0,100.0,0,0,4.55,REGEN,-350.0
2017,67.2095,3933.693,222.784,0.0,100.0,0,0,4.84,REGEN,-350.0
2018,67.2428,3935.741,219.805,0.0,100.0,0,0,5.13,REGEN,-350.0
2019,67.2761,3937.762,216.87,0.0,100.0,0,0,5.42,REGEN,-350.0
2020,67.3095,3939.756,213.971,0.0,100.0,0,0,5.71,REGEN,-350.0
2021,67.3428,3941.723,211.163,0.0,100.0,0,0,6.0,REGEN,-350.0
2022,67.3761,3943.666,208.524,0.0,100.0,0,0,6.29,REGEN,-350.0
2023,67.4094,3945.585,206.097,0.0,100.0,0,0,6.59,REGEN,-350.0
2024,67.4427,3947.482,203.862,0.0,100.0,0,0,6.88,REGEN,-350.0
2025,67.4761,3949.36,201.726,0.0,100.0,0,0,7.17,REGEN,-350.0
2026,67.5094,3951.217,199.575,0.0,100.0,0,0,7.46,REGEN,-350.0
2027,67.5427,3953.055,197.365,0.0,100.0,0,0,7.75,REGEN,-350.0
2028,67.576,3954.871,195.086,0.0,100.0,0,0,8.04,REGEN,-350.0
2029,67.6094,3956.665,192.761,0.0,100.0,0,0,8.34,REGEN,-350.0
2030,67.6427,3958.437,190.403,0.0,100.0,0,0,8.63,REGEN,-350.0
2031,67.676,3960.188,188.033,0.0,100.0,0,0,8.92,REGEN,-350.0
2032,67.7093,3961.917,185.685,0.0,100.0,0,0,9.21,REGEN,-350.0
2033,67.7426,3963.626,183.396,0.0,100.0,0,0,9.5,REGEN,-350.0
2034,67.776,3965.314,181.204,0.0,100.0,0,0,9.79,REGEN,-350.0
2035,67.8093,3966.984,179.132,0.0,100.0,0,0,10.09,REGEN,-350.0
2036,67.8426,3968.631,177.193,0.0,100.0,0,0,10.38,REGEN,-350.0
2037,67.8759,3970.261,175.302,0.0,100.0,0,0,10.67,REGEN,-350.0
2038,67.9093,3971.875,173.413,0.0,100.0,0,0,10.96,REGEN,-350.0
2039,67.9426,3973.472,171.532,0.0,100.0,0,0,11.25,REGEN,-350.0
2040,67.9759,3975.053,169.697,0.0,100.0,0,0,11.54,REGEN,-350.0
2041,68.0092,3976.613,167.809,0.0,100.0,0,0,11.83,REGEN,-350.0
2042,68.0425,3978.157,165.965,0.0,100.0,0,0,12.13,REGEN,-350.0
2043,68.0759,3979.685,164.2,0.0,100.0,0,0,12.42,REGEN,-350.0
2044,68.1092,3981.199,162.533,0.0,100.0,0,0,12.71,REGEN,-350.0
2045,68.1425,3982.696,160.992,0.0,100.0,0,0,13.0,REGEN,-350.0
2046,68.1758,3984.177,159.487,0.0,100.0,0,0,13.29,REGEN,-350.0
2047,68.2091,3985.647,157.968,0.0,100.0,0,0,13.58,REGEN,-350.0
2048,68.2425,3987.104,156.411,0.0,100.0,0,0,13.88,REGEN,-350.0
2049,68.2758,3988.542,154.777,0.0,100.0,0,0,14.17,REGEN,-350.0
2050,68.3091,3989.966,153.127,0.0,100.0,0,0,14.46,REGEN,-350.0
2051,68.3424,3991.377,151.486,0.0,100.0,0,0,14.75,REGEN,-350.0
2052,68.3758,3992.773,149.896,0.0,100.0,0,0,15.04,REGEN,-350.0
2053,68.4091,3994.151,148.433,0.0,100.0,0,0,15.33,REGEN,-350.0
2054,68.4424,3995.52,147.081,0.0,100.0,0,0,15.62,REGEN,-350.0
2055,68.4757,3996.877,145.875,0.0,100.0,0,0,15.92,REGEN,-350.0
2056,68.509,3998.222,144.98,100.0,100.0,0,0,16.21,REGEN,306.7
2057,68.5424,3999.562,144.356,100.0,0.0,0,0,16.27,DEPLOY,750.0
2058,68.5757,4000.897,144.082,100.0,0.0,0,0,15.97,DEPLOY,750.0
2059,68.609,4002.229,143.809,100.0,0.0,0,0,15.68,DEPLOY,750.0
2060,68.6423,4003.559,143.537,100.0,0.0,0,0,15.39,DEPLOY,750.0
2061,68.6756,4004.887,143.265,100.0,0.0,0,0,15.1,DEPLOY,750.0
2062,68.709,4006.211,142.995,100.0,0.0,0,0,14.81,DEPLOY,750.0
2063,68.7423,4007.533,142.726,100.0,0.0,0,0,14.52,DEPLOY,750.0
2064,68.7756,4008.854,142.457,100.0,0.0,0,0,14.23,DEPLOY,750.0
2065,68.8089,4010.17,142.184,100.0,0.0,0,0,13.93,DEPLOY,750.0
2066,68.8423,4011.485,141.91,100.0,0.0,0,0,13.64,DEPLOY,750.0
2067,68.8756,4012.798,141.636,100.0,0.0,0,0,13.36,DEPLOY,750.0
2068,68.9089,4014.107,141.364,100.0,0.0,0,0,13.07,DEPLOY,750.0
2069,68.9422,4015.415,141.091,100.0,0.0,0,0,12.78,DEPLOY,750.0
2070,68.9755,4016.719,140.82,100.0,0.0,0,0,12.5,DEPLOY,750.0
2071,69.0089,4018.021,140.548,100.0,0.0,0,0,12.22,DEPLOY,750.0
2072,69.0422,4019.321,140.277,100.0,0.0,0,0,11.94,DEPLOY,750.0
2073,69.0755,4020.618,140.007,100.0,0.0,0,0,11.66,DEPLOY,750.0
2074,69.1088,4021.913,139.737,100.0,0.0,0,0,11.38,DEPLOY,267.92
2075,69.1421,4023.205,139.468,0.0,100.0,0,0,11.17,REGEN,-350.0
2076,69.1755,4024.495,139.2,0.0,100.0,0,0,11.45,REGEN,-350.0
2077,69.2088,4025.782,138.932,0.0,100.0,0,0,11.73,REGEN,-350.0
2078,69.2421,4027.067,138.664,0.0,100.0,0,0,12.01,REGEN,-350.0
2079,69.2754,4028.349,138.397,0.0,100.0,0,0,12.3,REGEN,-350.0
2080,69.3088,4029.628,138.13,0.0,100.0,0,0,12.58,REGEN,-350.0
2081,69.3421,4030.906,137.864,0.0,100.0,0,0,12.87,REGEN,-350.0
2082,69.3754,4032.18,137.598,0.0,100.0,0,0,13.15,REGEN,-350.0
2083,69.4087,4033.453,137.333,0.0,100.0,0,0,13.44,REGEN,-350.0
2084,69.442,4034.723,137.069,0.0,100.0,0,0,13.73,REGEN,-350.0
2085,69.4754,4035.99,136.805,0.0,100.0,0,0,14.02,REGEN,-350.0
2086,69.5087,4037.256,136.541,0.0,100.0,0,0,14.31,REGEN,-350.0
2087,69.542,4038.518,136.278,0.0,100.0,0,0,14.6,REGEN,-350.0
2088,69.5753,4039.778,136.015,0.0,100.0,0,0,14.89,REGEN,-350.0
2089,69.6086,4041.036,135.753,0.0,100.0,0,0,15.18,REGEN,-350.0
2090,69.642,4042.291,135.492,100.0,100.0,0,0,15.47,REGEN,337.4
2091,69.6753,4043.544,135.193,100.0,0.0,0,0,15.52,DEPLOY,750.0
2092,69.7086,4044.794,134.839,100.0,0.0,0,0,15.23,DEPLOY,750.0
2093,69.7419,4046.04,134.548,100.0,0.0,0,0,14.94,DEPLOY,750.0
2094,69.7753,4047.285,134.288,100.0,0.0,0,0,14.65,DEPLOY,750.0
2095,69.8086,4048.527,134.092,100.0,0.0,0,0,14.36,DEPLOY,750.0
2096,69.8419,4049.767,133.874,100.0,0.0,0,0,14.07,DEPLOY,750.0
2097,69.8752,4051.005,133.639,100.0,0.0,0,0,13.78,DEPLOY,750.0
2098,69.9085,4052.241,133.404,100.0,0.0,0,0,13.48,DEPLOY,750.0
2099,69.9419,4053.475,133.285,100.0,0.0,0,0,13.19,DEPLOY,750.0
2100,69.9752,4054.709,133.38,100.0,0.0,0,0,12.9,DEPLOY,750.0
2101,70.0085,4055.946,133.724,100.0,0.0,0,0,12.61,DEPLOY,750.0
2102,70.0418,4057.185,134.173,100.0,0.0,0,0,12.32,DEPLOY,750.0
2103,70.0751,4058.431,134.725,100.0,0.0,0,0,12.03,DEPLOY,750.0
2104,70.1085,4059.681,135.305,100.0,0.0,0,0,11.73,DEPLOY,750.0
2105,70.1418,4060.935,135.912,100.0,0.0,0,0,11.44,DEPLOY,750.0
2106,70.1751,4062.197,136.578,100.0,0.0,0,0,11.15,DEPLOY,750.0
2107,70.2084,4063.464,137.286,100.0,0.0,0,0,10.86,DEPLOY,750.0
2108,70.2418,4064.738,138.068,100.0,0.0,0,0,10.57,DEPLOY,750.0
2109,70.2751,4066.021,138.944,100.0,0.0,0,0,10.28,DEPLOY,750.0
2110,70.3084,4067.31,139.872,100.0,0.0,0,0,9.99,DEPLOY,750.0
2111,70.3417,4068.61,140.882,100.0,0.0,0,0,9.69,DEPLOY,750.0
2112,70.375,4069.92,141.947,100.0,0.0,0,0,9.4,DEPLOY,750.0
2113,70.4084,4071.237,143.043,100.0,0.0,0,0,9.11,DEPLOY,750.0
2114,70.4417,4072.568,144.167,100.0,0.0,0,0,8.82,DEPLOY,750.0
2115,70.475,4073.907,145.177,100.0,0.0,0,0,8.53,DEPLOY,750.0
2116,70.5083,4075.254,146.184,100.0,0.0,0,0,8.24,DEPLOY,750.0
2117,70.5417,4076.614,147.534,100.0,0.0,0,0,7.94,DEPLOY,750.0
2118,70.575,4077.988,148.924,100.0,0.0,0,0,7.65,DEPLOY,750.0
2119,70.6083,4079.371,150.347,100.0,0.0,0,0,7.36,DEPLOY,750.0
2120,70.6416,4080.769,151.812,100.0,0.0,0,0,7.07,DEPLOY,750.0
2121,70.6749,4082.183,153.316,100.0,0.0,0,0,6.78,DEPLOY,750.0
2122,70.7083,4083.609,154.848,100.0,0.0,0,0,6.49,DEPLOY,750.0
2123,70.7416,4085.046,156.407,100.0,0.0,0,0,6.2,DEPLOY,750.0
2124,70.7749,4086.504,158.002,100.0,0.0,0,0,5.9,DEPLOY,750.0
2125,70.8082,4087.975,159.607,100.0,0.0,0,0,5.61,DEPLOY,750.0
2126,70.8415,4089.458,161.192,100.0,0.0,0,0,5.32,DEPLOY,750.0
2127,70.8749,4090.955,162.71,100.0,0.0,0,0,5.03,DEPLOY,750.0
2128,70.9082,4092.469,163.998,100.0,0.0,0,0,4.74,DEPLOY,750.0
2129,70.9415,4093.993,165.278,100.0,0.0,0,0,4.45,DEPLOY,750.0
2130,70.9748,4095.528,166.568,100.0,0.0,0,0,4.16,DEPLOY,750.0
2131,71.0082,4097.074,167.868,100.0,0.0,0,0,3.87,DEPLOY,750.0
2132,71.0415,4098.636,169.179,100.0,0.0,0,0,3.57,DEPLOY,750.0
2133,71.0748,4100.209,170.497,100.0,0.0,0,0,3.28,DEPLOY,750.0
2134,71.1081,4101.793,171.819,100.0,0.0,0,0,2.99,DEPLOY,750.0
2135,71.1414,4103.388,173.133,100.0,0.0,0,0,2.7,DEPLOY,750.0
2136,71.1748,4104.996,174.408,100.0,0.0,0,0,2.41,DEPLOY,750.0
2137,71.2081,4106.617,175.696,100.0,0.0,0,0,2.12,DEPLOY,750.0
2138,71.2414,4108.25,176.993,100.0,0.0,0,0,1.83,DEPLOY,750.0
2139,71.2747,4109.894,178.298,100.0,0.0,0,0,1.53,DEPLOY,750.0
2140,71.308,4111.55,179.61,100.0,0.0,0,0,1.24,DEPLOY,750.0
2141,71.3414,4113.218,180.93,100.0,0.0,0,0,0.95,DEPLOY,750.0
2142,71.3747,4114.899,182.258,100.0,0.0,0,0,0.66,DEPLOY,750.0
2143,71.408,4116.593,183.595,100.0,0.0,0,0,0.37,DEPLOY,750.0
2144,71.4413,4118.299,184.941,100.0,0.0,0,0,0.11,DEPLOY,750.0
2145,71.4747,4120.017,186.296,100.0,0.0,0,0,0.0,DEPLOY,750.0
2146,71.508,4121.747,187.659,100.0,0.0,0,0,0.0,DEPLOY,750.0
2147,71.5413,4123.49,189.03,100.0,0.0,0,0,0.0,DEPLOY,750.0
2148,71.5746,4125.245,190.408,100.0,0.0,0,0,0.0,DEPLOY,750.0
2149,71.6079,4127.014,191.791,100.0,0.0,0,0,0.0,DEPLOY,750.0
2150,71.6413,4128.796,193.179,100.0,0.0,0,0,0.0,DEPLOY,750.0
2151,71.6746,4130.591,194.571,100.0,0.0,0,0,0.0,DEPLOY,750.0
2152,71.7079,4132.399,195.966,100.0,0.0,0,0,0.0,DEPLOY,750.0
2153,71.7412,4134.219,197.364,100.0,0.0,0,0,0.0,DEPLOY,750.0
2154,71.7745,4136.053,198.766,100.0,0.0,0,0,0.0,DEPLOY,750.0
2155,71.8079,4137.899,200.171,100.0,0.0,0,0,0.0,DEPLOY,748.43
2156,71.8412,4139.758,201.578,100.0,0.0,0,0,0.0,DEPLOY,744.36
2157,71.8745,4141.63,202.989,100.0,0.0,0,0,0.0,DEPLOY,739.33
2158,71.9078,4143.515,204.403,100.0,0.0,0,0,0.0,DEPLOY,734.28
2159,71.9412,4145.413,205.82,100.0,0.0,0,0,0.0,DEPLOY,729.21
2160,71.9745,4147.325,207.242,100.0,0.0,0,0,0.0,DEPLOY,724.14
2161,72.0078,4149.249,208.664,100.0,0.0,0,0,0.0,DEPLOY,719.05
2162,72.0411,4151.187,210.071,100.0,0.0,0,0,0.0,DEPLOY,713.95
2163,72.0744,4153.138,211.445,100.0,0.0,0,0,0.0,DEPLOY,708.84
2164,72.1078,4155.101,212.815,100.0,0.0,0,0,0.0,DEPLOY,703.72
2165,72.1411,4157.077,214.18,100.0,0.0,0,0,0.0,DEPLOY,698.59
2166,72.1744,4159.066,215.541,100.0,0.0,0,0,0.0,DEPLOY,693.45
2167,72.2077,4161.067,216.896,100.0,0.0,0,0,0.0,DEPLOY,688.3
2168,72.241,4163.081,218.245,100.0,0.0,0,0,0.0,DEPLOY,683.13
2169,72.2744,4165.107,219.586,100.0,0.0,0,0,0.0,DEPLOY,677.95
2170,72.3077,4167.146,220.92,100.0,0.0,0,0,0.0,DEPLOY,672.76
2171,72.341,4169.197,222.246,100.0,0.0,0,0,0.0,DEPLOY,667.57
2172,72.3743,4171.261,223.562,100.0,0.0,0,0,0.0,DEPLOY,662.38
2173,72.4077,4173.336,224.868,100.0,0.0,0,0,0.0,DEPLOY,657.3
2174,72.441,4175.424,226.164,100.0,0.0,0,0,0.0,DEPLOY,652.31
2175,72.4743,4177.523,227.45,100.0,0.0,0,0,0.0,DEPLOY,647.41
2176,72.5076,4179.634,228.724,100.0,0.0,0,0,0.0,DEPLOY,642.6
2177,72.5409,4181.757,229.987,100.0,0.0,0,0,0.0,DEPLOY,637.88
2178,72.5743,4183.892,231.237,100.0,0.0,0,0,0.0,DEPLOY,633.23
2179,72.6076,4186.038,232.475,100.0,0.0,0,0,0.0,DEPLOY,628.67
2180,72.6409,4188.196,233.701,100.0,0.0,0,0,0.0,DEPLOY,624.19
2181,72.6742,4190.364,234.913,100.0,0.0,0,0,0.0,DEPLOY,619.79
2182,72.7075,4192.544,236.111,100.0,0.0,0,0,0.0,DEPLOY,615.45
2183,72.7409,4194.735,237.296,100.0,0.0,0,0,0.0,DEPLOY,611.19
2184,72.7742,4196.936,238.467,100.0,0.0,0,0,0.0,DEPLOY,607.0
2185,72.8075,4199.149,239.623,100.0,0.0,0,0,0.0,DEPLOY,602.88
2186,72.8408,4201.372,240.764,100.0,0.0,0,0,0.0,DEPLOY,598.83
2187,72.8742,4203.606,241.89,100.0,0.0,0,0,0.0,DEPLOY,594.85
2188,72.9075,4205.85,243.002,100.0,0.0,0,0,0.0,DEPLOY,590.93
2189,72.9408,4208.105,244.099,100.0,0.0,0,0,0.0,DEPLOY,587.07
2190,72.9741,4210.369,245.182,100.0,0.0,0,0,0.0,DEPLOY,583.27
2191,73.0074,4212.643,246.25,100.0,0.0,0,0,0.0,DEPLOY,579.52
2192,73.0408,4214.927,247.303,100.0,0.0,0,0,0.0,DEPLOY,575.84
2193,73.0741,4217.221,248.341,100.0,0.0,0,0,0.0,DEPLOY,572.21
2194,73.1074,4219.525,249.364,100.0,0.0,0,0,0.0,DEPLOY,568.64
2195,73.1407,4221.838,250.372,100.0,0.0,0,0,0.0,DEPLOY,565.13
2196,73.1741,4224.16,251.366,100.0,0.0,0,0,0.0,DEPLOY,561.67
2197,73.2074,4226.491,252.346,100.0,0.0,0,0,0.0,DEPLOY,558.25
2198,73.2407,4228.831,253.312,100.0,0.0,0,0,0.0,DEPLOY,554.89
2199,73.274,4231.179,254.264,100.0,0.0,0,0,0.0,DEPLOY,551.58
2200,73.3073,4233.538,255.201,100.0,0.0,0,0,0.0,DEPLOY,548.32
2201,73.3407,4235.904,256.125,100.0,0.0,0,0,0.0,DEPLOY,545.11
2202,73.374,4238.279,257.036,100.0,0.0,0,0,0.0,DEPLOY,541.94
2203,73.4073,4240.662,257.934,100.0,0.0,0,0,0.0,DEPLOY,538.82
2204,73.4406,4243.053,258.819,100.0,0.0,0,0,0.0,DEPLOY,535.74
2205,73.4739,4245.453,259.69,100.0,0.0,0,0,0.0,DEPLOY,532.71
2206,73.5073,4247.861,260.549,100.0,0.0,0,0,0.0,DEPLOY,529.73
2207,73.5406,4250.277,261.395,100.0,0.0,0,0,0.0,DEPLOY,526.78
2208,73.5739,4252.7,262.23,100.0,0.0,0,0,0.0,DEPLOY,523.88
2209,73.6072,4255.13,263.054,100.0,0.0,0,0,0.0,DEPLOY,521.01
2210,73.6406,4257.569,263.864,100.0,0.0,0,0,0.0,DEPLOY,518.19
2211,73.6739,4260.016,264.663,100.0,0.0,0,0,0.0,DEPLOY,515.41
2212,73.7072,4262.469,265.452,100.0,0.0,0,0,0.0,DEPLOY,512.67
2213,73.7405,4264.929,266.229,100.0,0.0,0,0,0.0,DEPLOY,509.96
2214,73.7738,4267.397,266.996,100.0,0.0,0,0,0.0,DEPLOY,507.29
2215,73.8072,4269.872,267.751,100.0,0.0,0,0,0.0,DEPLOY,504.66
2216,73.8405,4272.354,268.496,100.0,0.0,0,0,0.0,DEPLOY,502.07
2217,73.8738,4274.842,269.232,100.0,0.0,0,0,0.0,DEPLOY,499.55
2218,73.9071,4277.338,269.957,100.0,0.0,0,0,0.0,DEPLOY,497.18
2219,73.9404,4279.84,270.671,100.0,0.0,0,0,0.0,DEPLOY,494.86
2220,73.9738,4282.348,271.377,100.0,0.0,0,0,0.0,DEPLOY,492.56
2221,74.0071,4284.863,272.073,100.0,0.0,0,0,0.0,DEPLOY,490.29
2222,74.0404,4287.385,272.76,100.0,0.0,0,0,0.0,DEPLOY,488.06
2223,74.0737,4289.913,273.437,100.0,0.0,0,0,0.0,DEPLOY,485.85
2224,74.1071,4292.447,274.105,100.0,0.0,0,0,0.0,DEPLOY,483.67
2225,74.1404,4294.987,274.765,100.0,0.0,0,0,0.0,DEPLOY,481.52
2226,74.1737,4297.533,275.416,100.0,0.0,0,0,0.0,DEPLOY,479.39
2227,74.207,4300.085,276.058,100.0,0.0,0,0,0.0,DEPLOY,477.3
2228,74.2403,4302.643,276.692,100.0,0.0,0,0,0.0,DEPLOY,475.23
2229,74.2737,4305.207,277.318,100.0,0.0,0,0,0.0,DEPLOY,473.18
2230,74.307,4307.777,277.936,100.0,0.0,0,0,0.0,DEPLOY,471.16
2231,74.3403,4310.353,278.545,100.0,0.0,0,0,0.0,DEPLOY,469.17
2232,74.3736,4312.933,279.148,100.0,0.0,0,0,0.0,DEPLOY,467.2
2233,74.4069,4315.52,279.742,100.0,0.0,0,0,0.0,DEPLOY,465.26
2234,74.4403,4318.112,280.328,100.0,0.0,0,0,0.0,DEPLOY,463.34
2235,74.4736,4320.709,280.908,100.0,0.0,0,0,0.0,DEPLOY,461.44
2236,74.5069,4323.312,281.48,100.0,0.0,0,0,0.0,DEPLOY,459.57
2237,74.5402,4325.92,282.044,100.0,0.0,0,0,0.0,DEPLOY,457.72
2238,74.5736,4328.533,282.602,100.0,0.0,0,0,0.0,DEPLOY,455.9
2239,74.6069,4331.151,283.153,100.0,0.0,0,0,0.0,DEPLOY,454.09
2240,74.6402,4333.775,283.696,100.0,0.0,0,0,0.0,DEPLOY,452.31
2241,74.6735,4336.403,284.233,100.0,0.0,0,0,0.0,DEPLOY,450.55
2242,74.7068,4339.036,284.764,100.0,0.0,0,0,0.0,DEPLOY,448.81
2243,74.7402,4341.675,285.288,100.0,0.0,0,0,0.0,DEPLOY,447.1
2244,74.7735,4344.318,285.805,100.0,0.0,0,0,0.0,DEPLOY,445.4
2245,74.8068,4346.966,286.317,100.0,0.0,0,0,0.0,DEPLOY,443.73
2246,74.8401,4349.618,286.821,100.0,0.0,0,0,0.0,DEPLOY,442.07
2247,74.8734,4352.275,287.32,100.0,0.0,0,0,0.0,DEPLOY,440.44
2248,74.9068,4354.937,287.813,100.0,0.0,0,0,0.0,DEPLOY,438.82
2249,74.9401,4357.603,288.3,100.0,0.0,0,0,0.0,DEPLOY,437.23
2250,74.9734,4360.274,288.78,100.0,0.0,0,0,0.0,DEPLOY,435.65
2251,75.0067,4362.949,289.256,100.0,0.0,0,0,0.0,DEPLOY,434.09
2252,75.0401,4365.629,289.725,100.0,0.0,0,0,0.0,DEPLOY,432.55
2253,75.0734,4368.312,290.189,100.0,0.0,0,0,0.0,DEPLOY,431.03
2254,75.1067,4371.0,290.648,100.0,0.0,0,0,0.0,DEPLOY,429.53
2255,75.14,4373.693,291.101,100.0,0.0,0,0,0.0,DEPLOY,428.04
2256,75.1733,4376.389,291.548,100.0,0.0,0,0,0.0,DEPLOY,426.58
2257,75.2067,4379.09,291.991,100.0,0.0,0,0,0.0,DEPLOY,425.12
2258,75.24,4381.795,292.428,100.0,0.0,0,0,0.0,DEPLOY,423.69
2259,75.2733,4384.503,292.861,100.0,0.0,0,0,0.0,DEPLOY,422.28
2260,75.3066,4387.216,293.288,100.0,0.0,0,0,0.0,DEPLOY,420.88
2261,75.3399,4389.933,293.711,100.0,0.0,0,0,0.0,DEPLOY,419.49
2262,75.3733,4392.653,294.129,100.0,0.0,0,0,0.0,DEPLOY,418.13
2263,75.4066,4395.377,294.542,100.0,0.0,0,0,0.0,DEPLOY,416.78
2264,75.4399,4398.106,294.951,100.0,0.0,0,0,0.0,DEPLOY,415.44
2265,75.4732,4400.838,295.355,100.0,0.0,0,0,0.0,DEPLOY,414.12
2266,75.5066,4403.573,295.755,100.0,0.0,0,0,0.0,DEPLOY,412.82
2267,75.5399,4406.313,296.151,100.0,0.0,0,0,0.0,DEPLOY,411.53
2268,75.5732,4409.055,296.543,100.0,0.0,0,0,0.0,DEPLOY,410.25
2269,75.6065,4411.802,296.93,100.0,0.0,0,0,0.0,DEPLOY,408.99
2270,75.6398,4414.552,297.313,100.0,0.0,0,0,0.0,DEPLOY,407.75
2271,75.6732,4417.306,297.693,100.0,0.0,0,0,0.0,DEPLOY,406.52
2272,75.7065,4420.063,298.069,100.0,0.0,0,0,0.0,DEPLOY,405.3
2273,75.7398,4422.824,298.442,100.0,0.0,0,0,0.0,DEPLOY,404.1
2274,75.7731,4425.588,298.811,100.0,0.0,0,0,0.0,DEPLOY,402.91
2275,75.8065,4428.355,299.176,100.0,0.0,0,0,0.0,DEPLOY,401.73
2276,75.8398,4431.126,299.539,100.0,0.0,0,0,0.0,DEPLOY,400.57
2277,75.8731,4433.901,299.897,100.0,0.0,0,0,0.0,DEPLOY,400.0
2278,75.9064,4436.678,300.253,100.0,0.0,0,0,0.0,DEPLOY,400.0
2279,75.9397,4439.459,300.606,100.0,0.0,0,0,0.0,DEPLOY,400.0
2280,75.9731,4442.243,300.956,100.0,0.0,0,0,0.0,DEPLOY,400.0
2281,76.0064,4445.03,301.304,100.0,0.0,0,0,0.0,DEPLOY,400.0
2282,76.0397,4447.82,301.648,100.0,0.0,0,0,0.0,DEPLOY,400.0
2283,76.073,4450.614,301.99,100.0,0.0,0,0,0.0,DEPLOY,400.0
2284,76.1063,4453.411,302.329,100.0,0.0,0,0,0.0,DEPLOY,400.0
2285,76.1397,4456.211,302.666,100.0,0.0,0,0,0.0,DEPLOY,400.0
2286,76.173,4459.014,303.0,100.0,0.0,0,0,0.0,DEPLOY,400.0
2287,76.2063,4461.82,303.332,100.0,0.0,0,0,0.0,DEPLOY,400.0
2288,76.2396,4464.629,303.662,100.0,0.0,0,0,0.0,DEPLOY,400.0
2289,76.273,4467.441,303.989,100.0,0.0,0,0,0.0,DEPLOY,400.0
2290,76.3063,4470.257,304.315,100.0,0.0,0,0,0.0,DEPLOY,400.0
2291,76.3396,4473.075,304.638,100.0,0.0,0,0,0.0,DEPLOY,400.0
2292,76.3729,4475.896,304.959,100.0,0.0,0,0,0.0,DEPLOY,400.0
2293,76.4062,4478.72,305.279,100.0,0.0,0,0,0.0,DEPLOY,400.0
2294,76.4396,4481.547,305.596,100.0,0.0,0,0,0.0,DEPLOY,400.0
2295,76.4729,4484.377,305.911,100.0,0.0,0,0,0.0,DEPLOY,400.0
2296,76.5062,4487.21,306.225,100.0,0.0,0,0,0.0,DEPLOY,400.0
2297,76.5395,4490.046,306.537,100.0,0.0,0,0,0.0,DEPLOY,400.0
2298,76.5728,4492.885,306.847,100.0,0.0,0,0,0.0,DEPLOY,400.0
2299,76.6062,4495.726,307.156,100.0,0.0,0,0,0.0,DEPLOY,400.0
2300,76.6395,4498.571,307.462,100.0,0.0,0,0,0.0,DEPLOY,400.0
2301,76.6728,4501.418,307.767,100.0,0.0,0,0,0.0,DEPLOY,400.0
2302,76.7061,4504.268,308.071,100.0,0.0,0,0,0.0,DEPLOY,400.0
2303,76.7395,4507.121,308.372,100.0,0.0,0,0,0.0,DEPLOY,400.0
2304,76.7728,4509.977,308.672,100.0,0.0,0,0,0.0,DEPLOY,400.0
2305,76.8061,4512.835,308.971,100.0,0.0,0,0,0.0,DEPLOY,400.0
2306,76.8394,4515.696,309.268,100.0,0.0,0,0,0.0,DEPLOY,400.0
2307,76.8727,4518.56,309.563,100.0,0.0,0,0,0.0,DEPLOY,400.0
2308,76.9061,4521.427,309.857,100.0,0.0,0,0,0.0,DEPLOY,400.0
2309,76.9394,4524.296,310.149,100.0,0.0,0,0,0.0,DEPLOY,400.0
2310,76.9727,4527.168,310.44,100.0,0.0,0,0,0.0,DEPLOY,400.0
2311,77.006,4530.043,310.729,100.0,0.0,0,0,0.0,DEPLOY,400.0
2312,77.0393,4532.921,311.017,100.0,0.0,0,0,0.0,DEPLOY,400.0
2313,77.0727,4535.801,311.303,100.0,0.0,0,0,0.0,DEPLOY,400.0
2314,77.106,4538.684,311.588,100.0,0.0,0,0,0.0,DEPLOY,400.0
2315,77.1393,4541.569,311.871,100.0,0.0,0,0,0.0,DEPLOY,400.0
2316,77.1726,4544.457,312.152,100.0,0.0,0,0,0.0,DEPLOY,400.0
2317,77.206,4547.347,312.433,100.0,0.0,0,0,0.0,DEPLOY,400.0
2318,77.2393,4550.241,312.711,100.0,0.0,0,0,0.0,DEPLOY,400.0
2319,77.2726,4553.136,312.988,100.0,0.0,0,0,0.0,DEPLOY,400.0
2320,77.3059,4556.035,313.264,100.0,0.0,0,0,0.0,DEPLOY,400.0
2321,77.3392,4558.935,313.538,100.0,0.0,0,0,0.0,DEPLOY,400.0
2322,77.3726,4561.839,313.81,100.0,0.0,0,0,0.0,DEPLOY,400.0
2323,77.4059,4564.745,314.081,100.0,0.0,0,0,0.0,DEPLOY,400.0
2324,77.4392,4567.653,314.351,100.0,0.0,0,0,0.0,DEPLOY,400.0
2325,77.4725,4570.564,314.618,100.0,0.0,0,0,0.0,DEPLOY,400.0
2326,77.5058,4573.477,314.884,100.0,0.0,0,0,0.0,DEPLOY,400.0
2327,77.5392,4576.393,315.148,100.0,0.0,0,0,0.0,DEPLOY,400.0
2328,77.5725,4579.311,315.411,100.0,0.0,0,0,0.0,DEPLOY,400.0
2329,77.6058,4582.232,315.671,100.0,0.0,0,0,0.0,DEPLOY,400.0
2330,77.6391,4585.155,315.93,100.0,0.0,0,0,0.0,DEPLOY,400.0
2331,77.6725,4588.08,316.187,100.0,0.0,0,0,0.0,DEPLOY,400.0
2332,77.7058,4591.008,316.442,100.0,0.0,0,0,0.0,DEPLOY,400.0
2333,77.7391,4593.938,316.694,100.0,0.0,0,0,0.0,DEPLOY,400.0
2334,77.7724,4596.871,316.944,100.0,0.0,0,0,0.0,DEPLOY,400.0
2335,77.8057,4599.806,317.192,100.0,0.0,0,0,0.0,DEPLOY,400.0
2336,77.8391,4602.743,317.438,100.0,0.0,0,0,0.0,DEPLOY,400.0
2337,77.8724,4605.682,317.681,100.0,0.0,0,0,0.0,DEPLOY,400.0
2338,77.9057,4608.624,317.921,100.0,0.0,0,0,0.0,DEPLOY,400.0
2339,77.939,4611.567,318.158,100.0,0.0,0,0,0.0,NORMAL,400.0
2340,77.9723,4614.513,318.393,100.0,0.0,0,0,0.0,NORMAL,400.0
2341,78.0057,4617.461,318.624,100.0,0.0,0,0,0.0,NORMAL,400.0
2342,78.039,4620.412,318.852,100.0,0.0,0,0,0.0,NORMAL,400.0
2343,78.0723,4623.364,319.077,100.0,0.0,0,0,0.0,NORMAL,400.0
2344,78.1056,4626.318,319.298,100.0,0.0,0,0,0.0,NORMAL,400.0
2345,78.139,4629.275,319.516,100.0,0.0,0,0,0.0,NORMAL,400.0
2346,78.1723,4632.233,319.729,100.0,0.0,0,0,0.0,NORMAL,400.0
2347,78.2056,4635.193,319.94,100.0,0.0,0,0,0.0,NORMAL,400.0
2348,78.2389,4638.156,320.146,100.0,0.0,0,0,0.0,NORMAL,400.0
2349,78.2722,4641.12,320.348,100.0,0.0,0,0,0.0,NORMAL,400.0
2350,78.3056,4644.086,320.545,100.0,0.0,0,0,0.0,NORMAL,400.0
2351,78.3389,4647.054,320.739,100.0,0.0,0,0,0.0,NORMAL,400.0
2352,78.3722,4650.024,320.929,100.0,0.0,0,0,0.0,NORMAL,400.0
2353,78.4055,4652.995,321.114,100.0,0.0,0,0,0.0,NORMAL,400.0
2354,78.4389,4655.968,321.295,100.0,0.0,0,0,0.0,NORMAL,375.62
2355,78.4722,4658.943,321.471,100.0,0.0,0,0,0.03,SUPERCLIP,335.0
2356,78.5055,4661.919,321.643,100.0,0.0,0,0,0.09,SUPERCLIP,335.0
2357,78.5388,4664.897,321.811,100.0,0.0,0,0,0.14,SUPERCLIP,335.0
2358,78.5721,4667.876,321.974,100.0,0.0,0,0,0.19,SUPERCLIP,335.0
2359,78.6055,4670.857,322.133,100.0,0.0,0,0,0.25,SUPERCLIP,335.0
2360,78.6388,4673.84,322.287,100.0,0.0,0,0,0.3,SUPERCLIP,335.0
2361,78.6721,4676.823,322.436,100.0,0.0,0,0,0.36,SUPERCLIP,335.0
2362,78.7054,4679.809,322.581,100.0,0.0,0,0,0.41,SUPERCLIP,335.0
2363,78.7387,4682.795,322.722,100.0,0.0,0,0,0.46,SUPERCLIP,335.0
2364,78.7721,4685.783,322.857,100.0,0.0,0,0,0.52,SUPERCLIP,335.0
2365,78.8054,4688.772,322.988,100.0,0.0,0,0,0.57,SUPERCLIP,335.0
2366,78.8387,4691.762,323.112,100.0,0.0,0,0,0.63,SUPERCLIP,335.0
2367,78.872,4694.753,323.232,100.0,0.0,0,0,0.68,SUPERCLIP,335.0
2368,78.9054,4697.745,323.344,100.0,0.0,0,0,0.73,SUPERCLIP,335.0
2369,78.9387,4700.739,323.45,100.0,0.0,0,0,0.79,SUPERCLIP,335.0
2370,78.972,4703.733,323.548,100.0,0.0,0,0,0.84,SUPERCLIP,335.0
2371,79.0053,4706.728,323.638,100.0,0.0,0,0,0.9,SUPERCLIP,335.0
2372,79.0386,4709.724,323.717,100.0,0.0,0,0,0.95,SUPERCLIP,335.0
2373,79.072,4712.721,323.785,100.0,0.0,0,0,1.0,SUPERCLIP,335.0
2374,79.1053,4715.718,323.841,100.0,0.0,0,0,1.06,SUPERCLIP,335.0
2375,79.1386,4718.716,323.882,100.0,0.0,0,0,1.11,SUPERCLIP,335.0
2376,79.1719,4721.714,323.905,100.0,0.0,0,0,1.17,SUPERCLIP,335.0
2377,79.2052,4724.712,323.909,100.0,0.0,0,0,1.22,SUPERCLIP,335.0
2378,79.2386,4727.71,323.891,100.0,0.0,0,0,1.28,SUPERCLIP,335.0
2379,79.2719,4730.708,323.847,100.0,0.0,0,0,1.33,SUPERCLIP,335.0
2380,79.3052,4733.705,323.774,100.0,0.0,0,0,1.38,SUPERCLIP,335.0
2381,79.3385,4736.701,323.668,100.0,0.0,0,0,1.44,SUPERCLIP,335.0
2382,79.3719,4739.696,323.524,100.0,0.0,0,0,1.49,SUPERCLIP,335.0
2383,79.4052,4742.69,323.337,100.0,0.0,0,0,1.54,SUPERCLIP,335.0
2384,79.4385,4745.682,323.103,100.0,0.0,0,0,1.6,SUPERCLIP,335.0
2385,79.4718,4748.671,322.816,100.0,0.0,0,0,1.65,SUPERCLIP,335.0
2386,79.5051,4751.658,322.471,100.0,0.0,0,0,1.71,SUPERCLIP,335.0
2387,79.5385,4754.64,322.061,100.0,0.0,0,0,1.76,SUPERCLIP,335.0
2388,79.5718,4757.619,321.581,100.0,0.0,0,0,1.81,SUPERCLIP,335.0
2389,79.6051,4760.593,321.022,100.0,0.0,0,0,1.87,SUPERCLIP,335.0
2390,79.6384,4763.562,320.383,100.0,0.0,0,0,1.92,SUPERCLIP,335.0
2391,79.6717,4766.524,319.652,100.0,0.0,0,0,1.97,SUPERCLIP,335.0
2392,79.7051,4769.479,318.83,100.0,0.0,0,0,2.03,SUPERCLIP,335.0
2393,79.7384,4772.425,317.902,100.0,0.0,0,0,2.08,SUPERCLIP,335.0
2394,79.7717,4775.364,316.875,100.0,0.0,0,0,2.13,SUPERCLIP,335.0
2395,79.805,4778.291,315.73,100.0,0.0,0,0,2.18,SUPERCLIP,335.0
2396,79.8384,4781.208,314.481,100.0,0.0,0,0,2.24,SUPERCLIP,335.0
2397,79.8717,4784.112,313.103,100.0,0.0,0,0,2.29,SUPERCLIP,335.0
2398,79.905,4787.004,311.615,0.0,0.0,0,0,2.34,SUPERCLIP,-263.42
2399,79.9383,4789.88,310.001,0.0,100.0,0,0,2.6,REGEN,-350.0
2400,79.9716,4792.742,308.267,0.0,100.0,0,0,2.87,REGEN,-350.0
2401,80.005,4795.587,306.415,0.0,100.0,0,0,3.15,REGEN,-350.0
2402,80.0383,4798.413,304.438,0.0,100.0,0,0,3.42,REGEN,-350.0
2403,80.0716,4801.223,302.355,0.0,100.0,0,0,3.69,REGEN,-350.0
2404,80.1049,4804.01,300.145,0.0,100.0,0,0,3.96,REGEN,-350.0
2405,80.1382,4806.778,297.836,0.0,100.0,0,0,4.23,REGEN,-350.0
2406,80.1716,4809.524,295.423,0.0,100.0,0,0,4.49,REGEN,-350.0
2407,80.2049,4812.246,292.905,0.0,100.0,0,0,4.76,REGEN,-350.0
2408,80.2382,4814.945,290.271,0.0,100.0,0,0,5.02,REGEN,-350.0
2409,80.2715,4817.619,287.488,0.0,100.0,0,0,5.29,REGEN,-350.0
2410,80.3049,4820.266,284.558,0.0,100.0,0,0,5.56,REGEN,-350.0
2411,80.3382,4822.886,281.495,0.0,100.0,0,0,5.83,REGEN,-350.0
2412,80.3715,4825.477,278.295,0.0,100.0,0,0,6.11,REGEN,-350.0
2413,80.4048,4828.037,274.96,0.0,100.0,0,0,6.39,REGEN,-350.0
2414,80.4381,4830.566,271.509,0.0,100.0,0,0,6.67,REGEN,-350.0
2415,80.4715,4833.064,267.95,0.0,100.0,0,0,6.96,REGEN,-350.0
2416,80.5048,4835.527,264.284,0.0,100.0,0,0,7.24,REGEN,-350.0
2417,80.5381,4837.953,260.22,0.0,100.0,0,0,7.53,REGEN,-350.0
2418,80.5714,4840.337,255.022,0.0,100.0,0,0,7.83,REGEN,-350.0
2419,80.6047,4842.673,249.533,0.0,100.0,0,0,8.12,REGEN,-350.0
2420,80.6381,4844.959,244.213,0.0,100.0,0,0,8.41,REGEN,-350.0
2421,80.6714,4847.197,239.055,0.0,100.0,0,0,8.7,REGEN,-350.0
2422,80.7047,4849.387,234.078,0.0,100.0,0,0,8.99,REGEN,-350.0
2423,80.738,4851.53,229.328,0.0,100.0,0,0,9.28,REGEN,-350.0
2424,80.7714,4853.631,224.783,0.0,100.0,0,0,9.58,REGEN,-350.0
2425,80.8047,4855.691,220.426,0.0,100.0,0,0,9.87,REGEN,-350.0
2426,80.838,4857.712,216.242,0.0,100.0,0,0,10.16,REGEN,-350.0
2427,80.8713,4859.694,212.221,0.0,100.0,0,0,10.45,REGEN,-350.0
2428,80.9046,4861.641,208.351,0.0,100.0,0,0,10.74,REGEN,-350.0
2429,80.938,4863.553,204.623,0.0,100.0,0,0,11.03,REGEN,-350.0
2430,80.9713,4865.431,201.031,0.0,100.0,0,0,11.33,REGEN,-350.0
2431,81.0046,4867.277,197.565,0.0,100.0,0,0,11.62,REGEN,-350.0
2432,81.0379,4869.089,194.23,0.0,100.0,0,0,11.91,REGEN,-350.0
2433,81.0713,4870.87,191.009,0.0,100.0,0,0,12.2,REGEN,-350.0
2434,81.1046,4872.622,187.894,0.0,100.0,0,0,12.49,REGEN,-350.0
2435,81.1379,4874.347,184.875,0.0,100.0,0,0,12.78,REGEN,-350.0
2436,81.1712,4876.045,181.944,0.0,100.0,0,0,13.07,REGEN,-350.0
2437,81.2045,4877.717,179.099,0.0,100.0,0,0,13.37,REGEN,-350.0
2438,81.2379,4879.364,176.347,0.0,100.0,0,0,13.66,REGEN,-350.0
2439,81.2712,4880.982,173.694,0.0,100.0,0,0,13.95,REGEN,-350.0
2440,81.3045,4882.576,171.124,0.0,100.0,0,0,14.24,REGEN,-350.0
2441,81.3378,4884.148,168.628,0.0,100.0,0,0,14.53,REGEN,-350.0
2442,81.3711,4885.699,166.202,0.0,100.0,0,0,14.82,REGEN,-350.0
2443,81.4045,4887.229,163.846,0.0,100.0,0,0,15.12,REGEN,-350.0
2444,81.4378,4888.732,161.579,0.0,100.0,0,0,15.41,REGEN,-350.0
2445,81.4711,4890.216,159.373,0.0,100.0,0,0,15.7,REGEN,-350.0
2446,81.5044,4891.683,157.225,0.0,100.0,0,0,15.99,REGEN,-350.0
2447,81.5378,4893.131,155.142,0.0,100.0,0,0,16.28,REGEN,-350.0
2448,81.5711,4894.554,153.136,0.0,100.0,0,0,16.57,REGEN,-350.0
2449,81.6044,4895.963,151.18,0.0,100.0,0,0,16.86,REGEN,-350.0
2450,81.6377,4897.357,149.271,0.0,100.0,0,0,17.16,REGEN,-350.0
2451,81.671,4898.727,147.436,0.0,100.0,0,0,17.45,REGEN,-350.0
2452,81.7044,4900.082,145.645,0.0,100.0,0,0,17.74,REGEN,-350.0
2453,81.7377,4901.425,143.892,0.0,100.0,0,0,18.03,REGEN,-350.0
2454,81.771,4902.747,142.201,0.0,100.0,0,0,18.32,REGEN,-350.0
2455,81.8043,4904.055,140.569,0.0,100.0,0,0,18.61,REGEN,-350.0
2456,81.8376,4905.352,138.986,0.0,100.0,0,0,18.91,REGEN,-350.0
2457,81.871,4906.629,137.552,0.0,100.0,0,0,19.2,REGEN,-350.0
2458,81.9043,4907.896,136.085,0.0,100.0,0,0,19.49,REGEN,-350.0
2459,81.9376,4909.151,134.583,0.0,100.0,0,0,19.78,REGEN,-350.0
2460,81.9709,4910.386,133.127,0.0,100.0,0,0,20.07,REGEN,-350.0
2461,82.0043,4911.614,131.692,0.0,100.0,0,0,20.36,REGEN,-350.0
2462,82.0376,4912.826,130.3,0.0,100.0,0,0,20.66,REGEN,-350.0
2463,82.0709,4914.025,128.946,0.0,100.0,0,0,20.95,REGEN,-350.0
2464,82.1042,4915.215,127.616,0.0,100.0,0,0,21.24,REGEN,-350.0
2465,82.1375,4916.387,126.341,0.0,100.0,0,0,21.53,REGEN,-350.0
2466,82.1709,4917.553,125.078,0.0,100.0,0,0,21.82,REGEN,-350.0
2467,82.2042,4918.703,123.849,0.0,100.0,0,0,22.11,REGEN,-350.0
2468,82.2375,4919.844,122.633,0.0,100.0,0,0,22.4,REGEN,-350.0
2469,82.2708,4920.975,121.431,0.0,100.0,0,0,22.7,REGEN,-350.0
2470,82.3041,4922.091,120.247,0.0,100.0,0,0,22.99,REGEN,-350.0
2471,82.3375,4923.202,119.07,0.0,100.0,0,0,23.28,REGEN,-350.0
2472,82.3708,4924.295,117.931,0.0,100.0,0,0,23.57,REGEN,-350.0
2473,82.4041,4925.385,116.8,0.0,100.0,0,0,23.86,REGEN,-350.0
2474,82.4374,4926.458,115.727,0.0,100.0,0,0,24.15,REGEN,-350.0
2475,82.4708,4927.527,114.67,0.0,100.0,0,0,24.45,REGEN,-350.0
2476,82.5041,4928.581,113.673,0.0,100.0,0,0,24.74,REGEN,-350.0
2477,82.5374,4929.631,112.7,0.0,100.0,0,0,25.03,REGEN,-350.0
2478,82.5707,4930.668,111.779,0.0,100.0,0,0,25.32,REGEN,-350.0
2479,82.604,4931.7,110.872,0.0,100.0,0,0,25.61,REGEN,-350.0
2480,82.6374,4932.721,109.987,0.0,100.0,0,0,25.9,REGEN,-350.0
2481,82.6707,4933.735,109.078,0.0,100.0,0,0,26.19,REGEN,-350.0
2482,82.704,4934.74,108.137,0.0,100.0,0,0,26.49,REGEN,-350.0
2483,82.7373,4935.737,107.156,0.0,100.0,0,0,26.78,REGEN,-350.0
2484,82.7706,4936.723,106.124,0.0,100.0,0,0,27.07,REGEN,-350.0
2485,82.804,4937.701,105.062,0.0,100.0,0,0,27.36,REGEN,-350.0
2486,82.8373,4938.667,103.96,0.0,100.0,0,0,27.65,REGEN,-350.0
2487,82.8706,4939.626,102.849,0.0,100.0,0,0,27.94,REGEN,-350.0
2488,82.9039,4940.57,101.723,0.0,100.0,0,0,28.24,REGEN,-350.0
2489,82.9373,4941.51,100.609,0.0,100.0,0,0,28.53,REGEN,-350.0
2490,82.9706,4942.432,99.532,0.0,100.0,0,0,28.82,REGEN,-350.0
2491,83.0039,4943.354,98.462,0.0,100.0,0,0,29.11,REGEN,-350.0
2492,83.0372,4944.256,97.541,0.0,100.0,0,0,29.4,REGEN,-350.0
2493,83.0705,4945.159,96.62,0.0,100.0,0,0,29.69,REGEN,-350.0
2494,83.1039,4946.048,95.968,100.0,100.0,0,0,29.99,REGEN,45.29
2495,83.1372,4946.935,95.377,100.0,100.0,0,0,30.28,REGEN,531.14
2496,83.1705,4947.817,95.045,100.0,0.0,0,0,30.25,DEPLOY,750.0
2497,83.2038,4948.696,94.927,100.0,0.0,0,0,29.96,DEPLOY,750.0
2498,83.2371,4949.575,94.808,100.0,0.0,0,0,29.66,DEPLOY,750.0
2499,83.2705,4950.451,94.69,100.0,0.0,0,0,29.37,DEPLOY,750.0
2500,83.3038,4951.328,94.572,100.0,0.0,0,0,29.08,DEPLOY,750.0
2501,83.3371,4952.202,94.454,100.0,0.0,0,0,28.79,DEPLOY,750.0
2502,83.3704,4953.076,94.336,100.0,0.0,0,0,28.5,DEPLOY,750.0
2503,83.4038,4953.948,94.219,100.0,0.0,0,0,28.21,DEPLOY,750.0
2504,83.4371,4954.82,94.102,100.0,0.0,0,0,27.92,DEPLOY,750.0
2505,83.4704,4955.692,94.093,100.0,0.0,0,0,27.62,DEPLOY,750.0
2506,83.5037,4956.563,94.228,100.0,0.0,0,0,27.33,DEPLOY,750.0
2507,83.537,4957.436,94.372,100.0,0.0,0,0,27.04,DEPLOY,750.0
2508,83.5704,4958.311,94.59,100.0,0.0,0,0,26.75,DEPLOY,750.0
2509,83.6037,4959.187,94.807,100.0,0.0,0,0,26.46,DEPLOY,750.0
2510,83.637,4960.066,94.991,100.0,0.0,0,0,26.17,DEPLOY,750.0
2511,83.6703,4960.946,95.168,100.0,0.0,0,0,25.89,DEPLOY,750.0
2512,83.7037,4961.827,95.346,100.0,0.0,0,0,25.6,DEPLOY,750.0
2513,83.737,4962.711,95.524,100.0,0.0,0,0,25.32,DEPLOY,750.0
2514,83.7703,4963.595,95.702,100.0,0.0,0,0,25.04,DEPLOY,750.0
2515,83.8036,4964.483,95.882,100.0,0.0,0,0,24.75,DEPLOY,750.0
2516,83.8369,4965.37,96.062,100.0,0.0,0,0,24.47,DEPLOY,750.0
2517,83.8703,4966.261,96.242,100.0,0.0,0,0,24.18,DEPLOY,750.0
2518,83.9036,4967.152,96.423,100.0,0.0,0,0,23.89,DEPLOY,750.0
2519,83.9369,4968.046,96.604,100.0,0.0,0,0,23.61,DEPLOY,750.0
2520,83.9702,4968.941,96.786,100.0,0.0,0,0,23.32,DEPLOY,750.0
2521,84.0035,4969.837,96.967,100.0,0.0,0,0,23.03,DEPLOY,750.0
2522,84.0369,4970.736,97.149,100.0,0.0,0,0,22.74,DEPLOY,750.0
2523,84.0702,4971.635,97.314,100.0,0.0,0,0,22.45,DEPLOY,750.0
2524,84.1035,4972.537,97.441,100.0,0.0,0,0,22.16,DEPLOY,750.0
2525,84.1368,4973.439,97.61,100.0,0.0,0,0,21.86,DEPLOY,750.0
2526,84.1702,4974.349,98.214,100.0,0.0,0,0,21.57,DEPLOY,750.0
2527,84.2035,4975.258,98.819,100.0,0.0,0,0,21.28,DEPLOY,750.0
2528,84.2368,4976.179,99.57,100.0,0.0,0,0,20.99,DEPLOY,750.0
2529,84.2701,4977.102,100.34,100.0,0.0,0,0,20.7,DEPLOY,750.0
2530,84.3034,4978.036,101.134,100.0,0.0,0,0,20.41,DEPLOY,750.0
2531,84.3368,4978.975,101.937,100.0,0.0,0,0,20.11,DEPLOY,750.0
2532,84.3701,4979.923,102.715,100.0,0.0,0,0,19.82,DEPLOY,750.0
2533,84.4034,4980.877,103.473,100.0,0.0,0,0,19.53,DEPLOY,750.0
2534,84.4367,4981.838,104.212,100.0,0.0,0,0,19.24,DEPLOY,750.0
2535,84.47,4982.806,104.93,100.0,0.0,0,0,18.95,DEPLOY,750.0
2536,84.5034,4983.78,105.646,100.0,0.0,0,0,18.66,DEPLOY,750.0
2537,84.5367,4984.762,106.361,100.0,0.0,0,0,18.37,DEPLOY,750.0
2538,84.57,4985.749,107.082,100.0,0.0,0,0,18.07,DEPLOY,750.0
2539,84.6033,4986.744,107.813,100.0,0.0,0,0,17.78,DEPLOY,750.0
2540,84.6367,4987.744,108.551,100.0,0.0,0,0,17.49,DEPLOY,750.0
2541,84.67,4988.753,109.299,100.0,0.0,0,0,17.2,DEPLOY,750.0
2542,84.7033,4989.768,110.061,100.0,0.0,0,0,16.91,DEPLOY,750.0
2543,84.7366,4990.791,110.844,100.0,0.0,0,0,16.62,DEPLOY,750.0
2544,84.7699,4991.82,111.663,100.0,0.0,0,0,16.32,DEPLOY,750.0
2545,84.8033,4992.858,112.529,100.0,0.0,0,0,16.03,DEPLOY,750.0
2546,84.8366,4993.904,113.449,100.0,0.0,0,0,15.74,DEPLOY,750.0
2547,84.8699,4994.958,114.423,100.0,0.0,0,0,15.45,DEPLOY,750.0
2548,84.9032,4996.023,115.444,100.0,0.0,0,0,15.16,DEPLOY,750.0
2549,84.9365,4997.095,116.497,100.0,0.0,0,0,14.87,DEPLOY,750.0
2550,84.9699,4998.18,117.559,100.0,0.0,0,0,14.58,DEPLOY,750.0
2551,85.0032,4999.27,118.624,100.0,0.0,0,0,14.28,DEPLOY,750.0
2552,85.0365,5000.376,119.652,100.0,0.0,0,0,13.99,DEPLOY,750.0
2553,85.0698,5001.485,120.672,100.0,0.0,0,0,13.7,DEPLOY,750.0
2554,85.1032,5002.609,121.646,100.0,0.0,0,0,13.41,DEPLOY,750.0
2555,85.1365,5003.738,122.619,100.0,0.0,0,0,13.12,DEPLOY,750.0
2556,85.1698,5004.878,123.592,100.0,0.0,0,0,12.83,DEPLOY,750.0
2557,85.2031,5006.027,124.601,100.0,0.0,0,0,12.53,DEPLOY,750.0
2558,85.2364,5007.183,125.637,100.0,0.0,0,0,12.24,DEPLOY,750.0
2559,85.2698,5008.354,126.744,100.0,0.0,0,0,11.95,DEPLOY,750.0
2560,85.3031,5009.529,127.874,100.0,0.0,0,0,11.66,DEPLOY,750.0
2561,85.3364,5010.721,129.075,100.0,0.0,0,0,11.37,DEPLOY,750.0
2562,85.3697,5011.921,130.305,100.0,0.0,0,0,11.08,DEPLOY,750.0
2563,85.403,5013.132,131.572,100.0,0.0,0,0,10.78,DEPLOY,750.0
2564,85.4364,5014.357,132.823,100.0,0.0,0,0,10.49,DEPLOY,750.0
2565,85.4697,5015.59,134.07,100.0,0.0,0,0,10.2,DEPLOY,750.0
2566,85.503,5016.838,135.317,100.0,0.0,0,0,9.91,DEPLOY,750.0
2567,85.5363,5018.097,136.604,100.0,0.0,0,0,9.62,DEPLOY,750.0
2568,85.5697,5019.364,137.923,100.0,0.0,0,0,9.33,DEPLOY,750.0
2569,85.603,5020.65,139.247,100.0,0.0,0,0,9.04,DEPLOY,750.0
2570,85.6363,5021.945,140.585,100.0,0.0,0,0,8.74,DEPLOY,750.0
2571,85.6696,5023.25,141.943,100.0,0.0,0,0,8.45,DEPLOY,750.0
2572,85.7029,5024.573,143.346,100.0,0.0,0,0,8.16,DEPLOY,750.0
2573,85.7363,5025.906,144.772,100.0,0.0,0,0,7.87,DEPLOY,750.0
2574,85.7696,5027.251,146.227,100.0,0.0,0,0,7.58,DEPLOY,750.0
2575,85.8029,5028.614,147.71,100.0,0.0,0,0,7.29,DEPLOY,750.0
2576,85.8362,5029.987,149.203,100.0,0.0,0,0,6.99,DEPLOY,750.0
2577,85.8695,5031.372,150.704,100.0,0.0,0,0,6.7,DEPLOY,750.0
2578,85.9029,5032.777,152.216,100.0,0.0,0,0,6.41,DEPLOY,750.0
2579,85.9362,5034.193,153.739,100.0,0.0,0,0,6.12,DEPLOY,750.0
2580,85.9695,5035.621,155.26,100.0,0.0,0,0,5.83,DEPLOY,750.0
2581,86.0028,5037.066,156.725,100.0,0.0,0,0,5.54,DEPLOY,750.0
2582,86.0362,5038.524,158.119,100.0,0.0,0,0,5.25,DEPLOY,750.0
2583,86.0695,5039.993,159.493,100.0,0.0,0,0,4.95,DEPLOY,750.0
2584,86.1028,5041.474,160.866,100.0,0.0,0,0,4.66,DEPLOY,750.0
2585,86.1361,5042.971,162.24,100.0,0.0,0,0,4.37,DEPLOY,750.0
2586,86.1694,5044.48,163.614,100.0,0.0,0,0,4.08,DEPLOY,750.0
2587,86.2028,5046.0,164.99,100.0,0.0,0,0,3.79,DEPLOY,750.0
2588,86.2361,5047.532,166.367,100.0,0.0,0,0,3.5,DEPLOY,750.0
2589,86.2694,5049.079,167.746,100.0,0.0,0,0,3.21,DEPLOY,750.0
2590,86.3027,5050.639,169.126,100.0,0.0,0,0,2.92,DEPLOY,750.0
2591,86.3361,5052.211,170.506,100.0,0.0,0,0,2.63,DEPLOY,750.0
2592,86.3694,5053.795,171.887,100.0,0.0,0,0,2.34,DEPLOY,750.0
2593,86.4027,5055.39,173.268,100.0,0.0,0,0,2.05,DEPLOY,750.0
2594,86.436,5057.002,174.617,100.0,0.0,0,0,1.76,DEPLOY,750.0
2595,86.4693,5058.625,175.955,100.0,0.0,0,0,1.47,DEPLOY,750.0
2596,86.5027,5060.26,177.296,100.0,0.0,0,0,1.17,DEPLOY,750.0
2597,86.536,5061.907,178.646,100.0,0.0,0,0,0.88,DEPLOY,750.0
2598,86.5693,5063.565,180.002,100.0,0.0,0,0,0.59,DEPLOY,750.0
2599,86.6026,5065.238,181.365,100.0,0.0,0,0,0.3,DEPLOY,750.0
2600,86.6359,5066.924,182.731,100.0,0.0,0,0,0.06,DEPLOY,750.0
2601,86.6693,5068.622,184.101,100.0,0.0,0,0,0.0,DEPLOY,750.0
2602,86.7026,5070.332,185.473,100.0,0.0,0,0,0.0,DEPLOY,750.0
2603,86.7359,5072.055,186.849,100.0,0.0,0,0,0.0,DEPLOY,750.0
2604,86.7692,5073.791,188.227,100.0,0.0,0,0,0.0,DEPLOY,750.0
2605,86.8026,5075.538,189.608,100.0,0.0,0,0,0.0,DEPLOY,750.0
2606,86.8359,5077.3,190.992,100.0,0.0,0,0,0.0,DEPLOY,750.0
2607,86.8692,5079.075,192.38,100.0,0.0,0,0,0.0,DEPLOY,750.0
2608,86.9025,5080.862,193.77,100.0,0.0,0,0,0.0,DEPLOY,750.0
2609,86.9358,5082.662,195.164,100.0,0.0,0,0,0.0,DEPLOY,750.0
2610,86.9692,5084.475,196.561,100.0,0.0,0,0,0.0,DEPLOY,750.0
2611,87.0025,5086.301,197.961,100.0,0.0,0,0,0.0,DEPLOY,750.0
2612,87.0358,5088.14,199.364,100.0,0.0,0,0,0.0,DEPLOY,749.57
2613,87.0691,5089.991,200.77,100.0,0.0,0,0,0.0,DEPLOY,747.25
2614,87.1024,5091.856,202.179,100.0,0.0,0,0,0.0,DEPLOY,742.22
2615,87.1358,5093.734,203.592,100.0,0.0,0,0,0.0,DEPLOY,737.17
2616,87.1691,5095.624,205.008,100.0,0.0,0,0,0.0,DEPLOY,732.11
2617,87.2024,5097.528,206.428,100.0,0.0,0,0,0.0,DEPLOY,727.04
2618,87.2357,5099.445,207.85,100.0,0.0,0,0,0.0,DEPLOY,721.96
2619,87.2691,5101.376,209.259,100.0,0.0,0,0,0.0,DEPLOY,716.87
2620,87.3024,5103.319,210.638,100.0,0.0,0,0,0.0,DEPLOY,711.76
2621,87.3357,5105.275,212.013,100.0,0.0,0,0,0.0,DEPLOY,706.65
2622,87.369,5107.244,213.384,100.0,0.0,0,0,0.0,DEPLOY,701.52
2623,87.4023,5109.225,214.75,100.0,0.0,0,0,0.0,DEPLOY,696.38
2624,87.4357,5111.219,216.111,100.0,0.0,0,0,0.0,DEPLOY,691.23
2625,87.469,5113.226,217.465,100.0,0.0,0,0,0.0,DEPLOY,686.07
2626,87.5023,5115.245,218.812,100.0,0.0,0,0,0.0,DEPLOY,680.9
2627,87.5356,5117.276,220.152,100.0,0.0,0,0,0.0,DEPLOY,675.72
2628,87.5689,5119.32,221.484,100.0,0.0,0,0,0.0,DEPLOY,670.52
2629,87.6023,5121.376,222.807,100.0,0.0,0,0,0.0,DEPLOY,665.32
2630,87.6356,5123.445,224.12,100.0,0.0,0,0,0.0,DEPLOY,660.18
2631,87.6689,5125.525,225.423,100.0,0.0,0,0,0.0,DEPLOY,655.14
2632,87.7022,5127.618,226.715,100.0,0.0,0,0,0.0,DEPLOY,650.19
2633,87.7356,5129.723,227.996,100.0,0.0,0,0,0.0,DEPLOY,645.33
2634,87.7689,5131.839,229.266,100.0,0.0,0,0,0.0,DEPLOY,640.55
2635,87.8022,5133.967,230.524,100.0,0.0,0,0,0.0,DEPLOY,635.87
2636,87.8355,5136.107,231.77,100.0,0.0,0,0,0.0,DEPLOY,631.26
2637,87.8688,5138.258,233.002,100.0,0.0,0,0,0.0,DEPLOY,626.74
2638,87.9022,5140.42,234.222,100.0,0.0,0,0,0.0,DEPLOY,622.29
2639,87.9355,5142.594,235.429,100.0,0.0,0,0,0.0,DEPLOY,617.91
2640,87.9688,5144.778,236.621,100.0,0.0,0,0,0.0,DEPLOY,613.61
2641,88.0021,5146.973,237.8,100.0,0.0,0,0,0.0,DEPLOY,609.39
2642,88.0354,5149.18,238.965,100.0,0.0,0,0,0.0,DEPLOY,605.23
2643,88.0688,5151.396,240.115,100.0,0.0,0,0,0.0,DEPLOY,601.13
2644,88.1021,5153.624,241.25,100.0,0.0,0,0,0.0,DEPLOY,597.11
2645,88.1354,5155.863,242.37,100.0,0.0,0,0,0.0,DEPLOY,593.15
2646,88.1687,5158.112,243.476,100.0,0.0,0,0,0.0,DEPLOY,589.26
2647,88.2021,5160.37,244.567,100.0,0.0,0,0,0.0,DEPLOY,585.42
2648,88.2354,5162.639,245.643,100.0,0.0,0,0,0.0,DEPLOY,581.65
2649,88.2687,5164.917,246.704,100.0,0.0,0,0,0.0,DEPLOY,577.93
2650,88.302,5167.205,247.751,100.0,0.0,0,0,0.0,DEPLOY,574.27
2651,88.3353,5169.503,248.783,100.0,0.0,0,0,0.0,DEPLOY,570.67
2652,88.3687,5171.811,249.799,100.0,0.0,0,0,0.0,DEPLOY,567.12
2653,88.402,5174.128,250.801,100.0,0.0,0,0,0.0,DEPLOY,563.63
2654,88.4353,5176.454,251.789,100.0,0.0,0,0,0.0,DEPLOY,560.19
2655,88.4686,5178.789,252.763,100.0,0.0,0,0,0.0,DEPLOY,556.8
2656,88.5019,5181.133,253.723,100.0,0.0,0,0,0.0,DEPLOY,553.46
2657,88.5353,5183.485,254.669,100.0,0.0,0,0,0.0,DEPLOY,550.17
2658,88.5686,5185.847,255.601,100.0,0.0,0,0,0.0,DEPLOY,546.93
2659,88.6019,5188.218,256.519,100.0,0.0,0,0,0.0,DEPLOY,543.74
2660,88.6352,5190.596,257.423,100.0,0.0,0,0,0.0,DEPLOY,540.59
2661,88.6686,5192.983,258.316,100.0,0.0,0,0,0.0,DEPLOY,537.49
2662,88.7019,5195.377,259.195,100.0,0.0,0,0,0.0,DEPLOY,534.43
2663,88.7352,5197.781,260.061,100.0,0.0,0,0,0.0,DEPLOY,531.42
2664,88.7685,5200.192,260.914,100.0,0.0,0,0,0.0,DEPLOY,528.45
2665,88.8018,5202.611,261.756,100.0,0.0,0,0,0.0,DEPLOY,525.53
2666,88.8352,5205.037,262.586,100.0,0.0,0,0,0.0,DEPLOY,522.64
2667,88.8685,5207.471,263.404,100.0,0.0,0,0,0.0,DEPLOY,519.79
2668,88.9018,5209.914,264.209,100.0,0.0,0,0,0.0,DEPLOY,516.99
2669,88.9351,5212.363,265.004,100.0,0.0,0,0,0.0,DEPLOY,514.23
2670,88.9684,5214.819,265.787,100.0,0.0,0,0,0.0,DEPLOY,511.5
2671,89.0018,5217.283,266.56,100.0,0.0,0,0,0.0,DEPLOY,508.81
2672,89.0351,5219.754,267.322,100.0,0.0,0,0,0.0,DEPLOY,506.15
2673,89.0684,5222.232,268.073,100.0,0.0,0,0,0.0,DEPLOY,503.54
2674,89.1017,5224.716,268.814,100.0,0.0,0,0,0.0,DEPLOY,500.96
2675,89.1351,5227.208,269.545,100.0,0.0,0,0,0.0,DEPLOY,498.52
2676,89.1684,5229.706,270.265,100.0,0.0,0,0,0.0,DEPLOY,496.18
2677,89.2017,5232.211,270.976,100.0,0.0,0,0,0.0,DEPLOY,493.86
2678,89.235,5234.722,271.677,100.0,0.0,0,0,0.0,DEPLOY,491.58
2679,89.2683,5237.24,272.37,100.0,0.0,0,0,0.0,DEPLOY,489.33
2680,89.3017,5239.764,273.052,100.0,0.0,0,0,0.0,DEPLOY,487.1
2681,89.335,5242.295,273.725,100.0,0.0,0,0,0.0,DEPLOY,484.91
2682,89.3683,5244.832,274.39,100.0,0.0,0,0,0.0,DEPLOY,482.74
2683,89.4016,5247.374,275.046,100.0,0.0,0,0,0.0,DEPLOY,480.6
2684,89.435,5249.923,275.693,100.0,0.0,0,0,0.0,DEPLOY,478.49
2685,89.4683,5252.478,276.332,100.0,0.0,0,0,0.0,DEPLOY,476.4
2686,89.5016,5255.038,276.962,100.0,0.0,0,0,0.0,DEPLOY,474.34
2687,89.5349,5257.605,277.585,100.0,0.0,0,0,0.0,DEPLOY,472.31
2688,89.5682,5260.177,278.199,100.0,0.0,0,0,0.0,DEPLOY,470.3
2689,89.6016,5262.755,278.805,100.0,0.0,0,0,0.0,DEPLOY,468.32
2690,89.6349,5265.338,279.404,100.0,0.0,0,0,0.0,DEPLOY,466.36
2691,89.6682,5267.927,279.995,100.0,0.0,0,0,0.0,DEPLOY,464.43
2692,89.7015,5270.522,280.578,100.0,0.0,0,0,0.0,DEPLOY,462.52
2693,89.7348,5273.121,281.154,100.0,0.0,0,0,0.0,DEPLOY,460.64
2694,89.7682,5275.726,281.723,100.0,0.0,0,0,0.0,DEPLOY,458.77
2695,89.8015,5278.337,282.285,100.0,0.0,0,0,0.0,DEPLOY,456.94
2696,89.8348,5280.952,282.839,100.0,0.0,0,0,0.0,DEPLOY,455.12
2697,89.8681,5283.572,283.388,100.0,0.0,0,0,0.0,DEPLOY,453.32
2698,89.9015,5286.198,283.928,100.0,0.0,0,0,0.0,DEPLOY,451.55
2699,89.9348,5288.828,284.462,100.0,0.0,0,0,0.0,DEPLOY,449.8
2700,89.9681,5291.463,284.99,100.0,0.0,0,0,0.0,DEPLOY,448.07
2701,90.0014,5294.104,285.511,100.0,0.0,0,0,0.0,DEPLOY,446.37
2702,90.0347,5296.749,286.026,100.0,0.0,0,0,0.0,DEPLOY,444.68
2703,90.0681,5299.399,286.535,100.0,0.0,0,0,0.0,DEPLOY,443.01
2704,90.1014,5302.053,287.037,100.0,0.0,0,0,0.0,DEPLOY,441.37
2705,90.1347,5304.713,287.533,100.0,0.0,0,0,0.0,DEPLOY,439.74
2706,90.168,5307.376,288.023,100.0,0.0,0,0,0.0,DEPLOY,438.13
2707,90.2013,5310.044,288.507,100.0,0.0,0,0,0.0,DEPLOY,436.55
2708,90.2347,5312.717,288.986,100.0,0.0,0,0,0.0,DEPLOY,434.98
2709,90.268,5315.394,289.459,100.0,0.0,0,0,0.0,DEPLOY,433.43
2710,90.3013,5318.075,289.925,100.0,0.0,0,0,0.0,DEPLOY,431.9
2711,90.3346,5320.761,290.387,100.0,0.0,0,0,0.0,DEPLOY,430.38
2712,90.368,5323.451,290.843,100.0,0.0,0,0,0.0,DEPLOY,428.89
2713,90.4013,5326.145,291.294,100.0,0.0,0,0,0.0,DEPLOY,427.41
2714,90.4346,5328.843,291.739,100.0,0.0,0,0,0.0,DEPLOY,425.95
2715,90.4679,5331.546,292.18,100.0,0.0,0,0,0.0,DEPLOY,424.51
2716,90.5012,5334.252,292.615,100.0,0.0,0,0,0.0,DEPLOY,423.08
2717,90.5346,5336.963,293.045,100.0,0.0,0,0,0.0,DEPLOY,421.67
2718,90.5679,5339.677,293.47,100.0,0.0,0,0,0.0,DEPLOY,420.28
2719,90.6012,5342.395,293.89,100.0,0.0,0,0,0.0,DEPLOY,418.9
2720,90.6345,5345.117,294.306,100.0,0.0,0,0,0.0,DEPLOY,417.54
2721,90.6678,5347.843,294.717,100.0,0.0,0,0,0.0,DEPLOY,416.2
2722,90.7012,5350.573,295.123,100.0,0.0,0,0,0.0,DEPLOY,414.87
2723,90.7345,5353.307,295.525,100.0,0.0,0,0,0.0,DEPLOY,413.56
2724,90.7678,5356.044,295.922,100.0,0.0,0,0,0.0,DEPLOY,412.26
2725,90.8011,5358.785,296.315,100.0,0.0,0,0,0.0,DEPLOY,410.98
2726,90.8345,5361.529,296.704,100.0,0.0,0,0,0.0,DEPLOY,409.71
2727,90.8678,5364.277,297.088,100.0,0.0,0,0,0.0,DEPLOY,408.46
2728,90.9011,5367.029,297.468,100.0,0.0,0,0,0.0,DEPLOY,407.22
2729,90.9344,5369.784,297.844,100.0,0.0,0,0,0.0,DEPLOY,405.99
2730,90.9677,5372.543,298.215,100.0,0.0,0,0,0.0,DEPLOY,404.78
2731,91.0011,5375.304,298.583,100.0,0.0,0,0,0.0,DEPLOY,403.59
2732,91.0344,5378.07,298.946,100.0,0.0,0,0,0.0,DEPLOY,402.4
2733,91.0677,5380.839,299.305,100.0,0.0,0,0,0.0,DEPLOY,401.23
2734,91.101,5383.611,299.659,100.0,0.0,0,0,0.0,DEPLOY,400.12
2735,91.1343,5386.386,300.009,100.0,0.0,0,0,0.0,DEPLOY,400.0
2736,91.1677,5389.164,300.355,100.0,0.0,0,0,0.0,DEPLOY,400.0
2737,91.201,5391.946,300.697,100.0,0.0,0,0,0.0,DEPLOY,400.0
2738,91.2343,5394.731,301.033,100.0,0.0,0,0,0.0,DEPLOY,400.0
2739,91.2676,5397.519,301.365,100.0,0.0,0,0,0.0,DEPLOY,400.0
2740,91.301,5400.31,301.692,100.0,0.0,0,0,0.0,DEPLOY,400.0
2741,91.3343,5403.104,302.014,100.0,0.0,0,0,0.0,DEPLOY,400.0
2742,91.3676,5405.9,302.33,100.0,0.0,0,0,0.0,DEPLOY,400.0
2743,91.4009,5408.7,302.64,100.0,0.0,0,0,0.0,DEPLOY,400.0
2744,91.4342,5411.503,302.946,100.0,0.0,0,0,0.0,DEPLOY,400.0
2745,91.4676,5414.308,303.244,100.0,0.0,0,0,0.0,DEPLOY,400.0
2746,91.5009,5417.117,303.536,100.0,0.0,0,0,0.0,DEPLOY,400.0
2747,91.5342,5419.927,303.821,100.0,0.0,0,0,0.0,DEPLOY,400.0
2748,91.5675,5422.741,304.099,100.0,0.0,0,0,0.0,DEPLOY,400.0
2749,91.6008,5425.557,304.37,100.0,0.0,0,0,0.0,DEPLOY,400.0
2750,91.6342,5428.375,304.633,100.0,0.0,0,0,0.0,DEPLOY,400.0
2751,91.6675,5431.196,304.888,100.0,0.0,0,0,0.0,DEPLOY,400.0
2752,91.7008,5434.019,305.135,100.0,0.0,0,0,0.0,DEPLOY,400.0
2753,91.7341,5436.845,305.373,100.0,0.0,0,0,0.0,DEPLOY,400.0
2754,91.7675,5439.672,305.602,100.0,0.0,0,0,0.0,DEPLOY,400.0
2755,91.8008,5442.502,305.822,100.0,0.0,0,0,0.0,DEPLOY,400.0
2756,91.8341,5445.334,306.033,100.0,0.0,0,0,0.0,DEPLOY,400.0
2757,91.8674,5448.167,306.234,100.0,0.0,0,0,0.0,DEPLOY,400.0
2758,91.9007,5451.003,306.426,100.0,0.0,0,0,0.0,DEPLOY,400.0
2759,91.9341,5453.84,306.609,100.0,0.0,0,0,0.0,DEPLOY,400.0
2760,91.9674,5456.679,306.781,100.0,0.0,0,0,0.0,DEPLOY,400.0
